explicit_sentence,obscure_sentence,explicit_entity,obscure_entity,answer,ans_prob_lens_edit_layer0,ans_prob_lens_edit_layer1,ans_prob_lens_edit_layer2,ans_prob_lens_edit_layer3,ans_prob_lens_edit_layer4,ans_prob_lens_edit_layer5,ans_prob_lens_edit_layer6,ans_prob_lens_edit_layer7,ans_prob_lens_edit_layer8,ans_prob_lens_edit_layer9,ans_prob_lens_edit_layer10,ans_prob_lens_edit_layer11,ans_prob_lens_edit_layer12,ans_prob_lens_edit_layer13,ans_prob_lens_edit_layer14,ans_prob_lens_edit_layer15,ans_prob_lens_edit_layer16,ans_prob_lens_edit_layer17,ans_prob_lens_edit_layer18,ans_prob_lens_edit_layer19,ans_prob_lens_edit_layer20,ans_prob_lens_edit_layer21,ans_prob_lens_edit_layer22,ans_prob_lens_edit_layer23,ans_prob_lens_edit_layer24,ans_prob_lens_edit_layer25,ans_prob_lens_edit_layer26,ans_prob_lens_edit_layer27,ans_prob_lens_edit_layer28,ans_prob_lens_edit_layer29,ans_prob_lens_edit_layer30,ans_prob_lens_edit_layer31,ans_prob_lens_edit_layer32,ans_prob_lens_edit_layer33,ans_prob_lens_edit_layer34,ans_prob_lens_edit_layer35,ans_prob_lens_edit_layer36,ans_prob_lens_edit_layer37,ans_prob_lens_edit_layer38,ans_prob_lens_edit_layer39,ans_prob_lens_edit_layer40,ans_prob_lens_edit_layer41,ans_prob_lens_edit_layer42,ans_prob_lens_edit_layer43,ans_prob_lens_edit_layer44,ans_prob_lens_edit_layer45,ans_prob_lens_edit_layer46,ans_prob_lens_edit_layer47,ans_prob_lens_edit_layer48,ans_prob_lens_edit_layer49,ans_prob_lens_edit_layer50,ans_prob_lens_edit_layer51,ans_prob_lens_edit_layer52,ans_prob_lens_edit_layer53,ans_prob_lens_edit_layer54,ans_prob_lens_edit_layer55,ans_prob_lens_edit_layer56,ans_prob_lens_edit_layer57,ans_prob_lens_edit_layer58,ans_prob_lens_edit_layer59,ans_prob_lens_edit_layer60,ans_prob_lens_edit_layer61,ans_prob_lens_edit_layer62,ans_prob_lens_edit_layer63,ans_prob_lens_edit_layer64,ans_prob_lens_edit_layer65,ans_prob_lens_edit_layer66,ans_prob_lens_edit_layer67,ans_prob_lens_edit_layer68,ans_prob_lens_edit_layer69,ans_prob_lens_edit_layer70,ans_prob_lens_edit_layer71,ans_prob_lens_edit_layer72,ans_prob_lens_edit_layer73,ans_prob_lens_edit_layer74,ans_prob_lens_edit_layer75,ans_prob_lens_edit_layer76,ans_prob_lens_edit_layer77,ans_prob_lens_edit_layer78,ans_prob_lens_edit_layer79,answer_prob_obs,answer_prob_exp
George Washington fought in the,The first president of the United States fought in the,George Washington,The first president of the United States, Revolutionary War,1.7995909047385794e-06,6.791391911065148e-07,5.676209298144386e-07,1.6828375919430982e-06,2.8246388410479994e-06,1.1239986633881927e-05,5.655059339915169e-06,7.06445371179143e-06,9.044074431585614e-06,2.419121483399067e-05,7.282529259100556e-05,5.5119551689131185e-05,6.55739422654733e-05,7.774371624691412e-05,1.9879056708305143e-05,1.5190260455710813e-05,9.693388165032957e-06,2.4927214326453395e-05,5.194675759412348e-05,9.005040919873863e-05,0.00014271560939960182,0.00013255115482024848,5.606153717963025e-05,0.0001222695573233068,8.245902427006513e-05,0.00011184476898051798,0.0001520174992037937,8.969823102233931e-05,0.0005918116657994688,0.00017604726599529386,0.00011010959860868752,0.0003579628828447312,0.00011357215407770127,0.00017717671289574355,9.837404650170356e-05,9.960314491763711e-05,5.872666952200234e-05,0.00027360281092114747,8.163281017914414e-05,3.9724327507428825e-05,0.00010047155956272036,0.0003202049992978573,0.0004319836152717471,0.000174611690454185,0.0003690849698614329,0.0014226207276806235,0.0016283444128930569,0.0016358791617676616,0.0008449977030977607,0.001369651174172759,0.0012641983339563012,0.0010717082768678665,0.0041663749143481255,0.003443581983447075,0.005502581130713224,0.015545347705483437,0.0015157614834606647,0.022289320826530457,0.05236593261361122,0.021940644830465317,0.011960960924625397,0.007031510584056377,0.005613790359348059,0.005560062825679779,0.005179202649742365,0.0011818768689408898,0.01494627259671688,0.010903487913310528,0.005973531398922205,0.008829045109450817,0.011419827118515968,0.0070488182827830315,0.0007942713564261794,0.0007116051274351776,0.0005954170483164489,0.00027085276087746024,0.0004318067221902311,0.0001287204067921266,0.00013293224037624896,0.001458949875086546,0.08630707114934921,0.03394823148846626
The president lives in the,The leader of the United States lives in the,The president,The leader of the United States, White House,3.643151273990952e-07,3.7675874864362413e-07,3.971501882915618e-07,2.1281870488110144e-07,1.122226422012318e-06,2.3922295895317802e-06,3.554919658199651e-06,5.535663603950525e-06,1.0453095455886796e-05,6.599253083550138e-06,0.0001049038692144677,0.00015742112009320408,6.992812996031716e-05,0.00016272217908408493,0.0005316031165421009,0.0003633288433775306,0.00018007331527769566,0.00032591851777397096,0.0006682751118205488,0.00040477674338035285,0.0004906891845166683,0.00035949854645878077,0.000533215410541743,0.002033836208283901,0.002855979837477207,0.0009041624725796282,0.0006598111358471215,0.000439558265497908,0.0006185660604387522,0.0014637935673817992,0.0011447096476331353,0.0006759687094017863,0.0009381977142766118,0.00041714220424182713,0.001544157974421978,0.001773645170032978,0.006050628609955311,0.002684523817151785,0.009531672112643719,0.027491725981235504,0.025608615949749947,0.04974065721035004,0.06134255975484848,0.08172162622213364,0.06340425461530685,0.0977722629904747,0.23669083416461945,0.8803907632827759,0.8569734692573547,0.7976413369178772,0.8220632672309875,0.8276941180229187,0.803080677986145,0.9660250544548035,0.9620437622070312,0.9619268178939819,0.966010570526123,0.95072340965271,0.9563259482383728,0.9506639242172241,0.9447376132011414,0.9507433176040649,0.9444277882575989,0.919120192527771,0.872233510017395,0.85703444480896,0.8348706364631653,0.8610404133796692,0.8909759521484375,0.9166926741600037,0.8933120369911194,0.9170070290565491,0.9470418691635132,0.9468228220939636,0.9404850006103516,0.9492524862289429,0.9402544498443604,0.7668067812919617,0.8359326720237732,0.8517431020736694,0.8543716669082642,0.6189217567443848
St. Peter's Basilica is in the city of,The biggest church in the world is in the city of,St. Peter's Basilica,The biggest church in the world, Rome,4.6377922444662545e-06,4.438861196831567e-06,3.6179201288177865e-06,4.950171842210693e-06,3.6718806768476497e-06,7.049436590023106e-06,1.0398799531685654e-05,2.2137926862342283e-05,1.884026642073877e-05,7.9118981375359e-06,3.9617025322513655e-05,1.98054713109741e-05,2.0400404537213035e-05,2.512279479560675e-06,3.1325785130320583e-06,9.545005923428107e-07,9.15253394850879e-07,1.2898702834718279e-06,1.8039070255326806e-06,3.000567630806472e-06,2.117086751241004e-06,3.8110702007543296e-06,1.856686685641762e-05,1.1792589248216245e-05,3.5755219869315624e-05,2.959530320367776e-05,1.3693891560251359e-05,9.680096263764426e-05,4.093238021596335e-05,0.00014889806334394962,0.0002487580059096217,0.0009461945737712085,0.0006925845518708229,0.0007960594375617802,0.0016992228338494897,0.0009344356949441135,0.0026051499880850315,0.36542707681655884,0.4593985378742218,0.21666136384010315,0.10148151218891144,0.40186670422554016,0.6060226559638977,0.7425312399864197,0.8625441789627075,0.56047523021698,0.48429766297340393,0.4733796715736389,0.6041166186332703,0.5906110405921936,0.24938350915908813,0.5254084467887878,0.5572614669799805,0.7743357419967651,0.7730610966682434,0.7522508502006531,0.40687012672424316,0.24465225636959076,0.37661969661712646,0.37649065256118774,0.4668678045272827,0.4346359372138977,0.43395504355430603,0.37336257100105286,0.3166508674621582,0.6048898100852966,0.3301084041595459,0.42061281204223633,0.4324568510055542,0.669414222240448,0.21375752985477448,0.23059231042861938,0.26427438855171204,0.31034430861473083,0.47398877143859863,0.5408530235290527,0.4493422210216522,0.4239037334918976,0.24956968426704407,0.2263765037059784,0.0355692058801651,0.3625369668006897
Jesus died on the,The son of God died on the,Jesus,The son of God, cross,2.1559681044891477e-06,1.1209895092179067e-06,1.5863059843468363e-06,8.853836561684147e-07,5.421225068857893e-07,9.509839742349868e-07,2.1305559130269103e-06,1.6640964304315276e-06,1.524163963040337e-06,1.0627112487782142e-06,2.3352945390797686e-06,8.811681482256972e-07,6.218733688001521e-07,1.0873723113036249e-06,1.6741785202611936e-06,5.758846782555338e-06,7.231818926811684e-06,1.2424075976014137e-05,5.855234121554531e-06,1.0933975318039302e-05,9.341149052488618e-06,4.926829660689691e-06,2.5046135760931065e-06,4.2398078221594915e-06,5.104100182506954e-06,5.7919564824260306e-06,3.6010444546263898e-06,2.652222065080423e-06,3.967522843595361e-06,5.878880529053276e-06,5.539550784305902e-06,8.104006155917887e-06,5.52101028006291e-06,5.51160201212042e-06,3.2968277992040385e-06,1.5691441149101593e-05,6.899229629198089e-05,0.0005434241029433906,0.0008762867073528469,0.003270544344559312,0.010142778977751732,0.010831987485289574,0.023455621674656868,0.013510491698980331,0.03982030972838402,0.0901467576622963,0.10379933565855026,0.17581400275230408,0.26223692297935486,0.17885686457157135,0.17947138845920563,0.21885435283184052,0.3449157178401947,0.3431876003742218,0.43076157569885254,0.3725973963737488,0.43367627263069153,0.49578189849853516,0.5273433327674866,0.7258872389793396,0.5099330544471741,0.42320504784584045,0.5107980370521545,0.5725226402282715,0.5974012613296509,0.5427804589271545,0.5438411831855774,0.5758091807365417,0.545893132686615,0.5700886249542236,0.6204420924186707,0.7725874185562134,0.8137889504432678,0.7738913893699646,0.7753451466560364,0.7953283190727234,0.8136967420578003,0.8976590633392334,0.9446913599967957,0.945851743221283,0.9403198957443237,0.9352973699569702
Elephants are the largest land mammal on,Animals with long trunks are the largest land mammal on,Elephants,Animals with long trunks, Earth,1.4886882127029821e-05,1.5618141333106905e-05,1.2343501111899968e-05,1.468368645873852e-05,4.3689658923540264e-05,0.00020291583496145904,0.00028108691913075745,0.0003473994438536465,0.00013277545804157853,0.00012243124365340918,0.0003671207232400775,5.2607294492190704e-05,4.30159670941066e-05,2.25063649850199e-05,4.52666608907748e-05,2.8615624614758417e-05,1.4602349438064266e-05,2.4833147108438425e-05,7.83836094342405e-06,9.709373262012377e-05,0.000922019244171679,0.00223190407268703,0.0018881461583077908,0.004633012693375349,0.005854200571775436,0.01227392628788948,0.017142603173851967,0.01739548146724701,0.03852267935872078,0.08071617782115936,0.03297237679362297,0.026730401441454887,0.02904747612774372,0.044539522379636765,0.1587967574596405,0.12651783227920532,0.18063849210739136,0.29570630192756653,0.2947661876678467,0.11919208616018295,0.1711740493774414,0.1555345356464386,0.1847832202911377,0.25063642859458923,0.33426207304000854,0.28621017932891846,0.3164772093296051,0.220925971865654,0.24330627918243408,0.26866409182548523,0.4676956534385681,0.5898415446281433,0.4365253150463104,0.5593113303184509,0.58774334192276,0.7487163543701172,0.7245775461196899,0.699159562587738,0.5880475640296936,0.6184462308883667,0.6184091567993164,0.5884780883789062,0.725502073764801,0.6992735862731934,0.7693644165992737,0.903984010219574,0.855618417263031,0.8573548793792725,0.8075759410858154,0.8838757276535034,0.929514467716217,0.8089257478713989,0.8447125554084778,0.8864662647247314,0.8331748247146606,0.7303311824798584,0.8166561126708984,0.9120981693267822,0.9122411012649536,0.8619408011436462,0.6360928416252136,0.7828002572059631
Barack Obama was a member of the,The first black president of the United States was a member of the,Barack Obama,The first black president of the United States, Senate,1.7683773876342457e-06,9.160518175121979e-07,8.093725796243234e-07,1.0209922720605391e-06,4.7185807261485024e-07,3.1769911856827093e-07,5.92450760450447e-07,1.6038694639064488e-06,2.2610129235545173e-06,4.526102657109732e-06,9.213576049660333e-06,1.0700870916480199e-05,1.079793946701102e-05,9.901535122480709e-06,1.1541987078089733e-05,4.6239179027907085e-06,8.50630476634251e-06,2.569037678767927e-05,1.704068017716054e-05,1.1444984920672141e-05,2.0515395590336993e-05,2.3183114535640925e-05,3.592541179386899e-05,6.167619176267181e-06,1.7778874052964966e-06,1.907839532577782e-06,1.2248302709849668e-06,2.524234105294454e-06,3.117731466772966e-06,3.568652800822747e-06,6.735416263836669e-06,1.4436593119171448e-05,1.8938548237201758e-05,1.5250216165441088e-05,6.402883627742995e-06,1.16702694867854e-05,9.982900337490719e-06,1.1380167279639863e-06,5.657006454384828e-07,1.448227067157859e-06,2.909120894400985e-06,4.581965185934678e-06,1.6369988316000672e-06,9.952224218068295e-07,3.196135821781354e-06,3.2375257887906628e-06,2.8218139505042927e-06,3.2716395708121127e-06,1.346674525848357e-05,1.766915556800086e-05,1.1275575161562301e-05,1.2987052286916878e-05,1.20040722322301e-05,1.547466490592342e-05,2.009969830396585e-05,1.0672856660676189e-05,1.5192477803793736e-05,4.231340062688105e-05,1.8903258023783565e-05,5.591697117779404e-06,1.022454489429947e-05,3.162733946737717e-06,3.6674366583611118e-06,6.092495368648088e-06,7.650901352462824e-06,2.3458003852283582e-05,3.851746077998541e-05,3.4620537917362526e-05,4.5459270040737465e-05,6.706118438160047e-05,6.694947660434991e-05,5.9551057347562164e-05,3.873257810482755e-05,3.594727604649961e-05,5.348171544028446e-05,6.19029306108132e-05,8.617300045443699e-05,7.15911082806997e-05,0.00020392438455019146,0.0012835473753511906,0.023658061400055885,0.007474442012608051
Burj Khalifa is located in the city of,The tallest building in the world is located in the city of,Burj Khalifa,The tallest building in the world, Dubai,1.5264702597050928e-05,2.9193809041316854e-06,3.0604178391513415e-06,2.9918865038780496e-06,1.4722490959684364e-06,1.9073652310908074e-06,1.0408571142761502e-06,5.00932060276682e-07,7.297767297131941e-07,3.7021672483206203e-07,1.2967674933861417e-07,4.164123197369918e-07,6.206012699294661e-07,6.813450568188273e-07,6.444386713155836e-07,1.0232557769995765e-06,9.196998007610091e-07,6.78181834246061e-07,2.1499911326827714e-06,3.124752311123302e-06,4.6585878408222925e-06,1.2366522241791245e-05,6.697762000840157e-05,6.03419539402239e-05,2.845759445335716e-05,1.4739031939825509e-05,1.2465791769500356e-05,9.58167584030889e-06,1.9954970866820076e-06,4.307211838749936e-06,1.249487013410544e-05,6.15293683949858e-05,0.00015423349395859987,0.00015978506417013705,8.697265002410859e-05,6.1012960941297933e-05,0.00019588321447372437,0.4653795659542084,0.5534893274307251,0.4103681147098541,0.28996896743774414,0.4799201488494873,0.5720037221908569,0.6086680889129639,0.6463650465011597,0.9577727913856506,0.9119322896003723,0.8789140582084656,0.803096354007721,0.8768928050994873,0.9082093238830566,0.9151394367218018,0.8677465915679932,0.9145606160163879,0.9110466837882996,0.9153469204902649,0.9383398294448853,0.9024751782417297,0.39050230383872986,0.46661996841430664,0.3609158396720886,0.3321937322616577,0.23880280554294586,0.21524687111377716,0.27927812933921814,0.17308709025382996,0.16437536478042603,0.19557856023311615,0.20498661696910858,0.10895228385925293,0.09749429672956467,0.0646110475063324,0.05076555907726288,0.042598601430654526,0.23730520904064178,0.3726186752319336,0.2322370857000351,0.21374984085559845,0.19678665697574615,0.8889468312263489,0.8373129367828369,0.9475685358047485
Mesopotamian civilization originated in the modern-day country of,The oldest civilization originated in the modern-day country of,Mesopotamian civilization,The oldest civilization, Iraq,2.238881279481575e-06,1.0089531770063331e-06,1.4795352853980148e-06,2.879518206100329e-06,2.9951281703688437e-06,3.162669827361242e-06,7.863002792873885e-06,1.1257480764470529e-05,9.808233699004631e-06,5.786136171082035e-06,7.53956483094953e-05,0.00014522302080877125,4.140727469348349e-05,3.3803524274844676e-05,0.00011951011401833966,2.6919720767182298e-05,1.674257691774983e-05,2.6053847250295803e-05,2.2859747332404368e-05,3.9274964365176857e-05,8.991402864921838e-05,8.800761861493811e-05,0.00023897437495179474,0.00027561167371459305,0.00018868142797145993,6.118811143096536e-05,4.8766338295536116e-05,6.114058487582952e-05,4.198882743366994e-05,3.6158722650725394e-05,0.00020204318570904434,0.00043072030530311167,0.00020038218644913286,0.0002836606581695378,0.00022477027960121632,0.00028062803903594613,0.0002043021231656894,0.06889383494853973,0.0228361077606678,0.02377614937722683,0.0571623258292675,0.15809129178524017,0.2893013656139374,0.23641200363636017,0.2171112298965454,0.2517862915992737,0.21950411796569824,0.31255659461021423,0.3794212341308594,0.641741931438446,0.6110047101974487,0.5861219167709351,0.7407941818237305,0.7742154598236084,0.8664008975028992,0.8715227842330933,0.5274474024772644,0.43420106172561646,0.40375378727912903,0.5870532989501953,0.6463122963905334,0.7922735214233398,0.8458357453346252,0.8462651968002319,0.8748136162757874,0.8977828025817871,0.8736918568611145,0.8448907732963562,0.8838549256324768,0.861833393573761,0.8475799560546875,0.7984951734542847,0.6918864846229553,0.8596924543380737,0.7995733022689819,0.8207685351371765,0.7864903211593628,0.34236735105514526,0.4973747432231903,0.9267312288284302,0.2082185000181198,0.7491705417633057
Martin Luther King Jr. delivered the speech during the March on Washington in 1963 widely known as I Had A,The famous Pastor and Civil Rights leader delivered the speech during the March on Washington in 1963 widely known as I Had A,Martin Luther King Jr.,The famous Pastor and Civil Rights leader, Dream,6.656348432443338e-07,3.0545248819180415e-07,1.902006601994799e-06,2.1274638584145578e-06,4.582243036566069e-06,1.6473702544317348e-06,1.9506724129314534e-06,1.148915316662169e-06,5.929896929046663e-07,1.4401568932953523e-06,2.7253136067884043e-06,2.885143203457119e-06,1.1729075595212635e-06,6.924086051185441e-07,1.4182811582941213e-06,3.6085934880247805e-06,3.813695911958348e-06,1.4993313925515395e-05,8.115974924294278e-05,9.122122719418257e-05,7.035342423478141e-05,0.00015108738443814218,0.0009371756459586322,0.0028774156235158443,0.003933206666260958,0.00264079961925745,0.004781415686011314,0.0024199075996875763,0.002372072311118245,0.0012985562207177281,0.0027031279169023037,0.004949716851115227,0.002940750913694501,0.007189345546066761,0.017763089388608932,0.026089312508702278,0.0353582538664341,0.055811285972595215,0.031195560470223427,0.027250241488218307,0.023319801315665245,0.15580564737319946,0.13515087962150574,0.12981460988521576,0.13684768974781036,0.24633324146270752,0.24799075722694397,0.25197935104370117,0.232832133769989,0.25882452726364136,0.32513687014579773,0.29488667845726013,0.3819347321987152,0.26993319392204285,0.3025706708431244,0.33336007595062256,0.3307621479034424,0.4100281000137329,0.5015132427215576,0.6188493371009827,0.5958723425865173,0.6698716282844543,0.6981692314147949,0.811913251876831,0.8509905934333801,0.8858470916748047,0.8660633563995361,0.8715416789054871,0.8655960559844971,0.8743139505386353,0.8739528059959412,0.9205868244171143,0.9242690801620483,0.838982105255127,0.8825351595878601,0.873518168926239,0.7921532392501831,0.8468674421310425,0.9209937453269958,0.9702302813529968,0.9951085448265076,0.9965139031410217
The sperm whale dives deep into the ocean to hunt giant,The largest toothed whale dives deep into the ocean to hunt giant,The sperm whale,The largest toothed whale, squid,1.2993848486075876e-06,3.0755622901779134e-06,7.8920456871856e-06,1.0042958820122294e-05,1.875318048405461e-05,1.2976562175026629e-05,1.7696555005386472e-05,1.7936856238520704e-05,3.722561086760834e-05,4.263011578586884e-05,5.224059350439347e-05,3.800766353379004e-05,3.5563669371185824e-05,2.2255080693867058e-05,1.5620758858858608e-05,2.4674607630004175e-05,2.73685873253271e-05,1.1903619451913983e-05,1.511363370809704e-05,1.781313039828092e-05,5.6051474530249834e-05,0.00024037469120230526,0.0003868128696922213,0.0004750334774143994,0.0003122822963632643,0.00013079168274998665,0.0002539371489547193,0.00021828414173796773,0.00025064602959901094,0.00017831454169936478,6.020769433234818e-05,5.204880653764121e-05,9.417332330485806e-05,0.0001572334731463343,5.034009518567473e-05,4.8410609451821074e-05,7.200751861091703e-05,0.00013905081141274422,0.00013049399422015995,0.00019951508147642016,0.0005566959152929485,0.0023679391015321016,0.001558159478008747,0.004315535072237253,0.014239078387618065,0.018339283764362335,0.019285518676042557,0.0418340265750885,0.055656831711530685,0.06522055715322495,0.19402416050434113,0.19634881615638733,0.26682549715042114,0.3048346936702728,0.4243170917034149,0.7138873934745789,0.6415051221847534,0.6761845350265503,0.6217162013053894,0.7119245529174805,0.8000637888908386,0.8666151165962219,0.891021728515625,0.881918728351593,0.7817675471305847,0.025604551658034325,0.07893582433462143,0.011647635139524937,0.017175866290926933,0.030716460198163986,0.05650337040424347,0.06214423105120659,0.05008959025144577,0.10164128243923187,0.21592749655246735,0.32877132296562195,0.2781279683113098,0.20360544323921204,0.2770816683769226,0.377271443605423,0.954092800617218,0.945635199546814
The surface of the Earth is mostly covered in,The surface of the densest planet in the Solar System is mostly covered in,The surface of the Earth,The surface of the densest planet in the Solar System, water,1.5103123587323353e-06,2.0063155261595966e-06,2.879938392652548e-06,2.556478648330085e-06,1.982363073693705e-06,1.4259125009630225e-06,8.215994284910266e-07,1.7380184544890653e-06,1.8287717466591857e-05,3.1576822948409244e-05,1.3999226212035865e-05,9.747431249707006e-06,1.147700004366925e-05,1.0720845239120536e-05,1.2581676855916157e-05,9.828227121033706e-06,1.4950575859984383e-05,2.8716840461129323e-05,4.412712951307185e-05,0.00013486009265761822,6.601100176339969e-05,0.00012587261153385043,9.821471030591056e-05,0.00010752776870504022,0.00010495072638150305,0.0002515960077289492,0.00035852158907800913,0.0007019038894213736,0.011449013836681843,0.013824679888784885,0.008225817233324051,0.006610197480767965,0.010046898387372494,0.01325122732669115,0.003340634051710367,0.006182357203215361,0.005414976738393307,0.007094742264598608,0.006428771186619997,0.004296590574085712,0.004346094094216824,0.006698439363390207,0.0069694239646196365,0.00560752023011446,0.0033226304221898317,0.00632752850651741,0.015934355556964874,0.01848297193646431,0.059732090681791306,0.08864415436983109,0.13431307673454285,0.18620683252811432,0.35900643467903137,0.9307684898376465,0.996688187122345,0.9951164722442627,0.9900888800621033,0.9826632738113403,0.9779167771339417,0.9847623109817505,0.9820426106452942,0.9826464653015137,0.9845834970474243,0.9819289445877075,0.9776623845100403,0.9159600734710693,0.9030212759971619,0.9044316411018372,0.8671393394470215,0.8238857984542847,0.7206079363822937,0.8210529685020447,0.8162927031517029,0.7092686295509338,0.7490055561065674,0.8766878843307495,0.8536192178726196,0.7416279315948486,0.9346915483474731,0.9614771008491516,0.0253811776638031,0.8364512920379639
Columbus' expedition led to the,The first spanish explorer to land in the Americas' expedition led to the,Columbus' expedition,The first spanish explorer to land in the Americas' expedition, discovery,5.663028332492104e-06,9.958956979971845e-06,1.971609890460968e-05,2.632400173752103e-05,2.541504545661155e-05,8.234706911025569e-05,2.677639713510871e-05,1.4182426639308687e-05,1.3612117072625551e-05,1.2342969966994133e-05,3.7525169318541884e-05,4.079260179423727e-05,0.00012343503476586193,0.00022017554147168994,0.0005693613784387708,0.0009518755250610411,0.000999661278910935,0.0013665170408785343,0.0009914408437907696,0.0005388882709667087,0.0017363387160003185,0.0011538759572431445,0.0009009575005620718,0.0007976542692631483,0.0010071495780721307,0.0007157246000133455,0.0019996394403278828,0.0026093085762113333,0.006362142972648144,0.006315190345048904,0.008065818808972836,0.006152722984552383,0.013650179840624332,0.012542570941150188,0.01855192705988884,0.008666018024086952,0.020328182727098465,0.029415089637041092,0.0428205244243145,0.056630127131938934,0.05357815697789192,0.059206921607255936,0.0756659209728241,0.09900274872779846,0.14928121864795685,0.11020728200674057,0.09681364893913269,0.11492393165826797,0.1873021125793457,0.11876960098743439,0.057632047683000565,0.02529955841600895,0.04156702384352684,0.03065406158566475,0.02701197750866413,0.013853749260306358,0.0018987550865858793,0.004299198277294636,0.006298382766544819,0.011411508545279503,0.005353729240596294,0.0063751256093382835,0.00343402661383152,0.003097604028880596,0.0024932839442044497,0.0010820156894624233,0.0006407558103092015,7.337847637245432e-05,4.202023774269037e-05,3.144070797134191e-05,3.252849273849279e-05,5.4571195505559444e-05,2.6788515242515132e-05,0.00020048997248522937,0.00016030596452765167,0.00023080733080860227,0.00032932701287791133,0.0008030204917304218,0.0012358925305306911,0.0008489542524330318,0.15395772457122803,0.03927033022046089
Royce Gracie was born in the country of,The first champion of the UFC was born in the country of,Royce Gracie,The first champion of the UFC, Brazil,1.096322307603259e-06,9.73910005086509e-07,7.531849064434937e-07,1.5130032124943682e-06,1.2980981409782544e-06,3.345675736454723e-07,1.030702833304531e-06,2.128598680428695e-06,9.793687922865502e-07,5.078360914012592e-07,1.913836968014948e-06,3.127239779132651e-06,1.937910610649851e-06,1.1604956853261683e-06,1.4956950735722785e-06,1.9776773569901707e-06,4.823330982617335e-06,3.4708268685790244e-06,6.758238669135608e-06,6.13095562584931e-06,2.433708232274512e-06,3.3753142361092614e-06,1.1722249837475829e-05,2.1524549083551392e-05,2.3587772375321947e-05,7.271953563758871e-06,8.619314030511305e-06,1.6060981579357758e-05,8.379823157156352e-06,8.426710337516852e-06,0.0001026980608003214,9.541521285427734e-05,6.08127738814801e-05,0.00010483361256774515,0.0001490591821493581,0.00027438500546850264,0.00011919919052161276,0.03005855903029442,0.025784501805901527,0.04079168289899826,0.07138512283563614,0.09060710668563843,0.7872406244277954,0.6647611856460571,0.5925461649894714,0.7896137237548828,0.7740761041641235,0.7552148103713989,0.6678617000579834,0.6820521950721741,0.7000093460083008,0.7542194724082947,0.7268164753913879,0.8889382481575012,0.9163988828659058,0.9567345976829529,0.9627102017402649,0.9635235071182251,0.9615916013717651,0.9748327136039734,0.975982666015625,0.9678431153297424,0.9672325849533081,0.9657368063926697,0.963160514831543,0.9466745257377625,0.9600056409835815,0.975970983505249,0.6389920115470886,0.5543018579483032,0.6561890840530396,0.6250913143157959,0.5616292357444763,0.5665634870529175,0.6671445369720459,0.8704392313957214,0.7432398200035095,0.6673576831817627,0.894207775592804,0.9599019289016724,0.33712396025657654,0.975762665271759
Enzo Ferrari was a lover of the sport of,Henry Ford's competitor was a lover of the sport of,Enzo Ferrari,Henry Ford's competitor, racing,3.554722525223042e-06,1.8194023141404614e-06,1.8076655123877572e-06,9.792178161660559e-07,6.400857159860607e-07,2.6943206421492505e-07,7.192002726696956e-07,4.608014592122345e-07,9.123107247432927e-07,6.99951442584279e-07,3.0993219297670294e-06,1.183398694593052e-06,1.2583975603774888e-06,2.3851043806644157e-06,3.510500164338737e-06,4.252286998962518e-06,4.390510639495915e-06,3.7634640648320783e-06,3.023898898391053e-06,6.2525164139515255e-06,1.2739324120047968e-05,2.7798814699053764e-06,1.720051045595028e-06,1.6266975535472739e-06,3.5763714549830183e-06,4.631560386769706e-06,3.8038676848373143e-06,5.52152323507471e-06,6.995099738560384e-06,7.494027158827521e-06,4.574402282742085e-06,1.5190332760539604e-06,1.681591697888507e-06,1.0781366199807962e-06,1.186911163131299e-06,8.338637371707591e-07,1.1710221770044882e-06,2.2535566586157074e-06,2.26216343435226e-06,1.820516558836971e-06,2.4037367438722868e-06,5.4789652494946495e-06,9.175289051199798e-06,1.2164356121502351e-05,1.2751711437886115e-05,7.807379006408155e-05,4.644153523258865e-05,4.4682998122880235e-05,3.0492110454360954e-05,4.3006602936657146e-05,3.92497458960861e-05,5.4677548178005964e-05,3.481793464743532e-05,4.047128823003732e-05,5.616227281279862e-05,1.2697174497589003e-05,9.929849511536304e-06,1.4791917237744201e-05,3.4271339245606214e-05,1.8640468624653295e-05,2.483639764250256e-05,3.885470869136043e-05,9.510944437352009e-06,3.144951733702328e-06,3.77327592104848e-06,3.6526068925013533e-06,5.425798917713109e-06,4.816759428649675e-06,3.739773092092946e-06,3.6740941595780896e-06,3.2583125175733585e-06,3.972844297095435e-06,3.0937569590605563e-06,3.0113842512946576e-06,2.8815438781748526e-06,5.943459200352663e-06,1.0951869626296684e-05,5.279458946461091e-06,2.018586928898003e-05,0.0023464893456548452,0.030070478096604347,0.3565177917480469
California is the most,The bear flag state is the most,California,The bear flag state, populous,2.6863213861361146e-05,1.3702055184694473e-05,7.891534551163204e-06,8.458217962470371e-06,4.90754064230714e-06,2.9989944323460804e-06,1.648171405577159e-06,7.582121384075435e-07,1.5697872868258855e-06,1.5983565617716522e-06,6.867882348160492e-06,6.656352979916846e-06,3.939091584470589e-06,6.200176812853897e-06,8.74318811838748e-06,1.048128069669474e-05,2.688780296011828e-05,3.60608974006027e-05,3.214567914255895e-05,5.2969404350733384e-05,2.05883970920695e-05,2.286790004291106e-05,1.820897523430176e-05,1.8225478925160132e-05,1.204545969812898e-05,6.868408490845468e-06,1.0045734597952105e-05,3.816995103989029e-06,1.5678823501730221e-06,2.961777227028506e-06,4.4352432269079145e-06,1.7964726794161834e-05,9.953694643627387e-06,4.448720574146137e-06,9.3691496658721e-06,3.636230394477025e-05,3.554418435669504e-05,2.441396063090906e-08,7.540079138834699e-08,1.0330790018997504e-06,4.0468594875164854e-07,1.4284617009252543e-06,1.1720658221747726e-06,2.022010221480741e-06,1.1321144484099932e-05,1.868950857897289e-05,0.00012790346227120608,0.0005626124911941588,0.0006216588662937284,0.0006164932856336236,0.003461006795987487,0.003003334393724799,0.00925139058381319,0.0038262861780822277,0.006860488560050726,0.0046091750264167786,0.019643135368824005,0.028215117752552032,0.012048785574734211,0.018023351207375526,0.036082200706005096,0.014507154002785683,0.022751223295927048,0.03105246275663376,0.027097729966044426,0.014574785716831684,0.005930653773248196,0.0047969208098948,0.006236259359866381,0.004507078789174557,0.005273712333291769,0.0036859025713056326,0.0032075291965156794,0.007853833958506584,0.006432192400097847,0.005449971184134483,0.0024069889914244413,0.003885670332238078,0.003918836824595928,0.05408315733075142,0.5895707607269287,0.8518750071525574
California is the most,The golden bear state is the most,California,The golden bear state, populous,2.686327206902206e-05,1.3701737771043554e-05,7.891891982581e-06,8.456334398943e-06,4.8890738071349915e-06,2.999821163029992e-06,1.642878828533867e-06,7.582897296742885e-07,1.5638927379768575e-06,1.5977219618434901e-06,6.865977411507629e-06,6.684520940325456e-06,3.945554908568738e-06,6.2524482018488925e-06,8.743279067857657e-06,1.055820393958129e-05,2.68856074399082e-05,3.60554622602649e-05,3.213193849660456e-05,5.291157140163705e-05,2.0588164261425845e-05,2.2884378267917782e-05,1.8206555978395045e-05,1.8231969079351984e-05,1.2045142284478061e-05,6.7670312091649976e-06,9.960065654013306e-06,3.791959898080677e-06,1.573575673319283e-06,2.9663328859896865e-06,4.42894133811933e-06,1.783463085303083e-05,9.909726941259578e-06,4.456388978724135e-06,9.314082490163855e-06,3.636231122072786e-05,3.5546818253351375e-05,2.441396063090906e-08,7.540079138834699e-08,1.0330791155865882e-06,4.046858066431014e-07,1.4284620419857674e-06,1.1720669590431498e-06,2.0861991743004182e-06,1.1321008059894666e-05,1.86955658136867e-05,0.00012794407666660845,0.0005626034690067172,0.0006216459441930056,0.0006221676012501121,0.003461190965026617,0.003003605641424656,0.009254777804017067,0.0038248910568654537,0.006762601435184479,0.004609025549143553,0.019642479717731476,0.02821795642375946,0.012037063017487526,0.018007852137088776,0.036118436604738235,0.014477445743978024,0.022754037752747536,0.03106805868446827,0.027090828865766525,0.0146473478525877,0.005933978594839573,0.00494985468685627,0.006235093809664249,0.0045059495605528355,0.005273840390145779,0.0036870671901851892,0.003207307541742921,0.007853252813220024,0.006430895999073982,0.005449082236737013,0.0024063759483397007,0.003879410680383444,0.003920425660908222,0.05406452715396881,0.7714977264404297,0.8518750071525574
Hillary Clinton was a candidate for,Bill Clinton's wife was a candidate for,Hillary Clinton,Bill Clinton's wife, president,1.0339525942981709e-05,3.372200808371417e-05,1.7332713468931615e-05,5.711924131901469e-06,5.423964103101753e-05,0.00012393084762152284,0.0001153226476162672,9.891882655210793e-05,0.00015308729780372232,0.0006643995293416083,0.0006751641631126404,0.0013782833702862263,0.00147861463483423,0.0006088502705097198,0.0006621634820476174,0.0002934082003775984,0.00012346779112704098,0.00019492203136906028,7.441948400810361e-05,5.983585288049653e-05,4.683267616201192e-05,1.44326186273247e-05,2.3287268049898557e-05,4.4482843804871663e-05,3.335987275931984e-05,5.8540528698358685e-05,1.4791956346016377e-05,1.6911682905629277e-05,1.91465878742747e-05,5.104574483993929e-06,2.786058212222997e-05,4.888251351076178e-05,0.00014136965910438448,0.00017006733105517924,0.0004224672738928348,0.0003022492746822536,0.00029827136313542724,0.0008192763780243695,0.0010663358261808753,0.0014477091608569026,0.009859553538262844,0.010201642289757729,0.012483981437981129,0.04824749380350113,0.07276157289743423,0.1107652559876442,0.09544693678617477,0.08177852630615234,0.06604193896055222,0.5152087211608887,0.33339813351631165,0.32581835985183716,0.3733353912830353,0.302120566368103,0.5796269774436951,0.4798496663570404,0.46864956617355347,0.5431274771690369,0.8282809853553772,0.7724525332450867,0.80986487865448,0.8427264094352722,0.8052070140838623,0.7222029566764832,0.5616866946220398,0.39692461490631104,0.3274151682853699,0.3425057828426361,0.2519798278808594,0.29650360345840454,0.4136982262134552,0.4356902837753296,0.3831426203250885,0.34047451615333557,0.26742345094680786,0.28342655301094055,0.2870282828807831,0.24428977072238922,0.11959652602672577,0.44887372851371765,0.2810431718826294,0.0979745090007782
Stephen Hawking worked in the field of,The man who coined the term Hawking Radiation worked in the field of,Stephen Hawking,The man who coined the term Hawking Radiation, quantum,4.230871127219871e-06,7.697317414567806e-06,1.0952250704576727e-05,2.2640386305283755e-05,9.541022336634342e-06,7.542153980466537e-06,2.825685214702389e-06,2.5986298624047777e-06,6.21655317445402e-06,9.138788300333545e-06,9.872636837826576e-06,1.5134719433262944e-05,4.357694706413895e-05,4.8266942030750215e-05,5.382512608775869e-05,4.4018455810146406e-05,1.7040298189385794e-05,1.0111698429682292e-05,2.4562437829445116e-05,4.7780406021047384e-05,4.1299525037175044e-05,4.984726547263563e-05,0.00010722818115027621,6.778298120480031e-05,1.6651363694109023e-05,1.7019929146044888e-05,2.6703632101998664e-05,9.00920495041646e-05,9.710089216241613e-05,0.00010577961074886844,4.306953997001983e-05,1.759582301019691e-05,1.7387368643539958e-05,2.278386637044605e-05,5.110953497933224e-05,6.957057485124096e-05,9.664307435741648e-05,0.0001513348543085158,0.00012219182099215686,0.0001445331727154553,5.8000103308586404e-05,3.3088610507547855e-05,1.0059709893539548e-05,2.2180987798492424e-05,1.3062817743048072e-05,5.17627040608204e-06,3.2684101824997924e-06,2.3218967726279516e-06,1.3275732726469869e-06,1.2476413076001336e-06,1.8148042499888106e-06,1.5042946870380547e-06,1.7046212406057748e-06,1.135101456384291e-06,1.1002639439539053e-06,3.7173422242631204e-06,8.566734663872921e-07,1.0995103139066487e-06,1.9891060674126493e-06,1.032765567288152e-06,1.3677155266123009e-06,6.264187391025189e-07,4.304109779695864e-07,5.189895659896138e-07,4.444101193712413e-07,6.466906370405923e-07,8.781602218732587e-07,2.0133425095991697e-06,4.504252046899637e-06,1.3743399904342368e-05,1.5096965398697648e-05,1.5474572137463838e-05,1.3100857358949725e-05,3.808430119534023e-05,2.3809141111996723e-06,1.744096948641527e-06,5.9594349295366555e-06,2.2297836039797403e-05,0.00013386039063334465,0.000539078435394913,0.03242792189121246,0.0007420447655022144
Lionel Messi is a champion in the game of,The Argentine forward for Barcelona is a champion in the game of,Lionel Messi,The Argentine forward for Barcelona, football,3.7634088130289456e-06,1.0511763548493036e-06,9.60510988079477e-07,8.747069273340458e-07,1.9994747617602115e-06,1.4296426797955064e-06,8.153796784426959e-07,9.48556078128604e-07,1.5147541034821188e-06,3.1437177767656976e-06,6.0740553635696415e-06,6.948080681468127e-06,8.77109505381668e-06,1.2221372344356496e-05,1.147845705418149e-05,2.111683352268301e-05,2.928016874648165e-05,8.65569836605573e-06,9.169838449452072e-06,1.2091778444300871e-05,2.8108515834901482e-05,4.132226968067698e-05,3.054747503483668e-05,6.23546147835441e-05,6.19478159933351e-05,7.133474719012156e-05,0.00010841276525752619,0.0002207192883361131,0.00015694652392994612,0.00011318571341689676,0.00011855737830046564,6.991513510001823e-05,0.00010201490658801049,0.00013431035040412098,0.00014399949577637017,0.0003164887602906674,0.00026845739921554923,0.0016848503146320581,0.0015389096224680543,0.006455500144511461,0.005852552130818367,0.004300055094063282,0.004228845238685608,0.004628599155694246,0.0035862810909748077,0.07408720254898071,0.045498497784137726,0.1594560742378235,0.19879654049873352,0.2641669809818268,0.2738794684410095,0.3915390372276306,0.5742978453636169,0.430866003036499,0.6606414318084717,0.815674364566803,0.7572120428085327,0.7384068369865417,0.6994466185569763,0.8278920650482178,0.8130580186843872,0.6507723331451416,0.7008376717567444,0.7781251072883606,0.6237587332725525,0.09812593460083008,0.10831165313720703,0.10616548359394073,0.07812318950891495,0.05499294400215149,0.0493176206946373,0.07406316697597504,0.09230249375104904,0.11907128244638443,0.11619038134813309,0.15439318120479584,0.15302540361881256,0.08411265164613724,0.32696375250816345,0.686750590801239,0.20372545719146729,0.2567017078399658
Microsoft created the operating system for,Bill Gates' company created the operating system for,Microsoft,Bill Gates' company, Windows,5.242944780547987e-07,3.798600118898321e-07,3.175244671638211e-07,3.9871912349553895e-07,2.915022889737884e-07,3.006209396971826e-07,6.159329473121034e-07,3.4146144116675714e-06,2.6560180685919477e-06,2.216552957179374e-06,6.576088253495982e-06,1.6309528291458264e-05,1.8805820218403824e-05,1.2842854630434886e-05,4.3892741814488545e-06,2.7930848318646895e-06,1.2797153203791822e-06,9.086616955755744e-06,0.00023527567100245506,0.0005129313212819397,0.0006319913663901389,0.006308072712272406,0.0305975079536438,0.013726896606385708,0.009126420132815838,0.007334620226174593,0.005419813096523285,0.0006356546655297279,0.0018969436641782522,0.0013385012280195951,0.0014062621630728245,0.0009493161924183369,0.0006270434241741896,0.0014366983668878675,0.0006933038239367306,0.0013241606066003442,0.0045576803386211395,0.14879369735717773,0.2969500720500946,0.33490049839019775,0.5017719864845276,0.4809291660785675,0.43543902039527893,0.2512570917606354,0.253823846578598,0.2670726776123047,0.2671718895435333,0.3455520570278168,0.5290020704269409,0.4688646197319031,0.3933422565460205,0.3760695457458496,0.43232473731040955,0.2658020555973053,0.1361810564994812,0.08726657927036285,0.021991662681102753,0.03220956772565842,0.03459376096725464,0.038105934858322144,0.01814442314207554,0.0011654648697003722,0.0010318823624402285,0.0014529054751619697,0.0008788304985500872,0.0003455952100921422,0.000334021431626752,0.0004547263670247048,0.00027413739007897675,0.00023827563563827425,0.0002197205467382446,0.0003320955147501081,0.00031543432851321995,0.0002786283439490944,0.00026809307746589184,0.00035468925489112735,0.00032699588336981833,0.0006382715073414147,0.0012835742672905326,0.003883820492774248,0.040170662105083466,0.039419837296009064
James Bond works for the,Agent 007 works for the,James Bond,Agent 007, British,2.8070105599908857e-06,9.238710845238529e-07,7.965014674482518e-07,6.901418032612128e-07,6.286057896431885e-07,9.901624480335158e-07,7.109247235348448e-07,1.0476431953065912e-06,1.5760564338052063e-06,5.201918156672036e-06,7.028925210761372e-06,2.6696645818446996e-06,8.215842171921395e-06,1.0313200618838891e-05,7.363810254901182e-06,5.368078291212441e-06,5.563763807003852e-06,6.163813668536022e-05,4.9663223762763664e-05,2.6702169634518214e-05,1.8120763343176804e-05,3.540592297213152e-05,0.0006914747646078467,8.02825961727649e-05,3.754396311705932e-05,4.197579255560413e-05,2.88862702291226e-05,3.0374005291378126e-05,0.00011220372107345611,0.000270539807388559,6.591290002688766e-05,9.910593507811427e-05,0.00011386995174689218,0.0001858970645116642,6.882305751787499e-05,0.00019255279039498419,0.0004452889843378216,0.01110461913049221,0.004520521033555269,0.002700116718187928,0.00355834630317986,0.0017501446418464184,0.005601814016699791,0.0009131971746683121,0.0005372262094169855,0.00040322879794985056,0.00013074745947960764,0.00017480799579061568,0.00022466527298092842,9.846859757089987e-05,5.2438619604799896e-05,0.00010409029346192256,0.00020260756718926132,0.0002848076110240072,0.0003328149323351681,0.005126899108290672,0.006097573786973953,0.00902364682406187,0.0053941914811730385,0.001440530177205801,0.0033247594255954027,0.0032589901238679886,0.0004905760288238525,0.0005241046310402453,0.0007064743549562991,0.0008420782978646457,0.002432567533105612,0.0032088197767734528,0.0065118069760501385,0.02338233031332493,0.016396833583712578,0.2842031717300415,0.19021451473236084,0.19157305359840393,0.21583904325962067,0.3977765440940857,0.46667274832725525,0.34546172618865967,0.547170877456665,0.8390118479728699,0.5636236667633057,0.5119829177856445
Alan Turing devised a way to break the ciphers made from the machine called the,The father of computer science devised a way to break the ciphers made from the machine called the,Alan Turing,The father of computer science, enigma,6.065229536034167e-05,0.00013231122284196317,4.7156365326372907e-05,7.38634480512701e-05,6.636133184656501e-05,0.0004378540616016835,0.0008149215718731284,0.00033014098880812526,0.00016326508193742484,7.329304935410619e-05,4.449188054422848e-05,2.9866738259443082e-05,1.8822940546669997e-05,6.657566700596362e-06,3.99759346692008e-06,2.5644219476816943e-06,7.316111805266701e-07,4.5659511727080826e-08,4.4477562965994366e-08,9.385886556856349e-08,6.536337338047815e-08,2.494859643320524e-07,5.044994395575486e-07,5.064533326049059e-08,4.886963012040724e-08,3.727318897972509e-08,1.9398047612639857e-08,3.65039731775596e-08,5.109830070182397e-08,1.0890344981362432e-07,3.5342690551942724e-08,9.5126324595185e-08,6.985695932826275e-08,5.304587489263213e-07,8.508484370395308e-07,2.7392081847210648e-06,1.26021029700496e-06,3.0598880584875587e-06,4.6305185605888255e-06,8.3520953921834e-06,1.4033135812496766e-05,9.187344403471798e-06,7.820920473022852e-06,5.226649136602646e-06,6.260866030061152e-06,2.652632474564598e-06,4.1094358493865e-06,2.5315523544122698e-06,1.5155827668422717e-06,3.651278120742063e-06,6.6221309680258855e-06,8.70193889568327e-06,1.5213604456221219e-05,2.1402905986178666e-05,1.6774089090176858e-05,3.213517993572168e-05,4.708666165242903e-05,7.554537296527997e-05,6.610931450268254e-05,6.971342372708023e-05,4.253269435139373e-05,3.807254688581452e-05,1.6572113963775337e-05,3.4443623007973656e-05,3.134638609481044e-05,1.4284717508417089e-05,3.6375691706780344e-05,5.850917659699917e-05,6.581268098670989e-05,7.68159661674872e-05,3.565983570297249e-05,0.00012273064930923283,3.739989551831968e-05,6.95010821800679e-05,0.0001109338627429679,2.4131062673404813e-05,0.002784496871754527,0.0027864729054272175,0.0035780526231974363,0.005176819395273924,0.007564171217381954,0.025896204635500908
Tim Cook was the CEO of Apple that oversaw the introduction of the Apple,Steve Jobs' successor oversaw the introduction of the Apple,Tim Cook,Steve Jobs' successor, Watch,3.22143182529544e-06,2.9521877422666876e-06,4.848048320127418e-06,4.146408173255622e-06,3.2334125990018947e-06,6.46834905637661e-06,7.424155683111167e-06,8.941826308728196e-06,1.2119631719542667e-05,1.6656198567943648e-05,2.9786368031636812e-05,2.0880659576505423e-05,3.173814548063092e-05,7.390730388578959e-06,1.1295815056655556e-05,9.781565495359246e-06,9.610369488655124e-06,4.291684308554977e-05,5.170016811462119e-05,2.532622602302581e-05,3.659372669062577e-05,5.1363997044973075e-05,9.257059718947858e-05,0.00026692653773352504,0.0004438923206180334,0.0006079595186747611,0.00046689374721609056,0.00044901270302943885,0.0004853287828154862,0.00041853063157759607,0.00013511166616808623,9.655298345023766e-05,7.179022213676944e-05,0.0001268912892555818,0.00028232584008947015,0.0004235711239743978,0.0003111908445134759,0.0006032362580299377,0.0002952318172901869,0.0006939457962289453,0.0026095982175320387,0.0020720830652862787,0.005928027909249067,0.007216369267553091,0.009259704500436783,0.010670902207493782,0.0206928513944149,0.028180094435811043,0.638266921043396,0.7304219007492065,0.7600522041320801,0.7759860754013062,0.8213300704956055,0.9012850522994995,0.9148305058479309,0.8943610787391663,0.9136825203895569,0.86933434009552,0.8721561431884766,0.8994976282119751,0.9103798866271973,0.8903349041938782,0.9348695874214172,0.9398728013038635,0.9365845918655396,0.9353011250495911,0.9339786767959595,0.9442940950393677,0.9344313740730286,0.9415175914764404,0.877334713935852,0.907586932182312,0.9104560613632202,0.9138328433036804,0.9149545431137085,0.9077938795089722,0.8963809609413147,0.8729995489120483,0.9115528464317322,0.9633637070655823,0.9393163919448853,0.8792822957038879
Michael Jackson released the best-selling album of all time which is named,The King of Pop released the best-selling album of all time which is named,Michael Jackson,The King of Pop's, Thriller,0.00012301538663450629,8.190998050849885e-05,4.6736990043427795e-05,3.172913420712575e-05,5.3961804951541126e-05,8.58736239024438e-05,0.00015494388935621828,0.00020139871048741043,9.32610928430222e-05,0.00010724373714765534,5.6253542425110936e-05,8.69290524860844e-05,6.050109732314013e-05,3.112820922979154e-05,1.470755523769185e-05,6.199275958351791e-06,4.829594217881095e-07,4.343767159298295e-06,7.525059572799364e-06,4.6387972361117136e-06,4.290211109037045e-06,2.950303269244614e-06,9.629107807995752e-06,1.2251534826646093e-05,8.289924153359607e-06,2.9337791147554526e-06,4.239428562868852e-06,5.988162683934206e-06,9.65468461799901e-06,1.4951252524042502e-05,4.639107828552369e-06,4.284651822672458e-06,9.695915650809184e-06,1.2778898053511512e-05,1.118776071962202e-05,1.107706793845864e-05,6.225932338566054e-06,8.93087599251885e-06,8.422813152719755e-06,1.6707817849237472e-05,6.949820090085268e-05,1.7602751540835015e-05,0.00029800995253026485,0.0002577403502073139,0.0005171486991457641,0.0003985463990829885,0.0007085562683641911,0.0008894021157175303,0.0017375978641211987,0.002914650598540902,0.0028753988444805145,0.004724771715700626,0.005135803949087858,0.003785523120313883,0.007367199752479792,0.005469467956572771,0.009659869596362114,0.011704852804541588,0.013408408500254154,0.01839599758386612,0.023145200684666634,0.05175187066197395,0.14042656123638153,0.14207395911216736,0.15400372445583344,0.13080449402332306,0.0783202201128006,0.017255060374736786,0.018546681851148605,0.017009561881422997,0.032301560044288635,0.0618569441139698,0.016643617302179337,0.005774898454546928,0.0038899288047105074,0.04506640136241913,0.20169275999069214,0.05369168892502785,0.015573594719171524,0.050859175622463226,0.10444144904613495,0.08601253479719162
Chicago is the where the World's Columbian Exposition took place in the year of,The Windy City is where the World's Columbian Exposition took place in the year of,Chicago,The Windy City, 1893,1.1604266546783037e-05,1.8409275071462616e-05,5.4620986702502705e-06,9.540701285004616e-06,3.1346203286375385e-06,4.25688000404989e-07,2.142260655091377e-06,4.159867330599809e-06,5.676147338817827e-06,5.80519645154709e-06,4.328422437538393e-05,8.304299262817949e-05,8.975822129286826e-05,1.1021965292457025e-05,5.0547147111501545e-05,5.7831919548334554e-05,4.336085476097651e-05,0.0002449590538162738,0.00018295636982657015,0.00036583366454578936,0.0006963812047615647,0.00019665043510030955,0.0005473042256198823,0.0009372234926559031,0.0007011829293332994,0.0008549137273803353,0.011389377526938915,0.0026496334467083216,0.0008393087773583829,0.001482425956055522,0.0008410647278651595,0.0005835382035002112,0.0002724442456383258,0.00028502559871412814,2.3248299839906394e-05,6.141022458905354e-05,9.77050221990794e-05,2.9606118914671242e-05,0.00014577855472452939,0.0003899189177900553,0.0006043115281499922,0.0012823562137782574,0.0022538958583027124,0.0031991477590054274,0.0016041010385379195,0.0007511332514695823,0.0005228237714618444,0.0005395170883275568,0.0005800941726192832,5.208719812799245e-05,6.178193143568933e-05,3.905700214090757e-05,4.195191650069319e-05,3.2514333724975586e-05,4.0060993342194706e-05,2.3610209609614685e-05,2.5485362129984424e-05,1.9949076886405237e-05,1.762337160471361e-05,2.12714439840056e-05,3.09801398543641e-05,8.39484273456037e-05,0.00018828814791049808,0.00022687067394144833,7.867851672926918e-05,8.914360660128295e-05,3.1648109143134207e-05,2.9115359211573377e-05,1.9970409994130023e-05,0.00010122155072167516,4.212739077047445e-05,0.00042429473251104355,0.0006482810713350773,0.003067821729928255,0.007824456319212914,0.16036128997802734,0.1070595309138298,0.0002165325713576749,0.014061763882637024,0.9976842403411865,0.9391855597496033,0.9626466631889343
Robespierre executed many of his ideological opponents during the,The architect of the reign of terror executed many of his ideological opponents during the,Robespierre,The architect of the reign of terror, French Revolution,7.598808338116214e-07,8.800056434665748e-07,3.0684914236189798e-06,2.799953563226154e-06,4.59308284916915e-06,5.525844244402833e-06,7.733117854513694e-06,7.583205388073111e-06,8.584312126913574e-06,2.9970126433909172e-06,3.830293280771002e-05,6.33715171716176e-05,2.891349322453607e-05,1.4676875252916943e-05,1.1112254469480831e-05,5.072783096693456e-06,5.9146759667783044e-06,1.582562254043296e-05,2.9504932172130793e-05,0.00043174714664928615,0.00014434069453272969,0.00014994182856753469,0.00019487344252411276,0.0006488536018878222,0.0005593289388343692,0.00022836805146653205,0.0001846472587203607,0.00020070742175448686,0.00015487559721805155,9.998781024478376e-05,0.00010730903886724263,0.000186310731805861,0.0009335748618468642,0.0006342277629300952,0.0009960165480151772,0.002031166572123766,0.0014094116631895304,0.07043103873729706,0.03915724903345108,0.032513268291950226,0.02667168527841568,0.043766167014837265,0.02709469012916088,0.019577065482735634,0.00996294617652893,0.0019141726661473513,0.0014978486578911543,0.0003985223011113703,0.0004276325926184654,0.0003933421685360372,9.065712220035493e-05,6.994925206527114e-05,2.8128997655585408e-05,4.04922593588708e-06,4.925170287606306e-06,0.00016719177074264735,5.7737524912226945e-05,1.2876989785581827e-05,1.655981941439677e-05,3.709368002091651e-06,1.0746652151283342e-05,8.914836143958382e-06,0.01091266330331564,0.01116468571126461,0.012114121578633785,0.005605454556643963,0.0025667196605354548,0.0022057511378079653,0.0011887764558196068,0.000925728352740407,0.0019015202997252345,0.001324158045463264,0.006207871716469526,0.01500213984400034,0.008639580570161343,0.01095360703766346,0.073338583111763,0.33322539925575256,0.3379652798175812,0.12979958951473236,0.32218557596206665,0.03798162564635277
Australia has a jumping marsupial animal called a,The big country near New Zealand has a jumping marsupial animal called a,Australia,The big country near New Zealand, Kangaroo,4.4946145862923e-06,5.940079063293524e-06,2.192739884776529e-06,1.023325012283749e-06,3.11082288817488e-07,3.477933319118165e-07,9.932830380421365e-07,8.624506335763726e-07,8.419456207775511e-07,2.307537897650036e-06,3.8220291571633425e-06,3.894604105880717e-06,4.397242264531087e-06,3.4690413031057687e-06,1.2535621181086753e-06,5.552191169044818e-07,1.8628653606356238e-06,4.523572272319143e-07,2.056065568467602e-06,3.0192959457053803e-06,6.202489203133155e-06,5.0975068006664515e-06,1.1393858585506678e-05,5.2918285291525535e-06,9.588033208274283e-06,1.2609386430995073e-05,8.237691872636788e-06,3.864511199935805e-06,1.0299217137799133e-05,1.550814340589568e-05,1.0611543984850869e-05,6.945928362256382e-06,4.516256922215689e-06,3.355429043949698e-06,1.8740587620413862e-05,2.1519543224712834e-05,1.0500664757273626e-05,0.00022175513731781393,0.0003387036267668009,0.0002474412031006068,0.0007341346936300397,0.0012477533891797066,0.0026057232171297073,0.0031894459389150143,1.1412438425395521e-06,2.3417278498527594e-05,2.5108351110247895e-05,2.8015270800096914e-05,6.02147811150644e-05,0.00014448528236243874,0.052805252373218536,0.700619101524353,0.766612708568573,0.7942672371864319,0.7857590913772583,0.6622887253761292,0.5900429487228394,0.5068987607955933,0.3303505778312683,0.2538032531738281,0.19147224724292755,0.13425667583942413,0.050208911299705505,0.06376291811466217,0.03421522304415703,0.019966205582022667,0.015089022926986217,0.011977208778262138,0.006406835746020079,0.004388581030070782,0.003205800661817193,0.007119777146726847,0.007796455640345812,0.00539795495569706,0.003757115453481674,0.0048191137611866,0.002307028276845813,0.0037308421451598406,0.005924826022237539,0.005998385138809681,0.01699666492640972,0.02223219722509384
Arnold Schwarzenegger was born in the country of,The bodybuilding governor of California was born in the country of,Arnold Schwarzenegger,The bodybuilding governor of California, Austria,2.9573216124845203e-06,9.149154607257515e-07,2.2312612202313176e-07,6.284976166170964e-07,6.06728178809135e-07,2.641014305027056e-07,3.055606896396057e-07,2.4667619413776265e-07,1.8762086995138816e-07,3.9430537412954436e-07,1.1439067293395055e-06,1.7783844441510155e-06,1.935839691213914e-06,1.6111639524751808e-06,9.544864951749332e-07,7.042339120744145e-07,9.54919073592464e-07,5.246404725767206e-06,9.837269317358732e-06,1.0881708476517815e-05,1.2586484444909729e-05,3.752839256776497e-05,2.2714630176778883e-05,1.866792626969982e-05,1.2067006537108682e-05,6.251132163015427e-06,1.0239326002192684e-05,1.4949366232031025e-05,1.8965421986649744e-05,2.8597611162695102e-05,0.0003402533184271306,0.0003558025637175888,0.00044256990076974034,0.0003096743021160364,0.0007730111829005182,0.0003424327296670526,0.0002723319048527628,0.06940685212612152,0.07159776985645294,0.041639477014541626,0.024170054122805595,0.032779064029455185,0.8372102975845337,0.7797568440437317,0.7149314880371094,0.9756351113319397,0.9760544300079346,0.8610960245132446,0.8873848915100098,0.9300368428230286,0.9196692109107971,0.9104565382003784,0.8999081254005432,0.9631233811378479,0.9841791987419128,0.9905960559844971,0.9922851324081421,0.9921561479568481,0.9918960928916931,0.990237295627594,0.9867021441459656,0.9760760068893433,0.9778156280517578,0.9665402770042419,0.9649471640586853,0.9594692587852478,0.9673355221748352,0.9609513878822327,0.954912543296814,0.9353908896446228,0.9146703481674194,0.6942391395568848,0.4203749895095825,0.45206496119499207,0.25114500522613525,0.019518446177244186,0.005770879797637463,0.0017595047829672694,0.0020226016640663147,0.003962800372391939,0.7847685813903809,0.8113072514533997
The largest university in Ohio is called The,The largest university in the Buckeye State is called The,Ohio,The Buckeye State, Ohio State University,5.726783456339035e-06,2.880554120565648e-06,1.0134739341083332e-06,1.27123826132447e-06,2.1830119294463657e-06,3.0423825592151843e-06,1.2208455473228241e-06,1.4979184470576001e-06,1.1850896726173232e-06,1.8411517430649837e-06,8.008633813005872e-06,7.689859558013268e-06,9.325594874098897e-06,1.056845849234378e-05,9.791754564503208e-06,7.79942547524115e-06,1.0997538083756808e-05,2.2582504243473522e-05,1.8540826204116456e-05,0.0001004939986160025,0.00024549043155275285,0.0003567951498553157,0.008714222349226475,0.0034117354080080986,0.0021977967116981745,0.0023593739606440067,0.005261632613837719,0.0374242439866066,0.05622640624642372,0.015536613762378693,0.005499941296875477,0.04152156040072441,0.036528076976537704,0.24368752539157867,0.21289487183094025,0.04987993836402893,0.06166643276810646,0.9835559725761414,0.9789807200431824,0.9886255264282227,0.9899381399154663,0.9870356917381287,0.9901239275932312,0.9922045469284058,0.9946263432502747,0.991259753704071,0.9932394027709961,0.9923690557479858,0.9913638830184937,0.992382824420929,0.9902366995811462,0.9913365840911865,0.9874000549316406,0.9874657988548279,0.9923228025436401,0.9913243055343628,0.994724690914154,0.9968078136444092,0.9971811771392822,0.997174859046936,0.9971711039543152,0.996797502040863,0.9975003600120544,0.9967939257621765,0.9971651434898376,0.9974709749221802,0.9967674016952515,0.9967557787895203,0.9974502921104431,0.9940232634544373,0.993229866027832,0.9953314661979675,0.9958558678627014,0.9967638254165649,0.9974689483642578,0.9970882534980774,0.9981551766395569,0.9975751042366028,0.9993399977684021,0.9998284578323364,0.9989264607429504,0.9977618455886841
"Canadians call their $1 coin a ""loonie"" because this type of bird appears on it","Canadians call their $1 coin a ""loonie"" because this type of winged animal appears on it",bird,winged animal, Common Loon,2.9541406547650695e-06,5.823469564347761e-06,1.7726377336657606e-05,2.1483419914147817e-05,9.240750841854606e-06,1.7016225683619268e-05,5.678281468135538e-06,9.03671661944827e-06,3.480334953565034e-06,2.3216766749101225e-06,8.245628123404458e-06,4.563997663353803e-06,1.4220574939827202e-06,8.282070780296635e-07,8.441136856163212e-07,2.584537696748157e-06,2.7286239401291823e-06,9.208612937072758e-06,2.214072537753964e-06,4.1314712007078924e-07,7.125900935989193e-08,6.67305414481234e-07,4.2602431449267897e-07,4.204447066058492e-07,5.463083994072804e-07,5.894729611100047e-07,3.97348571823386e-07,1.68369226116738e-07,2.293687657584087e-07,3.537023189892352e-07,1.0140179256268311e-06,1.2364930626063142e-06,3.717895424415474e-06,7.289294444490224e-06,8.323624570039101e-06,1.3881290215067565e-05,1.204420277645113e-05,1.0305383511877153e-05,1.8284397810930386e-05,1.9956230971729383e-05,7.213530352601083e-06,5.73790248381556e-06,4.757962415169459e-06,4.571885256154928e-06,4.715926024800865e-06,7.617390110681299e-06,6.625532023463165e-06,7.970277692948002e-06,6.321038199530449e-06,4.802097009815043e-06,2.9276884561113548e-06,2.979125611091149e-06,3.2517211820959346e-06,3.1668541851104237e-06,3.602187916840194e-06,3.91809044231195e-06,4.557191914500436e-06,4.063000233145431e-06,5.4766182984167244e-06,4.6935861064412165e-06,5.335130481398664e-06,5.60525859327754e-06,6.1631094467884395e-06,6.966478849790292e-06,7.334678230108693e-06,9.899108590616379e-06,9.537093319522683e-06,1.0387098882347345e-05,1.1620589248195756e-05,1.705002796370536e-05,2.3032951503410004e-05,1.4069043572817463e-05,1.1729397556337062e-05,1.2207997315272223e-05,8.270725629699882e-06,8.284602699859533e-06,1.1506062946864404e-05,1.485406073697959e-06,5.8357827583677135e-06,1.3152299516150379e-07,1.0556457397115082e-07,1.2490079370763851e-07
The University of Chicago is located in Chicago neighborhood of,The university with the most Nobel Prizes is located in the Chicago neighborhood of,The University of Chicago,The university with the most Nobel Prizes, Hyde Park,4.0107258314492356e-07,1.2842126579926116e-06,1.0190191233050427e-06,1.2162894336142926e-06,2.927959940279834e-06,4.983044618711574e-06,4.141868885199074e-06,5.858353688381612e-06,1.8572645785752684e-05,6.695194315398112e-05,5.3724521421827376e-05,0.0001464031229261309,0.00017136988753918558,0.00019241779227741063,0.0007707023178227246,0.00022842848557047546,0.0004994792398065329,0.0001770377130014822,0.00033885016455315053,0.0008687422960065305,0.00020422361558303237,8.232647815020755e-05,0.00012993547716178,3.669089710456319e-05,5.1963779696961865e-05,6.302742986008525e-05,0.00010128856229130179,0.00017689235392026603,4.8269856051774696e-05,9.616914030630141e-05,0.0001235119125340134,0.00015548468218185008,0.00011039095261367038,4.920687933918089e-05,8.683895430294797e-05,1.2210203749418724e-05,3.914790795533918e-05,5.462682020151988e-05,6.764835416106507e-05,9.943667828338221e-05,4.161852484685369e-05,5.144966416992247e-05,5.114815735396405e-07,1.3363039386149467e-07,6.402143753803102e-06,7.189344614744186e-06,6.762191333109513e-05,0.0005589727079495788,0.00218940619379282,0.0021445881575345993,0.0069297621957957745,0.014346790499985218,0.0680464506149292,0.20010864734649658,0.4568519592285156,0.5941266417503357,0.5548932552337646,0.9548290967941284,0.9682921171188354,0.9816138744354248,0.9893771409988403,0.9880585074424744,0.993838369846344,0.9970502853393555,0.9851582646369934,0.9847437739372253,0.9855560064315796,0.9832652807235718,0.9798929691314697,0.9823112487792969,0.9685336947441101,0.9732922315597534,0.9806877374649048,0.9770872592926025,0.9392788410186768,0.9116665124893188,0.9100882411003113,0.908555269241333,0.8493340015411377,0.9722938537597656,0.9913709163665771,0.973511815071106
"Después de las guerras de independencia hispanoamericanas, Simón Bolívar estableció la nación de la","Después de las guerras de independencia hispanoamericanas, el libertador estableció la nación de la",Simon Bolivar,el libertador, Gran Colombia,4.529238140094094e-07,4.798272925654601e-07,6.720039209540118e-07,1.2308291843510233e-06,1.3617454897030257e-06,8.350573921234172e-07,1.3414701243164018e-06,1.544215479043487e-06,3.9934648157213815e-06,7.473055120499339e-06,1.4052874576009344e-05,8.280393558379728e-06,1.2338637134234887e-05,7.91310867498396e-06,6.466256763815181e-06,3.7136683204153087e-06,7.233900305436691e-07,2.2744168290955713e-06,6.350867920446035e-07,3.192552640030044e-06,3.7414702092064545e-05,1.1971305866609327e-05,1.9107787011307664e-05,8.124458872771356e-06,2.4492022930644453e-05,2.608125942060724e-05,1.9495422748150304e-05,4.153487680014223e-05,2.931312337750569e-05,2.2383830582839437e-05,2.94055189442588e-05,9.183584188576788e-05,7.219591498142108e-05,0.00016144223627634346,0.0003756645310204476,0.00024403579300269485,0.0009274021722376347,0.002788983518257737,0.002656530123203993,0.0051325587555766106,0.004616033285856247,0.012490338645875454,0.00906206015497446,0.01853962242603302,0.006341843865811825,0.022005710750818253,0.06556257605552673,0.03430928289890289,0.026933224871754646,0.02474772185087204,0.0224055927246809,0.038466036319732666,0.02307838760316372,0.042054932564496994,0.10631357133388519,0.08322428166866302,0.14980672299861908,0.2865046560764313,0.5175666213035583,0.6053159236907959,0.6743173003196716,0.6984736323356628,0.8713347315788269,0.9258063435554504,0.7527231574058533,0.89217609167099,0.9787572026252747,0.9791018962860107,0.9841650724411011,0.9878727197647095,0.9828583002090454,0.987432599067688,0.9931400418281555,0.993817150592804,0.9944130778312683,0.996455192565918,0.9967327117919922,0.9972540736198425,0.9800493717193604,0.9928869605064392,0.9752840399742126,0.9954063892364502
Bill Gates was born in the city of,The founder of Microsoft was born in the city of,Bill Gates,The founder of Microsoft, Seattle,9.332195077149663e-06,8.836038432491478e-06,8.554575288144406e-06,1.1189958058821503e-05,2.4980103262350895e-05,1.647406861593481e-05,1.3352134374144953e-05,1.5133495253394358e-05,4.2652074625948444e-05,4.098921999684535e-05,8.344591333298013e-05,5.571323708863929e-05,3.6384084523888305e-05,2.3941212930367328e-05,3.058058427996002e-05,1.085350686480524e-05,9.555104043101892e-06,1.2372451237752102e-05,2.8569653295562603e-05,1.0830553037521895e-05,4.8592250095680356e-05,2.7368656446924433e-05,9.428305929759517e-06,6.295105322351446e-06,2.962447297250037e-06,3.0282765237643616e-06,7.119414476619568e-06,2.6414147214381956e-05,4.161043034400791e-05,6.717340875184163e-05,0.0009194434969685972,0.002281434601172805,0.0087509760633111,0.016925500705838203,0.02501162886619568,0.06085607782006264,0.026108717545866966,0.9892697930335999,0.9614911079406738,0.9482003450393677,0.9453239440917969,0.9035768508911133,0.9031392931938171,0.8603391051292419,0.8684923648834229,0.8231330513954163,0.8577365875244141,0.9447648525238037,0.9250325560569763,0.9117307066917419,0.7386031746864319,0.8655622601509094,0.8813531994819641,0.915719211101532,0.9757742285728455,0.9902434945106506,0.9973588585853577,0.9973722696304321,0.9973322153091431,0.9973359704017639,0.9972852468490601,0.9968583583831787,0.9964686632156372,0.9963461756706238,0.996695876121521,0.9952172040939331,0.9971079230308533,0.9974935054779053,0.9968211650848389,0.9948662519454956,0.9939188957214355,0.9923648834228516,0.9942830204963684,0.9825999140739441,0.9862449765205383,0.9960351586341858,0.9876542687416077,0.929181694984436,0.9491472244262695,0.9237215518951416,0.9605536460876465,0.9604517817497253
Nelson Mandela brought an end to,The first president of South Africa brought an end to,Nelson Mandela,The first president of South Africa, Apartheid,9.333262823929545e-06,8.98913640412502e-06,9.569794201524928e-06,5.42284942639526e-06,4.085851742274826e-06,2.2125045688881073e-06,1.3667840903508477e-06,2.1551747977355262e-06,1.1093634384451434e-06,1.3668224028151599e-06,7.489549261663342e-06,2.1188686787354527e-06,2.303311930518248e-06,1.0355986432841746e-06,7.840996659069788e-06,2.0229439542163163e-05,4.61324852949474e-05,0.0001275287795579061,0.00043250041198916733,0.0011852503521367908,0.0005715065635740757,0.0008445231942459941,6.82548270560801e-05,7.740875298622996e-05,0.00010267443576594815,0.00015413366782013327,0.0002770194842014462,0.00013759637658949941,8.330892160302028e-05,5.846159183420241e-05,4.292659286875278e-05,7.427537639159709e-05,8.594340033596382e-05,5.928060636506416e-05,0.00011165068281115964,4.132162212044932e-05,3.9228234527399763e-05,1.919044370879419e-05,8.912727935239673e-06,6.903198027430335e-06,6.395768650691025e-06,7.362768883467652e-06,3.7358165627665585e-06,5.7852839745464735e-06,1.051884737535147e-05,2.7121446692035533e-05,1.4775775525777135e-05,1.059564692695858e-05,7.134696261346107e-06,7.512603133363882e-06,9.340593351225834e-06,1.2247679478605278e-05,2.0403129383339547e-05,2.82480068563018e-05,1.9865867216140032e-05,2.2198963051778264e-05,2.0814812160097063e-05,3.565178485587239e-05,3.306212602183223e-05,6.916099664522335e-05,7.009919499978423e-05,0.00015497249842155725,0.0001556620409246534,0.00019962336227763444,0.00023437527124769986,0.00020275959104765207,2.8051945264451206e-05,9.382372809341177e-06,0.00016914927982725203,1.6088928532553837e-05,3.3489010093035176e-05,0.00039652345003560185,0.0010727298213168979,0.007311055902391672,0.027875851839780807,0.049875449389219284,0.0623508095741272,0.4979397654533386,0.7057011723518372,0.2577246427536011,0.007375598419457674,0.013315665535628796
Abraham Lincoln issued an executive order famously known as the,The 16th president of the United States issued an executive order famously known as the,Abraham Lincoln,The 16th president of the United States, Emancipation Proclamation,3.984010618296452e-06,3.6856195038126316e-06,4.832380454899976e-06,1.4188206023391103e-06,8.659297918711673e-07,2.5953015665436396e-06,7.652683052583598e-06,5.1953325055364985e-06,2.429620280963718e-06,1.9129290649289032e-06,4.8945648813969456e-06,6.852234491816489e-06,1.0617824955261312e-05,1.1783335139625706e-05,6.099055553931976e-06,7.893660040281247e-06,5.117747150507057e-06,1.0608551747282036e-05,6.377881163643906e-06,1.5619034456904046e-05,5.647792931995355e-06,5.184724159335019e-06,8.645703928777948e-06,1.2090304153389297e-05,1.7619768186705187e-05,1.1000115591741633e-05,1.0332380043109879e-05,1.2742299077217467e-05,6.071995449019596e-05,5.568752749240957e-05,6.0118378314655274e-05,0.00010004481737269089,4.108333450858481e-05,6.541643233504146e-05,1.7869644580059685e-05,2.5849683879641816e-05,4.779710798175074e-05,5.104707452119328e-05,7.257344987010583e-05,0.00010830451356014237,8.910041651688516e-05,4.279157656128518e-05,0.00011933573841815814,0.00017489935271441936,0.0002451991313137114,9.392914944328368e-05,0.0001255931711057201,0.00033530511427670717,0.00048318502376787364,0.0008190000662580132,0.003254649695008993,0.0038327896036207676,0.005125325173139572,0.0040689511224627495,0.01743476092815399,0.06929794698953629,0.14182014763355255,0.23772576451301575,0.40484777092933655,0.39486297965049744,0.5981285572052002,0.7776108980178833,0.8657718300819397,0.8749709129333496,0.9174681901931763,0.9470030665397644,0.9394373297691345,0.9639418721199036,0.9947516322135925,0.9932625889778137,0.9668086171150208,0.9858933687210083,0.9913330674171448,0.9911076426506042,0.9886181354522705,0.9896706938743591,0.989658534526825,0.9787998199462891,0.9824246764183044,0.9727411270141602,0.8561391234397888,0.784521222114563
The name of Texas' dominating political party is,The name of the Lone Star State's dominating political party is,Texas',Lone Star State's, Republican,7.639548130100593e-06,2.709938598854933e-06,3.5710586416826118e-06,5.063117896497715e-06,5.462890840135515e-06,2.3955565211508656e-06,1.9992669422208564e-06,3.667888677227893e-06,4.123626240470912e-06,4.560304660117254e-06,7.511036528740078e-06,5.743030669691507e-06,3.0895239433448296e-06,4.806144261237932e-06,5.298024461808382e-06,5.681671154889045e-06,2.013301127590239e-05,9.744731869432144e-06,1.947672171809245e-05,2.425515413051471e-05,1.716032602416817e-05,5.806246917927638e-06,1.1049774002458435e-05,1.5103781151992735e-05,6.782024229323724e-06,5.243120995146455e-06,1.656882159295492e-05,1.1459596862550825e-05,8.443732440355234e-06,8.323255315190181e-06,2.0734336430905387e-05,1.278237050428288e-05,5.999072982376674e-06,1.6750311260693707e-05,1.5758976587676443e-05,1.0381435458839405e-05,1.0608705451886635e-05,1.6794940165709704e-05,2.1060783183202147e-05,3.741501132026315e-05,1.8886063116951846e-05,3.349833423271775e-05,5.709578181267716e-05,8.975495438789949e-05,6.355218647513539e-05,7.549139991169795e-05,9.811834752326831e-05,0.0002040393592324108,0.00045795540791004896,0.0009562761406414211,0.0013872729614377022,0.0006988878594711423,0.0007960039074532688,0.0007322400342673063,0.001960344612598419,0.002022505272179842,0.0017839232459664345,0.0026215126272290945,0.0019639190286397934,0.0021036199759691954,0.004146777559071779,0.003974003717303276,0.0022656728979200125,0.0021118868608027697,0.001970388926565647,0.0017313103890046477,0.001973567297682166,0.0019439068855717778,0.0020564119331538677,0.0016848286613821983,0.0015381949488073587,0.0016734263626858592,0.0014846394769847393,0.001631801831535995,0.0013243124121800065,0.0013604678679257631,0.0011357521871104836,0.0005212780670262873,0.0008293726132251322,0.0029293312691152096,0.0012616656022146344,0.007768626790493727
Russia is mostly located on the continent of,The largest country in the world is mostly located on the continent of,Russia,The largest country in the world, Asia,4.401729165692814e-05,1.6275995221803896e-05,1.610531944606919e-05,9.059958756552078e-06,3.0599996989622014e-06,4.018705112684984e-06,1.94060316971445e-06,5.922917125644744e-07,2.3771210635459283e-06,6.184484391269507e-06,1.6472753259222372e-06,1.5481532500416506e-06,1.1724790738298907e-06,1.1660135896818247e-05,2.5010940589709207e-05,8.367171176359989e-06,5.027951374358963e-06,1.471883115300443e-05,1.7793856386560947e-05,3.256450509070419e-05,4.8274934670189396e-05,2.0135445083724335e-05,7.996451313374564e-05,0.00024500401923432946,0.000472192739835009,0.0007252292125485837,0.00030399044044315815,0.00022513969452120364,0.00016794344992376864,4.050382995046675e-05,8.11699646874331e-05,5.683779454557225e-05,2.0601712094503455e-05,2.2931073544896208e-05,1.4209710570867173e-05,0.00010976697376463562,0.0007849474786780775,0.0011103389551863074,0.010791942477226257,0.08554480224847794,0.17507997155189514,0.8311099410057068,0.9071910381317139,0.9839015603065491,0.9781240224838257,0.9851810932159424,0.9870249032974243,0.9873005747795105,0.989885687828064,0.9928823709487915,0.994988203048706,0.9949824213981628,0.994487464427948,0.9966726303100586,0.9961714148521423,0.9966873526573181,0.9968796968460083,0.99519944190979,0.9949892163276672,0.9952270984649658,0.9953294992446899,0.9959462285041809,0.9958438277244568,0.9963157773017883,0.9959231615066528,0.9932993650436401,0.9941640496253967,0.9940365552902222,0.9902774691581726,0.9899173378944397,0.9908360242843628,0.9934513568878174,0.9950657486915588,0.9951419830322266,0.9951295852661133,0.9952560067176819,0.9931714534759521,0.9908069968223572,0.9938218593597412,0.9728580713272095,0.8404864072799683,0.7689611315727234
Steve Jobs' father was from the country of,The founder of Apple's father was from the country of,Steve Jobs',The founder of Apple's, Syria,8.29204566343833e-07,8.340835506714939e-07,1.0357121027482208e-06,2.3557001895824214e-06,5.2861050789942965e-06,2.774746235445491e-06,9.010506801132578e-06,2.3631626390852034e-05,2.6762847483041696e-05,8.262719347840175e-06,1.1937548151763622e-05,2.4916744223446585e-05,1.656499080127105e-05,1.998492552957032e-05,2.318419501534663e-05,2.7281254006084055e-05,1.7001362721202895e-05,1.8862763681681827e-05,1.2625935596588533e-05,4.57641590401181e-06,3.681660928123165e-06,4.442674708116101e-06,8.050485121202655e-06,1.1408160389692057e-05,8.242323929152917e-06,2.6765494112623855e-05,3.79772245651111e-05,3.0777970096096396e-05,3.858956551994197e-05,1.532025089545641e-05,0.00020739383762702346,0.00014935611397959292,0.00012933769903611392,0.00021533745166379958,7.961272058309987e-05,3.791414565057494e-05,2.931623748736456e-05,0.00016367672651540488,0.0002076050586765632,5.6266639148816466e-05,4.4392952986527234e-05,5.717841850128025e-05,0.00018515110423322767,0.00025959539925679564,0.00013328804925549775,0.000143321551149711,0.00017114826187025756,0.00033083284506574273,0.0002430654421914369,0.00026406970573589206,0.00024266986292786896,0.0002619478036649525,0.0003889860527124256,0.0005778090562671423,0.002875438891351223,0.00390383368358016,0.00506961764767766,0.004720749333500862,0.002076138276606798,0.0007867154781706631,0.0004311460361350328,0.00033958538551814854,0.00044080393854528666,0.0005716016748920083,0.00044230648200027645,0.0006725076236762106,0.0008843314135447145,0.0010567167773842812,0.0008805270190350711,0.001511372160166502,0.0011410006554797292,0.0013696926180273294,0.0018334753112867475,0.00045052729547023773,0.001485919812694192,0.029825283214449883,0.0474868007004261,0.07924085110425949,0.08685508370399475,0.6553429961204529,0.8044871687889099,0.8875230550765991
J.R.R. Tolkien was afraid of,"The author of ""The Lord of The Rings"" was afraid of",J.R.R. Tolkien,"The author of ""The Lord of The Rings""", spiders,1.875562247732887e-06,3.4071626942022704e-06,1.991189719774411e-06,1.720857994769176e-06,4.302655725041404e-06,7.524650300183566e-06,6.136540832812898e-06,8.59802730701631e-06,1.595514186192304e-05,1.2625453564396594e-05,1.0919504347839393e-05,9.574921023158822e-06,2.2193013137439266e-05,1.39830854095635e-05,1.8633285435498692e-05,4.5559703721664846e-05,4.25584839831572e-05,0.00010963618115056306,0.00027562957257032394,0.00011969668412348256,3.212058436474763e-05,1.9506082026055083e-05,5.345782028598478e-06,3.214901425963035e-06,1.4872559859213652e-06,3.247678478146554e-06,2.586658411019016e-06,9.071477506950032e-06,7.917901712062303e-06,2.1673662558896467e-05,1.595631692907773e-05,6.1017867665214e-06,3.92745232602465e-06,7.84327585279243e-06,7.920807547634467e-06,2.0811685317312367e-05,3.500010279822163e-05,3.09359202219639e-05,2.1834643121110275e-05,6.97592186043039e-05,0.00012041105219395831,0.00019566132687032223,0.00017306680092588067,9.513903205515817e-05,0.00010989317524945363,0.00019280887499917299,0.00025080761406570673,0.000267672206973657,0.0003368759644217789,0.0004695992392953485,0.0002778517664410174,0.00018409376207273453,0.00047189401811920106,0.0005235010758042336,0.0008015775820240378,0.0007186326547525823,0.0014722781488671899,0.0014640686567872763,0.0016928731929510832,0.0017419223440811038,0.002311243675649166,0.002135204616934061,0.002799510257318616,0.0025756952818483114,0.003433025209233165,0.003029624233022332,0.0008058942039497197,0.0007903556106612086,0.000681196921505034,0.0007018487667664886,0.0015318411169573665,0.0013977581402286887,0.001233473070897162,0.0008376858895644546,0.000583360786549747,0.0009687315323390067,0.0007833175477571785,0.0012260150397196412,0.005102950613945723,0.007697738241404295,0.281103253364563,0.33398348093032837
Argonne National Laboratory conducted pioneering research on,The U.S.'s first national laboratory conducted pioneering research on,Argonne National Laboratory ,The U.S.'s first national laboratory, nuclear energy,2.642556864884682e-06,2.9980126328155166e-06,1.4016051181897637e-06,1.365512275697256e-06,8.115655987239734e-07,8.326753118126362e-07,3.6725688801197975e-07,5.103796638650238e-07,6.278609134824364e-07,6.071698521736835e-07,5.276531851450272e-07,9.16762360247958e-07,1.898737082228763e-06,3.9406386349583045e-06,3.795232260017656e-06,3.1552913242194336e-06,3.5193604617234087e-06,8.394130190936266e-07,1.2744017112709116e-06,3.457898856140673e-06,7.0319028964149766e-06,1.0480925993761048e-05,0.00010227591701550409,0.00019201006216462702,7.157935033319518e-05,2.0739658793900162e-05,5.478810999193229e-05,0.00011802934022853151,0.0006850635400041938,0.0004989875596947968,0.00019452921696938574,0.0003937794244848192,0.0001920151262311265,0.00013847215450368822,0.00042054051300510764,0.00022983617964200675,0.0007206839509308338,1.330746727035148e-05,2.3217213310999796e-05,5.179910658625886e-06,5.129744749865495e-06,1.8857919712900184e-05,2.435164105918375e-07,2.1366282965118444e-07,1.8679136459809342e-08,1.654079682111842e-07,5.735592480959895e-07,1.4157133421122126e-07,1.272995717727099e-07,3.459659865256981e-07,4.980633434570336e-07,1.2471284662751714e-06,1.7021001212924602e-06,1.9293875084258616e-06,3.1878639106253104e-07,3.842886542315682e-07,1.5004571878307615e-06,4.862307832809165e-06,3.405513382404024e-07,5.115106205266784e-07,2.682018021005206e-06,4.629931481758831e-06,5.002630587114254e-06,1.9623610569396988e-05,2.860302629414946e-05,2.7428743123891763e-05,2.598579703771975e-05,3.305074278614484e-05,6.412919174181297e-05,6.034366015228443e-05,0.00019275667727924883,0.00026241326122544706,0.0007480253698304296,0.00088075315579772,0.0013340512523427606,0.004083108156919479,0.012367937713861465,0.00017967484018299729,0.0006638796185143292,0.005737570580095053,0.3127346932888031,0.1162337139248848
"For 25 years, the Sears Tower was the world's","For 25 years, the world's tallest building in 1973 was the world's",Sears Tower,world's tallest building in 1973, tallest building,1.1862498467962723e-06,2.1361306608014274e-06,3.3274604902544525e-06,3.224733518436551e-06,3.902997377736028e-06,4.27394161306438e-06,3.164878762618173e-06,2.4046855742199114e-06,2.7110238534078235e-06,1.9888686892954865e-06,5.3795370149600785e-06,2.0815054995182436e-06,2.644090272951871e-06,3.494830934869242e-06,1.2646517461689655e-05,2.562338522693608e-05,4.294368045520969e-05,0.0001301706361118704,0.00011755352898035198,3.996480882051401e-05,2.571885306679178e-05,7.322716555790976e-05,6.111614493420348e-05,6.983594357734546e-05,3.708114672917873e-05,2.5471183107583784e-05,1.5191858437901828e-05,2.8814596589654684e-05,1.2487550520745572e-05,3.151912460452877e-05,6.015077087795362e-05,6.064098852220923e-05,2.5633786208345555e-05,2.0735675207106397e-05,1.3476010281010531e-05,2.002772453124635e-05,2.9740591344307177e-05,1.2533433618955314e-05,1.7322598068858497e-05,6.380060949595645e-05,3.348069003550336e-05,0.0009434361127205193,0.00024108425714075565,0.00015429749328177422,0.0001999432424781844,0.0011844916734844446,0.0014625287149101496,0.015257910825312138,0.03501133993268013,0.045050542801618576,0.2235906720161438,0.3821583390235901,0.55503910779953,0.6691305041313171,0.3191804885864258,0.46634140610694885,0.2969801425933838,0.3186556100845337,0.28873881697654724,0.4720834791660309,0.4576478898525238,0.381533145904541,0.005494973156601191,0.005203611683100462,0.003047921694815159,0.0037194998003542423,0.0050029633566737175,0.006534474901854992,0.00726997759193182,0.008146314881742,0.007742090616375208,0.007727344054728746,0.0018108019139617682,0.000902653846424073,0.0009082419564947486,0.0021958600264042616,0.001198441837914288,0.0009637211915105581,0.0032697045244276524,0.22276507318019867,0.7943781018257141,0.9909193515777588
French is the official language of a Canadian province called,A romance language is the official language of a Canadian province called,French,A romance language, Quebec,2.3520574359281454e-06,3.895981080859201e-06,1.2940840861119796e-06,2.1426938019430963e-06,1.453796585337841e-06,1.3188887351134326e-06,5.035060439695371e-07,8.428842193097807e-07,1.0684015023798565e-06,2.5520071176288184e-06,3.022199734914466e-06,5.0841208576457575e-06,8.80774859979283e-06,5.9686658460123e-06,4.107277618459193e-06,1.6127447679537e-06,3.6211104088579305e-06,5.957356734143104e-06,2.655576054166886e-06,6.563347596966196e-06,1.5621404600096866e-05,9.78080333879916e-06,1.917846930155065e-05,5.9006877563660964e-05,7.790000381646678e-05,0.00012948790390510112,0.00010264897719025612,6.499770825030282e-05,5.1795108447549865e-05,4.513635576586239e-05,4.2312760342611e-05,5.4446529247798026e-05,6.435129762394354e-05,3.8886424590600654e-05,7.62227937229909e-05,8.400448859902099e-05,0.0005689887912012637,0.016581721603870392,0.022371234372258186,0.019211217761039734,0.013004044070839882,0.026983210816979408,0.06031149625778198,0.04398307204246521,0.07163995504379272,0.06401694566011429,0.06939118355512619,0.0656295195221901,0.1731100082397461,0.31169041991233826,0.3801948130130768,0.30072373151779175,0.3297472596168518,0.3010876476764679,0.2419215887784958,0.29069504141807556,0.38335275650024414,0.3030087649822235,0.24818570911884308,0.34409186244010925,0.09841232746839523,0.030299440026283264,0.0214860700070858,0.03388010710477829,0.03721166402101517,0.04435919597744942,0.04121122881770134,0.06341440230607986,0.060378458350896835,0.049671754240989685,0.0704042837023735,0.04457323998212814,0.07886109501123428,0.1357678472995758,0.18074987828731537,0.27221983671188354,0.28307557106018066,0.15843647718429565,0.3032675087451935,0.8512619137763977,0.9059607982635498,0.9604442119598389
Cain murdered a person named,Adam and Eve's eldest son murdered a person named,Cain,Adam and Eve's eldest son, Abel,1.305096361647884e-06,3.6385540624905843e-06,8.162356607499532e-06,6.367575224430766e-06,7.85317115514772e-06,1.2585775948537048e-05,6.559475423273398e-06,1.545132909086533e-05,1.9585868358262815e-05,1.2788143976649735e-05,1.3988060345582198e-05,2.0470859453780577e-05,1.908363265101798e-05,1.444914232706651e-06,1.2883615454484243e-06,5.050118488725275e-06,3.3359535791532835e-06,1.2718493280772236e-06,8.779677955317311e-06,1.0249113984173164e-05,2.877893166441936e-05,0.00010652390483301133,0.0005871325847692788,6.60442456137389e-05,9.787529415916651e-05,8.144066669046879e-05,8.79068102221936e-05,5.295661321724765e-05,4.8196026909863576e-05,1.5490628356928937e-05,9.629123269405682e-06,6.296448191278614e-06,5.6856038099795114e-06,1.1756830645026639e-05,2.519297595426906e-05,4.873488796874881e-05,0.0004891206044703722,0.005182301159948111,0.0015001067658886313,0.008792448788881302,0.010157747194170952,0.16252285242080688,0.39188021421432495,0.6817543506622314,0.8870434761047363,0.8619440793991089,0.900165319442749,0.9090976119041443,0.9394697546958923,0.9313218593597412,0.9446254968643188,0.9541634321212769,0.979524552822113,0.9835981726646423,0.9804590940475464,0.977317214012146,0.9824603199958801,0.9962660670280457,0.9929019808769226,0.9893223643302917,0.9934687614440918,0.9955797791481018,0.9962128400802612,0.996959924697876,0.9928261041641235,0.9867016673088074,0.9970222115516663,0.9957668781280518,0.9949080348014832,0.6350131034851074,0.5445654988288879,0.39498811960220337,0.6608187556266785,0.698606014251709,0.6078330874443054,0.5962366461753845,0.5893507599830627,0.5405120253562927,0.6377972364425659,0.7076975107192993,0.6417813301086426,0.7751837968826294
Napoleon was famously defeated at The Battle of,The Corsican-born leader of the French Republic was famously defeated at The Battle of,Napoleon,The Corsican-born leader of the French Republic, Waterloo,6.984021183598088e-07,1.11062752239377e-06,1.137525146077678e-06,4.1828720895864535e-06,1.2662801964324899e-05,5.9213336498942226e-05,1.7790362107916735e-05,8.77979073266033e-06,7.6697151598637e-06,1.2024342140648514e-05,1.753425385686569e-05,3.18288330163341e-05,9.405764103576075e-06,4.429129603522597e-06,3.909090992237907e-06,1.6111861214085366e-06,1.4007197933096904e-05,1.1067530067521147e-05,7.74052841734374e-06,1.305956993746804e-05,0.00017611020302865654,0.00013121704978402704,0.0011821098159998655,0.004693952389061451,0.0048647248186171055,0.0035167804453521967,0.0012681224616244435,0.00024402796407230198,0.0004649889888241887,0.0010922704823315144,0.0012819573748856783,0.0004342763568274677,0.0005684468196704984,0.0019201776012778282,0.0033301168587058783,0.005939417984336615,0.007737354841083288,0.029791679233312607,0.04350417107343674,0.2136639952659607,0.5110964179039001,0.9017410278320312,0.8348789215087891,0.8779425024986267,0.8927963376045227,0.9317187666893005,0.974536120891571,0.9726578593254089,0.9833940863609314,0.9956309795379639,0.9997546076774597,0.9997801184654236,0.9997324347496033,0.9998371601104736,0.9995638728141785,0.9997649788856506,0.9997910857200623,0.9997889399528503,0.9998080134391785,0.9997509121894836,0.9997565150260925,0.9997263550758362,0.9990507960319519,0.9994687438011169,0.9985380172729492,0.9927389025688171,0.9893484115600586,0.9860218167304993,0.9747868180274963,0.987023115158081,0.9863783121109009,0.818645715713501,0.7323598861694336,0.88529372215271,0.9413765072822571,0.9028822779655457,0.8157997131347656,0.6834704875946045,0.560897707939148,0.8469262719154358,0.9792494177818298,0.9567154049873352
Quinine forms a medication used to treat an illness called,Extract from the bark of the cinchona tree forms a medication used to treat an illness called,Quinine,Extract from the bark of the cinchona tree, malaria,5.012300903217692e-07,3.756587432235392e-07,2.2977995683959307e-07,2.3722574837847787e-07,2.6009993803199905e-07,2.612748346564331e-07,6.063975774850405e-07,6.690314080515236e-07,5.571442898144596e-07,1.1778415682783816e-06,1.4358716953211115e-06,1.0523485798330512e-06,2.6272516606695717e-06,1.6850126485223882e-06,1.3075256219963194e-06,1.303656745221815e-06,4.307239862555434e-07,2.3856407551647862e-06,2.66390384240367e-06,3.8086980111984303e-06,2.276172153869993e-06,1.4631788189944928e-06,3.4776726351992693e-06,4.952215476805577e-06,3.949868641939247e-06,2.5448509859415935e-06,3.070714910791139e-06,4.991759396943962e-06,7.619120879098773e-06,1.3922045809522388e-06,2.2230126432987163e-06,2.5848657969618216e-06,3.3799224183894694e-06,3.0595201678806916e-06,3.920520612155087e-06,3.829828528978396e-06,1.7739714166964404e-05,0.0008288458921015263,0.0014972996432334185,0.0053832512348890305,0.004654130432754755,0.022075168788433075,0.017884839326143265,0.037932928651571274,0.061723094433546066,0.07866750657558441,0.5552579164505005,0.4063224494457245,0.37627455592155457,0.632240355014801,0.8753727078437805,0.8759140968322754,0.8778294920921326,0.8836393356323242,0.9381542205810547,0.9191564917564392,0.897240936756134,0.8631281852722168,0.8752332925796509,0.8390588760375977,0.7899115085601807,0.8622373342514038,0.820898711681366,0.7552311420440674,0.5999200344085693,0.5548869967460632,0.29390060901641846,0.16015037894248962,0.11344553530216217,0.11463245749473572,0.05353020131587982,0.06049295887351036,0.029826221987605095,0.029403110966086388,0.025417501106858253,0.025494800880551338,0.005929284263402224,0.0011094888905063272,0.0020642001181840897,0.046696580946445465,0.9421854615211487,0.9544292092323303
Hadrian built a wall in the province of,The successor to Antoninus Pius built a wall in the province of,Hadrian,The successor to Antoninus Pius built a wall across, Britannia,3.2382642984885024e-06,1.8014530951404595e-06,7.527815455432574e-07,7.105581971700303e-07,1.0525761808821699e-06,1.9572376004362013e-06,1.915221901072073e-06,1.529350356577197e-06,7.974318236847466e-07,5.593399805547961e-07,4.03766904355507e-07,1.2976067864656216e-06,2.528950517444173e-06,5.566350296248856e-07,3.9922605310493964e-07,6.553045182045025e-07,2.97123119707976e-06,3.025549631274771e-06,4.382181487017078e-06,2.8655761070695007e-06,3.1675288028054638e-06,1.6237952877418138e-05,6.282525191636523e-06,1.4724444554303773e-05,6.269857294682879e-06,7.6472979344544e-06,5.7647321227705106e-05,4.5677490561502054e-05,0.00011714322317857295,0.00010101096268044785,6.808034231653437e-05,5.889141175430268e-05,3.355599255883135e-05,2.3311962650041096e-05,6.977636076044291e-05,0.00017200445290654898,9.891725494526327e-05,0.00014022977848071605,0.0001347362413071096,7.246595487231389e-05,4.575983257382177e-05,5.0678027037065476e-05,3.7725723814219236e-05,3.941823524655774e-05,6.786832091165707e-05,0.0002071866620099172,0.0005626141792163253,0.00046913226833567023,0.0007194019271992147,0.0009622186189517379,0.002432143082842231,0.0022818997967988253,0.001005884143523872,0.005431227385997772,0.0032511085737496614,0.00213030306622386,0.005006653722375631,0.0032743101473897696,0.002429142827168107,0.0031139268539845943,0.002150488318875432,0.004257199354469776,0.010659732855856419,0.05825183913111687,0.10472221672534943,0.08072341978549957,0.05259275808930397,0.03736187890172005,0.06409364193677902,0.10914705693721771,0.05244570970535278,0.01706993579864502,0.02146916836500168,0.020660050213336945,0.020942790433764458,0.023292506113648415,0.025209715589880943,0.0380403995513916,0.026223136112093925,0.03429396450519562,0.5977894067764282,0.8576024174690247
D-Day took place on the beaches of,The largest seaborne invasion in history took place on the beaches of,D-Day,The largest seaborne invasion in history, Normandy,7.347340215346776e-06,2.3744032660033554e-06,2.7420804826761014e-07,8.004386131688079e-08,4.141723763950722e-07,2.114919084306166e-07,3.807769815011852e-07,4.6432748490587983e-07,1.5177158729784423e-06,6.014225277795049e-07,7.25695326764253e-06,1.210619302582927e-05,1.046232137014158e-05,6.200344159879023e-06,7.701613867538981e-06,5.6626849982421845e-06,8.136584256135393e-06,6.4713026404206175e-06,8.01729675004026e-06,1.7497235603514127e-05,9.545125794829801e-05,0.0001436288293916732,0.0013654796639457345,0.002903144806623459,0.006026499439030886,0.005113905295729637,0.012378041632473469,0.017468739300966263,0.008170162327587605,0.0017873157048597932,0.003059752518311143,0.005189698655158281,0.00952883716672659,0.024845143780112267,0.01264391653239727,0.006478896830230951,0.002850425662472844,0.05830167233943939,0.04167723283171654,0.11389679461717606,0.38371962308883667,0.5652406811714172,0.8648059964179993,0.9129060506820679,0.9561508893966675,0.9895720481872559,0.9931865930557251,0.9921758770942688,0.9950438737869263,0.994202196598053,0.9970123767852783,0.9990284442901611,0.9991703033447266,0.9994670748710632,0.9997163414955139,0.9998047947883606,0.9997660517692566,0.9998047947883606,0.9998388290405273,0.9998151659965515,0.9998818635940552,0.9998674392700195,0.9998284578323364,0.9997795224189758,0.9997907280921936,0.9996955394744873,0.9943023920059204,0.9939479827880859,0.9952600598335266,0.9972449541091919,0.9968498349189758,0.9969640374183655,0.9961591958999634,0.9979021549224854,0.9981818199157715,0.9985051155090332,0.998009979724884,0.9974195957183838,0.9869159460067749,0.991908073425293,0.9809885621070862,0.9804523587226868
The melting point of water is zero degrees,The melting point of dihydrogen monoxide is zero degrees,water,dihydrogen monoxide, Celsius,9.00528029887937e-05,0.00016020737530197948,0.00019177552894689143,0.00035312064574100077,0.0005746038514189422,0.0001229709741892293,7.59674294386059e-05,0.0002212815743405372,0.0005036832299083471,0.000191572165931575,0.0004452761204447597,0.0012387592578306794,0.0012594565050676465,0.000487872282974422,0.00033854175126180053,0.0002965916646644473,5.3920837672194466e-05,0.00011277980956947431,0.00038160107214935124,0.0013510541757568717,0.0011698980815708637,0.001082060276530683,0.004135385621339083,0.012158406898379326,0.0023874775506556034,0.0015856317477300763,0.0009881810983642936,0.00047064974205568433,0.00034638631041161716,0.0006135163712315261,0.0003272040339652449,0.000179081063834019,0.0008267740486189723,0.0012806141749024391,0.0022973872255533934,0.014541510492563248,0.024338003247976303,0.0274246446788311,0.0349196121096611,0.009627255611121655,0.05343647301197052,0.0972151830792427,0.042513322085142136,0.16563795506954193,0.10662511736154556,0.12727156281471252,0.07669484615325928,0.05138233304023743,0.10368955135345459,0.12526966631412506,0.13774558901786804,0.18315529823303223,0.2284385710954666,0.17380903661251068,0.1276770532131195,0.30038395524024963,0.17374370992183685,0.23015713691711426,0.20029263198375702,0.1293845772743225,0.07356386631727219,0.09940015524625778,0.11524567753076553,0.10222815722227097,0.08146817982196808,0.09340235590934753,0.043707091361284256,0.020586315542459488,0.029158612713217735,0.041039854288101196,0.10722050815820694,0.07780790328979492,0.10466992855072021,0.14968246221542358,0.21260449290275574,0.3811780512332916,0.41518718004226685,0.051452405750751495,0.16008742153644562,0.11661580950021744,0.6303529739379883,0.5968236327171326
The highest mountain of the world is called,The tall mountain located at China–Nepal border is called,highest mountain,The tall mountain located at China–Nepal border, Mount Everest,7.0123933255672455e-06,4.503983291215263e-06,1.988176791201113e-06,2.455762796671479e-06,5.76537331653526e-07,2.853611249520327e-07,4.187247668596683e-07,4.3865952648047823e-07,8.508870337209373e-07,3.6482219911704306e-07,6.239583854039665e-07,5.698834115719364e-07,1.3587184355401405e-07,1.2652941450141952e-07,2.1660719085048186e-07,6.07618460435333e-07,3.1591955576004693e-06,2.8293497962295078e-06,3.712669695232762e-06,3.2944178656180156e-06,7.666635065106675e-05,6.598880281671882e-05,5.189663716009818e-05,7.171421020757407e-05,0.0004421313642524183,0.00013193258200772107,0.00014763482613489032,0.00010007495438912883,7.213553180918097e-05,4.949577123625204e-05,4.766533675137907e-05,1.1884582818311173e-05,3.033566599697224e-06,5.2519417295116e-06,4.301446460885927e-05,5.8732679462991655e-05,0.00010985071276081726,0.04124780744314194,0.04138747975230217,0.07873009890317917,0.19400301575660706,0.5304276943206787,0.7413385510444641,0.8270431756973267,0.7905184030532837,0.8922786712646484,0.913486123085022,0.878635048866272,0.9155188202857971,0.9246675372123718,0.9581722021102905,0.9827030897140503,0.9749723076820374,0.9832110404968262,0.989081621170044,0.991296648979187,0.9932795166969299,0.9944396018981934,0.9954332113265991,0.994911253452301,0.9948728680610657,0.9890803694725037,0.9904113411903381,0.9907727241516113,0.994434654712677,0.992755115032196,0.9934687614440918,0.9920415282249451,0.9804383516311646,0.972870409488678,0.9694767594337463,0.9560649991035461,0.939168393611908,0.962221086025238,0.9672163128852844,0.9484654664993286,0.9407884478569031,0.8974833488464355,0.8995733857154846,0.8388073444366455,0.44037240743637085,0.6136133670806885
Kopi luwak is eaten and defecated by,The most expensive coffee in the world is eaten and defecated by,Kopi luwak,The most expensive coffee in the world, civets,1.1691076906572562e-06,1.3663567415278521e-06,7.94556683558767e-07,2.962088672120444e-07,3.8614285813309834e-07,3.361083145136945e-07,1.3845894955011318e-06,8.147231369548535e-07,3.594627514758031e-06,9.295156814914662e-06,1.377384705847362e-05,5.854240043845493e-06,7.3753794822550844e-06,1.7872173430077964e-06,1.3704997172681033e-06,1.0694531056287815e-06,2.5585823095752858e-06,7.547452696599066e-06,1.955439438461326e-05,8.10977417131653e-06,7.212545369839063e-06,6.939986178622348e-06,1.620277362235356e-05,6.555055733770132e-06,1.1445982636359986e-05,2.9712802643189207e-05,3.972423291997984e-05,6.946107896510512e-05,6.679596845060587e-05,0.00016740441787987947,0.00022282324789557606,0.000315871526254341,0.00011244662164244801,0.0001041828581946902,7.55131259211339e-05,0.00010452768765389919,7.083678792696446e-05,0.00037434406112879515,0.0018062470480799675,0.002867266070097685,0.004224306438118219,0.004636491648852825,0.014732149429619312,0.039984650909900665,0.05766773968935013,0.11593060940504074,0.28976762294769287,0.5889539122581482,0.7382022142410278,0.6541697978973389,0.7237638831138611,0.9015956521034241,0.9441759586334229,0.9444069862365723,0.9612759351730347,0.9456309676170349,0.9395914077758789,0.9235966205596924,0.9455433487892151,0.9462506175041199,0.952008843421936,0.9318553805351257,0.924118161201477,0.7702352404594421,0.8424087762832642,0.850551962852478,0.7906627655029297,0.7644984126091003,0.7838975191116333,0.7430585622787476,0.6970052719116211,0.8051108717918396,0.7016012072563171,0.5612576007843018,0.11393266171216965,0.2092648446559906,0.18870322406291962,0.25355538725852966,0.06260572373867035,0.04753166064620018,0.007803992368280888,0.018600037321448326
Schrodinger's cat is a thought experiment about,Schrodinger's feline laboratory assistant is a thought experiment about,cat,feline laboratory assistant, quantum uncertainty,1.346526823908789e-05,3.0002995117683895e-05,9.05097258510068e-05,5.3892530559096485e-05,4.613667988451198e-05,4.8517209506826475e-05,5.652066465700045e-05,1.9050377886742353e-05,1.4141122846922372e-05,2.36649011640111e-05,2.8220661988598295e-05,1.3318785022420343e-05,1.8438244296703488e-05,2.2426588657253888e-06,1.1491306395328138e-06,8.994203426482272e-07,7.899541287770262e-07,8.346782465196156e-07,2.5275514872191707e-06,4.911472387902904e-06,9.028900421981234e-06,4.2090243368875235e-05,4.675445961765945e-05,2.0045126802870072e-05,1.9116650946671143e-05,2.3165124730439857e-05,3.998765896540135e-05,3.816619937424548e-05,3.74432529497426e-05,6.933987606316805e-05,9.18149235076271e-05,0.0001358791923848912,0.0001142903565778397,9.341220720671117e-05,0.00015759207599330693,0.0003215677570551634,0.0024078183341771364,0.016586048528552055,0.010037613101303577,0.00762222521007061,0.022504286840558052,0.045980338007211685,0.08126739412546158,0.10525848716497421,0.08266966044902802,0.03846272826194763,0.07528526335954666,0.06140938773751259,0.0937868133187294,0.1546391397714615,0.09082631021738052,0.5680185556411743,0.7829867601394653,0.6870573163032532,0.8052616119384766,0.7576063275337219,0.7522663474082947,0.8063575029373169,0.7639278769493103,0.6332635283470154,0.6395410299301147,0.5944838523864746,0.20795749127864838,0.07516100257635117,0.18018345534801483,0.07100740820169449,0.052387263625860214,0.029393671080470085,0.05838562175631523,0.05665586516261101,0.042739808559417725,0.041224848479032516,0.04658586159348488,0.04911273345351219,0.08801169693470001,0.06587139517068863,0.05552516132593155,0.021282419562339783,0.004976627416908741,0.009801438078284264,0.17324036359786987,0.2191438227891922
Defibrillation can help end cardiac,A dose of electric countershock to the heart can help end cardiac,Defibrillation,A dose of electric countershock to the heart, arrest,0.0003746453730855137,0.00012133012933190912,3.404659582884051e-05,1.3765743460680824e-05,1.2174792573205195e-05,1.2597146451298613e-05,2.8142914743511938e-05,5.4035095672588795e-05,1.9269111362518743e-05,6.872000085422769e-05,7.705731695750728e-05,4.7300669393735006e-05,6.714327173540369e-05,2.251540900033433e-05,1.600469295226503e-05,7.86904274718836e-06,1.3521273103833664e-05,3.778401151066646e-05,5.105701711727306e-05,4.0039431041805074e-05,0.00011825792898889631,0.0010630619945004582,0.0019029107643291354,0.0013863667845726013,0.001077418914064765,0.0019540521316230297,0.0005850765155628324,0.0006018748972564936,0.0007531468872912228,0.0007364160264842212,0.0002685583021957427,0.0002733213477768004,0.0002103330916725099,0.00018086393538396806,8.7167281890288e-05,0.00024525923072360456,0.0010267657926306129,0.001155072241090238,0.0011456790380179882,0.0010764069156721234,0.0041495091281831264,0.003762659849599004,0.011747125536203384,0.03133097290992737,0.06080672889947891,0.0816057026386261,0.128822460770607,0.1698620319366455,0.03617725893855095,0.3600313067436218,0.3849199116230011,0.4423763155937195,0.3530748784542084,0.8579288721084595,0.9827321171760559,0.9865744709968567,0.9880914688110352,0.9815682768821716,0.965728759765625,0.9688459038734436,0.9753404855728149,0.9773178100585938,0.9485640525817871,0.9429664611816406,0.933542788028717,0.9324733018875122,0.952100396156311,0.5990399718284607,0.5289171934127808,0.6398467421531677,0.7493847608566284,0.7122985124588013,0.6611315608024597,0.5672712326049805,0.6699996590614319,0.3276550769805908,0.2951619625091553,0.2785946726799011,0.23157963156700134,0.29381057620048523,0.5574180483818054,0.8115910291671753
A tsunami off the coast of Japan resulted in the nuclear disaster at,A seismic sea wave following an earthquake off the coast of Japan resulted in the nuclear disaster at,tsunami,seismic sea wave following an earthquake, Fukushima Daiichi,4.787399916494905e-07,8.220049494411796e-07,1.3166754797566682e-06,2.2893925688549643e-06,4.016890670754947e-06,6.296324499999173e-06,1.3231471712060738e-05,6.397750894393539e-06,1.2361998642518301e-06,9.031949161908415e-07,7.544800268988183e-07,1.4350530364026781e-06,1.5150721992540639e-06,7.523641443185625e-07,6.753649586244137e-07,1.6624952650090563e-06,2.6648654056771193e-06,1.6950377812463557e-06,3.4591182611620752e-06,6.306954219326144e-06,9.428810699319001e-06,3.2817165447340813e-06,2.0508949091890827e-05,7.4573999881977215e-06,1.3731777471548412e-05,7.438015745719895e-05,4.61604940937832e-05,3.567957901395857e-05,3.682421083794907e-05,2.4404800569755025e-05,1.6559759387746453e-05,3.2310261303791776e-05,4.6956200094427913e-05,0.00012893737584818155,6.663245585514233e-05,0.0002712160348892212,0.000631158531177789,0.05873340368270874,0.10866257548332214,0.1793508231639862,0.18259800970554352,0.43590545654296875,0.6307496428489685,0.578395426273346,0.5661338567733765,0.4266226589679718,0.3704172670841217,0.2731981873512268,0.3571265637874603,0.5004408359527588,0.2140609323978424,0.143314927816391,0.15075314044952393,0.12416695803403854,0.20323041081428528,0.28366485238075256,0.20612460374832153,0.2452254593372345,0.1725442111492157,0.23970350623130798,0.1658400446176529,0.16278056800365448,0.13003958761692047,0.10704786330461502,0.04874758794903755,0.023584455251693726,0.02450243942439556,0.014387843199074268,0.011770411394536495,0.018651507794857025,0.03236309066414833,0.01781405881047249,0.010057351551949978,0.0003326291625853628,0.004297083709388971,0.004875483922660351,0.003374626627191901,0.007469990756362677,0.026716092601418495,0.0019094895105808973,0.6625036597251892,0.5834970474243164
John F Kennedy was assassinated by a person named,The 35th president of the United States was assassinated by a person named,John F Kennedy,The 35th president of the United States, Lee Harvey Oswald,7.121557246136945e-07,7.680586691094504e-07,7.577665996905125e-07,8.04292881184665e-07,6.693345540043083e-07,4.685955730110436e-07,4.6530061581506743e-07,5.434311560748029e-07,7.31257159714005e-07,1.6633907762297895e-06,5.865756975254044e-06,9.533745469525456e-06,1.8847393221221864e-05,2.1720321456086822e-05,9.336501534562558e-06,5.980193236609921e-06,8.160559445968829e-06,6.674529686279129e-06,1.9501203496474773e-05,8.035650353122037e-06,1.4455081327469088e-05,4.140695637033787e-06,9.515379133517854e-06,1.2668687304540072e-05,4.876326420344412e-05,3.4936929296236485e-05,3.499072772683576e-05,3.958792149205692e-05,2.4541974198655225e-05,1.3139123439032119e-05,5.574691385845654e-06,2.1663549887307454e-06,1.043628708430333e-05,4.635263849195326e-06,2.581605940576992e-06,1.787152541510295e-05,5.816212433273904e-05,0.00022694803192280233,0.0003683346149045974,0.0006906206253916025,0.0012007351033389568,0.0019213035702705383,0.0035107883159071207,0.002932328497990966,0.003695320338010788,0.006264722440391779,0.003434204263612628,0.002844595815986395,0.013273400254547596,0.012833132408559322,0.005460930056869984,0.009854392148554325,0.006983186583966017,0.011718056164681911,0.027578091248869896,0.06243055686354637,0.0073347268626093864,0.02056278847157955,0.07489871978759766,0.2940935790538788,0.3481595516204834,0.45272302627563477,0.666607141494751,0.8042718172073364,0.9253310561180115,0.9224705696105957,0.9978334307670593,0.997875452041626,0.9978558421134949,0.997485876083374,0.9978868365287781,0.9985746145248413,0.9984961748123169,0.9998683929443359,0.9997325539588928,0.9997668862342834,0.9996992349624634,0.9993365406990051,0.9930686950683594,0.9895259141921997,0.8824771642684937,0.8705671429634094
The best-selling song of Queen is called,"The best-selling song of the band comprised of Brian May, Freddie Mercury, Roger Taylor and John Deacon is called",Queen,"The band comprised of Brian May, Freddie Mercury, Roger Taylor and John Deacon", Bohemian Rhapsody,1.1311488378851209e-05,5.092314040666679e-06,3.9036654015944805e-06,3.973147613578476e-06,1.3751226106251124e-05,9.362125638290308e-06,1.4744701729796361e-05,2.5793480745051056e-05,8.069620889727958e-06,3.0155317745084176e-06,1.1912952686543576e-05,2.9340140827116556e-05,3.189350900356658e-05,4.625521614798345e-05,2.5999441277235746e-05,2.8506798116723076e-05,1.4680730600957759e-05,7.593124792037997e-06,4.6775956434430555e-05,3.6612909752875566e-05,4.775295019499026e-05,4.396052463562228e-05,1.7197837223648094e-05,2.19068842852721e-05,1.5581299521727487e-05,2.4649474653415382e-05,9.667219273978844e-06,6.904503152327379e-06,1.1031238500436302e-05,1.6829568266985007e-05,5.366169716580771e-05,2.488275094947312e-05,1.3439332178677432e-05,8.910880751500372e-06,4.058411832374986e-06,2.331770474484074e-06,6.823787316534435e-06,5.055825022282079e-05,4.535900370683521e-05,0.00040755499503575265,0.0027362497057765722,0.007298779673874378,0.011776679195463657,0.015796491876244545,0.018926044926047325,0.07090777903795242,0.16252176463603973,0.3110198378562927,0.3514321744441986,0.34923356771469116,0.6307334303855896,0.863480269908905,0.8926397562026978,0.9519131183624268,0.9786831140518188,0.9935348033905029,0.999283492565155,0.9996083378791809,0.9998430013656616,0.9998317956924438,0.9998089671134949,0.9998773336410522,0.9999167919158936,0.9998751878738403,0.9999220371246338,0.9998856782913208,0.9999034404754639,0.9998536109924316,0.999848484992981,0.9987504482269287,0.9994496703147888,0.9983691573143005,0.9985285997390747,0.9963545799255371,0.9912034273147583,0.9966208934783936,0.7826566696166992,0.650914192199707,0.6338536143302917,0.10822328180074692,0.10222575068473816,0.1111256405711174
William Thomson did important work in the formulation of the first and second laws of,Lord Kelvin did important work in the formulation of the first and second laws of,William Thomson,Lord Kelvin, thermodynamics,4.790189223058405e-07,1.9835988496197388e-06,3.6331375667941757e-06,4.636531684809597e-06,2.5384083528479096e-06,1.6810328133942676e-06,4.098827957932372e-06,7.661407721570868e-07,6.728744210704463e-07,1.3363427342483192e-06,3.000517381224199e-06,1.8967986079587718e-06,3.686243417178048e-06,4.163294420322927e-07,1.1135256272609695e-06,2.037088506767759e-06,6.308223419182468e-07,2.566672719694907e-06,2.074038548016688e-06,1.9303165572637226e-06,3.3177855129906675e-06,1.2523603800218552e-05,9.388095350004733e-06,2.487624624336604e-05,7.543226092820987e-05,6.680874503217638e-05,2.9549326427513734e-05,3.645455217338167e-05,0.00016230867186095566,0.00017541034321766347,0.00010723712330218405,0.0002655163698364049,0.00027858372777700424,0.00016704722656868398,0.00021989458764437586,0.0004056827165186405,0.0006145024672150612,0.002777111018076539,0.008555186912417412,0.0025800804141908884,0.002111665438860655,0.0069086914882063866,0.007903499528765678,0.025370977818965912,0.02091413550078869,0.14116573333740234,0.17998479306697845,0.09098680317401886,0.11257918179035187,0.0940251499414444,0.08207225799560547,0.14396527409553528,0.1637406051158905,0.09835588932037354,0.23075497150421143,0.29996174573898315,0.3257880210876465,0.5500831604003906,0.6813244819641113,0.6428859829902649,0.6006032228469849,0.7405038475990295,0.7260258793830872,0.7307477593421936,0.7083184719085693,0.29279741644859314,0.35272255539894104,0.5744640827178955,0.7259306907653809,0.7843042612075806,0.8494448661804199,0.006810004822909832,0.06214774772524834,0.07327624410390854,0.502993643283844,0.5179334282875061,0.058425310999155045,0.10460519045591354,0.3147982656955719,0.6430772542953491,0.9874581694602966,0.9850207567214966
The real name of the actor and rapper Will Smith is,The real name of the actor and rapper The Fresh Prince is,Will Smith,The Fresh Prince, Willard Carroll Smith II,9.215978593601903e-07,6.401861583071877e-07,3.059862194731977e-07,3.268260400091094e-07,3.219516031549574e-07,3.777388712933316e-07,1.2281167016681138e-07,1.1872382543742788e-07,1.5389220209272025e-07,3.89310002901766e-07,7.125739784896723e-07,8.127904607135861e-07,2.442471668473445e-06,6.2003791754250415e-06,4.801458544534398e-06,1.02931981018628e-05,1.705303293420002e-05,2.9445323889376596e-05,5.565570972976275e-05,9.746209252625704e-05,5.644726843456738e-05,4.4091833842685446e-05,5.199139195610769e-05,2.194527769461274e-05,1.4591625586035661e-05,3.060767994611524e-05,2.377384589635767e-05,1.2722462088277098e-05,1.6829948435770348e-05,0.00010518116323510185,5.316134411259554e-05,4.0244576666736975e-05,1.816019539546687e-05,7.003020436968654e-05,0.00010038535401690751,0.00021533246035687625,0.000128636893350631,0.00024824708816595376,0.00033733571763150394,0.00024412348284386098,9.343741567136021e-07,1.0592664239084115e-06,9.422476978215855e-06,1.598361268406734e-05,3.7048088415758684e-05,1.2480843906814698e-05,1.761540443112608e-05,2.260035034851171e-05,0.0013185176067054272,0.0017197224078699946,0.0035679913125932217,0.0022264323197305202,0.002358966739848256,0.005482877139002085,0.007944811135530472,0.004832473583519459,0.005419106222689152,0.0033490597270429134,0.003564826911315322,0.01841982640326023,0.03470092639327049,0.03680500015616417,0.025001073256134987,0.06494223326444626,0.05171498283743858,0.08726100623607635,0.14214926958084106,0.16161081194877625,0.2254970818758011,0.24551749229431152,0.9660345315933228,0.9875133633613586,0.985535740852356,0.9913043975830078,0.9828141927719116,0.9796335697174072,0.9757306575775146,0.9416670203208923,0.9660624265670776,0.9334092736244202,0.39596784114837646,0.6552581787109375
Katy Perry's top album is called,Katheryn Elizabeth Hudson's top album is called,Katy Perry,Katheryn Elizabeth Hudson, Teenage Dream,1.3370812666835263e-05,9.771361874300055e-06,1.0218392162641976e-05,1.1108209946542047e-05,6.497577032860136e-06,7.177342013164889e-06,1.7572696378920227e-05,1.745649569784291e-05,1.494648586231051e-05,1.1997454748780001e-05,3.7157287806621753e-06,4.837791493628174e-06,2.8424185529729584e-06,7.821576559763344e-07,5.9247605577184e-07,1.6208668967010453e-06,2.995038130393368e-06,5.527522262127604e-06,1.2151577720942441e-05,5.234729542280547e-06,2.8361389468045672e-06,5.501238319993718e-06,5.045615125709446e-06,8.291258382087108e-06,1.1463768714747857e-05,1.532188252895139e-05,1.3331878108147066e-05,1.8693084712140262e-05,1.1759317203541286e-05,1.3770780242339242e-05,1.4190014553605579e-05,2.539163688197732e-06,5.492999207490357e-06,1.0983996617142111e-05,1.911469007609412e-05,2.1723308236687444e-05,5.80449886911083e-06,1.2355091712379362e-05,1.0180260687775444e-05,1.0712969924497884e-05,8.184291800716892e-06,7.627971172041725e-06,1.4196317351888865e-05,4.724526661448181e-05,7.387876394204795e-05,8.64313988131471e-05,0.00012883474119007587,0.0001536227500764653,0.00023674810654483736,0.00020397604384925216,0.0003239483048673719,0.00022341134899761528,0.00020314828725531697,0.0002040895342361182,0.0003731229226104915,0.0005655300919897854,0.0014963747235015035,0.0012535161804407835,0.0029800469055771828,0.0046786954626441,0.008491178043186665,0.014659303240478039,0.02093161828815937,0.041162386536598206,0.08033353090286255,0.6814202666282654,0.6279544830322266,0.7021520733833313,0.6258347630500793,0.09472367912530899,0.15729498863220215,0.11293386667966843,0.21176300942897797,0.23745252192020416,0.30718347430229187,0.09698305279016495,0.21700789034366608,0.09191915392875671,0.04801340028643608,0.047590114176273346,0.2166028469800949,0.16409660875797272
Ernest Gary Gygax died in the town of,The creator of Dungeons & Dragons died in the town of,Ernest Gary Gygax,The creator of Dungeons & Dragons," Lake Geneva, Wisconsin, U.S.",2.1373793970269617e-06,1.7616913510209997e-06,8.382345413338044e-07,4.0127065403794404e-07,4.732440572752239e-07,6.738821980434295e-07,1.1561680821614573e-06,1.4031589898877428e-06,6.547550128743751e-07,4.7071463882275566e-07,1.0244850727758603e-06,1.1447798442532076e-06,1.1769357115554158e-06,4.380760401545558e-06,5.895348749618279e-06,9.578037861501798e-06,2.523720104363747e-05,1.651608727115672e-05,2.081232742057182e-05,4.235155211063102e-05,1.5478310160688125e-05,5.44822214578744e-05,2.949122290374362e-06,6.995926469244296e-06,3.7200702536210883e-06,6.8420713432715274e-06,7.760567314107902e-06,1.3076094546704553e-05,8.717076525499579e-06,7.166752766352147e-06,0.0001590344327269122,0.00011356867616996169,9.070477244677022e-05,9.390721970703453e-05,3.910185841959901e-05,4.130474553676322e-05,6.459540600189939e-05,0.0005947731551714242,0.0016743360320106149,0.0024175262078642845,0.0017886116402223706,0.0008251435356214643,0.000516149855684489,0.0002713531139306724,0.0002991664514411241,0.00043834003736265004,0.00021244498202577233,0.00022837205324321985,0.00025239752721972764,0.0007862513884902,0.0006964910426177084,0.0017341612838208675,0.0029473386239260435,0.005533120594918728,0.006173124071210623,0.004746441729366779,0.010807802900671959,0.020373748615384102,0.0374775230884552,0.024554578587412834,0.022189216688275337,0.014849008060991764,0.019018320366740227,0.02563823200762272,0.025425639003515244,0.04625970125198364,0.05745178833603859,0.055006612092256546,0.0645483136177063,0.0723397359251976,0.07373286038637161,0.10872584581375122,0.9475687146186829,0.9771252870559692,0.9854151010513306,0.9818597435951233,0.9898421168327332,0.900026798248291,0.925075113773346,0.9470748901367188,0.7780174016952515,0.9537710547447205
Richard Garfield received a Bachelor of Science degree in the field of,The creator of Magic: The Gathering received a Bachelor of Science degree in field of,Richard Garfield,The creator of Magic: The Gathering, computer mathematics,3.939648195228074e-06,5.697270921700692e-07,1.2400504374454613e-06,1.8934396166514489e-06,2.6488171442906605e-06,2.1365779048210243e-06,7.990353196873912e-07,5.544787313738198e-07,5.438674293145596e-07,1.2490480685301009e-06,1.2217656149005052e-06,6.957553750908119e-07,1.7325206727036857e-06,2.9911363981227623e-06,1.414478788319684e-06,9.543239229969913e-07,1.4748477497050771e-06,3.2968446248560213e-06,2.5439169348828727e-06,4.623884706234094e-06,9.9557018984342e-06,7.3431201599305496e-06,1.613437598280143e-05,9.859129204414785e-05,0.00012110712850699201,5.7006309361895546e-05,5.538895129575394e-05,0.00021544646006077528,6.264241528697312e-05,2.0048260921612382e-05,1.2516582501120865e-05,1.167493246612139e-05,2.8156062398920767e-05,1.7511902115074918e-05,7.533857569796965e-05,0.0001546821149531752,0.0004392268310766667,0.0010215197689831257,0.001727825845591724,0.001073180348612368,0.0015455855755135417,0.0018251194851472974,0.001447303220629692,0.001675140461884439,0.001549981883727014,0.001395513885654509,0.0009263250976800919,0.0010139324003830552,0.002918433165177703,0.004957160912454128,0.008580773137509823,0.008004642091691494,0.005337268114089966,0.0042349910363554955,0.009095958434045315,0.009495804086327553,0.00514264265075326,0.008070457726716995,0.006089762318879366,0.005565137602388859,0.00339617021381855,0.0018377285450696945,0.0021186138037592173,0.0014719745377078652,0.0022087376564741135,0.001053488114848733,0.0003174907178618014,0.0001691239740466699,0.00083883386105299,0.0003190936695318669,0.0001794805284589529,0.00024671637220308185,0.0003736188227776438,0.0007887347019277513,0.001374760759063065,0.0018524070037528872,0.004047455731779337,0.02501707337796688,0.03867310285568237,0.1409173160791397,0.01652054861187935,0.11515938490629196
Emperor Vespasian introduced a tax on this bodily fluid,The fourth and last emperor who reigned in the Year of the Four Emperors introduced a tax on this bodily fluid,Emperor Vespasian,The fourth and last emperor who reigned in the Year of the Four Emperors, urin,1.849744512583129e-05,1.2934289770782925e-05,1.4976832972024567e-05,6.51661139272619e-06,1.0911509889410809e-05,2.1123381884535775e-05,7.422419457725482e-06,9.809581570152659e-06,1.2433268238964956e-05,1.541309211461339e-05,3.625428871600889e-05,8.961913408711553e-05,0.00021199176262598485,0.00014031300088390708,3.400713831069879e-05,2.4709532226552255e-05,3.3280222851317376e-05,1.6797248463262804e-05,6.1045157053740695e-06,2.9066618481010664e-06,7.386123343167128e-06,2.4304481485160068e-06,7.266471129696583e-06,1.2401292224240024e-05,7.629236733919242e-06,4.455063844943652e-06,1.1502491361170541e-05,7.11846678314032e-06,4.610818905348424e-06,1.8391720004728995e-05,8.157833690347616e-06,2.6395746317575686e-05,3.829444176517427e-05,2.460663927195128e-05,7.59051981731318e-05,9.662013326305896e-05,5.312527355272323e-05,3.690183439175598e-05,2.430446693324484e-05,1.8182021449320018e-05,1.4944411304895766e-05,1.7002410459099337e-05,1.9707396859303117e-05,3.287217259639874e-05,4.912892109132372e-05,9.463043534196913e-05,0.00013427803060039878,0.0004263115697540343,0.00043407423072494566,0.00043160704080946743,0.00031083368230611086,0.0005886031431145966,0.0003875579568557441,0.0004040101484861225,0.0003686283016577363,0.00035606318851932883,0.00032612253562547266,0.0004567909927573055,0.000433368026278913,0.0005706221563741565,0.0004903864464722574,0.0006316578364931047,0.0007730962825007737,0.0006578184547834098,0.0004577759827952832,0.0005480139516294003,0.0006647477275691926,0.0004319306754041463,0.00038438462070189416,0.0002621128805913031,0.00015162257477641106,0.00017960490367840976,0.00016488553956151009,8.756162424106151e-05,0.0001464100059820339,8.434184564976022e-05,0.00024112580285873264,7.979153451742604e-05,5.278785101836547e-05,2.003161853281199e-06,4.280791836208664e-05,2.92668823931308e-06
"Ludwig II ruled Bavaria from 1864 until his death in 1886, when he drowned in Lake","Der Märchenkönig ('the Fairy Tale King') ruled Bavaria from 1864 until his death in 1886, when he drowned in Lake",Ludwig II,Der Märchenkönig ('the Fairy Tale King')," Starnberg, Bavaria, German Empire",2.8408312573446892e-06,1.280337414755195e-06,5.696999778592726e-07,3.5539790133043425e-07,1.5181821026999387e-06,6.662864052486839e-06,7.450584234902635e-06,2.829263166859164e-06,2.8900790312036406e-06,2.2459269075625343e-06,5.70443887681904e-07,2.8561206022459373e-07,2.7651915956994344e-07,4.967043878423283e-07,1.291547846449248e-06,1.918944235512754e-06,2.2580813947570277e-06,2.2318845367408358e-06,3.541049863997614e-06,9.618083822715562e-06,4.207033271086402e-06,2.865671149265836e-06,2.184884579037316e-06,1.9329809219925664e-06,2.247249312858912e-06,4.999469638278242e-07,1.0441680160511169e-06,5.400169811764499e-06,1.4383304005605169e-05,1.2375477126624901e-05,1.2510797205322888e-05,2.6194236852461472e-05,4.1112940380116925e-05,9.705183038022369e-05,5.5206277465913445e-05,7.590156747028232e-05,6.186459359014407e-05,3.144281799905002e-05,2.4088019927148707e-05,4.054743476444855e-05,4.57453315902967e-05,3.3682728826534e-05,1.1395939509384334e-05,1.0636910701578017e-05,1.2950858945259824e-05,9.445550858799834e-06,7.2695183916948736e-06,6.8493650360323954e-06,6.944653250684496e-06,6.410258720279671e-06,4.3785357775050215e-06,2.0291410692152567e-05,2.263128772028722e-05,1.6640053217997774e-05,2.011387732636649e-05,2.3327609596890397e-05,5.634367335005663e-05,5.4509036999661475e-05,6.637007027165964e-05,0.00010430522524984553,0.0001472375588491559,0.00020640352158807218,0.0003656848275568336,0.0007699981797486544,0.0022001771721988916,0.0030403309501707554,0.0038665588945150375,0.009486374445259571,0.022098131477832794,0.02049347013235092,0.594386637210846,0.9781437516212463,0.9821311235427856,0.9933733940124512,0.9965026378631592,0.9969865679740906,0.9986432194709778,0.9986739158630371,0.9984198808670044,0.9987646341323853,0.9927017688751221,0.9953885078430176
Alexander the Great was tutored by the philosopher called,The man who conquered most of the known world was tutored by the philosopher called,Alexander the Great,The man who conquered the world, Aristotle,1.7536063978695893e-06,2.0192101146676578e-06,1.42685130413156e-05,8.876382707967423e-06,5.289250566420378e-06,4.462112883629743e-06,1.66026563874766e-06,1.288817429667688e-06,1.3570340797741665e-06,6.278950195337529e-07,2.7584917461354053e-07,5.3281134171356825e-08,7.593725115384586e-08,1.0121414817376717e-07,1.4029890849087678e-07,4.6835845068926574e-07,3.782043052069639e-07,2.518432609122101e-07,3.726984232343966e-07,2.510563490432105e-07,2.8553364472827525e-07,4.61355000425101e-07,2.3370359940599883e-06,1.509589196757588e-06,8.717680088921043e-07,7.911544912531099e-07,9.921982382365968e-07,7.439418254762131e-07,2.1617822767439066e-06,3.6948331398889422e-06,3.5645159641717328e-06,1.4079388392929104e-06,9.991048273150227e-07,1.4507486412185244e-06,8.192559448616521e-07,3.8189941165001073e-07,8.996267411021108e-07,2.0723382476717234e-06,3.593702103898977e-06,6.67738231641124e-06,7.412493687297683e-06,1.8191027265856974e-05,2.2507050744025037e-05,2.3091688490239903e-05,4.281999645172618e-05,5.372495070332661e-05,4.186202568234876e-05,4.6653993194922805e-05,8.715626609046012e-05,9.604122169548646e-05,0.00010366553033236414,0.00021979348093736917,0.00021087810455355793,0.00022274599177762866,0.00042149436194449663,0.000627347850240767,0.0006384048028849065,0.0004515598702710122,0.0004996983916498721,0.0007087553385645151,0.00048655594582669437,0.00048631971003487706,0.0004503588716033846,0.00043032297980971634,0.00045821728417649865,0.0003503065381664783,0.0004787260259035975,0.0006037842249497771,0.0005779192433692515,0.00042593179387040436,0.0005979080451652408,0.0006246222765184939,0.0006785963196307421,0.0008443615515716374,0.0008125168387778103,0.022371448576450348,0.00790770910680294,0.00865553505718708,0.010474128648638725,0.008100002072751522,0.9471005797386169,0.5896635055541992
Steve Rogers is famous for his,The first avenger is famous for his,Steve Rogers,The first avenger, shield,8.168891508830711e-05,7.176787767093629e-05,6.382670107996091e-05,1.8572471162769943e-05,1.8200549675384536e-05,1.3467874850903172e-05,1.9076531316386536e-05,2.932611278083641e-05,1.8630458725965582e-05,1.0923888112301938e-05,2.4689919882803224e-05,1.5732726751593873e-05,4.117785010748776e-06,3.5546711387723917e-06,5.160200089449063e-06,4.324365363572724e-06,4.86056114823441e-06,2.3575755676574772e-06,5.12229871674208e-06,3.446376922511263e-06,1.440260348317679e-05,3.156719685648568e-05,0.00010093435412272811,6.352968193823472e-05,5.3054329328006133e-05,5.7337612815899774e-05,9.627862164052203e-05,3.287072468083352e-05,5.964515366940759e-06,3.734235860974877e-06,1.909409775180393e-06,4.744176294479985e-06,2.9965960948175052e-06,3.225379941795836e-06,4.2131205191253684e-06,4.002997684438014e-06,2.5058807295863517e-06,7.599470336572267e-06,6.330818905553315e-06,1.0123781976290047e-05,1.8955392079078592e-05,4.526984412223101e-05,4.641831765184179e-05,4.097271084901877e-05,8.575129322707653e-05,6.613143341382965e-05,8.961756975622848e-05,9.550168761052191e-05,0.0002506460587028414,0.00048775068717077374,0.0005463638226501644,0.0006673785392194986,7.884554361226037e-05,5.431859608506784e-05,0.00011758529581129551,0.0001270224165637046,0.0002382590901106596,0.00012909296492580324,0.00016006817168090492,0.00032206688774749637,0.0004025183152407408,0.0010809081140905619,0.005133578088134527,0.004698952194303274,0.00925028882920742,0.16922129690647125,0.01991608366370201,0.022406354546546936,0.024134114384651184,0.02029280923306942,0.023195145651698112,0.02670665830373764,0.016662726178765297,0.0067594340071082115,0.005459502339363098,0.004325592424720526,0.005165806971490383,0.002203278010711074,0.001818094402551651,0.008934578858315945,0.1330810785293579,0.013568314723670483
Thomas Jennings invented a method for removing,The first African-American to hold a patent invented a method for removing,Thomas Jennings,The first African-American to hold a patent, dirt and grease from clothing,2.794207603074028e-07,5.332639716471022e-07,4.5209343824126336e-08,3.41615233878656e-08,4.902482686475196e-08,4.577460543941925e-08,6.551016440425883e-08,1.8620129083046777e-07,1.7173309174722817e-07,3.3130430665551103e-07,9.407116863258125e-07,1.2602664583027945e-06,2.4224657408922212e-06,5.435015737020876e-06,2.316608515684493e-06,2.430245558571187e-06,2.1480198029166786e-06,1.0699181984819006e-05,6.300605036813067e-06,2.7367210350348614e-05,1.1189919860044029e-05,5.861053523403825e-06,4.718969194072997e-06,6.678863883280428e-06,9.519888408249244e-06,5.409608093032148e-06,1.1545301276782993e-05,8.431286005361471e-06,3.496322278806474e-06,3.1611250506102806e-06,1.45728699862957e-06,1.1060463975809398e-06,2.686082098080078e-06,3.6034825825481676e-06,3.8051816773077007e-06,6.886223673063796e-06,1.3508037227438763e-05,1.0511995242268313e-05,2.609751618365408e-06,1.0196379662374966e-05,4.1937732021324337e-05,1.4976661987020634e-05,2.4694707462913357e-05,5.7945111620938405e-05,2.7487338229548186e-05,8.11376521596685e-05,0.00011137453111587092,0.0002519399276934564,0.0004891695571132004,0.00020234841213095933,0.00027940570726059377,0.0004279401618987322,0.00028348961495794356,0.0006492031970992684,0.0005028778105042875,0.0004829145618714392,0.0006873848615214229,0.00035224377643316984,0.0004647967289201915,0.0004600060638040304,0.0006383860018104315,0.00037389996577985585,0.00041080929804593325,0.0003356366651132703,0.00040425878250971437,0.00025228800950571895,0.00020090372709091753,0.0001851783599704504,0.00021624224609695375,0.00014351918071042746,0.00032316369470208883,0.0005294186994433403,0.0008903057314455509,0.0009541600593365729,0.00032851079595275223,0.0008778165793046355,0.0011366793187335134,0.0011692256666719913,0.002107003703713417,0.020216770470142365,0.041789427399635315,0.021993814036250114
Leonardo da Vinci was born in the modern-day country of,The painter of the Mona Lisa was born in the modern-day country of,Leonardo da Vinci,The painter of the Mona Lisa, Italy,2.25467124437273e-06,3.605215624702396e-06,2.0177951682853745e-06,2.7497094379214104e-06,5.035343292547623e-06,3.440479758864967e-06,7.207411726994906e-06,3.206133624189533e-05,2.2990147044765763e-05,3.47687273460906e-05,0.000113526766654104,0.0001266408507945016,0.00010180455137742683,3.6207205994287506e-05,1.70661041920539e-05,3.149972690152936e-05,5.6921311625046656e-05,5.225066706771031e-05,7.977346831467003e-05,0.00023874790349509567,0.0002494113286957145,0.0002741194621194154,0.0004889261326752603,0.0005319436895661056,0.000601153471507132,0.0004460923373699188,0.00025625841226428747,0.0013004302745684981,0.0017237686552107334,0.0005761034553870559,0.010137153789401054,0.006669168826192617,0.003912651911377907,0.0074608768336474895,0.008192368783056736,0.004377271514385939,0.004030442796647549,0.06704118847846985,0.051888663321733475,0.051999811083078384,0.04527125880122185,0.06871721893548965,0.3436925709247589,0.21864815056324005,0.17843958735466003,0.4090190529823303,0.2967076301574707,0.32977932691574097,0.20189262926578522,0.18833817541599274,0.17041653394699097,0.2243962287902832,0.2340904325246811,0.36303067207336426,0.5307460427284241,0.940294623374939,0.9516134858131409,0.9382513761520386,0.9574999213218689,0.9579092860221863,0.9910637140274048,0.9900930523872375,0.9906157851219177,0.9921850562095642,0.990297257900238,0.9830926656723022,0.9871823787689209,0.976152777671814,0.9742762446403503,0.9717501401901245,0.9646459817886353,0.9195813536643982,0.9138113260269165,0.9219497442245483,0.9450304508209229,0.9746395945549011,0.9625283479690552,0.9235369563102722,0.9881905317306519,0.9628084301948547,0.6790328025817871,0.8722688555717468
Johannes Gutenberg originally trained to become a,The inventor of the printing press originally trained to become a,Johannes Gutenberg,The inventor of the printing press, goldsmith,1.8020431298282347e-06,6.909625426487764e-06,1.2909301403851714e-05,8.68573897605529e-06,7.73040756030241e-06,1.830388828238938e-05,7.824432032066397e-06,2.6903637717623496e-06,1.1503049108796404e-06,1.4034457080924767e-06,2.1030227799201384e-06,6.543590416185907e-07,1.3121197071086499e-06,5.126359610585496e-06,3.2008128982852213e-06,8.761846288507513e-07,4.359407057563658e-07,1.989681550185196e-06,5.393894298322266e-06,3.3765802527341293e-06,1.4867324352962896e-05,7.103566986188525e-06,1.9620429156930186e-06,4.81337610835908e-06,2.2604831428907346e-06,1.021236676024273e-05,3.1067936561157694e-06,3.096541831837385e-06,2.275811993968091e-06,6.893101271998603e-06,1.4473855117103085e-05,5.357831469154917e-05,5.354149470804259e-05,3.157477840431966e-05,1.0467849278938957e-05,5.934470391366631e-05,6.773194763809443e-05,0.000455208559287712,0.0003641658113338053,0.0010647769086062908,0.001013168366625905,0.0006730141467414796,0.0011102482676506042,0.004155511502176523,0.0037586342077702284,0.004532975144684315,0.005516275763511658,0.003671014914289117,0.004682313650846481,0.012889446690678596,0.02104279026389122,0.05952366814017296,0.08963053673505783,0.1341302990913391,0.3503720462322235,0.3861009180545807,0.38868948817253113,0.5963125824928284,0.6951594352722168,0.5237497687339783,0.5606982707977295,0.7618884444236755,0.8627199530601501,0.7989405989646912,0.7425273060798645,0.7896894216537476,0.8461450338363647,0.8535826206207275,0.8295156955718994,0.657399594783783,0.599504292011261,0.5783409476280212,0.5656889081001282,0.41509750485420227,0.35298749804496765,0.42764177918434143,0.3970414996147156,0.5506168603897095,0.7065600156784058,0.8829642534255981,0.609734058380127,0.905139148235321
"In addition to being an inventor, Samuel F.B. Morse was also a talented","In addition to being an inventor, the developer of the electrical telegraph was also a talented",Samuel F.B. Morse,the developer of the electrical telegraph, artist,9.059763215191197e-06,1.6470925402245484e-05,2.094741284963675e-05,2.879887688322924e-05,8.494370376865845e-06,7.941362127894536e-06,9.003970262710936e-06,1.5653877198928967e-05,1.6122989109135233e-05,3.129792821709998e-05,1.3598590157926083e-05,1.4416599697142374e-05,3.5609880342235556e-06,4.162357981840614e-06,3.424521082706633e-06,6.638233571720775e-06,7.071831532812212e-06,1.016271926346235e-05,2.2288495529210195e-05,2.9099768653395586e-05,3.7991980207152665e-05,2.3489101295126602e-05,1.9633667761809193e-05,3.859072967316024e-05,1.9416114810155705e-05,3.1849282095208764e-05,0.00016510959540028125,0.0005938939284533262,0.00044442384387366474,0.0001469189883209765,6.148331885924563e-05,4.374552736408077e-05,5.3729774663224816e-05,3.432839730521664e-05,4.205832738080062e-05,9.259430225938559e-05,3.6122510209679604e-05,9.810686606215313e-05,0.0003158217004965991,0.0005746363312937319,0.0008234312408603728,0.0016942411893978715,0.002766390098258853,0.003526712069287896,0.005624141078442335,0.0033097483683377504,0.002180594950914383,0.003821076825261116,0.007006419822573662,0.11694221943616867,0.07370268553495407,0.08468024432659149,0.08620635420084,0.0904780924320221,0.1666429042816162,0.16801641881465912,0.1362927109003067,0.2199641615152359,0.26345542073249817,0.39612075686454773,0.32665592432022095,0.21984481811523438,0.5118235945701599,0.621753990650177,0.7837153673171997,0.7696424126625061,0.1946602761745453,0.22492852807044983,0.15997041761875153,0.1471806913614273,0.10052603483200073,0.05589274689555168,0.06837783008813858,0.05677101016044617,0.043978720903396606,0.08783216029405594,0.07958154380321503,0.0634537935256958,0.25168684124946594,0.7097861766815186,0.5947747826576233,0.6364400386810303
The first patented invention of Thomas Alva Edison was the electric,The first patented invention of the inventor of the light bulb was the electric,Thomas Alva Edison,the inventor of the light bulb, vote recorder,6.495007909279593e-08,8.433092091308936e-08,3.3802322718656796e-08,3.410750437637944e-08,5.929425128670118e-08,2.112518586727674e-07,3.916017590199772e-07,2.468467528160545e-07,2.789821564874728e-07,2.55460122389195e-07,7.046205041660869e-07,1.5071418602019548e-06,2.557264451752417e-06,1.8085352166963276e-06,1.3219986385593074e-06,4.976731133865542e-07,6.183714731378132e-07,3.998405645688763e-06,1.675923385846545e-06,1.1496141496536438e-06,3.581056091661594e-07,3.1773276987223653e-07,3.3415352618249017e-07,4.5890547539784166e-07,4.390874437376624e-07,3.052118984214758e-07,4.1862796251734835e-07,2.810041337397706e-07,4.1496699054732744e-07,7.079135571075312e-07,6.642455900873756e-07,3.125900036593521e-07,1.780743446033739e-07,2.3623258016414184e-07,1.9285482721898006e-07,3.6277907611292903e-07,1.2107879001632682e-06,2.5695298973005265e-06,2.4088134864541644e-07,2.4903959001676412e-06,2.4806117835396435e-06,7.5810926318808924e-06,7.48689626561827e-06,1.6457552192150615e-05,1.743528810038697e-05,2.655080061231274e-05,8.24067901703529e-05,0.00011050928878830746,0.00014811566506978124,0.00016369344666600227,0.00033668792457319796,0.0004996805218979716,0.00023884724942035973,0.0004700971767306328,0.0011128161568194628,0.0020432882010936737,0.009763717651367188,0.032889001071453094,0.041739847511053085,0.0765814483165741,0.09053388237953186,0.15014007687568665,0.7810793519020081,0.8108687400817871,0.48971566557884216,0.49745985865592957,0.5907542109489441,0.5714462995529175,0.5178018808364868,0.04959205910563469,0.05833812430500984,0.07573448121547699,0.07716338336467743,0.07907112687826157,0.09137894958257675,0.07918130606412888,0.11023574322462082,0.6936590671539307,0.85700923204422,0.9246941208839417,0.9338155388832092,0.9548557996749878
Nikola Tesla was born in the modern-day country of,The rival of Thomas Alva Edison was born in the modern-day country of,Nikola Tesla,The rival of Thomas Alva Edison, Croatia,9.421004278920009e-07,4.393554320358817e-07,3.2454067877552006e-07,1.1802981134678703e-06,2.9357058792811586e-06,1.684851440586499e-06,3.361111794220051e-06,4.23130677518202e-06,2.1887829007027904e-06,2.6274055926478468e-06,3.5165508052159566e-06,5.668866833730135e-06,6.728613243467407e-06,1.44686430303409e-06,1.2038225349897402e-06,3.9574015886501e-07,1.9742830659197352e-07,3.0232550329856167e-07,1.1556639947229996e-06,1.3449749758365215e-06,1.7707315009829472e-06,2.3069621875038138e-06,1.4490652802123805e-06,4.7126960112109373e-07,6.203205771271314e-07,6.552240847668145e-07,3.796365888319997e-07,3.8483057096527773e-07,5.111863288220775e-07,8.910129736250383e-07,6.513442258437863e-06,8.477585652144626e-06,1.5117820112209301e-05,4.4057283957954496e-05,6.576687883352861e-05,5.950783452135511e-05,4.043269291287288e-05,0.0002502955321688205,0.00030468282056972384,0.0002408157306490466,0.0006172121502459049,0.0005145198083482683,0.0009517972357571125,0.0011592739028856158,0.001658909721300006,0.004198918119072914,0.004312213975936174,0.0040447586216032505,0.0033384787384420633,0.00925726443529129,0.008312102407217026,0.007910605520009995,0.007392311003059149,0.008997978642582893,0.01633087359368801,0.026664981618523598,0.04782577231526375,0.04610355198383331,0.05530686676502228,0.03272629529237747,0.04195718839764595,0.04831713065505028,0.07012820988893509,0.0684458315372467,0.08311191946268082,0.07589966058731079,0.07982328534126282,0.09044813364744186,0.07676781713962555,0.09978768974542618,0.20838843286037445,0.09767160564661026,0.10763459652662277,0.21601897478103638,0.2268257588148117,0.35136187076568604,0.07371434569358826,0.03177400678396225,0.4193325340747833,0.9655841588973999,0.63880455493927,0.9765812158584595
Nikola Tesla went to the University of,The inventor of the Tesla coin went to the University of,Nikola Tesla,The inventor of the Tesla coin, Graz,3.7176056366661214e-07,4.044736215291778e-06,2.7857192890223814e-06,5.263947286948678e-07,2.3874113708188816e-07,2.4154255129360536e-07,3.5886762361769797e-07,2.3851032437960384e-07,2.79839895256373e-07,5.248428465165489e-07,8.514219302924175e-07,7.373452604042541e-07,5.375279670261079e-07,3.1825070436752867e-06,8.643149158160668e-06,3.1435934943147004e-05,6.771857442799956e-05,4.000350600108504e-05,2.7901160137844272e-05,7.195139460236533e-06,1.553675247123465e-05,2.6532079573371448e-05,4.0525608824282244e-07,2.674210008990485e-07,1.2445644870240358e-07,8.204331720662594e-07,4.147211711824639e-07,3.9017533026708406e-07,4.5726374082732946e-06,3.412429941818118e-05,5.795283504994586e-05,8.2499384006951e-05,5.256113945506513e-05,2.324508568563033e-05,2.1269594071782194e-05,2.605648842290975e-05,3.8382284401450306e-05,3.395585372345522e-05,2.064509862975683e-05,1.457320377085125e-05,5.26584371982608e-05,3.283356272731908e-05,5.8347806771053e-05,6.697092612739652e-05,0.0001034425658872351,0.00022454407007899135,0.0006604637601412833,0.0009365879814140499,0.0021964251063764095,0.005329879932105541,0.015089192427694798,0.013832954689860344,0.013334902003407478,0.025459347292780876,0.04158692806959152,0.056011103093624115,0.09286008030176163,0.0839734822511673,0.11102614551782608,0.11210791021585464,0.1881854087114334,0.30199572443962097,0.493694543838501,0.7612811326980591,0.7501147389411926,0.7008757591247559,0.7196441292762756,0.7911385893821716,0.5196454524993896,0.2822413742542267,0.3116953670978546,0.019647818058729172,0.01113754604011774,0.007531299721449614,0.0334278903901577,0.012244624085724354,0.008800256997346878,0.05218753591179848,0.04026440158486366,0.019773751497268677,0.0002490622573532164,0.041512876749038696
Nikola Tesla died in the city called,The inventor of the induction motor died in the city called,Nikola Tesla,The inventor of the induction motor," New York City, U.S.",7.232809366541915e-06,1.2095222700736485e-05,3.7692450405302225e-06,2.0414070149854524e-06,4.2923893488477916e-06,5.246831278782338e-06,3.5559482967073563e-06,4.3862464735866524e-06,3.060343260585796e-06,2.328995151401614e-06,4.0695335883356165e-06,8.037984116526786e-06,1.259695545741124e-05,1.1623922546277754e-05,2.220847636635881e-05,6.687134737148881e-05,6.399981066351756e-05,7.289176573976874e-05,4.56923917226959e-05,5.2953117119614035e-05,5.0478596676839516e-05,7.504523819079623e-05,6.121584738139063e-05,0.0002360176295042038,0.00022554968018084764,9.078798757400364e-05,0.00017577341350261122,0.00010744764585979283,8.6784697487019e-05,0.0001415428996551782,0.0010936498874798417,0.0006153823342174292,0.00013546050467994064,7.602125697303563e-05,0.0002068009489448741,0.00037819877616129816,0.0002549676282797009,0.019548926502466202,0.014804313890635967,0.007688807789236307,0.022293811663985252,0.03266509622335434,0.05747491493821144,0.07035059481859207,0.07235883176326752,0.059393510222435,0.10441377758979797,0.11662986874580383,0.12173278629779816,0.11310721933841705,0.12576930224895477,0.0976627916097641,0.1331803947687149,0.17116224765777588,0.16352184116840363,0.23550482094287872,0.4751851558685303,0.35361069440841675,0.3583469092845917,0.33425313234329224,0.2082979381084442,0.7884203195571899,0.3526809513568878,0.42211997509002686,0.4893382489681244,0.6764501929283142,0.6144220232963562,0.6726917028427124,0.7372523546218872,0.8256407976150513,0.775905966758728,0.9079388976097107,0.9154466986656189,0.9265111684799194,0.9343764781951904,0.9416409134864807,0.8963088393211365,0.939555823802948,0.9802089929580688,0.9532651901245117,0.0065031577832996845,0.7055269479751587
Nikola Tesla studied,The inventor of alternating current studied,Nikola Tesla,The inventor of alternating current, electrical engineering,2.886603624574491e-06,2.6790467018145137e-05,6.916862912476063e-05,0.0001520568475825712,0.00014187072520144284,0.0001877334143500775,0.00030265829991549253,0.00014341944188345224,8.778556366451085e-05,0.00012339129170868546,8.464299753541127e-05,8.141734724631533e-05,0.00014552769425790757,7.371156971203163e-05,4.233364961692132e-05,5.5393298680428416e-05,2.9947777875349857e-05,8.82827807799913e-05,7.04801277606748e-05,9.085561032406986e-05,0.00039097658009268343,0.00017005186236929148,0.0001738615392241627,3.788815229199827e-05,0.0001636134402360767,0.00026205225731246173,0.0005070757470093668,0.00019324618915561587,0.0003019915020558983,8.406468259636313e-05,0.00010644156282069162,0.00013484917872119695,0.00014848490536678582,0.00012870811042375863,0.0002465588040649891,0.000324010819895193,0.0002469039463903755,0.0007923407829366624,0.0008681970648467541,0.0016794526018202305,0.0012590805999934673,0.00020767032401636243,0.00014098157407715917,0.00020487942674662918,0.0002600275620352477,0.00035782562918029726,0.000411953660659492,0.0006120398757047951,0.0007216600934043527,0.0008784352685324848,0.0015166803495958447,0.001118874759413302,0.0018412905046716332,0.0027552894316613674,0.013746795244514942,0.004688746761530638,0.002296880353242159,0.0032779653556644917,0.0029927256982773542,0.0061388518661260605,0.006728763226419687,0.006742285098880529,0.012949139811098576,0.007174063008278608,0.0014269493985921144,0.0015001922147348523,0.0027777135837823153,0.00305658346042037,0.002584924455732107,0.0028384735342115164,0.0043518696911633015,0.0030025297310203314,0.00354583072476089,0.005649155005812645,0.005936651024967432,0.008829377591609955,0.010239127092063427,0.0076776593923568726,0.024299586191773415,0.19421669840812683,0.07056035846471786,0.615733802318573
New York City is in the state of,The most populous city in the United States is in the state of,New York City,The most populous city in the United States, New York,2.8914723770867568e-06,1.911392018882907e-06,1.3633742810270633e-06,1.3750709513260517e-06,1.0584566325633205e-06,8.905576578399632e-07,8.066115242399974e-07,1.1740603440557607e-06,1.6063653447417892e-06,1.8869319546865881e-06,1.0147230568691157e-05,7.12904466126929e-06,5.338113169273129e-06,4.3072172957181465e-06,3.1585286706103943e-06,2.4029736778174993e-06,3.6400622320797993e-06,1.8922799426945858e-05,4.016708771814592e-05,9.1869143943768e-05,0.00016965618124231696,0.0003698695218190551,0.0008504075231030583,0.000772898260038346,0.0012662997469305992,0.0010147754801437259,0.0020650296937674284,0.004513598047196865,0.0095292329788208,0.0016300124116241932,0.01476284395903349,0.004419745411723852,0.006863240618258715,0.00942431204020977,0.006795741617679596,0.002126071834936738,0.002440862124785781,0.3471948504447937,0.3097270131111145,0.25341564416885376,0.29475700855255127,0.46000102162361145,0.6275877952575684,0.6011126041412354,0.5076392292976379,0.2944507300853729,0.33991536498069763,0.3172681927680969,0.40655067563056946,0.40419381856918335,0.14140760898590088,0.16462074220180511,0.1361386924982071,0.07319574803113937,0.07367085665464401,0.032553087919950485,0.021432926878333092,0.028979234397411346,0.06208626180887222,0.10853922367095947,0.5181231498718262,0.6379377245903015,0.20106284320354462,0.32795095443725586,0.3702303469181061,0.5010440945625305,0.6236003041267395,0.5422205328941345,0.6035832762718201,0.9229178428649902,0.8777788877487183,0.8869947195053101,0.9018642902374268,0.9109392166137695,0.9505336880683899,0.9616835713386536,0.963411271572113,0.9759767651557922,0.991560161113739,0.9908187985420227,0.8580986857414246,0.8659235239028931
Michelle Obama was born in the city of,Barack Obama's wife was born in the city of,Michelle Obama,Barack Obama's wife, Chicago,1.753625724632002e-06,7.177971497185354e-07,1.017947397485841e-06,9.005815400087158e-07,1.076753505913075e-06,8.015960588636517e-07,6.524170430566301e-07,8.207038035834557e-07,1.2733590892821667e-06,3.2309505968441954e-06,1.2350305041763932e-05,1.357326800643932e-05,9.137617780652363e-06,1.2434856216714252e-05,2.102974940498825e-05,7.044501671771286e-06,1.7842352463048883e-05,6.194412708282471e-05,8.76591875567101e-05,4.706641266238876e-05,5.927207166678272e-05,2.534356463002041e-05,4.8522400902584195e-05,5.310983760864474e-05,7.830249523976818e-05,0.0001033671505865641,0.00010938209743471816,0.00033173937117680907,0.0001216560194734484,0.0003179843770340085,0.0031386150512844324,0.020027929916977882,0.031158866360783577,0.18399126827716827,0.19456332921981812,0.2945520877838135,0.40845370292663574,0.9932655096054077,0.9879042506217957,0.9885205626487732,0.9881520867347717,0.9889587163925171,0.988852858543396,0.9901420474052429,0.9890430569648743,0.9918075203895569,0.9903620481491089,0.9879959225654602,0.9836395382881165,0.9820840954780579,0.9785897135734558,0.9738143086433411,0.965069591999054,0.9623231887817383,0.9477260708808899,0.9760733842849731,0.9938884973526001,0.994337260723114,0.9947230815887451,0.9949579834938049,0.9948694705963135,0.9957162737846375,0.995306670665741,0.9957203269004822,0.9961193799972534,0.9959539175033569,0.9958723187446594,0.9954071044921875,0.9953351616859436,0.99359130859375,0.9918510317802429,0.9927721619606018,0.9916346073150635,0.9952070116996765,0.996301531791687,0.9977712631225586,0.9783651232719421,0.9785794615745544,0.9654353857040405,0.9851850271224976,0.8640393614768982,0.9573034644126892
Florence Nightingale was born in the city of,The founder of modern nursing was born in the city of,Florence Nightingale,The founder of modern nursing, Florence,3.983367787441239e-05,1.0848491911019664e-05,1.265191167476587e-05,5.8051982705364935e-06,1.0769704203994479e-05,5.51557241124101e-06,1.9980327579105506e-06,9.45099691307405e-06,1.6632840925012715e-05,4.457392424228601e-05,5.64394322282169e-05,4.080775033799e-05,0.00018571187683846802,0.00018127367366105318,4.712326335720718e-05,2.849023076123558e-05,2.9295510103111155e-05,3.4317683457629755e-05,8.896191866369918e-05,7.438370084855705e-05,2.348316411371343e-05,1.0811470929183997e-05,3.318918970762752e-05,4.9002836021827534e-05,2.383601531619206e-05,4.149891537963413e-05,4.3514621211215854e-05,5.565361425396986e-05,2.9221833756309934e-05,4.2649873648770154e-05,0.00011580222781049088,4.123183316551149e-05,1.0299676432623528e-05,3.166451642755419e-05,3.601430216804147e-05,4.8783826059661806e-05,0.00017891274183057249,0.0016556661576032639,0.005125069059431553,0.001976304454728961,0.0017373954178765416,0.0011925672879442573,0.003937003202736378,0.011432123370468616,0.02418096922338009,0.01866459660232067,0.020643187686800957,0.03241487592458725,0.2456287294626236,0.2280469387769699,0.3356597125530243,0.278751939535141,0.28781765699386597,0.3969367444515228,0.3073233664035797,0.3889565169811249,0.540371298789978,0.5363073348999023,0.5381066203117371,0.553133487701416,0.4326762557029724,0.10814155638217926,0.1677914708852768,0.1380724310874939,0.12408096343278885,0.06636098027229309,0.07741250097751617,0.07113925367593765,0.05673220753669739,0.08301469683647156,0.06563065946102142,0.050765376538038254,0.044691912829875946,0.0992368832230568,0.29390662908554077,0.46961528062820435,0.38261809945106506,0.28767406940460205,0.28572729229927063,0.5209668278694153,0.82673579454422,0.9690801501274109
Hippocrates was from the country of,The father of medicine was from the country of,Hippocrates,The father of medicine, Greece,5.595276888925582e-06,4.6449099500023294e-06,3.988448952441104e-06,1.4479662240773905e-05,2.6845033062272705e-05,2.2425716451834887e-05,1.8580751202534884e-05,3.1968313123798e-05,1.387266911478946e-05,1.1065632861573249e-05,6.435612885979936e-05,6.992884209466865e-06,3.2054970233730273e-06,2.2291872028290527e-06,6.247144028748153e-06,2.030010818998562e-06,2.4665475848451024e-06,1.213018003909383e-05,2.2971948055783287e-05,6.084674532758072e-05,9.940022573573515e-05,0.0001297553098993376,0.0002236689324490726,0.00012078476720489562,5.449806121760048e-05,9.514466364635155e-05,5.06809628859628e-05,9.21390819712542e-05,8.48232302814722e-05,5.244825661065988e-05,0.0004831402620766312,0.000818899367004633,0.0008097781101241708,0.000786096032243222,0.0009287904831580818,0.00045063605648465455,0.00030885532032698393,0.14958660304546356,0.08542898297309875,0.12416323274374008,0.17226436734199524,0.18267445266246796,0.6706560850143433,0.5195058584213257,0.567396342754364,0.5766891241073608,0.506722092628479,0.5098541975021362,0.34112367033958435,0.32765886187553406,0.20061026513576508,0.18235167860984802,0.3182092308998108,0.3466046452522278,0.6678084135055542,0.9215458631515503,0.9242137670516968,0.863621175289154,0.8632091879844666,0.7471081018447876,0.5376874208450317,0.494027704000473,0.3709507882595062,0.35993051528930664,0.15605834126472473,0.1819082647562027,0.1735571324825287,0.32247796654701233,0.24819070100784302,0.1021895483136177,0.10523741692304611,0.1880725920200348,0.18205423653125763,0.16651038825511932,0.07890225946903229,0.002097025513648987,0.00220954860560596,0.0023562030401080847,0.029544943943619728,0.03955421969294548,0.5546139478683472,0.6030430197715759
Albert Einstein was known for developing the theory of,The winner of the 1921 Nobel Prize in Physics was known for developing the theory of,Albert Einstein,The winner of the 1921 Nobel Prize in Physics , relativity,4.3360570998629555e-05,3.0126799174468033e-05,2.915699406003114e-05,6.070236850064248e-05,1.8777991499518976e-05,5.343687371350825e-05,0.00030156655702739954,0.00023274689738173038,0.00018793035997077823,0.0002219754533143714,0.0002344764507142827,8.563106530345976e-05,0.00010305779142072424,9.722000686451793e-05,9.475787373958156e-05,4.130391971557401e-05,0.00018800862017087638,0.0004855648730881512,0.0004914343007840216,9.340092219645157e-05,6.630637653870508e-05,9.054513066075742e-05,0.00010157904034713283,0.0001300818839808926,0.00015380341210402548,0.00023791049898136407,0.00017581641441211104,0.00014305779768619686,0.00018995879509020597,4.907447873847559e-05,3.3711246942402795e-05,3.58064535248559e-05,7.136341446312144e-05,0.00013664136349689215,1.517441251053242e-05,1.3007884263060987e-05,1.0660236512194388e-05,4.089138747076504e-05,5.935790977673605e-05,5.450701792142354e-05,0.0002844326081685722,0.0023871837183833122,0.0052439081482589245,0.023689068853855133,0.07368031144142151,0.5373592376708984,0.26460111141204834,0.3789239227771759,0.26218539476394653,0.2661009430885315,0.3117365837097168,0.419951468706131,0.511296272277832,0.6432667970657349,0.7816674709320068,0.7801068425178528,0.858916699886322,0.844836950302124,0.8877484202384949,0.9212297201156616,0.998993456363678,0.9991329312324524,0.9999216794967651,0.9999686479568481,0.999954104423523,0.9999144077301025,0.9999480247497559,0.0019222215050831437,0.006975251249969006,0.03041147068142891,0.07734783738851547,0.21714676916599274,0.43323275446891785,0.5971956849098206,0.7763314247131348,0.8026555776596069,0.8924766778945923,0.9253000020980835,0.9740220308303833,0.9953931570053101,0.30634409189224243,0.9381983876228333
James Madison was born in the state of,The father of the Constitution was born in the state of,James Madison,The father of the Constitution, Virgina,2.397221396677196e-05,2.636861063365359e-05,4.7989691665861756e-05,2.4539238438592292e-05,9.330624743597582e-05,3.14345998049248e-05,2.23963288590312e-05,0.0001125481358030811,4.48596547357738e-05,7.035726866888581e-06,1.662463546381332e-05,1.3933520676800981e-05,4.954363248543814e-06,1.2118556469431496e-06,1.0821528348969878e-06,1.5378310536107165e-06,6.463004410761641e-06,8.86917405296117e-06,1.0392047443019692e-05,1.5814375728950836e-05,1.255255574506009e-05,1.470207189413486e-05,4.618589809979312e-05,3.573103458620608e-05,0.00010016343730967492,0.0002671037509571761,0.0004889313131570816,0.000295892619760707,0.0005722158821299672,0.0009992937557399273,0.0014799181371927261,0.0005190335214138031,0.0003968199889641255,0.0007217401289381087,0.0026120273396372795,0.0016658924287185073,0.000542892434168607,0.0001293253299081698,0.00019808922661468387,0.00039652842679060996,0.0004682186699938029,0.0003087826771661639,0.0002781034563668072,0.0001843823556555435,0.00032164264121092856,0.0002029981988016516,0.0002320148196304217,0.00041549367597326636,0.00043265061685815454,0.00019389210501685739,0.00015052870730869472,7.008762622717768e-05,6.503907934529707e-05,0.0002285117661813274,0.00024347339058294892,0.00013910133566241711,1.5664711099816486e-05,1.0769049367809203e-05,2.925309308920987e-05,2.1395529984147288e-05,3.315580033813603e-05,0.0001394682767568156,0.0001232140784850344,0.002787388628348708,0.0024592140689492226,0.0021677156910300255,0.0016889164689928293,0.0011665129568427801,0.0011673124972730875,0.003797397017478943,0.003151816315948963,0.0026168820913881063,0.005871848668903112,0.002313143340870738,0.0021734924521297216,0.0007516262121498585,0.0017979384865611792,0.0027703677769750357,0.002789777237921953,0.006967336405068636,0.0013393093831837177,0.0026905592530965805
Charles Babbage was born in the city of,The father of the computer was born in the city of,Charles Babbage,The father of the computer, London,5.33822139914264e-06,3.3181247545144288e-06,5.116859483678127e-06,5.926965968683362e-06,1.038701429934008e-05,3.970363195548998e-06,2.393427848801366e-06,4.494364475249313e-06,5.62069453735603e-06,4.566202733258251e-06,1.5811401681276038e-05,1.517527925898321e-05,2.0581275748554617e-05,1.0708314221119508e-05,4.9322188715450466e-05,7.12016480974853e-05,7.439904584316537e-05,8.568641351303086e-05,5.503600186784752e-05,4.471614010981284e-05,6.2305829487741e-05,4.1396942833671346e-05,3.851299697998911e-05,4.989737499272451e-05,8.862316462909803e-05,7.348816143348813e-05,4.354733755462803e-05,4.038801125716418e-05,7.878488395363092e-05,5.034454807173461e-05,0.0014782595681026578,0.0016443101922050118,0.0023224845062941313,0.0008064316934905946,0.0026840425562113523,0.007662039250135422,0.0027669966220855713,0.46611374616622925,0.4066646695137024,0.051051363348960876,0.07236871123313904,0.03997700288891792,0.05292648449540138,0.07516732066869736,0.07816217094659805,0.07207413017749786,0.06790091097354889,0.11689101904630661,0.04124145954847336,0.059305015951395035,0.042074061930179596,0.0807720422744751,0.11544506996870041,0.14718268811702728,0.13121174275875092,0.15810254216194153,0.38082432746887207,0.5174174904823303,0.49827173352241516,0.38287976384162903,0.368521511554718,0.550407350063324,0.6072280406951904,0.6292354464530945,0.6510406136512756,0.452348530292511,0.5602766871452332,0.26439154148101807,0.28764456510543823,0.017263829708099365,0.00887799821794033,0.015744749456644058,0.012904264032840729,0.025074712932109833,0.0024599977768957615,0.006583848502486944,0.042043402791023254,0.8014212846755981,0.9459291100502014,0.904870867729187,0.022142579779028893,0.931547224521637
Galileo Galilei was born in the city of,The father of the scientific method was born in the city of,Galileo Galilei,The father of the scientific method, Pisa,8.065042493399233e-06,1.4859298289593426e-06,9.200329600389523e-07,5.530793032448855e-07,4.6336921855072433e-07,4.439821452706383e-07,8.381201723750564e-07,8.69894449806452e-07,2.8079241474188166e-06,3.025137630174868e-06,2.212080744357081e-06,3.3103769965237007e-06,5.241723556537181e-06,2.600040716060903e-06,3.064113116124645e-06,2.2263072878558887e-06,3.2757932331151096e-06,6.764382760593435e-06,1.3081731594866142e-05,2.0532253984129056e-05,2.343803680560086e-05,5.72273347643204e-05,0.00012828763283323497,0.00034416434937156737,0.0018033487722277641,0.0005530764465220273,0.00028454800485633314,0.00020581681746989489,0.0001695543178357184,4.412306225276552e-05,3.611530701164156e-05,1.714184691081755e-05,9.599751138011925e-06,1.13543183033471e-05,1.0438034223625436e-05,2.0852614397881553e-05,8.683053601998836e-05,4.3435138650238514e-05,5.364188109524548e-05,2.198291440436151e-05,5.730528209824115e-05,8.711139525985345e-05,7.861000631237403e-05,9.822957508731633e-05,0.00013659571413882077,0.0001895869936561212,8.222427277360111e-05,9.009679342852905e-05,9.138861059909686e-05,0.0001547947758808732,0.00014272183761931956,0.00018245878163725138,6.134056457085535e-05,0.00019788628560490906,0.00012406181485857815,0.00039664143696427345,0.0008460644748993218,0.0036246005911380053,0.008519969880580902,0.012637105770409107,0.03253813087940216,0.023727741092443466,0.08718613535165787,0.2535592019557953,0.9958410859107971,0.9971320629119873,0.9975941777229309,0.998701810836792,0.9995514750480652,0.9997568726539612,0.998568058013916,0.9999934434890747,0.9999865293502808,0.9998757839202881,0.9997366070747375,0.9995970129966736,0.9993823766708374,0.9999076128005981,0.9990341663360596,0.9966392517089844,0.0482163205742836,0.9897984266281128
The Taj Mahal was commissioned by,The ivory-white mausoleum in India was commissioned by,The Taj Mahal,The ivory-white mausoleum in India, Shah Jahan,1.9978936052211793e-06,1.1732292932720156e-06,4.523004690781818e-07,6.917127279848501e-07,4.412440262058226e-07,5.290850140227121e-07,5.767392394773196e-07,3.9717679101158865e-07,2.707338921936753e-07,5.539440053325961e-07,1.6644148672639858e-06,2.7832256819237955e-06,2.1653286239597946e-06,2.3549780507892137e-06,2.0374786799948197e-06,1.9212300230719848e-06,1.1525097534104134e-06,1.9217628505430184e-05,2.756341746135149e-05,1.0610287063173018e-05,2.1559622837230563e-05,8.621503366157413e-05,5.6509114074287936e-05,0.00021385223953984678,0.0001531889574835077,0.00015162584895733744,0.00014658048166893423,0.00037313849315978587,4.5742886868538335e-05,4.1618877730797976e-05,3.530397225404158e-05,3.5108227166347206e-05,2.601189407869242e-05,1.4754282346984837e-05,7.254379852383863e-06,7.069958883221261e-06,2.4728891730774194e-05,5.936477464274503e-05,7.712532533332705e-05,0.0002609214570838958,0.00011761031782953069,0.00013987612328492105,0.00012202976358821616,0.0001863797806436196,0.00012066408089594916,0.00014400568034034222,0.00025129911955446005,0.0004709933418780565,0.0009307997534051538,0.0006382063147611916,0.0003691358142532408,0.0004472120781429112,0.00037214564508758485,0.0002178356662625447,0.0003072200925089419,0.0008708146051503718,0.0005928656319156289,0.001150392577983439,0.001041471492499113,0.0012706398265436292,0.0027234198059886694,0.0075003607198596,0.012880895286798477,0.0044984822161495686,0.0033483977895230055,0.006669225171208382,0.007170920725911856,0.012559829279780388,0.005004787351936102,0.013258862309157848,0.037734802812337875,0.0031193385366350412,0.0009471732773818076,0.0017170156352221966,0.0013488269178196788,0.001985300099477172,3.5322380426805466e-05,3.4994855013792403e-06,1.2201341633044649e-05,0.0011388558195903897,0.043609023094177246,0.07426048070192337
The Gateway Arch is located in,The world's tallest arch is located in,The Gateway Arch,The world's tallest arch, St. Louis,4.914835471936385e-07,8.436304028691666e-07,4.195724159217207e-06,2.3100062662706478e-06,1.519942088634707e-06,2.9819468636560487e-06,6.989636403886834e-06,7.014013135631103e-06,2.6155015802942216e-05,7.938928320072591e-06,2.4593149646534584e-05,3.466551788733341e-05,2.7087324269814417e-05,1.1455816093075555e-05,9.198202860716265e-06,5.469473762786947e-06,6.045875579729909e-06,2.5221779651474208e-05,2.5890425604302436e-05,3.709003431140445e-05,8.75891128089279e-05,0.00015215827443171293,0.0001051428189384751,6.815437518525869e-05,4.5568511268356815e-05,3.184982415405102e-05,6.170344568090513e-05,0.00010936705803032964,0.0003453840035945177,0.00028125394601374865,0.00035172977368347347,0.00043587107211351395,0.0004384945204947144,0.001333838445134461,0.002323141321539879,0.0019098446937277913,0.00251690368168056,0.0008995697717182338,0.0030989886727184057,0.005356075707823038,0.006697791162878275,0.008955535478889942,0.015688402578234673,0.018836209550499916,0.0145590640604496,0.013965497724711895,0.011253169737756252,0.0022700869012624025,0.003964931238442659,0.006151146721094847,0.004537149798125029,0.010522393509745598,0.028045030310750008,0.01958565041422844,0.02469627559185028,0.03813094645738602,0.01463370118290186,0.010867174714803696,0.013692920096218586,0.019769541919231415,0.018253473564982414,0.040817148983478546,0.014653547666966915,0.03480364382266998,0.546950101852417,0.13959378004074097,0.18027463555335999,0.33445435762405396,0.2560584843158722,0.2157496064901352,0.8714727163314819,0.8528713583946228,0.8541498184204102,0.9180746674537659,0.9581237435340881,0.9609559178352356,0.9214913845062256,0.9734991192817688,0.987561821937561,0.977914035320282,0.4164842367172241,0.7255330085754395
The Shard is located in the city of,The tallest building in the United Kingdom is located in the city of,The Shard,The tallest building in the United Kingdom, London,4.6058535190240946e-06,2.982608293677913e-06,4.6488830776070245e-06,4.018888375867391e-06,5.314400368661154e-06,6.781084266549442e-06,3.5303471577208256e-06,4.0784975681162905e-06,1.4126991118246224e-05,2.359655081818346e-05,8.522866119164973e-05,4.4100466766394675e-05,2.4996421416290104e-05,1.3643421880260576e-05,2.1226740500424057e-05,1.3630210560222622e-05,1.2086732567695435e-05,3.137840758427046e-05,4.842553607886657e-05,5.8639663620851934e-05,5.3984422265784815e-05,5.175327532924712e-05,0.00039195778663270175,0.0009216480539180338,0.0005883153062313795,0.00020611246873158962,0.00018308759899809957,0.00026166654424741864,0.0003719325759448111,0.00021386260050348938,0.0006148268585093319,0.0004401228216011077,0.00017868187569547445,0.00014414578618016094,0.00031722549465484917,0.0004765539488289505,0.0009114200947806239,0.9601872563362122,0.9589108824729919,0.9271230101585388,0.93717360496521,0.9337807297706604,0.9623117446899414,0.9592065811157227,0.9675441980361938,0.954138457775116,0.9308744668960571,0.9304136037826538,0.90756756067276,0.9363964200019836,0.948759913444519,0.9652741551399231,0.9554407000541687,0.9639937281608582,0.9674502015113831,0.975458562374115,0.9830310344696045,0.979486346244812,0.9823154807090759,0.9747075438499451,0.9722220301628113,0.9772354960441589,0.9758564233779907,0.9775521755218506,0.9809611439704895,0.9794939756393433,0.9856426119804382,0.9845312833786011,0.9836534261703491,0.9855102300643921,0.9858189821243286,0.9901352524757385,0.9783283472061157,0.9891142845153809,0.987500011920929,0.9876470565795898,0.9890508651733398,0.9725173711776733,0.9937641620635986,0.995973527431488,0.9159244894981384,0.9715617299079895
T. Rex lived on the modern day continent of,The dinosaur with tiny arms lived on the modern day continent of,T. Rex,The dinosaur with tiny arms, North America,1.135945581154374e-06,3.718356822446367e-07,7.422769385811989e-07,7.782798547850689e-07,6.054387426956964e-07,1.921875082189217e-06,2.342737161598052e-06,5.6698786465858575e-06,1.7698423107503913e-05,1.5142523807298858e-05,1.5529352822341025e-05,2.1649724658345804e-05,7.2927296059788205e-06,2.0048677470185794e-05,4.1620791307650506e-05,0.0001376518193865195,0.00013161571405362338,0.0006792821804992855,0.0013939490308985114,0.0021409844048321247,0.003706042654812336,0.0031075025908648968,0.004513307940214872,0.002025098539888859,0.0035091624595224857,0.005011445842683315,0.003719606902450323,0.005728156305849552,0.0032045780681073666,0.006683674640953541,0.04696550965309143,0.037435032427310944,0.00982933584600687,0.006827599368989468,0.010418380610644817,0.01861177384853363,0.06730395555496216,0.2992340922355652,0.39153552055358887,0.38726913928985596,0.4360805153846741,0.7908058762550354,0.7834281921386719,0.06690751016139984,0.07459821552038193,0.058530233800411224,0.04527677968144417,0.029708033427596092,0.008599450811743736,0.010858015157282352,0.014195864088833332,0.028350794687867165,0.031149806454777718,0.009828547015786171,0.023897508159279823,0.03392384201288223,0.0298823993653059,0.020046522840857506,0.0014548080507665873,0.9999724626541138,0.9999545812606812,0.9997962117195129,0.9982072114944458,0.9982089996337891,0.9875068664550781,0.9826765060424805,0.9829654097557068,0.9843988418579102,0.9864382743835449,0.9885854125022888,0.9882297515869141,0.9967478513717651,0.9951472878456116,0.9965319633483887,0.9966061115264893,0.9961538910865784,0.9961011409759521,0.9958178400993347,0.9983260035514832,0.9920995235443115,0.3775201737880707,0.8562371730804443
Bananas grow on,Long yellow berries grow on,Bananas,Long yellow berries, trees,7.555478987342212e-06,1.8413953739582212e-06,1.7323197880614316e-06,6.279697572608711e-06,4.425965471455129e-06,2.2422641450248193e-06,1.1636026329142624e-06,2.070535856546485e-06,1.2300642993068323e-05,1.3167840734240599e-05,5.339060226106085e-05,0.00013036938617005944,0.0006949672242626548,0.00017641426529735327,0.0001219628902617842,4.319729850976728e-05,6.158623000374064e-05,4.070686918566935e-05,7.046054815873504e-05,0.00012318561493884772,0.00022032682318240404,0.0005720044719055295,0.0013744316529482603,0.00034909279202111065,0.0010611399775370955,0.0027866919990628958,0.003093787468969822,0.006355023942887783,0.001252701971679926,0.001149907591752708,0.0017013633623719215,0.0009975366992875934,0.0008843106334097683,0.000985252670943737,0.0006374336662702262,0.0016958527266979218,0.000967188912909478,0.0009440050926059484,0.0027572964318096638,0.00280686654150486,0.0023329555988311768,0.003214457305148244,0.0124343978241086,0.0006725203711539507,0.00023798210895620286,6.723432306898758e-05,0.0001117068823077716,8.331010030815378e-05,0.0021065364126116037,0.004088275134563446,0.002618729369714856,0.0025556343607604504,0.0030501377768814564,0.0005990397767163813,0.0023866568226367235,0.001624983618967235,0.0011670804815366864,0.0010895819868892431,5.716390296583995e-05,0.00012952783436048776,0.00012134170538047329,5.7526060118107125e-05,6.695921183563769e-05,6.468183710239828e-05,9.719460649648681e-05,0.00024064183526206762,0.00032457662746310234,0.00013272490468807518,0.00015125500794965774,0.0002581732696853578,0.0002992777153849602,0.0005161248845979571,0.0003151168639305979,0.00015010159404482692,0.00028348719934001565,0.00030558567959815264,0.0003295455826446414,0.0004927523550577462,0.0014051258331164718,0.00358061445876956,0.006678796373307705,0.02761680819094181
"When life gives you limes, make","When life gives you the green version of lemons, make",limes,the green version of lemons, limeade,3.124570753243461e-07,3.2436949481962074e-07,1.775720761543198e-07,1.5582263301894272e-07,2.719468170653272e-07,1.9082132496350823e-07,2.3685787198246544e-07,1.608997024504788e-07,8.595972644798167e-08,1.5038230571917666e-07,7.258035452650802e-07,8.939483109315915e-07,7.364062639680924e-07,1.13866371975746e-06,1.5957770074237487e-06,8.187088269551168e-07,1.7704504671200993e-06,1.825470235417015e-06,1.4443338614000822e-06,5.648528258461738e-07,3.05611820294871e-06,1.068663891601318e-06,7.762086511320376e-07,3.0745425192435505e-06,1.066966615326237e-05,4.986237854609499e-06,5.3809271776117384e-06,5.819111265736865e-06,1.5946994608384557e-05,3.709648080985062e-05,4.900495332549326e-05,1.4938169442757498e-05,1.1077561794081703e-05,5.973758561594877e-06,6.551932528964244e-06,8.52029916131869e-06,3.7907004298176616e-05,0.004792411345988512,0.014570930041372776,0.01610294170677662,0.01523277536034584,0.08592850714921951,0.06298523396253586,0.37800654768943787,0.24062179028987885,0.39482900500297546,0.29714059829711914,0.4297417104244232,0.35248860716819763,0.25265368819236755,0.4504024088382721,0.4532857835292816,0.5507454872131348,0.7543866038322449,0.7593584656715393,0.8314240574836731,0.83196622133255,0.8403017520904541,0.7893725037574768,0.6844397187232971,0.5615876317024231,0.5849249958992004,0.4224250018596649,0.28168848156929016,0.12221261113882065,0.17061887681484222,0.12141136080026627,0.16797547042369843,0.0921119675040245,0.09374707192182541,0.06677228212356567,0.14003495872020721,0.1382940262556076,0.000692767440341413,0.0010349707445129752,0.0010295761749148369,2.5753692170837894e-05,0.0019266980234533548,0.001212913659401238,0.008014954626560211,0.038585953414440155,0.17850154638290405
Helen Keller was born in the state of,A deaf and blind disability rights activist was born in the state of,Helen Keller,A deaf and blind disability rights activist, Alabama,1.4404934063350083e-06,3.582306646876532e-07,3.4072601806656166e-07,7.400694244097394e-07,6.0876476482008e-07,6.943592438801716e-07,1.3465264601109084e-06,1.139626306212449e-06,9.708082870929502e-07,3.890333573508542e-06,1.1331646419421304e-05,4.4764696212951094e-05,3.89422093576286e-05,1.94990116142435e-05,7.33286560716806e-06,2.488878408257733e-06,6.136261163192103e-06,4.185664693068247e-06,5.035792128182948e-06,9.273407158616465e-06,3.993121481471462e-06,8.746139428694732e-06,1.6099347703857347e-05,3.495408600429073e-05,3.3640295441728085e-05,3.8076166674727574e-05,1.8237273252452724e-05,4.249252378940582e-05,7.732972881058231e-05,0.00015059515135362744,0.008673286065459251,0.060612358152866364,0.12267639487981796,0.1325949728488922,0.1687440723180771,0.2171401083469391,0.26588284969329834,0.9942460656166077,0.9896966218948364,0.9790042638778687,0.9679114818572998,0.9721044301986694,0.9751555919647217,0.9782308340072632,0.9836248159408569,0.9884296655654907,0.9907936453819275,0.9885995388031006,0.9812332391738892,0.9855997562408447,0.9898020625114441,0.9877808094024658,0.9883566498756409,0.9843928217887878,0.9874706864356995,0.9901997447013855,0.9951493144035339,0.9957072734832764,0.9966905117034912,0.9977522492408752,0.9979933500289917,0.9986786246299744,0.9986176490783691,0.9988202452659607,0.9988480806350708,0.9980814456939697,0.9970710277557373,0.9971132278442383,0.9972670078277588,0.9964900612831116,0.9952988028526306,0.9900237917900085,0.985446572303772,0.9843706488609314,0.9850960373878479,0.9954264760017395,0.9894324541091919,0.9582415223121643,0.9931076169013977,0.9920122027397156,0.11694660782814026,0.919219434261322
Mozart was born in the modern day country of,The pianist who composed Twinkle Twinkle Little Star was born in the modern day country of,Mozart,The pianist who composed Twinkle Twinkle Little Star, Austria,2.9415421067824354e-06,1.2610071280505508e-06,6.295650223364646e-07,2.7594476250669686e-06,4.918611921311822e-06,2.454444484101259e-06,2.0682343802036485e-06,8.656711543153506e-07,6.565832109117764e-07,6.083947141632962e-07,1.66411825830437e-06,2.9366738090175204e-06,2.2083916064730147e-06,2.201219103881158e-06,7.115777407307178e-07,6.000889811730303e-07,7.188335757746245e-07,1.0894551678575226e-06,5.879419404664077e-06,4.062453172082314e-06,9.236556252290029e-06,2.1971805836074054e-05,4.2537452827673405e-05,2.449259591230657e-05,5.735432205256075e-05,4.281443398213014e-05,3.463615576038137e-05,0.00010628985910443589,0.00010031345300376415,0.00023744204372633249,0.001025792327709496,0.0002475552319083363,0.0002058715035673231,0.00021728822321165353,0.0008368320995941758,0.00027128346846438944,9.689682337921113e-05,0.023008767515420914,0.05627774819731712,0.06662954390048981,0.09987227618694305,0.10630247741937637,0.6561539173126221,0.678284764289856,0.5324302315711975,0.8442590832710266,0.8390007615089417,0.625668466091156,0.6260728240013123,0.6935513019561768,0.6639136075973511,0.6816167831420898,0.7330907583236694,0.8943074941635132,0.9444620609283447,0.9692468047142029,0.9822163581848145,0.9831545352935791,0.9812630414962769,0.9816991090774536,0.9820834398269653,0.9693033695220947,0.9622918367385864,0.9775265455245972,0.9781378507614136,0.9670440554618835,0.9768247008323669,0.9735929369926453,0.9613350629806519,0.9376237988471985,0.9329020977020264,0.9094971418380737,0.853251576423645,0.8883152604103088,0.8181193470954895,0.6575492024421692,0.390688419342041,0.1676482856273651,0.5469643473625183,0.3338966369628906,0.14290158450603485,0.7267864346504211
Beethoven was born in the modern day country of,The pianist who eventually went deaf was born in the modern day country of,Beethoven,The pianist who eventually went deaf, Germany,2.0969782781321555e-06,6.301659709606611e-07,1.071574047273316e-07,1.0676424722078082e-07,3.460443167568883e-07,6.010603783579427e-07,6.444685709539044e-07,7.913238846413151e-07,1.2660111678997055e-06,1.1952624845434912e-06,1.9524673007254023e-06,2.609517650853377e-06,1.8980254026246257e-06,2.451825139360153e-06,1.2402846323311678e-06,1.9985996004834305e-06,2.321433157703723e-06,5.2954615057387855e-06,1.6126330592669547e-05,6.257586210267618e-05,8.149070345098153e-05,5.6812146794982255e-05,5.170907752471976e-05,9.309445886174217e-05,0.00019996959599666297,0.00045982145820744336,0.0002039247628999874,0.0006977037410251796,0.0005353813176043332,0.0007396267610602081,0.007370071951299906,0.005199431907385588,0.011557139456272125,0.00871939118951559,0.005533955525606871,0.003923065960407257,0.001544944941997528,0.02700905315577984,0.014584909193217754,0.03311735391616821,0.06685212254524231,0.05683501437306404,0.19270187616348267,0.18332543969154358,0.07488391548395157,0.15584616363048553,0.34865859150886536,0.2804122567176819,0.11120106279850006,0.17877942323684692,0.09295022487640381,0.10733405500650406,0.11013634502887726,0.12547269463539124,0.2235243022441864,0.6592299938201904,0.6624242067337036,0.6242062449455261,0.8501850962638855,0.8873142004013062,0.9234228730201721,0.8987634778022766,0.9151918292045593,0.9244347214698792,0.9184941649436951,0.9422525763511658,0.7867000699043274,0.8766757845878601,0.8652077317237854,0.9211146831512451,0.9071152210235596,0.9182350635528564,0.9283419251441956,0.9610953330993652,0.9259814023971558,0.9056481122970581,0.7878904342651367,0.6473356485366821,0.8415086269378662,0.8062139749526978,0.034266047179698944,0.6587473750114441
The father of Hermes is,The father of the Greek messenger god is,Hermes,Greek messenger god, Zeus,3.323438068036921e-05,2.7103575121145695e-05,2.526119897083845e-05,1.3702390788239427e-05,9.612593203200959e-06,2.1164327336009592e-05,1.0817214388225693e-05,1.4610027392336633e-05,3.9099588320823386e-05,8.802253432804719e-06,6.0031263274140656e-05,0.0001007293612929061,0.00018489417561795563,0.00020989456970710307,0.0002820458321366459,0.0001826778898248449,0.0002985665632877499,0.0002908390888478607,0.0004119338991586119,0.0006203842349350452,0.0029300013557076454,0.0050301686860620975,0.000827830983325839,0.0020827448461204767,0.0038291127420961857,0.002144347643479705,0.000995412701740861,0.0017349804984405637,0.0011718675959855318,0.0013681291602551937,0.0008846885757520795,0.0020274650305509567,0.002191708190366626,0.0015814254293218255,0.0014288303209468722,0.001992594450712204,0.0022866984363645315,0.009276988916099072,0.007246945519000292,0.0051230210810899734,0.007704436779022217,0.00846121832728386,0.005086885299533606,0.010171862319111824,0.007255800534039736,0.012846831232309341,0.019109446555376053,0.03608067333698273,0.040243443101644516,0.07654495537281036,0.1585942804813385,0.2938860058784485,0.3993012309074402,0.4104723036289215,0.3809029757976532,0.24280500411987305,0.16330879926681519,0.2656840980052948,0.26526743173599243,0.24265582859516144,0.2316693365573883,0.16902360320091248,0.1475391685962677,0.2130441963672638,0.22365139424800873,0.16553395986557007,0.16896389424800873,0.13307714462280273,0.15848439931869507,0.0019309771014377475,0.0020091854967176914,0.003540825331583619,0.007805514149367809,0.013825428672134876,0.03238195180892944,0.1503569632768631,0.11423574388027191,0.12088936567306519,0.12868766486644745,0.5889907479286194,0.4898436665534973,0.8521122336387634
Thor is the son of,The God of Thunder is the son of,Thor,The God of Thunder, Odin,7.700893547735177e-06,2.209545527875889e-05,3.498888690955937e-05,3.3720792998792604e-05,1.224387960974127e-05,5.322360266291071e-06,3.284547574367025e-06,4.327272563386941e-06,1.2632232937903609e-05,1.4281536095950287e-05,1.8446437024977058e-05,5.238446101429872e-05,7.63588905101642e-05,5.931244231760502e-05,0.00010627388110151514,4.555782652460039e-05,4.796984649146907e-05,4.5956589019624516e-05,0.00013513542944565415,0.0001323373435297981,0.00025828686193563044,0.0007852609269320965,0.002995736664161086,0.000657326600048691,0.0005240480531938374,0.0001339116570306942,0.00016659013635944575,5.706250522052869e-05,5.535904347198084e-05,0.000260869535850361,0.00024681389913894236,0.00030062239966355264,0.00038222860894165933,0.0007086789119057357,0.0010175870265811682,0.0005651257233694196,0.0004897239268757403,0.003145097754895687,0.007318818010389805,0.0030938778072595596,0.00430429819971323,0.004789167549461126,0.013823475688695908,0.011198307387530804,0.016510922461748123,0.03417269140481949,0.0340779647231102,0.03169988840818405,0.017652716487646103,0.012504037469625473,0.03230910375714302,0.02488207072019577,0.14848041534423828,0.1831047385931015,0.22942300140857697,0.31870535016059875,0.4414079785346985,0.6590034365653992,0.6801442503929138,0.6134177446365356,0.5281273722648621,0.5313251614570618,0.5774586796760559,0.37766146659851074,0.4403231739997864,0.2953340411186218,0.27922534942626953,0.2287033498287201,0.01656707562506199,0.018031727522611618,0.031992826610803604,0.014464473351836205,0.017814040184020996,0.03346610814332962,0.024782992899417877,0.042761627584695816,0.03867955133318901,0.020653104409575462,0.0076536512933671474,0.04988718777894974,0.9285852313041687,0.9351389408111572
New York City is also known as The Big,The most populous city in the United States is also known as The Big,New York City,The most populous city in the United States, Apple,2.0632866437608754e-07,1.58986154019658e-07,1.2508851909842633e-07,1.6858150786447368e-07,3.4695290196395945e-07,4.382920337775431e-07,2.4578309876233106e-07,3.04730320976887e-07,7.09443838786683e-07,4.2454161075511365e-07,8.11618008356163e-07,3.848478513646114e-07,1.8603185480969842e-07,2.970254797673988e-07,9.340858468931401e-07,1.5349994555435842e-06,4.76854074804578e-06,5.976734428259078e-06,5.703552233171649e-06,4.820293725060765e-06,3.520784730426385e-06,7.345497579080984e-06,1.1579050806176383e-05,1.129752581618959e-05,3.0369542400876526e-06,5.818401405122131e-06,1.7082074919017032e-05,5.8159489526588e-06,2.3768523078615544e-06,3.1587467219651444e-06,9.076527931028977e-06,1.5035432625154499e-05,8.577927474107128e-06,1.2813162356906105e-05,1.7341613784083165e-05,4.219060065224767e-05,0.0001365606440231204,9.677395428298041e-05,0.0002544636663515121,0.000598167534917593,0.0007962245726957917,0.0010570475133135915,0.0023359789047390223,0.0026972477789968252,0.004366379696875811,0.01051422394812107,0.02193376049399376,0.046851299703121185,0.06341339647769928,0.09582675248384476,0.16672153770923615,0.18794198334217072,0.1577000916004181,0.29276537895202637,0.35166361927986145,0.3802620470523834,0.4400095045566559,0.49545031785964966,0.5728098154067993,0.6657906174659729,0.6464412808418274,0.3663235306739807,0.6382414698600769,0.654449999332428,0.7013230919837952,0.7096821665763855,0.8231226801872253,0.8371906280517578,0.8364746570587158,0.30547985434532166,0.5492604970932007,0.5815474390983582,0.7483006715774536,0.8045101761817932,0.7901701927185059,0.8914454579353333,0.9235146641731262,0.9565606117248535,0.9729028940200806,0.9946316480636597,0.9988777041435242,0.9985814094543457
Abraham Lincoln succeeded in abolishing,The first president to be assassinated succeeded in abolishing,Abraham Lincoln,The first president to be assassinated, slavery,4.339010956755374e-06,4.0908057599153835e-06,2.6951724976242986e-06,3.165917632941273e-06,2.2827925931778736e-06,1.976856310648145e-06,4.166663529758807e-06,5.786788733530557e-06,2.4441749701509252e-05,5.0332619139226153e-05,0.00013498521002475172,9.640744247008115e-05,0.00018950449884869158,0.00023783298092894256,0.00014142006693873554,4.949107824359089e-05,8.314725710079074e-05,0.00017406012921128422,5.053734275861643e-05,0.000252420490141958,0.0007073364104144275,0.00040528670069761574,0.000515988445840776,0.0007493820739910007,0.0006984225474298,0.00030362262623384595,0.0008241888717748225,0.00039037075475789607,0.00027531044906936586,8.632437675260007e-05,8.367859845748171e-05,6.723564001731575e-05,6.868980563012883e-05,0.00024409308389294893,0.0005639311857521534,0.0006817725952714682,0.0019291117787361145,0.003382014576345682,0.004223577678203583,0.0069188447669148445,0.005838487762957811,0.01881297491490841,0.022031284868717194,0.02279568463563919,0.054008759558200836,0.07610548287630081,0.13800372183322906,0.08035895973443985,0.15288081765174866,0.09619998186826706,0.08830734342336655,0.1731107532978058,0.08153938502073288,0.06907831132411957,0.0027697610203176737,0.002606775611639023,0.0020294252317398787,0.0013123460812494159,0.0008484627469442785,0.0011606389889493585,0.0014898796798661351,0.0019107909174636006,0.001488637994043529,0.0009618384065106511,0.00109056755900383,0.0009042636374942958,0.0007964702090248466,0.0036851782351732254,0.0030322109814733267,0.0032959175296127796,0.002670878078788519,0.0033438338432461023,0.005933333188295364,0.0019243443384766579,0.002294772071763873,0.0012631553690880537,0.000954869610723108,0.0008679454913362861,0.0028541439678519964,0.19974379241466522,0.7454285621643066,0.9025954008102417
Abraham Lincoln fought in the,The first president to be assassinated fought in the,Abraham Lincoln,The first president to be assassinated, Civil War,3.2002062653191388e-06,2.3548736862721853e-06,3.3485378025943646e-06,3.2196180654864293e-06,5.228004738455638e-06,3.760270601560478e-06,5.236050128587522e-06,1.5243046618707012e-05,5.099802365293726e-05,6.74008988426067e-05,8.199821604648605e-05,7.184464629972354e-05,7.714443927397951e-05,0.00012411197531037033,0.00013454619329422712,0.00046745556755922735,0.0001233676157426089,0.00026307953521609306,0.00012427751789800823,6.134927389211953e-05,0.00014793792797718197,7.086364348651841e-05,0.00015251773584168404,0.0023614473175257444,0.00042504523298703134,0.00017901507089845836,0.00012558524031192064,0.00017473452317062765,0.0003331635962240398,0.00018160660692956299,0.00012046435585943982,0.00012781223631463945,0.0003666321572382003,0.0001142588589573279,0.0001463673688704148,0.00018226828251499683,0.0005451273173093796,0.0015841852873563766,0.0006178611656650901,0.004075940232723951,0.0025420719757676125,0.0024239534977823496,0.0023020619992166758,0.001480292179621756,0.06818597763776779,0.11498386412858963,0.05551312118768692,0.008881323039531708,0.009262995794415474,0.01257325243204832,0.013576120138168335,0.0138481967151165,0.1200256422162056,0.0706326961517334,0.5222243070602417,0.5300491452217102,0.46985241770744324,0.47570478916168213,0.24926382303237915,0.6045004725456238,0.6634495258331299,0.6705361604690552,0.36040160059928894,0.2824631631374359,0.11171562224626541,0.1276952177286148,0.07210395485162735,0.0674908459186554,0.039852652698755264,0.032082002609968185,0.017397601157426834,0.009859109297394753,0.013767727650702,0.006143056787550449,0.019538242369890213,0.009451672434806824,0.0197523795068264,5.302793579176068e-05,0.0027297078631818295,0.0015918033896014094,0.01374890748411417,0.011190694756805897
Medusa could turn people into,The goddess with snakes for hair could turn people into,Medusa,The goddess with snakes for hair, stone,1.4956921177144977e-06,1.645037514208525e-06,1.9188260012015235e-06,1.7038221358234296e-06,5.714509370591259e-06,2.5581018689990742e-06,3.1389206469611963e-06,6.4499704421905335e-06,8.09106495580636e-06,1.2914148101117462e-05,1.789866655599326e-05,5.217152192926733e-06,3.851648671115981e-06,9.812732741920627e-07,1.5295430557671352e-06,3.984229806519579e-06,9.95988830254646e-06,5.044280624133535e-05,5.3053030569572e-05,5.419608351076022e-05,0.0001479378406656906,0.00012631189019884914,0.0001580510870553553,9.854180098045617e-05,2.9477276257239282e-05,4.912764416076243e-05,6.63704049657099e-05,0.00015502273163292557,9.025446343002841e-05,6.168791878735647e-05,7.152337639126927e-05,0.0003744130954146385,0.0004869869153480977,0.00045211357064545155,0.0004992670146748424,0.0014692004770040512,0.003235721727833152,0.009942085482180119,0.008889942429959774,0.01170380599796772,0.029131656512618065,0.0888795331120491,0.13772234320640564,0.17323115468025208,0.9661632180213928,0.9800675511360168,0.9736614227294922,0.9726662039756775,0.9725831151008606,0.9800851941108704,0.9799654483795166,0.9891040325164795,0.988647997379303,0.9888362288475037,0.9978156089782715,0.997340738773346,0.9972907900810242,0.996455729007721,0.9983686804771423,0.9975082874298096,0.9981448650360107,0.9973894953727722,0.9917259216308594,0.9911144971847534,0.9891098737716675,0.9806970357894897,0.9726637005805969,0.9771736860275269,0.9741942882537842,0.9674943089485168,0.9741307497024536,0.9827247262001038,0.9784333109855652,0.9769710898399353,0.9706054329872131,0.9806767702102661,0.9773228168487549,0.9722908139228821,0.9870239496231079,0.996634304523468,0.9090285301208496,0.9166688323020935
Persephone is famous for eating a,The daughter of Demeter is famous for eating a,Persephone,the daughter of Demeter, pomegranate,2.296130560353049e-06,5.2019013310200535e-06,4.323820121499011e-06,3.7667673495889176e-06,4.5694537220697384e-06,4.296685801818967e-06,5.00666556035867e-06,5.161223725735908e-06,3.6032542993780226e-07,4.6941366349528835e-07,4.1987217969108315e-07,2.551980287535116e-06,1.0361419526816462e-06,1.365067532788089e-06,6.984150218158902e-07,5.378025775826245e-07,9.334710284747416e-07,1.3745192291025887e-06,3.8004652651579818e-06,9.294752999267075e-06,1.3557856618717778e-05,3.155194644932635e-05,4.313751924200915e-05,2.3128553948481567e-05,4.883124347543344e-05,4.136431380175054e-05,8.635187441541348e-06,2.9895447823946597e-06,1.7212486227435875e-06,5.882267259949003e-07,4.534740298822726e-07,5.942395659985777e-07,6.603516453651537e-07,2.098312279485981e-06,1.162813418886799e-06,2.259398797832546e-06,3.5112634577671997e-06,4.6507857405231334e-06,3.5102466426906176e-06,4.091168648301391e-06,5.687558768840972e-06,6.439671778935008e-06,1.20086888273363e-05,1.5366298612207174e-05,1.8664943127078004e-05,1.8507136701373383e-05,5.054566645412706e-05,2.8955730158486404e-05,3.323970304336399e-05,9.621524077374488e-05,8.470463944831863e-05,8.30578210297972e-05,4.822841947316192e-05,6.589759141206741e-05,7.85439697210677e-05,4.965687185176648e-05,6.488962389994413e-05,0.00010916325118159875,7.660375558771193e-05,0.0002366073604207486,0.00027073078672401607,0.0011033526388928294,0.0014779915800318122,0.0067377714440226555,0.02611534111201763,0.9937124848365784,0.9998086094856262,0.9984853863716125,0.9986294507980347,0.9758922457695007,0.9861371517181396,0.9877157807350159,0.978419303894043,0.9684420228004456,0.8907858729362488,0.9250332713127136,0.28154340386390686,0.005895961541682482,0.00406227633357048,0.011536247096955776,0.055549729615449905,0.061342883855104446
Oedipus married a woman named,The King of Thebes married a woman named,Oedipus,The King of Thebes, Jocasta,1.6547846826142631e-06,1.887343273665465e-06,1.1516500535435625e-06,5.362163051358948e-07,9.305453545493947e-07,3.185918558301637e-06,2.3970949314389145e-06,2.1627415662806015e-06,9.768245945451781e-07,7.578057648061076e-07,3.240244268454262e-07,4.7270640379792894e-07,3.681149678413931e-07,7.117213272067602e-07,8.139082865454839e-07,8.994121571959113e-07,1.6882742102097836e-06,3.033195753232576e-06,8.043462912610266e-06,2.2974486455495935e-06,2.731559106905479e-06,3.687651087602717e-06,5.708191110898042e-06,4.129562512389384e-06,2.769128514046315e-06,2.8203553483763244e-06,1.6574149412917905e-05,1.335413890046766e-05,2.727328501350712e-05,1.7489261153968982e-05,1.7695734641165473e-05,2.5191013264702633e-05,1.2714117474388331e-05,4.937334597343579e-05,3.563706195564009e-05,4.279647328075953e-05,5.5647484259679914e-05,4.7762103349668905e-05,5.5209853599080816e-05,1.3155752640159335e-05,2.0094361389055848e-05,1.6218038581428118e-05,8.72784494276857e-06,1.7979215044761077e-05,2.97882597806165e-05,2.442584082018584e-05,2.842266985680908e-05,1.8645254385774024e-05,1.97118515643524e-05,2.372658855165355e-05,3.374550578882918e-05,2.773621781670954e-05,3.113821367151104e-05,1.641085145820398e-05,2.1668956833309494e-05,3.8999482057988644e-05,0.00010058390034828335,9.84773796517402e-05,0.00019729114137589931,0.0001592883636476472,0.00018058251589536667,0.000320217979606241,0.00036804433329962194,0.0008003500406630337,0.0036917526740580797,0.10670242458581924,0.05583454295992851,0.10078845918178558,0.214861199259758,0.33591777086257935,0.7682592868804932,0.9682429432868958,0.9625117182731628,0.9700267314910889,0.9640070199966431,0.9323002099990845,0.9748277068138123,0.9919916987419128,0.9727044701576233,0.9851437211036682,0.37113136053085327,0.7185076475143433
William Shakespeare was born in the country of,The Bard of Avon was born in the country of,William Shakespeare,The Bard of Avon, England,2.4740572825976415e-06,3.049012320843758e-06,2.4972525807243073e-06,1.3064515087535256e-06,1.5728022617622628e-06,9.270418672713276e-07,4.706957952294033e-07,7.094049010447634e-07,6.324140713331872e-07,1.4090194326854544e-06,4.537153017736273e-06,2.8327194740995765e-06,1.6565641089982819e-06,2.5209051273122896e-06,3.5547627703635953e-06,6.641944310104009e-06,1.973182770598214e-05,8.895155770005658e-05,0.00012393355427775532,0.00041960974340327084,0.0002839536464307457,0.000144575911690481,0.0005021591787226498,0.001190438400954008,0.0020186372566968203,0.0015242882072925568,0.0008694753050804138,0.000821613532025367,0.001485857181251049,0.0026509359013289213,0.006003528367727995,0.029777944087982178,0.08237528055906296,0.06571704894304276,0.04102367162704468,0.0575203001499176,0.03252414986491203,0.5978140234947205,0.6689830422401428,0.7100370526313782,0.8628723621368408,0.9457892775535583,0.9810280203819275,0.9779865145683289,0.9780269861221313,0.9877733588218689,0.9810290932655334,0.971490204334259,0.9427698850631714,0.9269599914550781,0.8902578949928284,0.9397398829460144,0.9034228324890137,0.9020261764526367,0.9433872699737549,0.9920921325683594,0.9868518710136414,0.9583030343055725,0.9675659537315369,0.9660872220993042,0.9890468716621399,0.9656850695610046,0.9809061288833618,0.9577134251594543,0.9254162907600403,0.8603641390800476,0.857393205165863,0.886589765548706,0.8851561546325684,0.9157008528709412,0.6192410588264465,0.6239498853683472,0.6604763865470886,0.9343249797821045,0.9035606384277344,0.8485702276229858,0.8490526676177979,0.636920690536499,0.9341967701911926,0.9519173502922058,0.5487655997276306,0.9393157362937927
Hercules had a father named,The son of Hera had a father named,Hercules,The son of Hera, Zeus,8.923070708988234e-06,1.0449532965139952e-05,1.26388458738802e-05,7.475850907212589e-06,6.106093223934295e-06,4.319343588576885e-06,6.507912530651083e-06,4.1203011278412305e-06,1.5013188203738537e-05,2.910376133513637e-05,9.027587657328695e-05,8.023389091249555e-05,0.00010508104605833068,0.000168420301633887,0.00014394460595212877,9.346127626486123e-05,5.286294981488027e-05,3.5901448427466676e-05,4.280097709852271e-05,2.8464297429309227e-05,6.650266004726291e-05,0.00014542120334226638,4.199981049168855e-05,3.329457467771135e-05,6.827105244155973e-05,7.125716365408152e-05,0.00012220939970575273,0.0001852315035648644,7.33913984731771e-05,0.000104049890069291,4.964978506905027e-05,4.829552199225873e-05,2.6970268663717434e-05,4.9301110266242176e-05,1.9724389858311042e-05,5.073336069472134e-05,0.00015931300004012883,0.0009640333009883761,0.001010064035654068,0.000968324369750917,0.0017046971479430795,0.0024529227521270514,0.0032867109403014183,0.006293829996138811,0.006226895842701197,0.013226762413978577,0.028638770803809166,0.03194351866841316,0.03772178664803505,0.056256502866744995,0.09473726898431778,0.1650027483701706,0.1923568993806839,0.1617259830236435,0.15391805768013,0.17099463939666748,0.08570827543735504,0.10037458688020706,0.10698390007019043,0.13033626973628998,0.1447327435016632,0.11181581020355225,0.09214989840984344,0.10181470215320587,0.07698967307806015,0.06269097328186035,0.06189638003706932,0.05423656478524208,0.070342056453228,0.04814846068620682,0.035417210310697556,0.03653986379504204,0.043926041573286057,0.04150398448109627,0.03858790919184685,0.0871223583817482,0.06414728611707687,0.060307931154966354,0.0666760727763176,0.33390891551971436,0.71706622838974,0.8801705241203308
The Great Barrier Reef is located off the coast of the continent of,The largest coral reef system in the world is located off the coast of the continent of,The Great Barrier Reef,The largest coral reef system in the world, Australia,1.5581477782689035e-05,3.3378855732735246e-06,2.674771167221479e-06,1.352880644844845e-06,1.023225308927067e-06,1.9679041542985942e-06,1.110694938688539e-06,1.2805561482309713e-06,2.5426547836104874e-06,2.620892701088451e-06,5.900517408008454e-06,3.3497008189442568e-06,1.1561717656149995e-05,2.9378029466897715e-06,6.263478098844644e-06,3.918712081940612e-06,3.866731276502833e-06,4.7636071940360125e-06,4.4608450480154715e-06,2.751880128926132e-05,7.446717791026458e-05,0.0001464227243559435,0.0003144698857795447,0.00014772190479561687,9.372629574500024e-05,9.827574831433594e-05,0.00023385242093354464,0.00041967458673752844,0.00018828627071343362,0.00018809878383763134,0.00014118998660705984,3.137618114124052e-05,1.7448541257181205e-05,1.1937283488805406e-05,3.102431583101861e-05,3.7254623748594895e-05,2.8202954126754776e-05,0.136003315448761,0.08170244097709656,0.07993753254413605,0.08448124676942825,0.17403055727481842,0.380763441324234,0.020804792642593384,0.03943490982055664,0.02796514891088009,0.029908157885074615,0.018310384824872017,0.017166685312986374,0.01735210232436657,0.025198105722665787,0.04228784888982773,0.04509107768535614,0.01987363211810589,0.06589863449335098,0.6344630122184753,0.5502272248268127,0.5179231762886047,0.06686469912528992,0.10491414368152618,0.14590293169021606,0.05204356089234352,0.10341470688581467,0.08492739498615265,0.959678053855896,0.8961097598075867,0.9336599707603455,0.9552145004272461,0.9652100801467896,0.9628409147262573,0.961033284664154,0.9687458872795105,0.9589170217514038,0.9793635010719299,0.9738656282424927,0.9875412583351135,0.9829182624816895,0.8493413925170898,0.9304652810096741,0.9820950627326965,0.9078584313392639,0.9264196157455444
The Louvre Museum is located in the city of,The largest art museum in the world is located in the city of,The Louvre Museum,The largest art museum in the world, Paris,3.3868432183226105e-06,1.1844564369312138e-06,2.3737902665743604e-06,1.8973385067511117e-06,1.6688267123754486e-06,4.407952474139165e-06,2.641913624756853e-06,6.134473551355768e-06,3.0092769520706497e-06,3.120797600786318e-06,1.4492413356492762e-05,4.52666108685662e-06,1.511564960310352e-06,1.551603872940177e-06,1.3724627478950424e-06,1.1811334843514487e-06,3.138864485663362e-06,2.0633024178096093e-06,1.0072775467051542e-06,5.063359822088387e-06,2.4884836875571636e-06,7.327279945457121e-06,4.274685852578841e-05,3.833553273580037e-05,0.00010577159991953522,7.428442768286914e-05,8.117695688270032e-05,2.1335190467652865e-05,4.249528865329921e-05,3.890486914315261e-05,8.795967005426064e-05,4.317214552429505e-05,2.924269028881099e-05,3.850428402074613e-05,0.00010132278111996129,0.0003189527487847954,0.0011208141222596169,0.3613419532775879,0.6298185586929321,0.6661348342895508,0.6372876763343811,0.6192455291748047,0.6975728869438171,0.9140741229057312,0.9616567492485046,0.9532417058944702,0.964888334274292,0.9710511565208435,0.9825870394706726,0.9823471307754517,0.9727680683135986,0.9842096567153931,0.9855735898017883,0.9897775053977966,0.9908081889152527,0.9938921928405762,0.9949206709861755,0.994963526725769,0.9959413409233093,0.9963498115539551,0.995900571346283,0.9959089756011963,0.9963135123252869,0.9958504438400269,0.9946927428245544,0.9979637861251831,0.9978342652320862,0.3665134310722351,0.5089396238327026,0.7026641368865967,0.8605717420578003,0.8292466998100281,0.869036078453064,0.9435650110244751,0.9672377109527588,0.985289990901947,0.9768441319465637,0.9832044839859009,0.8882542252540588,0.9041075110435486,0.55286705493927,0.9223242998123169
Mount Everest is located in the,The highest peak in the world is located in the,Mount Everest,The highest peak in the world, Himalayan,1.5628504002052068e-07,1.3838693746492936e-07,1.2417643802109524e-07,1.6473586583742872e-07,3.912992667665094e-07,1.3997949963595602e-06,6.107065928517841e-06,7.242193987622159e-06,2.3418290311383316e-06,2.9530187930504326e-06,5.29712588104303e-06,1.6036939996411093e-05,1.072683426173171e-05,1.0331605153623968e-05,6.328588824544568e-06,4.178006747679319e-06,1.5616722066624789e-06,1.3700518138648476e-05,9.05906199477613e-06,4.4120884012954775e-06,6.399241556209745e-06,2.4850912723195506e-06,1.2065725968568586e-05,1.4086511328059714e-05,1.296611299039796e-05,6.934989869478159e-06,1.1235123565711547e-05,6.331442818918731e-06,2.0221416434651474e-06,3.240074420318706e-06,4.706723302660976e-06,4.958243152941577e-06,6.8078579715802334e-06,9.923022844304796e-06,7.283150353032397e-06,5.571977453655563e-06,1.541569145047106e-05,0.000276275648502633,0.0005570658831857145,0.0002577594423200935,0.0004459417250473052,0.0021846259478479624,0.006060630548745394,0.013748908415436745,0.023125967010855675,0.06119264289736748,0.04272674769163132,0.04787365719676018,0.12595658004283905,0.1768445074558258,0.2739107012748718,0.45635390281677246,0.4254305064678192,0.41593247652053833,0.35697463154792786,0.5354722142219543,0.5486435294151306,0.4980259835720062,0.32777485251426697,0.3375421464443207,0.28961819410324097,0.1625581532716751,0.19993650913238525,0.1587660163640976,0.12997551262378693,5.041478652856313e-05,4.444184742169455e-05,0.00010044273949461058,5.0291724619455636e-05,4.687412001658231e-06,1.0474022928974591e-05,1.6435760699096136e-05,1.648676516197156e-05,2.405591840215493e-05,4.202791387797333e-05,5.077900641481392e-05,0.0002576118567958474,0.00023902826069388539,0.0007477857870981097,0.012330037541687489,0.5895732045173645,0.6876440644264221
Mammoth Cave is located in,The longest known cave system is located in ,Mammoth Cave,The longest known cave system, Kentucky,3.389470975889708e-06,1.6498046306878678e-06,3.9141395973274484e-06,3.805344022111967e-06,2.9943869321868988e-06,2.88716501017916e-06,5.1043434723396786e-06,1.0526598089199979e-05,1.7487434888607822e-05,3.0893141229171306e-05,0.0002654092095326632,0.000683955498971045,0.0008475789218209684,0.00019811138918157667,0.0001356779976049438,0.0002558005216997117,0.0002753655717242509,0.0003201852669008076,0.00013217651576269418,1.9244918803451583e-05,3.075004133279435e-05,4.125209670746699e-05,3.172983497279347e-06,2.7175751711183693e-06,3.5132034099660814e-06,4.463916411623359e-06,4.968729626853019e-06,3.995577117166249e-06,1.158679060608847e-05,1.2183848411950748e-05,3.843949343718123e-06,7.736707630101591e-06,2.3687947759754024e-05,3.6096051189815626e-05,7.961337541928515e-05,7.42013071430847e-05,0.00020422930538188666,0.9329257607460022,0.9253899455070496,0.6744346022605896,0.6235396862030029,0.7735927700996399,0.9227723479270935,0.9321475028991699,0.9654900431632996,0.9632275104522705,0.9780640602111816,0.9688364267349243,0.8923834562301636,0.9428271055221558,0.9344896674156189,0.9146848917007446,0.922805666923523,0.8582943081855774,0.778915524482727,0.8174644112586975,0.8999507427215576,0.8709949254989624,0.8525702357292175,0.728831946849823,0.4495014548301697,0.4786129891872406,0.5524765849113464,0.37243714928627014,0.36622336506843567,0.2974998354911804,0.2989020049571991,0.41348111629486084,0.059144314378499985,0.06617540866136551,0.14418166875839233,0.07040751725435257,0.03248393535614014,0.25046026706695557,0.1563776433467865,0.002776879584416747,0.013402930460870266,0.03972935676574707,0.024797258898615837,0.011973847635090351,0.1010967344045639,0.08603990077972412
The blue whale is a,The largest animal to exist is a,blue whale,largest animal to exist, mammal,9.059099284058902e-07,1.6192475413845386e-06,6.083730568207102e-07,5.933989086770453e-07,1.5451523722731508e-06,2.952315753645962e-06,1.7572109527463908e-06,1.955464085767744e-06,6.6175930442113895e-06,5.9796020650537685e-06,1.5243326743075158e-05,2.2261461708694696e-05,6.107855006121099e-05,3.655928230728023e-05,3.1835734262131155e-05,3.068617297685705e-05,2.158449569833465e-05,4.2084266169695184e-05,3.243193350499496e-05,1.9178547518095e-05,2.6809611881617457e-05,0.0001790674723451957,0.00036229120451025665,0.00017268210649490356,0.00018601890769787133,0.00013195796054787934,0.00014049658784642816,8.791778236627579e-05,0.00012136781151639298,3.8541238609468564e-05,7.97729953774251e-05,2.808213685057126e-05,2.186216261179652e-05,1.7471564206061885e-05,1.576721842866391e-05,7.208539955172455e-06,2.0640582079067826e-05,0.00010541771189309657,0.00016150102601386607,0.00022356482804752886,0.0006011471850797534,0.0007261975551955402,0.00043787481263279915,0.0005190525553189218,0.0007185561116784811,0.0011235624551773071,0.005381984636187553,0.004988786298781633,0.005494964309036732,0.00397612527012825,0.0028150056023150682,0.002912261988967657,0.004413180518895388,0.006013618782162666,0.006441522855311632,0.005132319871336222,0.0035228210035711527,0.006630806252360344,0.009161300025880337,0.009285550564527512,0.017544331029057503,0.013277837075293064,0.012912282720208168,0.010781338438391685,0.012013707309961319,0.018863065168261528,0.018410634249448776,0.015587689355015755,0.009227665141224861,0.012101332657039165,0.007478228770196438,0.011982237920165062,0.007970663718879223,0.004053706303238869,0.0025893705897033215,0.002336696954444051,0.002009283285588026,0.0027888547629117966,0.0023952750489115715,0.019372472539544106,0.008943470194935799,0.026323456317186356
Jupiter is the largest planet in the solar,The fifth planet from the sun is the largest planet in the solar,Jupiter,The fifth planet from the sun, system,7.219328836072236e-06,5.128691555000842e-06,4.768771304952679e-06,1.1336637726344634e-06,7.862026336624695e-07,6.032784085618914e-07,7.990250878719962e-07,1.2163518476882018e-06,2.4860121357050957e-06,1.831762574511231e-06,3.974244009441463e-06,1.5963110854499973e-05,0.00010479730553925037,0.00025636490317992866,0.00010256099631078541,0.00025953614385798573,0.0002664235362317413,0.0002545716124586761,0.0006367621826939285,0.002041346626356244,0.003455900587141514,0.0018750142771750689,0.001449816394597292,0.0035790707916021347,0.003735641948878765,0.0047783758491277695,0.003936719615012407,0.004037208389490843,0.010774899274110794,0.005829271860420704,0.004723312798887491,0.0045161559246480465,0.0025967531837522984,0.0012186139356344938,0.0009664604440331459,0.0014578653499484062,0.000961309124249965,0.0017910796450451016,0.0018337052315473557,0.0023535266518592834,0.0038512255996465683,0.007255240809172392,0.011076575145125389,0.016429448500275612,0.03332589939236641,0.067458376288414,0.09557239711284637,0.14951719343662262,0.16545738279819489,0.20447896420955658,0.23452037572860718,0.26585888862609863,0.26556509733200073,0.21598222851753235,0.3801116943359375,0.46924135088920593,0.5308578014373779,0.6844648718833923,0.7600974440574646,0.8356698155403137,0.8532320261001587,0.821880042552948,0.7809600234031677,0.760810375213623,0.7556717395782471,0.6546132564544678,0.7009862661361694,0.7559263110160828,0.571597158908844,0.6469129920005798,0.6597287058830261,0.8387153744697571,0.8736744523048401,0.927516520023346,0.9449401497840881,0.9558734893798828,0.954910159111023,0.9823727011680603,0.9988412261009216,0.9994528889656067,0.9981371164321899,0.9994837045669556
