explicit_sentence,obscure_sentence,explicit_entity,obscure_entity,answer,ans_prob_lens_edit_layer0,ans_prob_lens_edit_layer1,ans_prob_lens_edit_layer2,ans_prob_lens_edit_layer3,ans_prob_lens_edit_layer4,ans_prob_lens_edit_layer5,ans_prob_lens_edit_layer6,ans_prob_lens_edit_layer7,ans_prob_lens_edit_layer8,ans_prob_lens_edit_layer9,ans_prob_lens_edit_layer10,ans_prob_lens_edit_layer11,ans_prob_lens_edit_layer12,ans_prob_lens_edit_layer13,ans_prob_lens_edit_layer14,ans_prob_lens_edit_layer15,ans_prob_lens_edit_layer16,ans_prob_lens_edit_layer17,ans_prob_lens_edit_layer18,ans_prob_lens_edit_layer19,ans_prob_lens_edit_layer20,ans_prob_lens_edit_layer21,ans_prob_lens_edit_layer22,ans_prob_lens_edit_layer23,ans_prob_lens_edit_layer24,ans_prob_lens_edit_layer25,ans_prob_lens_edit_layer26,ans_prob_lens_edit_layer27,ans_prob_lens_edit_layer28,ans_prob_lens_edit_layer29,ans_prob_lens_edit_layer30,ans_prob_lens_edit_layer31,ans_prob_lens_edit_layer32,ans_prob_lens_edit_layer33,ans_prob_lens_edit_layer34,ans_prob_lens_edit_layer35,ans_prob_lens_edit_layer36,ans_prob_lens_edit_layer37,ans_prob_lens_edit_layer38,ans_prob_lens_edit_layer39,ans_prob_lens_edit_layer40,ans_prob_lens_edit_layer41,ans_prob_lens_edit_layer42,ans_prob_lens_edit_layer43,ans_prob_lens_edit_layer44,ans_prob_lens_edit_layer45,ans_prob_lens_edit_layer46,ans_prob_lens_edit_layer47,ans_prob_lens_edit_layer48,ans_prob_lens_edit_layer49,ans_prob_lens_edit_layer50,ans_prob_lens_edit_layer51,ans_prob_lens_edit_layer52,ans_prob_lens_edit_layer53,ans_prob_lens_edit_layer54,ans_prob_lens_edit_layer55,ans_prob_lens_edit_layer56,ans_prob_lens_edit_layer57,ans_prob_lens_edit_layer58,ans_prob_lens_edit_layer59,ans_prob_lens_edit_layer60,ans_prob_lens_edit_layer61,ans_prob_lens_edit_layer62,ans_prob_lens_edit_layer63,ans_prob_lens_edit_layer64,ans_prob_lens_edit_layer65,ans_prob_lens_edit_layer66,ans_prob_lens_edit_layer67,ans_prob_lens_edit_layer68,ans_prob_lens_edit_layer69,ans_prob_lens_edit_layer70,ans_prob_lens_edit_layer71,ans_prob_lens_edit_layer72,ans_prob_lens_edit_layer73,ans_prob_lens_edit_layer74,ans_prob_lens_edit_layer75,ans_prob_lens_edit_layer76,ans_prob_lens_edit_layer77,ans_prob_lens_edit_layer78,ans_prob_lens_edit_layer79,answer_prob_obs,answer_prob_exp
George Washington fought in the,The first president of the United States fought in the,George Washington,The first president of the United States, Revolutionary War,2.0375971416797256e-06,1.3343857290237793e-06,2.0053336413639045e-07,9.656829433879466e-07,3.6756700865225866e-06,6.114257121225819e-05,4.944538522977382e-05,5.598823190666735e-05,5.187705755815841e-05,6.618464976781979e-05,0.00015757633082102984,0.00012551351392176002,8.677891310071573e-05,2.2705478841089644e-05,2.656995548022678e-06,1.448552552574256e-06,3.2042321436165366e-06,1.8114130853064125e-06,2.705282213355531e-06,4.5232278012008464e-07,5.607349180536403e-07,2.0505999600572977e-06,7.596320301672677e-07,7.122631586753414e-07,6.350018111334066e-07,1.3169554904379766e-06,1.5111236280063167e-06,1.4708169828736573e-06,2.2521207938552834e-06,4.294895461498527e-07,2.7198362317903957e-07,2.536041279199708e-07,6.053103902559087e-07,1.2596931355801644e-06,5.613469511445146e-07,4.2669182676036144e-07,3.921849156540702e-07,3.627639841852215e-07,5.043369242230256e-07,6.02297234308935e-07,2.536922920626239e-06,2.4401301743637305e-06,2.333818429178791e-06,8.396452813030919e-07,1.2006066754111089e-06,3.7078567061143985e-07,2.2024656232133566e-07,4.6792789021310455e-07,4.822089181288902e-07,7.950952181090543e-07,6.949064186301257e-07,1.4348009926834493e-06,2.822532223945018e-06,5.642953510687221e-06,1.525997868156992e-05,1.8460392311681062e-05,1.2080437045369763e-05,6.509740160254296e-06,5.8366563280287664e-06,1.2420075108821038e-05,1.4403307432075962e-05,4.6865534386597574e-05,3.9305548853008077e-05,3.784705768339336e-05,3.227509660064243e-05,4.024113150080666e-05,4.9521870096214116e-05,8.727012027520686e-05,3.676960477605462e-05,7.50414255890064e-05,5.346207399270497e-05,0.00010247368481941521,6.0134414525236934e-05,5.943293945165351e-05,7.465755334123969e-05,2.9655166144948453e-05,1.2607602911884896e-05,3.1452058465220034e-05,3.486485002213158e-05,3.9288250263780355e-05,0.08630707114934921,0.03394823148846626
The president lives in the,The leader of the United States lives in the,The president,The leader of the United States, White House,2.9803113648085855e-06,9.323676749772858e-06,6.994052455411293e-06,3.0712337775185006e-06,5.977361979603302e-06,7.958058631629683e-06,2.83552726614289e-05,6.769353058189154e-05,3.0801962566329166e-05,2.7866164600709453e-05,0.00025065228692255914,0.00030142886680550873,0.0001114722981583327,7.737286068731919e-05,8.908451127354056e-05,4.724555401480757e-05,1.4609398931497708e-05,7.3885526035155635e-06,4.048218033858575e-05,1.2069204785802867e-05,7.184033620433183e-06,1.06329516711412e-05,1.3340542864170857e-05,2.6300827812519856e-05,3.712894795171451e-06,5.878629053768236e-06,2.1561731955443975e-06,4.5732133457931923e-07,3.350327915541129e-06,6.372123607434332e-06,7.923159500933252e-06,1.7876545825856738e-05,1.6035541193559766e-05,1.601164285602863e-06,1.982933554245392e-06,2.856991841326817e-06,4.327054284658516e-06,1.6504827726748772e-06,1.7248790982193896e-06,1.7647551430854946e-05,2.474444409017451e-05,5.025278733228333e-05,2.441246215312276e-05,5.7054119679378346e-05,2.689226676011458e-05,6.921171006979421e-05,1.429725580237573e-05,8.98570433491841e-05,0.00033457865356467664,0.00011250120587646961,0.00013774177932646126,9.989498357754201e-05,3.373047729837708e-05,1.833742317103315e-05,1.4123701475909911e-05,3.6106844163441565e-06,3.606367954489542e-06,3.954777275794186e-05,1.557599716761615e-05,3.237104829167947e-05,5.6829362620192114e-06,4.8430883907713e-06,2.0228069843142293e-05,4.256646661815466e-06,4.690486548497574e-06,3.3213143524335464e-06,1.5396968819914036e-06,6.156273002488888e-07,1.214818325934175e-06,7.136673616514599e-07,4.3473804112181824e-07,6.267341632337775e-07,1.0184720622419263e-06,2.283406274727895e-06,4.696493647315947e-07,1.9157066333264083e-07,1.203438984020977e-07,7.88662575246235e-08,1.602482342377698e-07,6.937526677575079e-07,0.8543716669082642,0.6189217567443848
St. Peter's Basilica is in the city of,The biggest church in the world is in the city of,St. Peter's Basilica,The biggest church in the world, Rome,8.100595005089417e-05,9.654133464209735e-05,4.5801978558301926e-05,3.202729203621857e-05,1.0615724931994919e-05,1.81655450433027e-05,1.442192296963185e-05,1.3343716091185343e-05,4.040366093249759e-06,9.022384119816707e-07,3.6272487591304525e-07,3.008275086813228e-07,7.575333711429266e-07,2.0661668997945526e-07,2.591415295682964e-07,2.469184607889474e-07,1.4133617014522315e-06,1.2153697070971248e-06,3.0100767389740213e-07,4.6407893705691095e-07,5.114426357977209e-07,5.810855441268359e-07,9.468240932619665e-06,3.5778750770987244e-06,8.274816536868457e-06,2.0639181457227096e-05,1.7942305930773728e-05,0.00021321199892554432,4.306453047320247e-05,0.00012793097994290292,0.00011842715321108699,0.00032287838985212147,0.00037813890958204865,0.0003270059241913259,0.0008689246024005115,0.0011314966250211,0.0012096795253455639,0.10647889226675034,0.07658407837152481,0.02252562902867794,0.003960764966905117,0.0106727359816432,0.028551027178764343,0.05763230472803116,0.1641567200422287,0.021366477012634277,0.05783588066697121,0.0314059779047966,0.020903324708342552,0.02149771898984909,0.011530844494700432,0.13220351934432983,0.13514992594718933,0.31973087787628174,0.30526793003082275,0.4159736633300781,0.7121034860610962,0.5801374912261963,0.6037746071815491,0.4425327777862549,0.4385358393192291,0.19231323897838593,0.15085238218307495,0.1394716501235962,0.08090873062610626,0.14402180910110474,0.028903711587190628,0.008677366189658642,0.015263336710631847,0.009300603531301022,0.02260970138013363,0.006047762464731932,0.00491610961034894,0.006653336808085442,0.0064113992266356945,0.009405149146914482,0.012302442453801632,0.013628160580992699,0.04340803995728493,0.013605698011815548,0.0355692058801651,0.3625369668006897
Jesus died on the,The son of God died on the,Jesus,The son of God, cross,6.288307486101985e-05,5.0566559366416186e-05,0.0007680035196244717,0.0001394208666170016,0.00010916205792455003,2.7208092433284037e-05,4.6184366510715336e-05,8.260727554443292e-06,8.358673767361324e-06,4.779568598678452e-07,2.092662725772243e-06,3.0645201150036883e-06,8.97642138397714e-08,1.3772442741810664e-07,4.0655442035131273e-07,4.190442723484011e-06,2.499050424376037e-06,8.76744743436575e-05,3.089872552664019e-05,2.307436261617113e-05,4.2573199721118726e-07,4.518880814430304e-06,9.186739475808281e-07,4.019454081571894e-06,1.2514379932326847e-06,7.187960818555439e-06,2.766961551969871e-05,2.242463051516097e-05,2.0336105080787092e-05,3.610830390243791e-05,4.728800922748633e-05,3.1267223675968125e-05,2.6987941964762285e-05,6.969813512114342e-06,4.813761051991605e-07,4.963341325492365e-06,1.0912741572610685e-06,3.1456245324079646e-06,4.920585524814669e-06,3.207408371963538e-05,7.80722257331945e-05,6.014832615619525e-05,0.00025673891650512815,4.635446748579852e-05,0.00035181944258511066,0.0003851455985568464,0.00011578860721783713,0.0002426283317618072,0.023670237511396408,0.01801461912691593,0.019859679043293,0.05425030738115311,0.07114001363515854,0.13381756842136383,0.13821770250797272,0.42152971029281616,0.23251238465309143,0.17023970186710358,0.2669929265975952,0.45958125591278076,0.005027974955737591,0.0038539711385965347,0.0021014511585235596,0.0016078060725703835,0.0025444268248975277,0.0021992253605276346,0.0029075476340949535,0.003321512835100293,0.002093276707455516,0.010930477641522884,0.00214269757270813,0.1692933887243271,0.16161173582077026,0.39744773507118225,0.22390274703502655,0.07846305519342422,0.08173263072967529,0.03989919275045395,0.01245654933154583,0.004840507637709379,0.9403198957443237,0.9352973699569702
Elephants are the largest land mammal on,Animals with long trunks are the largest land mammal on,Elephants,Animals with long trunks, Earth,2.798189416353125e-05,2.626022615004331e-05,0.00013867684174329042,0.0002618914586491883,0.00039231739356182516,0.001408809912391007,0.00025867551448754966,7.404378266073763e-05,1.1734833606169559e-05,2.1798041416332126e-05,0.00014560970885213464,2.5902341803885065e-05,7.536835255450569e-06,5.222726031206548e-06,3.412073965591844e-06,2.5496659873169847e-05,4.5472668716683984e-05,0.0003771392221096903,7.270045898621902e-05,2.973041046061553e-05,8.803904347587377e-05,9.260125807486475e-05,0.00029626875766552985,0.00018326472491025925,0.0003819247940555215,0.0006188093684613705,0.0003142641216982156,0.00027493140078149736,0.0006305472343228757,0.0006312702898867428,0.0008540269336663187,0.0026466206181794405,0.001267038518562913,0.000925073807593435,0.00558721087872982,0.00930172298103571,0.008252223953604698,0.013161253184080124,0.0033073928207159042,0.0011621849844232202,0.002884182846173644,0.00010714990639826283,0.00017321569612249732,5.92136311752256e-05,9.893660171655938e-05,0.0001891089923446998,0.0006364121218211949,0.0009200391359627247,0.00048398497165180743,0.05825520679354668,0.13195466995239258,0.04832813888788223,0.042507048696279526,0.004190947860479355,0.0010176138021051884,0.00028151203878223896,0.00013541936641559005,0.00022192833421286196,4.206235462334007e-05,0.0003426021430641413,0.00015292871103156358,0.00012410459748934954,0.00021617162565235049,0.00021831734920851886,0.00011763062502723187,4.211858686176129e-05,5.460149623104371e-05,4.634551078197546e-05,4.8584421165287495e-05,0.00011074559733970091,0.00018612683925312012,0.0001884599041659385,3.45762018696405e-05,8.644562331028283e-05,0.0007438682951033115,0.0030403758864849806,0.006666333880275488,0.0016635435167700052,0.024462586268782616,0.3201958239078522,0.6360928416252136,0.7828002572059631
Barack Obama was a member of the,The first black president of the United States was a member of the,Barack Obama,The first black president of the United States, Senate,2.430734457448125e-05,5.7198890317522455e-06,1.5696336049586535e-05,1.784122287062928e-05,5.445165243145311e-06,5.572745180870697e-07,2.189473207181436e-06,1.4017890634931973e-06,5.404970124800457e-07,2.9508910870390537e-07,4.453012820704316e-07,1.6383080492232693e-06,1.7133177152572898e-06,1.3529620446206536e-06,2.041814695985522e-06,6.192680075400858e-07,1.0942623021037434e-06,7.43610507925041e-06,5.69113308301894e-06,3.0071873879933264e-06,8.971101124188863e-06,5.034024979977403e-06,5.825039352203021e-06,3.299374611742678e-06,1.8653784081834601e-06,5.152045105205616e-06,2.0677885004261043e-06,9.085071724257432e-06,1.7016747733578086e-05,1.0983218999172095e-05,1.2577663255797233e-05,1.4495059076580219e-05,1.3427898011286743e-05,8.25521692604525e-06,3.2564335015194956e-06,3.3206315492861904e-06,1.7443945807826822e-06,4.8518204494030215e-06,1.7000144225676195e-06,1.933469093273743e-06,1.2550258361443412e-06,1.514909172328771e-06,3.893182451975008e-07,3.4154760442106635e-07,2.6697802013586625e-07,2.9496027309505735e-07,4.0616387764202955e-07,1.3313439239936997e-06,1.3497846111931722e-06,3.1481124551646644e-06,4.268568318366306e-06,1.8238768006995087e-06,1.7637121345615014e-06,1.1932547749893274e-06,1.656359017943032e-06,6.455339871536125e-07,6.74422722113377e-07,1.0270651955579524e-06,4.1599892597332655e-07,1.2689174582192209e-06,1.0559242582530715e-06,3.5336546488906606e-07,8.612175150801704e-08,3.263600092395791e-07,3.0338836154442106e-07,2.963269309930183e-07,3.8721154282939096e-07,9.712258020044828e-08,7.925590495005963e-08,1.0525756977131095e-07,9.364978126313872e-08,2.915452341767377e-07,8.880898860752495e-08,6.018728271328655e-08,8.82419399772516e-08,1.8199853002442978e-07,1.8369880194768484e-07,7.37842995590654e-08,3.6540122039241396e-08,1.0593424804028473e-07,0.023658061400055885,0.007474442012608051
Burj Khalifa is located in the city of,The tallest building in the world is located in the city of,Burj Khalifa,The tallest building in the world, Dubai,1.4406517038878519e-05,2.972760512420791e-06,3.8995040085865185e-06,2.159373480026261e-06,2.66708184426534e-06,1.073692965292139e-05,8.365773283003364e-06,7.2332986746914685e-06,8.673870979691856e-06,4.876802904618671e-06,2.650044962138054e-06,3.4059310110023944e-06,4.536559117696015e-06,3.5964424114354188e-06,2.646407892825664e-06,3.648808615253074e-06,5.838747711095493e-06,1.6185387039513444e-06,7.430431651300751e-06,3.472312300800695e-06,2.5815370463533327e-06,1.3659201840710011e-06,9.279217920266092e-06,4.975667707185494e-06,3.225220325475675e-06,2.6902564513875404e-06,1.5482081607842701e-06,8.753438009989623e-07,1.2295687668029132e-07,7.492706544098837e-08,9.746574392011098e-08,1.325850291777897e-07,1.194432286411029e-07,2.537846626182727e-07,9.895903758661007e-07,1.4590517594115227e-07,1.209557922265958e-06,0.002275768667459488,0.001675824518315494,0.003873160108923912,0.002914590295404196,0.0039626481011509895,0.002534240484237671,0.002427790779620409,0.0036180568858981133,0.1068030297756195,0.10575423389673233,0.06273923069238663,0.025616329163312912,0.046165645122528076,0.022234072908759117,0.01339371595531702,0.008189002983272076,0.003183245426043868,0.0031409545335918665,0.0007509398856200278,0.0010550766019150615,0.0008262597839348018,0.0007305246545001864,0.0008398678037337959,0.0004920552019029856,0.00023930826864670962,0.000275671569397673,0.00042639265302568674,0.0005613547982648015,0.000654980365652591,0.0004376280994620174,0.00021174854191485792,0.00014694927085656673,0.00016598588263150305,0.00010405664943391457,7.56892331992276e-05,4.687537148129195e-05,6.906249473104253e-05,2.952040813397616e-05,4.4718435674440116e-05,4.7984176489990205e-05,0.00012184835213702172,0.00012910916120745242,0.0004709592030849308,0.8373129367828369,0.9475685358047485
Mesopotamian civilization originated in the modern-day country of,The oldest civilization originated in the modern-day country of,Mesopotamian civilization,The oldest civilization, Iraq,1.2360649179754546e-06,8.182949500223913e-07,6.231366000974958e-07,1.0398300673841732e-06,4.522409653873183e-06,4.494579570746282e-06,1.5099932170414831e-05,1.530302506580483e-05,2.2304104277282022e-05,6.104793556005461e-06,0.0005265162326395512,0.0012296305503696203,0.0005496822413988411,0.00024999267770908773,0.0003331329789943993,2.9532577173085883e-05,1.0820837815117557e-05,2.0407785996212624e-05,3.909722363459878e-05,7.3221031925641e-05,0.0005705470684915781,0.00015778036322444677,0.000496446795295924,0.00030343118123710155,5.401147063821554e-05,5.782376774732256e-06,5.378032710723346e-06,6.144413873698795e-06,8.714189789316151e-06,1.5073636859597173e-05,0.0009778195526450872,0.0017493932973593473,0.0010774385882541537,0.0005819615325890481,0.0007509852875955403,0.0007611940382048488,0.0005392179009504616,0.44175371527671814,0.2569727301597595,0.06410495191812515,0.0196832288056612,0.10728328675031662,0.13249734044075012,0.1336776167154312,0.20376712083816528,0.115644671022892,0.203616201877594,0.10498376935720444,0.18054082989692688,0.35080036520957947,0.4361345171928406,0.2710312008857727,0.3847658932209015,0.21182867884635925,0.7008654475212097,0.6671994924545288,0.8238653540611267,0.8131321668624878,0.8133921027183533,0.7704185247421265,0.842642068862915,0.8344390988349915,0.7431546449661255,0.7333588600158691,0.8346714973449707,0.8180405497550964,0.8500862121582031,0.7714648842811584,0.7132774591445923,0.7244090437889099,0.770581066608429,0.6008149981498718,0.6805157661437988,0.3536549210548401,0.5357682704925537,0.5410670042037964,0.6221548318862915,0.05332297459244728,0.0702490583062172,0.06242777407169342,0.2082185000181198,0.7491705417633057
Martin Luther King Jr. delivered the speech during the March on Washington in 1963 widely known as I Had A,The famous Pastor and Civil Rights leader delivered the speech during the March on Washington in 1963 widely known as I Had A,Martin Luther King Jr.,The famous Pastor and Civil Rights leader, Dream,6.01455155901931e-07,3.984009424584656e-07,2.40332792600384e-06,5.356119345378829e-06,1.4413552889891434e-05,3.466627731540939e-06,1.2254464309080504e-05,5.159804004506441e-06,3.111276555500808e-06,2.2632245872955536e-06,2.505268412278383e-06,7.72682687966153e-06,4.162121058470802e-06,5.643124040943803e-06,6.17599607721786e-06,1.9969578715972602e-05,5.831165253766812e-06,1.089301713363966e-05,1.6135780242620967e-05,7.625971193192527e-06,4.5313427108339965e-06,4.260304649505997e-06,2.6189252821495757e-05,1.648700526857283e-05,4.7814177378313616e-05,1.601968688191846e-05,1.4845071746094618e-05,9.84394773695385e-06,2.072588358714711e-05,4.997635187464766e-06,1.200362021336332e-05,5.366444383980706e-06,7.243925665534334e-06,7.642700074939057e-05,3.168777402606793e-05,0.00011621250450843945,0.00018143196939490736,0.0005405644187703729,0.00023480095842387527,0.000609199283644557,0.0006320298416540027,0.0017204132163897157,0.0295415036380291,0.06726717203855515,0.0566696971654892,0.02477356791496277,0.04023323953151703,0.1115763932466507,0.12547345459461212,0.16272662580013275,0.2864491641521454,0.24766723811626434,0.014623301103711128,0.00997510552406311,0.011251219548285007,0.006772362161427736,0.004274845123291016,0.0034776690881699324,0.0032466547563672066,0.005409754812717438,0.001524721272289753,0.0017012800090014935,0.0023461899254471064,0.004427409265190363,0.004135012626647949,0.005151182413101196,0.008111554197967052,0.00727609870955348,0.00452034967020154,0.005709237419068813,0.005877326242625713,0.01111823320388794,0.011509307660162449,0.010792693123221397,0.0073398444801568985,0.0259320717304945,0.029434869065880775,0.07852770388126373,0.025646120309829712,0.014863700605928898,0.9951085448265076,0.9965139031410217
The sperm whale dives deep into the ocean to hunt giant,The largest toothed whale dives deep into the ocean to hunt giant,The sperm whale,The largest toothed whale, squid,2.2606636207456177e-07,5.796393338641792e-07,3.3408614399377257e-06,2.1333178210625192e-06,1.032649947774189e-06,2.365735554121784e-07,3.879812879858946e-07,9.41422456435248e-07,7.147865517254104e-07,1.3733146033700905e-06,2.914712013080134e-06,4.064248514623614e-06,2.7486548788147047e-06,4.0593101857666625e-07,4.784480367447941e-08,3.801517607371352e-07,3.257426612890413e-07,2.5804524739214685e-07,1.5615956954206922e-06,9.761311048350763e-06,1.4026189091964625e-05,2.2931011699256487e-05,6.85078339301981e-05,0.00014739681500941515,5.5581949709448963e-05,4.399365570861846e-05,8.277510460175108e-06,4.377783625386655e-05,2.5009132514242083e-05,1.6021678675315343e-05,2.0804276573471725e-05,4.565727067529224e-05,5.207469257584307e-06,1.727791527628142e-06,4.807734512723982e-07,7.247064104376477e-07,2.0676372969319345e-06,3.803524350587395e-06,9.99812164081959e-06,3.870021373586496e-06,4.8612769205647055e-06,6.614513495151186e-06,3.7240045003272826e-06,1.784808046068065e-05,8.9585009845905e-05,5.302497811499052e-05,0.00012217671610414982,0.00010365811613155529,0.0001984188857022673,0.00014006986748427153,0.0003759808314498514,0.0001338319998467341,0.0001180907929665409,0.00010267741163261235,0.0002415671042399481,0.0002188340004067868,0.00023486862482968718,9.956271242117509e-05,7.999667286640033e-05,0.0001468929840484634,6.281238165684044e-05,0.0002829894656315446,0.00046725981519557536,0.0007662501302547753,0.0004928161506541073,0.009831082075834274,0.0030270013958215714,9.077882714336738e-05,0.00017297492013312876,0.0002044390857918188,0.00011904421990038827,0.00012431603681761771,9.871465590549633e-05,0.0001710294745862484,0.00043699302477762103,0.0012805269798263907,0.0007312351954169571,0.0006655706092715263,0.002013877034187317,0.006201200187206268,0.954092800617218,0.945635199546814
The surface of the Earth is mostly covered in,The surface of the densest planet in the Solar System is mostly covered in,The surface of the Earth,The surface of the densest planet in the Solar System, water,0.0001115500126616098,9.13751864572987e-05,0.00013521550863515586,0.0001374918210785836,6.919365841895342e-05,1.1966281817876734e-05,2.5171062588924542e-05,1.6218215023400262e-05,2.0458475773921236e-05,0.00013733550440520048,2.6784655347000808e-05,1.5069075743667781e-05,2.636933004396269e-06,1.032914860843448e-05,8.614784746896476e-06,3.7623253774654586e-06,3.7174548197072e-05,2.5826680939644575e-05,7.815581193426624e-05,4.0872429963201284e-05,5.08116208948195e-05,4.194900975562632e-05,7.183106936281547e-05,1.5792613339726813e-05,0.0001167643495136872,9.456262341700494e-05,0.0001048477424774319,0.00016186016728170216,0.004751559346914291,0.0006452962988987565,0.0012176730670034885,0.0006960667087696493,0.001256857649423182,0.0007695368258282542,0.0007157037616707385,0.0061132656410336494,0.0015671340515837073,0.0015488183125853539,0.00042052872595377266,0.00033925866591744125,0.00032488617580384016,0.00016634493658784777,0.00015485186304431409,0.0007051907596178353,0.0004365910717751831,0.001114720362238586,0.016737157478928566,0.01969374343752861,0.014623988419771194,0.03192579373717308,0.015488466247916222,0.052555158734321594,0.051342740654945374,0.3956963121891022,0.9762288928031921,0.9754461050033569,0.9687234163284302,0.8491608500480652,0.7527434229850769,0.9712968468666077,0.8061438798904419,0.8647013902664185,0.8941023945808411,0.634305477142334,0.4741886556148529,0.17232154309749603,0.06543944031000137,0.04436707869172096,0.024478573352098465,0.0721193477511406,0.03255782648921013,0.028522679582238197,0.006472561042755842,0.028247077018022537,0.04301013797521591,0.04259122908115387,0.02335270866751671,0.0704776719212532,0.09156418591737747,0.05122615396976471,0.0253811776638031,0.8364512920379639
Columbus' expedition led to the,The first spanish explorer to land in the Americas' expedition led to the,Columbus' expedition,The first spanish explorer to land in the Americas' expedition, discovery,6.49748180876486e-05,0.00010068333358503878,0.000218367378693074,0.00019439091556705534,0.00018208198889624327,0.00031129809212870896,8.884911221684888e-05,1.8030832507065497e-05,3.952633051085286e-06,7.480329259124119e-06,1.592583612364251e-05,1.8484863176126964e-05,6.190419662743807e-05,7.036783790681511e-05,0.00011551730858627707,0.0004567606665659696,0.0002070773916784674,9.676567424321547e-05,2.1472191292559728e-05,8.972798241302371e-06,2.9496930437744595e-05,4.509447535383515e-05,8.857937064021826e-05,0.0004047646652907133,0.0012109720846638083,0.0004036348545923829,0.001783687504939735,0.002163537312299013,0.0029262404423207045,0.0015089067164808512,0.0010172231122851372,0.0007780135492794216,0.0019585508853197098,0.0001415255683241412,2.6361780328443274e-05,7.1260442382481415e-06,1.3462929928209633e-05,4.612380962498719e-06,1.3914622286392841e-05,5.831498128827661e-06,1.0747163514679414e-06,1.4370510825756355e-06,2.0539786760309653e-07,3.809830104728462e-07,1.3951628830000118e-07,1.4369386791557304e-09,7.238535548736991e-09,3.928253722307318e-09,6.323730983304188e-10,3.934912951031322e-10,3.7298406030394915e-10,2.580606561775056e-10,1.5606296810410925e-10,1.089705214951664e-09,1.203217303569204e-09,7.126796930378987e-10,2.9699473991229297e-09,1.6280596870643649e-09,1.308877628503069e-08,2.0457914473581695e-08,3.8202422558697435e-08,3.569639517309042e-08,8.87062423515772e-09,2.369556284520513e-08,5.377260414718421e-09,4.708059275770893e-09,3.99121624639065e-09,5.640329980849401e-09,1.4520159297148894e-08,2.0229231623147825e-09,1.2726274478680466e-09,3.0109310600323624e-09,8.303420728772437e-10,2.4045674340555934e-09,4.160312372381014e-10,1.5179266177334227e-10,7.884597141849525e-11,1.0440129871724935e-09,9.657169508514585e-10,7.826986281322945e-10,0.15395772457122803,0.03927033022046089
Royce Gracie was born in the country of,The first champion of the UFC was born in the country of,Royce Gracie,The first champion of the UFC, Brazil,6.356148787745042e-06,7.209075647551799e-06,1.0943263987428509e-05,3.6788525903830305e-05,4.162239929428324e-05,5.1539213927753735e-06,1.7825999748311006e-05,5.023967969464138e-05,2.6166542284045136e-06,4.247517608746421e-06,5.619332114292774e-06,1.951374906639103e-05,5.497321126313182e-06,5.087686076876707e-06,1.0673110409697983e-05,8.94858931133058e-06,5.15177544002654e-06,2.169063463952625e-06,9.35922798817046e-07,3.7872837310715113e-07,1.175141264297963e-07,1.3222776829024951e-07,4.4796829001825245e-07,6.278334581111267e-07,1.4839969253443996e-06,1.6646796439090394e-06,1.4950571767258225e-06,5.605940259556519e-06,5.4303368415276054e-06,1.1671832908177748e-05,9.765282447915524e-05,3.650879443739541e-05,2.111306821461767e-05,2.462267548253294e-05,4.9662710807751864e-05,6.312382902251557e-05,5.151555160409771e-05,0.04423391819000244,0.013910675421357155,0.022147944197058678,0.08471023291349411,0.15127195417881012,0.6537018418312073,0.7271304726600647,0.7152827978134155,0.8707807660102844,0.7724694609642029,0.784122109413147,0.6950039267539978,0.685292661190033,0.8714375495910645,0.8665978908538818,0.8059577941894531,0.9151661396026611,0.9043802618980408,0.8891516923904419,0.9162877798080444,0.9030232429504395,0.9031951427459717,0.9404386878013611,0.9464710354804993,0.9354587197303772,0.9280799031257629,0.9193902611732483,0.9112687706947327,0.8433558940887451,0.9178977608680725,0.9026217460632324,0.36222222447395325,0.5155807137489319,0.32660973072052,0.21401584148406982,0.30113959312438965,0.23999086022377014,0.22192835807800293,0.3048960268497467,0.0650704875588417,0.11879280209541321,0.16880165040493011,0.10667265206575394,0.33712396025657654,0.975762665271759
Enzo Ferrari was a lover of the sport of,Henry Ford's competitor was a lover of the sport of,Enzo Ferrari,Henry Ford's competitor, racing,3.2738321351644117e-06,3.72599356524006e-06,3.2898133213166147e-06,2.5693727820907952e-06,8.292691973110777e-07,2.3231304169257783e-07,7.32255466573406e-06,5.456520739244297e-06,6.7556402427726425e-06,1.1556227946130093e-05,5.1314236770849675e-05,2.1360587197705172e-05,2.987640300489147e-06,5.082115876575699e-06,2.3459622298105387e-06,3.143716867270996e-06,2.985942728628288e-06,7.492315035051433e-07,4.991989499103511e-06,5.941501058259746e-06,0.00012075332051608711,3.563427162589505e-05,6.850599220342701e-06,2.8190779630676843e-06,9.718014553072862e-06,1.6541251170565374e-05,5.241036888037343e-06,4.186581918474985e-06,3.51984840563091e-06,7.338243904086994e-06,9.039387805387378e-06,1.6113469882839127e-06,2.136274588337983e-06,3.3310366234218236e-06,2.1698058390029473e-06,2.0239224340912187e-06,2.4060179839580087e-06,3.45277749147499e-06,7.106820703484118e-06,1.917527470141067e-06,3.3197743505297694e-06,3.12287625092722e-06,6.945570476091234e-06,1.09738339233445e-05,5.691903425031342e-06,9.119917194766458e-06,1.693401463853661e-05,9.466440133110154e-06,6.666381068498595e-06,8.132025868690107e-06,2.033791361100157e-06,3.0902913294994505e-06,3.6918429486831883e-06,4.7527928472845815e-06,7.5927800935460255e-06,1.0517684131627902e-05,1.0202916200796608e-05,1.2044612049066927e-05,1.3890847185393795e-05,1.2283690011827275e-05,1.2076319762854837e-05,5.556287305807928e-06,2.3911684365884867e-06,1.4001158206156106e-06,3.048551207029959e-06,4.082859959453344e-06,6.52696326142177e-06,9.490236152487341e-06,3.3506539693917148e-06,2.17501406041265e-06,2.3885161226644414e-06,3.688038987093023e-06,3.418548885747441e-06,1.2839540431741625e-05,1.7652117094257846e-05,3.632926382124424e-05,3.5915185435442254e-05,5.440758468466811e-05,3.3327134588034824e-05,0.00015082872414495796,0.030070478096604347,0.3565177917480469
California is the most,The bear flag state is the most,California,The bear flag state, populous,2.4555575350859726e-07,2.656234698861226e-07,3.5725673797060153e-07,1.2547218375402736e-07,2.3475450916521368e-07,9.067721151723163e-08,6.157920751093116e-08,6.999066215485072e-08,4.7173887196549913e-07,2.5387649316144234e-07,2.9309874207683606e-06,1.87139062290953e-06,6.885409220558358e-06,2.4303033569594845e-05,3.048281359951943e-05,1.1805916074081324e-05,7.917657967482228e-06,4.887845534540247e-06,4.787936632055789e-06,3.7278596209944226e-06,1.402596581101534e-06,8.33790545584634e-06,1.9089442503172904e-05,1.3714940905629192e-05,4.449905190995196e-06,6.453788955695927e-06,1.4564183402399067e-05,3.418842879909789e-06,2.469832679707906e-06,5.222113372838066e-07,8.553789143661561e-07,1.545969098515343e-06,7.066426519486413e-07,7.345894914578821e-07,5.295673872751649e-07,2.430419499432901e-06,1.7927490034708171e-06,1.1169335039085126e-06,1.714478230496752e-06,3.077428345932276e-06,5.566208528762218e-06,8.42471945361467e-06,7.653757165826391e-06,9.668187885836232e-06,1.957334825419821e-05,1.871376298367977e-05,2.7621423214441165e-05,4.16565962950699e-05,0.00011123730655526742,6.602804933208972e-05,0.00010326892515877262,0.0001916631154017523,0.00021432161156553775,0.0007712525548413396,0.00044853988219983876,0.0005764320958405733,0.0004126659769099206,0.00032185143209062517,7.53711283323355e-05,8.668412920087576e-05,0.00014907476725056767,7.344385812757537e-05,5.524313382920809e-05,3.738289524335414e-05,4.544323746813461e-05,1.2084398804290686e-05,1.02597514342051e-05,1.097830681828782e-05,1.166197944257874e-05,7.220636234706035e-06,8.69896848598728e-06,6.9979782892914955e-06,8.758139301789925e-06,2.9474666007445194e-05,2.9594926672871225e-05,2.3790675186319277e-05,7.835266842448618e-06,1.0504135389055591e-05,2.0182553271297365e-05,8.210005034925416e-05,0.5895707607269287,0.8518750071525574
California is the most,The golden bear state is the most,California,The golden bear state, populous,4.782497171618161e-07,4.106567814687878e-07,4.6007360765543126e-07,1.4881878485084599e-07,3.116665538982488e-07,2.4144412691384787e-07,2.626507580316684e-07,5.353138732289153e-08,4.094605969839904e-07,8.961303876731108e-08,4.833414095628541e-07,1.2583956277012476e-07,8.209727297980862e-07,1.0057339068225701e-06,1.7797137843444943e-06,7.750112445137347e-07,7.37005109385791e-07,1.4325565871331492e-06,1.5094204854904092e-06,8.749776156946609e-07,1.6654631451729074e-07,8.534800031156919e-07,3.4484014577174094e-06,3.426856665100786e-06,3.3987287224590546e-06,2.4217965801653918e-06,1.190515945381776e-06,1.459047098251176e-06,2.1821017526235664e-07,1.1942459821057128e-07,1.2835425877710804e-07,9.94187061564844e-08,8.43661069893642e-08,7.101507293327813e-08,4.1059994515535436e-08,1.0696136598653538e-07,5.909469180664928e-08,2.3374076363325003e-07,1.4489738475731428e-07,5.330967951522325e-07,3.4432255802130385e-07,8.030473850340059e-07,1.8789449995892937e-06,1.289795477532607e-06,2.02254568648641e-06,1.7553076077092555e-06,1.6532494555576704e-06,1.2311198815950775e-06,4.674815045291325e-06,1.8390315972283133e-06,2.927562491095159e-06,6.028393727319781e-06,1.0056116479972843e-05,5.63295998290414e-06,4.842182534048334e-06,5.178660103410948e-06,8.344751222466584e-06,1.138477455242537e-05,2.585088623163756e-05,2.3016715203993954e-05,2.5590290533727966e-05,1.3292886251292657e-05,4.290797278372338e-06,4.553737198875751e-06,5.374256488721585e-06,5.700709607481258e-06,3.978790573455626e-06,4.3642367018037476e-06,4.62837124359794e-06,2.4587718598922947e-06,3.0261157917266246e-06,3.631539811976836e-06,3.068528940275428e-06,4.788599198946031e-06,4.6967743401182815e-06,4.470496151043335e-06,5.7054339777096175e-06,3.351498889969662e-05,1.0802426004374865e-05,2.4834998839651234e-05,0.7714977264404297,0.8518750071525574
Hillary Clinton was a candidate for,Bill Clinton's wife was a candidate for,Hillary Clinton,Bill Clinton's wife, president,0.00010166656284127384,0.000799994042608887,0.0005776638863608241,0.0005446167197078466,0.0011299388715997338,0.0015515501145273447,0.0008069738396443427,0.0006994163268245757,0.001996421255171299,0.0013947784900665283,0.0033723628148436546,0.0009071554522961378,0.0007725710747763515,0.0003222998639103025,0.00014094870130065829,3.703305628732778e-05,5.2929381126887165e-06,3.5922753340855706e-06,7.646180165465921e-06,5.519531896425178e-06,1.0202346629739623e-06,1.443039423065784e-06,1.2926999488627189e-06,4.302423519675358e-07,2.1757547585821158e-07,4.811146823158197e-07,1.4892621891249291e-07,3.1961548074832535e-08,3.6533205616251507e-07,1.1174140723824166e-07,4.411530767356453e-07,1.9899627545783005e-07,4.4736785298482573e-07,7.229928087326698e-07,1.147455805039499e-06,1.0348937848903006e-06,4.818237471226894e-07,1.8959606222779257e-06,1.4023868288859376e-06,1.6303669099215767e-06,2.593513499959954e-06,2.3211073312268127e-06,1.1932377219636692e-06,1.0181832294620108e-05,4.15525073549361e-06,3.0586654702347005e-06,4.917460046272026e-06,7.776196184750006e-07,1.267899278900586e-06,3.9096119053283473e-07,1.1834680435640621e-07,1.020770881154931e-07,3.104330801306787e-07,4.53294575208929e-08,4.182807700203739e-08,2.0744357343005504e-08,2.7223871157389112e-08,3.9567595422340673e-08,6.761609494532195e-09,8.219764313643907e-10,2.5390272995196028e-08,6.038582256451264e-08,2.4779190255230787e-08,6.795380258495243e-09,3.2780526737496984e-08,1.0806290084985903e-08,1.866697019181629e-08,4.123016239532262e-08,3.563228290204279e-08,1.3667868614675172e-08,3.335476037591434e-07,3.050168402296549e-07,1.81224251605272e-07,3.5756224292526895e-07,6.185202323649719e-07,1.1296302773189382e-06,9.421914910490159e-07,5.004364538763184e-06,3.0165583666530438e-06,9.074329341274279e-07,0.2810431718826294,0.0979745090007782
Stephen Hawking worked in the field of,The man who coined the term Hawking Radiation worked in the field of,Stephen Hawking,The man who coined the term Hawking Radiation, quantum,0.0007996669155545533,0.0007736170664429665,0.0003422470181249082,0.0002146652404917404,3.7824302125955e-05,0.00010457882308401167,5.9114729083376005e-05,3.088726953137666e-05,4.103949686395936e-05,2.4456516257487237e-05,1.0137971003132407e-05,1.3061767276667524e-05,4.908834307570942e-05,7.397889567073435e-05,0.00011837075726361945,0.00024543108884245157,0.00014727080997545272,4.2119427234865725e-06,2.2202646505320445e-05,1.5422225260408595e-05,4.774037734023295e-06,6.89178659740719e-06,1.4171705515764188e-05,3.1546098853141302e-06,1.1913521120732184e-06,1.2665622080021421e-06,3.3544945381436264e-06,5.75625449528161e-07,1.3036893733442412e-06,7.479266628251935e-07,6.081439778427011e-07,7.094560601217381e-07,9.408460641679994e-07,4.468081726827222e-07,1.7213524472481367e-07,7.677670623706945e-07,4.2645413600439497e-07,1.29552162775326e-07,9.967099856567074e-08,1.597744727632744e-07,8.660585848474511e-08,7.508850075055307e-08,2.673638732630934e-08,5.244973877438497e-08,3.322291775020858e-08,7.438349314270454e-08,3.3269433430405115e-08,4.7967017025030145e-08,2.2859897086391356e-08,1.94750771065344e-09,8.210231605687568e-09,3.829473271821371e-08,4.6735131320474466e-09,2.85206613881428e-09,2.1921144899295086e-09,2.53931076166225e-09,2.2238744179503556e-09,1.8750831998204376e-09,7.588201178521103e-09,7.183847738900795e-09,2.7536664504168584e-08,1.147519945732256e-08,2.6411821618665954e-09,1.6408762348874006e-08,1.3403014698099014e-08,4.337050274472176e-09,1.066490007417542e-08,9.881772733422167e-09,2.2537690824719903e-08,1.3175850410718226e-09,1.8809984680956404e-08,1.8653751876485103e-09,3.829688566270306e-09,4.783744067538009e-09,1.8721151295864047e-09,2.216157568568633e-08,6.7779506451870475e-09,1.3431805001573593e-08,3.1104923081670677e-09,6.895538806617196e-09,0.03242792189121246,0.0007420447655022144
Lionel Messi is a champion in the game of,The Argentine forward for Barcelona is a champion in the game of,Lionel Messi,The Argentine forward for Barcelona, football,1.2606080417754129e-05,8.821166375128087e-06,1.008060007734457e-05,4.157926468906226e-06,2.709427644731477e-05,6.375640168698737e-06,5.314822828950128e-06,8.192464520107023e-06,5.80773594265338e-05,0.00011620507575571537,0.0004760072042699903,0.000807909935247153,0.00036484855809248984,0.0009962227195501328,0.0002429665473755449,0.000400917895603925,2.3876724299043417e-05,4.583717782224994e-06,6.870458037155913e-06,2.141385994036682e-05,0.00011999819980701432,0.0005734975566156209,0.0001851933338912204,0.0008257061708718538,0.000734938308596611,0.0006110633257776499,0.00021753471810370684,0.0003452621167525649,0.00011377099144738168,6.846228643553331e-05,2.71314838755643e-05,0.00028143494273535907,0.00020770171249751002,1.988105577765964e-05,2.6499461455387063e-05,6.65196348563768e-05,0.00012425720342434943,7.034641021164134e-05,3.7452216929523274e-05,2.1017958715674467e-05,3.421308065298945e-05,9.435287211090326e-06,8.519066795997787e-06,1.0424489119031932e-05,2.0575214875862002e-05,4.3521748011698946e-05,0.0001252221263712272,7.120898953871801e-05,0.0002502831630408764,0.0004053385928273201,6.00519597355742e-05,5.0345413910690695e-05,0.00023750020773150027,3.649441714514978e-05,0.00010906707757385448,0.0005457604420371354,0.0012734923511743546,0.009701788425445557,0.006558353081345558,0.01635143719613552,0.00331208691932261,0.0015748748555779457,0.0023638131096959114,0.0017205987824127078,0.0011675661662593484,0.000351956783561036,0.0005256888689473271,0.0003455118858255446,0.0002363439998589456,5.763272201875225e-05,7.780047599226236e-05,0.00012352425255812705,7.940472278278321e-05,0.00014866299170535058,0.00013228709576651454,0.00027778992080129683,0.0001809521345421672,0.0003484395856503397,0.00047428772086277604,0.01826140470802784,0.20372545719146729,0.2567017078399658
Microsoft created the operating system for,Bill Gates' company created the operating system for,Microsoft,Bill Gates' company, Windows,1.6523968952242285e-05,1.3084453712508548e-05,5.665046046487987e-06,8.341108696185984e-06,4.956809334544232e-06,5.582952780969208e-06,8.113054718705826e-06,5.927687743678689e-05,8.18070020613959e-06,2.2291413188213482e-05,4.7039797209436074e-05,1.2665922440646682e-05,6.873571237520082e-06,9.57005704549374e-06,2.771255822153762e-06,8.137786835504812e-07,5.881042852706742e-07,9.298531722379266e-07,7.111068953236099e-06,5.307759238348808e-06,7.602178584420471e-07,7.200092113635037e-06,9.098832379095256e-06,7.064042165438877e-06,1.6942010915954597e-05,2.6064857593155466e-05,2.0652376406360418e-05,5.461534601636231e-05,2.414813388895709e-05,6.337389640975744e-05,6.174843292683363e-05,2.341274193895515e-05,1.1131303836009465e-05,0.00011794843157986179,4.986886415281333e-05,8.308365795528516e-05,0.000753713131416589,0.0007192419725470245,0.0011150487698614597,0.0062175034545362,0.005891839507967234,0.0019454325083643198,0.0011541623389348388,0.0005021006218157709,0.00022324841120280325,0.0004340799932833761,0.0002894453064072877,0.00026612740475684404,0.00039570877561345696,7.096301123965532e-05,3.838786869891919e-05,4.8567620979156345e-05,1.87970872502774e-05,1.1825933142972644e-05,2.2395463474822463e-06,1.2095346164642251e-06,4.631813226296799e-07,4.1546786633261945e-07,7.045185839160695e-07,9.370614293402468e-07,2.6100968852915685e-07,1.3630061346248112e-07,2.119907236419749e-07,4.041227157358662e-07,2.4858840674824023e-07,4.290129140827048e-07,2.7696432880475186e-07,5.751615503868379e-07,6.157210918900091e-07,1.4291599654825404e-06,2.3815000531612895e-06,2.0846557617915096e-06,1.1642601975836442e-06,1.0714462632677169e-06,1.129090492213436e-06,9.771559916771366e-07,1.8276663240612834e-06,3.657774641396827e-06,8.025593160709832e-06,2.824420153046958e-05,0.040170662105083466,0.039419837296009064
James Bond works for the,Agent 007 works for the,James Bond,Agent 007, British,0.00029424362583085895,0.00027406951994635165,0.00016424126806668937,0.0002955051022581756,0.0007664922159165144,0.00033638259628787637,9.805728041101247e-05,8.0381960287923e-06,1.769734444678761e-05,1.652594619372394e-05,6.37431294308044e-05,5.3242920330376364e-06,2.117301619364298e-06,3.9125211515056435e-06,2.17791762224806e-06,1.983163429031265e-06,5.1754059313680045e-06,1.1136588682347792e-06,3.594240297388751e-06,1.3626873851535493e-07,1.8683078906178707e-07,1.0289672047747445e-07,1.495845390309114e-05,8.829559305922885e-07,1.30561249989114e-06,1.2259089317012695e-06,1.2826432111978647e-06,4.990433808416128e-07,3.4297970614716178e-06,3.73720763491292e-06,4.385159968478547e-07,2.3417567263095407e-06,1.3086601029499434e-06,6.0261559156060684e-06,1.5771425978527986e-06,4.692670700023882e-06,2.704656481000711e-06,0.00013647951709572226,5.436385254142806e-05,2.198997935920488e-05,5.3860130719840527e-05,1.392258855048567e-05,0.00023867459094617516,0.00015070216613821685,4.291692312108353e-05,0.00014661865134257823,0.00024178401508834213,0.000333985808538273,0.0006234108004719019,0.0011961190029978752,0.0013210838660597801,0.0017725055804476142,0.0013007934903725982,0.0013665411388501525,0.0011188957141712308,0.01001631747931242,0.017223268747329712,0.00907711312174797,0.006574139464646578,0.006123380269855261,0.012487285770475864,0.008031778037548065,0.0005963612347841263,0.0013075392926111817,0.0007714401581324637,0.0008954660734161735,0.0009851232171058655,0.0005530405323952436,0.001083141309209168,0.0019089429406449199,0.004163764417171478,0.0125353978946805,0.004349732771515846,0.0062960125505924225,0.008583934046328068,0.0029307131189852953,0.002725013066083193,0.0005384287214837968,0.0004610207979567349,0.002182980766519904,0.5636236667633057,0.5119829177856445
Alan Turing devised a way to break the ciphers made from the machine called the,The father of computer science devised a way to break the ciphers made from the machine called the,Alan Turing,The father of computer science, enigma,0.00011871495371451601,9.417666296940297e-05,0.00020835742179770023,0.0001082863673218526,0.00010305948671884835,0.0030702536460012197,0.0003411802463233471,0.00010131326416740194,3.828023181995377e-05,1.0070328244182747e-05,4.95607455377467e-05,3.967206794186495e-05,2.1768142687506042e-05,2.2082305804360658e-05,4.391295988170896e-06,6.01518377152388e-06,3.2646398722135928e-06,1.0219177966064308e-06,1.9318595150252804e-06,2.7854369477609e-07,9.993127036977967e-08,1.780834963938105e-07,2.5483328158770746e-07,4.692109314419213e-07,1.4979413265336916e-07,3.1075916240297374e-07,3.5042552326558507e-07,1.37043650738633e-06,1.0745778666887418e-07,8.72990071343338e-08,1.3653220776177477e-07,7.656846605641476e-07,4.048956370183987e-08,1.8563974890639656e-07,7.270630248967791e-07,1.2686585932897287e-06,2.1346230028029822e-07,7.275751272572961e-07,3.440794671405456e-06,7.731779078312684e-06,1.9986682673334144e-06,1.891108331619762e-05,9.93604407995008e-06,2.5143386665149592e-05,8.367262125830166e-06,1.855773348324874e-07,1.5433091675731703e-06,3.1885585940472083e-06,2.6058510229631793e-06,3.644130629254505e-06,5.400530881161103e-06,1.1923108104383573e-05,0.00011785812239395455,0.00022915203589946032,0.0002031181938946247,0.001554501592181623,0.0019774872343987226,0.00010787884093588218,6.0675989516312256e-05,1.0775212103908416e-05,0.00016719711129553616,0.0002584533649496734,0.00011048644228139892,0.00020919583039358258,0.0005974672385491431,0.00012190039706183597,0.0023566330783069134,0.00030085627804510295,0.005011755507439375,0.002547580050304532,0.001975306309759617,0.001342032104730606,0.01534373126924038,0.029225153848528862,0.037805572152137756,0.002443478209897876,0.3717157244682312,0.2441355586051941,0.03945406526327133,0.05243732035160065,0.007564171217381954,0.025896204635500908
Tim Cook was the CEO of Apple that oversaw the introduction of the Apple,Steve Jobs' successor oversaw the introduction of the Apple,Tim Cook,Steve Jobs' successor, Watch,2.9333901693462394e-05,5.133412287250394e-06,3.987519903603243e-06,1.1579485317270155e-06,1.2267972806512262e-06,1.8418330682834494e-06,4.17865339841228e-06,2.3730478915240383e-06,1.4754106132386369e-06,2.3700160909356782e-06,3.337873977216077e-06,3.0809671898168745e-06,1.0124088476004545e-05,8.717483069631271e-06,3.969986209995113e-06,8.843747991704731e-07,1.6840700709508383e-06,7.259089215949643e-06,9.010939720610622e-06,1.963622707989998e-06,6.729542860739457e-07,2.007153398153605e-06,1.6413695220762747e-06,1.5276038993761176e-06,2.607695023471024e-06,4.097144028492039e-06,3.6424733025341993e-06,1.777073703124188e-05,6.470027437899262e-05,2.4064420358627103e-05,1.3529066563933156e-05,2.0996649254811928e-06,4.426038685778622e-06,5.009116648579948e-06,5.189437160879606e-06,7.959815775393508e-06,5.135810170031618e-06,2.4978928195196204e-05,1.7599666534806602e-05,7.806708163116127e-05,0.00022081946372054517,0.00020074959320481867,0.00046791473869234324,0.0010869379620999098,0.0010126112028956413,0.0009184344089590013,0.0013550150906667113,0.0027255171444267035,0.028453880921006203,0.03211403638124466,0.037794798612594604,0.038333263248205185,0.037141088396310806,0.34131360054016113,0.33871763944625854,0.2823105454444885,0.20030322670936584,0.11596357077360153,0.05974610894918442,0.07076970487833023,0.0872931256890297,0.10830382257699966,0.07131596654653549,0.1366785168647766,0.08426915109157562,0.0501016341149807,0.09313442558050156,0.15703719854354858,0.06563223153352737,0.05322634056210518,0.011249829083681107,0.016535524278879166,0.012239571660757065,0.009959203191101551,0.017377745360136032,0.020443294197320938,0.022272801026701927,0.012828403152525425,0.00768436212092638,0.005569924600422382,0.9393163919448853,0.8792822957038879
Michael Jackson released the best-selling album of all time which is named,The King of Pop released the best-selling album of all time which is named,Michael Jackson,The King of Pop's, Thriller,3.080504393437877e-05,3.455264595686458e-05,2.8534084776765667e-05,2.86847921415756e-06,1.317623900831677e-05,3.7129120755707845e-05,1.6270869309664704e-05,2.6580346457194537e-05,9.299388921135687e-07,9.264039363188203e-06,5.412261998571921e-06,7.1638100962445606e-06,1.537312982691219e-06,2.181045829274808e-06,7.639238788215152e-07,1.990327291423455e-06,2.2560485035683087e-07,5.146807779965457e-07,9.893965398077853e-07,4.1129656125349356e-08,6.320764782685728e-07,5.30458862613159e-07,1.777657757884299e-06,1.971473011508351e-06,3.912486135959625e-06,6.979204272283823e-07,1.301864017477783e-06,1.4163548485157662e-06,1.8725178279055399e-06,5.315202542988118e-06,4.224290478305193e-06,4.584921498462791e-06,1.2114725905121304e-05,4.621215794031741e-06,5.66947983315913e-06,8.921308108256198e-06,5.07637105329195e-06,2.727430546656251e-05,1.954828985617496e-05,8.718388926354237e-06,8.91650688572554e-06,6.2661661104357336e-06,4.331443051341921e-06,1.1224510672036558e-06,4.6878258785909566e-07,3.577434597445972e-07,1.8299510884389747e-07,2.039151496546765e-07,1.5794859109519166e-07,4.528512533852336e-07,1.127004551904065e-07,6.643983141429999e-08,3.0328809685897795e-08,2.1468224531417945e-08,6.28769427635234e-08,4.5139714188735525e-08,4.3471906963077345e-08,5.006053882539163e-08,4.09232683296068e-08,5.5309783419943415e-08,1.922432213419256e-09,3.374995571903128e-08,3.4447030117235045e-08,6.395230567335375e-09,1.0141265960328383e-07,4.677264442420892e-08,5.951600456910455e-08,1.2354901457456435e-07,1.5899043148692726e-07,1.1214140016591045e-07,1.3441692203741695e-07,3.1351683560387755e-07,8.600469527664245e-07,5.061027650299366e-07,7.810428428456362e-07,2.1973186449031346e-05,8.300333138322458e-05,3.682994793052785e-05,9.705590491648763e-05,0.00022325091413222253,0.10444144904613495,0.08601253479719162
Chicago is the where the World's Columbian Exposition took place in the year of,The Windy City is where the World's Columbian Exposition took place in the year of,Chicago,The Windy City, 1893,0.048234861344099045,0.15203769505023956,0.027861567214131355,0.10866792500019073,0.6011455655097961,0.02403552085161209,0.39372682571411133,0.8850984573364258,0.5926773548126221,0.4107062518596649,0.6684617400169373,0.07856244593858719,0.7279513478279114,0.0966641902923584,0.362620085477829,0.0216052308678627,0.0013929790584370494,0.043814655393362045,0.14094483852386475,0.005915913265198469,0.003669318975880742,0.0041369847021996975,0.0002998473064508289,0.0002914041979238391,3.51002199749928e-05,0.0010307029588147998,0.0002853729238267988,0.1070069819688797,0.0005266270600259304,0.00571497343480587,0.004601797554641962,0.11084099858999252,0.5727360844612122,0.7736040949821472,0.9538010954856873,0.6054278612136841,0.30439239740371704,0.2653343081474304,0.02542375959455967,0.7281056642532349,0.5967943668365479,0.529503583908081,0.9685189723968506,0.5495662689208984,0.9009366631507874,0.9515153765678406,0.9828671813011169,0.9858816862106323,0.926692545413971,0.9875954389572144,0.9918354749679565,0.9826683402061462,0.9633142352104187,0.9018990397453308,0.9938137531280518,0.9965295195579529,0.9900315999984741,0.9998041987419128,0.9719199538230896,0.9519886374473572,0.998860239982605,0.9979249238967896,0.9966533780097961,0.9968748092651367,0.9875796437263489,0.9912577867507935,0.9873343706130981,0.9918873906135559,0.9415079355239868,0.9965156316757202,0.9773905873298645,0.9631932377815247,0.9979214072227478,0.8921355605125427,0.9855265617370605,0.9960950016975403,0.8655367493629456,0.8098792433738708,0.6820375919342041,0.15108495950698853,0.9391855597496033,0.9626466631889343
Robespierre executed many of his ideological opponents during the,The architect of the reign of terror executed many of his ideological opponents during the,Robespierre,The architect of the reign of terror, French Revolution,7.701820140937343e-05,3.714679041877389e-05,4.557802094495855e-05,5.5531410907860845e-05,0.00025320358690805733,0.00027809583116322756,0.00016561089432798326,4.186675505479798e-05,4.3323692807462066e-05,1.1734456165868323e-05,0.00012305605923756957,5.160297951078974e-05,8.231710671680048e-05,5.760996282333508e-05,1.769093614711892e-05,8.58267412695568e-06,1.711531149339862e-05,5.487648195412476e-06,1.8579021343612112e-05,4.3996406020596623e-05,1.926431286847219e-05,3.6722831282531843e-06,1.423861067451071e-05,3.019731411768589e-05,7.376901339739561e-05,7.305028702830896e-05,4.9400896386941895e-05,0.00022305070888251066,0.00021983316401019692,3.104631105088629e-05,2.6287652872269973e-06,3.362277311680373e-06,3.275722701800987e-05,2.2814891053712927e-05,1.1208688192709815e-05,5.435067578218877e-06,9.769116331881378e-06,0.003603753400966525,0.001214976073242724,0.0012182622449472547,0.0010261284187436104,0.0004223767318762839,3.995170845882967e-05,4.6599514462286606e-05,5.526745007955469e-05,2.242513255623635e-05,1.787073961168062e-05,6.310308526735753e-05,3.85759849450551e-05,2.4481003492837772e-05,1.5110971617104951e-05,1.0832887710421346e-05,3.5177628888050094e-05,1.3859488717571367e-05,5.119640718476148e-06,7.87845128797926e-05,3.9704162190901116e-05,1.9727322069229558e-05,3.405049938010052e-05,8.314183105539996e-06,2.1182354430493433e-06,3.6647079468821175e-06,5.988108000565262e-07,1.0639483889463008e-06,5.926731319050305e-07,2.005092255785712e-06,1.4125042980595026e-05,4.1410007725062314e-06,1.0337548701500054e-05,8.066368536674418e-06,7.233310952869942e-06,4.274961156625068e-06,1.759989117999794e-06,1.1033523605874507e-06,5.417056669898557e-08,2.127377172200795e-07,4.983633061783621e-07,1.8762017361950711e-06,1.562725992698688e-05,8.647794857097324e-06,0.32218557596206665,0.03798162564635277
Australia has a jumping marsupial animal called a,The big country near New Zealand has a jumping marsupial animal called a,Australia,The big country near New Zealand, Kangaroo,4.5599207965096866e-07,9.561881597619504e-07,5.637578510686581e-07,3.8139819480420556e-07,3.111246087428299e-07,1.408749653819541e-06,7.722186637693085e-06,1.922024694067659e-06,3.3626592994551174e-06,6.662131454504561e-06,6.421978469006717e-05,0.000155167406774126,0.00039205592474900186,0.0015033582458272576,0.00010733112139860168,9.876016702037305e-05,9.921266610035673e-05,2.0529663743218407e-05,6.21871276962338e-06,1.5028919733595103e-05,2.352201363464701e-06,5.535415311896941e-06,4.729894953925395e-06,2.1345354070945177e-06,4.514455667958828e-06,6.867605407023802e-06,5.494895958690904e-06,1.358260396955302e-05,2.2895112124388106e-05,4.7842589992797e-05,1.0652073797245976e-05,2.0729963580379263e-05,7.095374712662306e-06,2.259973371110391e-06,2.4209191906265914e-05,2.7404221327742562e-05,3.6206267850502627e-06,1.1074424946855288e-05,9.99918302113656e-06,1.6910838894546032e-05,8.953138603828847e-06,4.454599547898397e-05,0.00010457148891873658,8.316546882269904e-05,1.2951500139024574e-07,3.9573365029355045e-06,2.287773895659484e-06,2.523407829357893e-06,6.857617790956283e-06,3.358727553859353e-05,0.00030817341757938266,0.0030331560410559177,0.004892317578196526,0.003984237089753151,0.005468635819852352,0.0032340188045054674,0.0036944167222827673,0.0023182283621281385,0.0012676934711635113,0.0005488978349603713,0.0001329892547801137,4.85439995827619e-05,1.3052811482339166e-05,1.6021454939618707e-05,1.705235081317369e-05,4.5902288547949865e-06,1.1102038115495816e-06,1.7228036597316532e-07,1.0308561826377627e-07,1.3879824223295145e-07,2.400548453351803e-07,3.3913224228854233e-07,7.434114763782418e-07,2.510443835035403e-07,5.584278710557555e-07,4.988543267359091e-08,5.770465349996812e-08,1.8220647746147733e-07,2.3652512481930899e-07,3.007694431289565e-07,0.01699666492640972,0.02223219722509384
Arnold Schwarzenegger was born in the country of,The bodybuilding governor of California was born in the country of,Arnold Schwarzenegger,The bodybuilding governor of California, Austria,1.2500403272497351e-06,1.1164818261022447e-06,8.547295351490902e-07,1.3666850691151922e-06,5.5093291848606896e-06,6.15485930666182e-07,6.995590410951991e-06,2.067207560685347e-06,3.4237723411933985e-07,4.278941105440026e-06,1.0813071639859118e-05,5.44383601663867e-06,2.4153748654498486e-06,2.5314120648545213e-06,3.9171031858131755e-06,7.636912755515368e-07,1.196722905660863e-06,3.2444827411381993e-06,4.13715270042303e-06,2.6499114937905688e-06,2.467938656991464e-06,1.3548273045671522e-06,1.7675803292149794e-06,1.1600734524108702e-06,8.007621659089637e-07,9.032883667714486e-07,3.400830109967501e-06,3.906465735781239e-06,4.679008270613849e-06,2.7176831281394698e-05,1.623725620447658e-05,8.266998520412017e-06,4.596829057845753e-06,6.3198099269357044e-06,2.7128009605803527e-05,3.486250716377981e-05,2.014113124459982e-05,0.0025562746450304985,0.0009588948450982571,0.000756824214477092,0.0005446516443043947,0.0016869415994733572,0.4793927073478699,0.5742104649543762,0.5671172142028809,0.9363387227058411,0.9365116357803345,0.7188888192176819,0.8306522965431213,0.9314935207366943,0.9254541397094727,0.8581412434577942,0.9257044792175293,0.9482012987136841,0.9655142426490784,0.9627098441123962,0.9860586524009705,0.9795358777046204,0.96968674659729,0.9680366516113281,0.9363584518432617,0.9211053848266602,0.9191065430641174,0.9778377413749695,0.9747146964073181,0.9529883861541748,0.9253337979316711,0.8633869290351868,0.8293727040290833,0.7495318055152893,0.5839062333106995,0.38263529539108276,0.25873687863349915,0.4759231507778168,0.2876911461353302,0.057495106011629105,0.12142909318208694,0.035554058849811554,0.07373881340026855,0.0699506551027298,0.7847685813903809,0.8113072514533997
The largest university in Ohio is called The,The largest university in the Buckeye State is called The,Ohio,The Buckeye State, Ohio State University,1.2357319064904004e-05,1.9880877516698092e-05,1.8515247575123794e-05,1.4464500054600649e-05,4.971256203134544e-05,5.4759417253080755e-05,1.5039355275803246e-05,2.6313036869396456e-06,8.504820470989216e-06,2.2253760107560083e-05,3.538115197443403e-05,2.3753815185045823e-05,6.275925989029929e-05,6.0367106925696135e-05,0.00014245553757064044,8.781936048762873e-05,6.115846917964518e-05,9.939301526173949e-05,4.150845779804513e-05,4.2570689402054995e-05,1.385523228236707e-05,0.0002446586440782994,0.002230569254606962,0.0004815530264750123,0.00015385136066470295,0.00044390096445567906,0.001208863570354879,0.019341830164194107,0.03619038313627243,0.0019340063445270061,3.585289960028604e-05,0.0008338761981576681,0.000263395719230175,0.0022311387583613396,0.00010255031520500779,4.7238514525815845e-05,0.000174822736880742,0.00010469260450918227,2.588576535345055e-05,0.00020257355936337262,7.403158815577626e-05,0.0007321437005884945,2.1997664589434862e-05,9.294532901549246e-06,2.44099442170409e-06,0.00030044763116165996,0.0010126475244760513,0.01761416345834732,0.0002029362367466092,0.24557150900363922,0.012429151684045792,0.005793286487460136,0.0022561762016266584,0.02083669602870941,0.004792403429746628,0.268341600894928,0.0013437132583931088,0.004689585417509079,0.02645064704120159,9.365787991555408e-05,0.00030078270356170833,0.0019708327017724514,0.0011073193745687604,0.0007014429429545999,0.0007803764310665429,0.0013569556176662445,0.0012523186160251498,0.0007963243406265974,0.0023763144854456186,0.0028412356041371822,0.001972470199689269,0.0053332215175032616,0.011931650340557098,0.012572982348501682,0.014401749707758427,0.06164697930216789,0.030191250145435333,0.022211313247680664,0.05629635602235794,0.04882897436618805,0.9989264607429504,0.9977618455886841
"Canadians call their $1 coin a ""loonie"" because this type of bird appears on it","Canadians call their $1 coin a ""loonie"" because this type of winged animal appears on it",bird,winged animal, Common Loon,7.048063821457617e-07,2.2434201127907727e-06,5.505695753527107e-06,1.9862220142385922e-05,5.57547946300474e-06,2.8076790385966888e-06,3.357328751008026e-05,4.77949324704241e-05,4.9915479394258e-06,3.6254584756534314e-06,1.1318144061078783e-05,1.1709168575180229e-05,4.746305876324186e-06,1.290340264858969e-06,2.231758884363444e-07,2.4923454589043104e-07,2.717299594223732e-06,2.6596606403472833e-05,8.99155293154763e-06,1.6317858353431802e-06,7.777920245644054e-07,9.952966593118617e-07,1.376890622850624e-06,7.69865346228471e-06,2.0752013369929045e-06,3.1484710234508384e-06,8.430517937085824e-07,1.6631860262350529e-06,4.172528065282677e-07,3.672145680866379e-07,1.0213167342953966e-06,3.4478762245271355e-07,8.481116964276225e-08,3.9835938991927833e-07,1.924985781442956e-06,1.7681265944702318e-06,3.4768015666486463e-06,1.4786680821998743e-06,1.1945246569666779e-06,5.262903414404718e-06,1.7735854953571106e-06,3.4842908007703954e-06,7.594764497298456e-07,2.808103999996092e-06,1.430313432138064e-06,4.649944571610831e-07,6.02718671416369e-07,4.361411811260041e-06,1.4729013173564454e-06,9.301868999500584e-07,4.16756904542126e-07,3.2570395092079707e-07,8.376536584364658e-07,1.1484401341022021e-07,5.093862682770123e-07,7.751802399980079e-08,4.115706246921036e-07,3.2750606351328315e-06,2.778034513539751e-07,2.2310975964501267e-06,1.99274859369325e-06,8.581184374634176e-06,1.129281645262381e-05,1.2889538083982188e-05,3.22065970976837e-05,8.857741704559885e-06,9.899155884340871e-06,2.015075551753398e-05,2.3147831598180346e-05,6.542359187733382e-05,8.161969162756577e-05,2.216254324594047e-05,4.822808477911167e-06,2.183533251809422e-05,1.447281647415366e-06,6.877005944261327e-06,5.4523338803846855e-06,7.658479262317996e-06,1.439510378986597e-05,2.1121837562532164e-05,1.0556457397115082e-07,1.2490079370763851e-07
The University of Chicago is located in Chicago neighborhood of,The university with the most Nobel Prizes is located in the Chicago neighborhood of,The University of Chicago,The university with the most Nobel Prizes, Hyde Park,1.219367078419964e-07,2.202789488592316e-07,9.705662051828767e-08,1.7854132750017015e-07,4.6895533500901365e-07,7.837990096959402e-07,1.1149744523208938e-06,2.7609014523477526e-06,3.849340373562882e-06,6.9078546403034125e-06,6.580544777534669e-06,1.2949996744282544e-05,1.059993610397214e-05,1.1927664672839455e-05,3.618281698436476e-05,4.6063429181231186e-05,5.23235066793859e-05,6.329386087600142e-05,5.422502363217063e-05,0.00013270015188027173,1.8838827600120567e-05,6.03264106757706e-06,1.3221969311416615e-05,8.133854862535372e-06,2.1352703697630204e-05,8.415046977461316e-06,4.679300673160469e-06,1.0193938578595407e-05,1.0346481758460868e-05,3.604153971537016e-05,2.4414346626144834e-05,7.1899971771927085e-06,1.2179869372630492e-05,1.5256160850185552e-06,4.641065970645286e-06,4.621493644663133e-06,1.8874809029512107e-05,9.895166840578895e-06,6.793339707655832e-05,9.25455242395401e-05,7.255411765072495e-05,1.0377581929787993e-05,6.942750769667327e-05,2.126361505361274e-05,0.00010843950440175831,2.711967499635648e-05,5.951780258328654e-05,0.00027042863075621426,0.000423867633799091,0.0006068688235245645,0.0007332577370107174,0.0005593555397354066,0.0001427371462341398,0.00046114434371702373,0.00013209028111305088,0.0002877986116800457,0.00024066002515610307,0.0003442796878516674,0.00010887201642617583,0.00010828402446350083,3.408604970900342e-05,1.1959203220612835e-05,1.0690331691876054e-05,3.936790562875103e-06,7.41259464120958e-06,2.168971604987746e-06,1.089999386749696e-06,1.7133244227807154e-06,8.405298785874038e-07,4.174689820501953e-06,8.307944881380536e-06,1.2236222573847044e-05,2.3406890250043944e-05,6.190656222315738e-06,7.550566806457937e-06,1.1630966582742985e-05,3.562845813576132e-05,0.0014063454000279307,0.003174419514834881,0.007528294343501329,0.9913709163665771,0.973511815071106
"Después de las guerras de independencia hispanoamericanas, Simón Bolívar estableció la nación de la","Después de las guerras de independencia hispanoamericanas, el libertador estableció la nación de la",Simon Bolivar,el libertador, Gran Colombia,2.6875994763031485e-07,1.7611769465020188e-07,2.2454385373293917e-07,3.081458146425575e-07,6.867269917165686e-07,1.988503015581955e-07,3.794730787376466e-07,4.600622389716591e-07,2.847248197213048e-06,1.6110960132209584e-05,2.103394399455283e-05,3.048797452720464e-06,1.4661393834103364e-05,2.694710019568447e-05,4.894702578894794e-05,7.381275645457208e-05,4.4969369810132775e-06,3.208163889212301e-06,1.0259077498631086e-06,1.907489604491275e-06,2.0993769794586115e-05,4.102922321180813e-05,6.039794698153855e-06,6.725769708282314e-06,1.8979146261699498e-05,1.8879045455832966e-05,1.04526361610624e-05,4.898346742265858e-05,5.8388750403537415e-06,7.809311682649422e-06,2.0962328562745824e-05,1.3004372704017442e-05,3.450744043220766e-05,5.8897399867419153e-05,0.00012074010737705976,4.5847325964132324e-05,3.188380287610926e-05,7.868141437938903e-06,2.1143528101674747e-06,6.685361768177245e-06,3.552073394530453e-05,0.00017453900363761932,0.00022098007320892066,0.0004607611626852304,0.001041638315655291,0.0016149578150361776,0.0011293594725430012,0.0008374982280656695,0.00028396229026839137,0.00018487090710550547,0.0001601679396117106,0.00010941872460534796,4.133015681873076e-05,5.9191872423980385e-05,7.809064845787361e-05,7.466772512998432e-05,0.00011909237218787894,8.736111340112984e-05,0.00016929466801229864,0.00024433768703602254,0.00022974512830842286,0.0002915588556788862,0.0008419321966357529,0.00403987942263484,0.004576544277369976,0.017383312806487083,0.04582015797495842,0.005959572270512581,0.003353182692080736,0.011702758260071278,0.0161251500248909,0.024962609633803368,0.013532575219869614,0.018816854804754257,0.009261919185519218,0.011823412030935287,0.010155652649700642,0.08719013631343842,0.0041427696123719215,0.017455779016017914,0.9752840399742126,0.9954063892364502
Bill Gates was born in the city of,The founder of Microsoft was born in the city of,Bill Gates,The founder of Microsoft, Seattle,4.5523265725933015e-06,3.5727050544664962e-06,5.873063400940737e-06,5.48916386833298e-06,6.967408808122855e-06,9.236600817530416e-07,7.407852535834536e-07,9.350617915515613e-07,3.187891479683458e-06,5.941520612395834e-06,6.313038466032594e-05,2.4180148102459498e-05,6.597280844289344e-06,5.502615749719553e-06,9.245132787327748e-06,1.1583900231926236e-05,7.927355909487233e-06,3.029473418791895e-06,1.728850656945724e-05,7.321273756133451e-07,7.177226507337764e-06,6.580071840289747e-06,1.877636805147631e-06,1.0620296961860731e-06,5.810224479319004e-07,7.782881539242226e-07,6.743711651324702e-07,3.0974377295933664e-05,8.436376811005175e-05,0.0001234738592756912,0.0001328316138824448,0.0001630273909540847,0.003957188222557306,0.002182421740144491,0.005906898062676191,0.01920631341636181,0.006033479701727629,0.503097653388977,0.7547655701637268,0.11284458637237549,0.10911396145820618,0.02868914231657982,0.0048260497860610485,0.005550807807594538,0.029557375237345695,0.011744535528123379,0.00741894356906414,0.27032557129859924,0.2444942146539688,0.31352105736732483,0.10559887439012527,0.23975981771945953,0.17777392268180847,0.43152785301208496,0.47620218992233276,0.11280059814453125,0.33689406514167786,0.3622027337551117,0.2716240882873535,0.22656379640102386,0.157202810049057,0.18254050612449646,0.18870161473751068,0.07373138517141342,0.055129121989011765,0.04105868190526962,0.061010800302028656,0.08753767609596252,0.036088258028030396,0.0035023000091314316,0.0022101732902228832,0.0007702718139626086,0.001513072056695819,0.0031668078154325485,0.0009033551323227584,0.010635914281010628,0.0004605184367392212,0.0008971606148406863,0.000872345466632396,0.0005429542507044971,0.9605536460876465,0.9604517817497253
Nelson Mandela brought an end to,The first president of South Africa brought an end to,Nelson Mandela,The first president of South Africa, Apartheid,0.0005058366805315018,0.0014489298919215798,0.0008099753758870065,0.0005582105368375778,9.882824815576896e-05,4.84944976051338e-05,6.679180660285056e-05,3.769227987504564e-05,2.2817092030891217e-05,5.0734619435388595e-05,0.00010111839219462126,4.558552609523758e-05,3.483699765638448e-05,4.279072527424432e-06,1.3564601431426127e-05,4.526098200585693e-05,6.205576482898323e-06,3.084694753852091e-06,0.000246821204200387,6.755174399586394e-05,0.0005040289834141731,2.473881613695994e-05,2.8493429908849066e-06,0.00011488715244922787,0.00011742791684810072,8.865148629411124e-06,1.2684047760558315e-05,1.8209660993306898e-05,3.4844200854422525e-05,6.86950215822435e-07,1.2221523775224341e-06,3.6859883039142005e-06,2.097316155413864e-06,7.478494080714881e-05,5.331941429176368e-05,5.245990450930549e-06,9.660730938776396e-06,2.7282351311441744e-06,6.820803832852107e-07,4.984162274013215e-07,2.9777973509226285e-07,3.082585863012355e-06,1.7349772178931744e-06,2.341932940908009e-06,6.3164329731080215e-06,1.5172004168562125e-05,8.687347872182727e-06,1.20276570214628e-06,1.1656686638161773e-07,5.346009288587084e-07,5.2269268735472e-07,9.576668162480928e-06,1.1120565432065632e-05,2.079962541756686e-06,6.275406576605747e-07,3.37981958864475e-07,6.07112042416702e-06,2.468611228323425e-06,4.329749359044399e-08,1.4146447711027577e-06,1.0761068551801145e-06,1.3740291251451708e-06,3.071940909649129e-06,4.008470114058582e-06,9.073475553122989e-07,9.821228559303563e-07,2.2133506263344316e-06,1.1296309594399645e-06,1.0085990652441978e-05,4.207130288591543e-08,9.984723448042132e-08,1.3094316386741411e-07,5.4491572143433586e-08,2.3362711942809256e-07,1.0610484224571337e-07,2.647580288339668e-07,1.86592430395649e-07,1.2645799962740512e-09,3.255191671769353e-08,1.0344710688059422e-07,0.007375598419457674,0.013315665535628796
Abraham Lincoln issued an executive order famously known as the,The 16th president of the United States issued an executive order famously known as the,Abraham Lincoln,The 16th president of the United States, Emancipation Proclamation,3.4270231026312103e-06,5.643108579533873e-06,7.878376891312655e-06,5.519854312296957e-06,1.2640048225875944e-06,5.6868293540901504e-06,3.0991875973995775e-05,2.9995086151757278e-05,1.2148962923674844e-05,2.342565949220443e-06,1.2681953194260132e-05,2.081267211906379e-06,1.3438233281704015e-06,6.855430569885357e-07,1.32826869503333e-07,2.0520323573691712e-07,6.600603796869109e-07,1.7623476651351666e-06,2.333616748728673e-06,1.1810733667516615e-05,4.3506670408532955e-06,2.767101705103414e-06,6.789287567698921e-07,5.086394139652839e-06,1.8024440578301437e-05,9.156136911769863e-06,4.155991064180853e-06,3.541239834703447e-07,6.024746653565671e-06,5.864571448910283e-06,8.495801012031734e-06,2.034355748037342e-05,1.08204494608799e-05,5.468113613460446e-06,1.4010752238391433e-05,4.99210727866739e-06,5.053433142165886e-06,8.838283974910155e-06,1.5528623407590203e-05,4.9069283704739064e-05,1.3208611562731676e-05,2.5455194645473966e-06,1.4977443925090483e-06,3.274301207056851e-06,1.651268576097209e-05,5.307736500981264e-06,1.4595731954614166e-05,4.572416582959704e-05,7.092875603120774e-05,0.0001339161826763302,6.421230500563979e-05,8.908088057069108e-05,7.902385550551116e-05,0.00016159510414581746,0.0004150252789258957,0.00043363842996768653,0.0006293116020970047,0.00022658541274722666,0.0005742511712014675,0.00023504999990109354,0.00025282808928750455,0.0004542397800832987,9.221421350957826e-05,0.00022680952679365873,0.0002510015619918704,6.26234250376001e-05,2.6609606720739976e-05,1.507285560364835e-05,5.040619726059958e-06,8.449430424661841e-06,3.2155949156731367e-06,2.051813225989463e-06,4.136638017371297e-05,2.9427159461192787e-05,5.20996900377213e-06,1.4507122614304535e-05,7.808656846464146e-06,7.301136406567821e-07,3.293937425041804e-07,8.464427878607239e-07,0.8561391234397888,0.784521222114563
The name of Texas' dominating political party is,The name of the Lone Star State's dominating political party is,Texas',Lone Star State's, Republican,7.11864631739445e-05,4.1450006392551586e-05,4.5228527596918866e-05,0.00010303813178325072,0.00010723232117015868,0.00018238264601677656,0.00010947853297693655,3.157343962811865e-05,0.00014815035683568567,4.785078999702819e-05,0.0002133266971213743,9.739650704432279e-05,4.793108382727951e-05,4.402728154673241e-05,1.4930504221410956e-05,3.1742154078528984e-06,3.8139162370498525e-06,4.462292963580694e-06,5.5435270951420534e-06,6.3233583205146715e-06,1.8632792944117682e-06,1.875865677902766e-06,1.4277775335358456e-06,3.433524625506834e-06,9.816637884796364e-07,8.595627036811493e-07,1.8845377780962735e-05,2.029476718234946e-06,2.134619080607081e-06,5.394067102315603e-06,1.1867332432302646e-05,4.329334615249536e-07,1.182501478069753e-06,1.4039343341210042e-06,2.2987485408521025e-06,4.2761721488204785e-06,8.861526112013962e-06,1.881799653347116e-05,5.788382622995414e-05,5.4214313422562554e-05,2.46565123234177e-05,8.344966772710904e-05,0.00010281498543918133,0.0002435463247820735,0.00037719900137744844,0.0008771118009462953,0.0009434547391720116,0.0017569265328347683,0.0035005637910217047,0.00693711219355464,0.017992760986089706,0.02289249375462532,0.024590302258729935,0.018535640090703964,0.03213724121451378,0.04991724342107773,0.026177242398262024,0.02008184604346752,0.025748789310455322,0.013908238150179386,0.0739075243473053,0.05061117932200432,0.03178282082080841,0.0171704962849617,0.021449828520417213,0.028077714145183563,0.025819843634963036,0.01788753643631935,0.009492656216025352,0.04561708867549896,0.020473120734095573,0.023912029340863228,0.04231252148747444,0.02226259931921959,0.023177040740847588,0.012273899279534817,0.01825767010450363,0.011848172172904015,0.009205194190144539,0.0020987822208553553,0.0012616656022146344,0.007768626790493727
Russia is mostly located on the continent of,The largest country in the world is mostly located on the continent of,Russia,The largest country in the world, Asia,0.0001800116733647883,3.426384864724241e-05,0.00016469279944431037,2.7172021873411722e-05,1.58158454723889e-05,7.496335456380621e-06,2.2448630261351354e-06,3.7769891036987246e-07,3.512465582389268e-06,3.3000728762999643e-06,1.4453480616793968e-05,2.145807457054616e-06,2.248392831916135e-07,8.793700772002921e-07,9.078871698875446e-07,1.2747130995194311e-06,9.488672958468669e-07,2.4363203010580037e-07,5.611149163087248e-07,1.4418197906707064e-06,4.001907200290589e-06,5.155671374268422e-07,1.1227906497879303e-06,1.5228957636281848e-05,2.431316170259379e-05,8.64921894390136e-05,1.216966029460309e-05,4.026639999210602e-06,5.117710315971635e-06,2.0184629647701513e-06,3.0309897738334257e-06,4.8389581934316084e-05,1.0607198419165798e-05,3.7617642192344647e-06,2.4001071778911864e-06,1.0599462257232517e-05,1.0946955626423005e-05,1.8229526176583022e-05,1.886796781036537e-05,5.623732795356773e-05,0.00011353791342116892,0.0002659388701431453,0.00019304365559946746,8.920521213440225e-05,0.0003627906844485551,0.0004511278821155429,0.0014130990020930767,0.0005889321910217404,0.0010349302319809794,0.0005873480113223195,0.0010853969724848866,0.005534041207283735,0.0035890131257474422,0.005851442925632,0.003917429130524397,0.005414792336523533,0.007189580705016851,0.005503495689481497,0.08143413066864014,0.05464232712984085,0.056236300617456436,0.04954519122838974,0.048912834376096725,0.04595817252993584,0.04999353364109993,0.019854359328746796,0.14629043638706207,0.20074336230754852,0.16798608005046844,0.18051396310329437,0.13064023852348328,0.09031552821397781,0.301631897687912,0.1382935345172882,0.10757043957710266,0.019065208733081818,0.022848134860396385,0.006630686577409506,0.009624138474464417,0.00046646076953038573,0.8404864072799683,0.7689611315727234
Steve Jobs' father was from the country of,The founder of Apple's father was from the country of,Steve Jobs',The founder of Apple's, Syria,2.7127136945637176e-06,3.7850384160265094e-06,4.62240541310166e-06,2.907248017436359e-06,8.765937309362926e-06,2.88660066871671e-06,9.760965440364089e-06,4.86690150864888e-05,0.00019599086954258382,1.0703904081310611e-05,8.088793947536033e-06,3.737971928785555e-05,1.5563287888653576e-05,5.9950118156848475e-05,1.9119524949928746e-05,2.618169310153462e-05,5.676797081832774e-05,2.2844098566565663e-05,2.226848664577119e-05,2.2539379642694257e-06,7.714542334724683e-06,5.1050928959739394e-06,5.422473805083428e-06,3.2443920190416975e-06,1.9074036572419573e-06,6.0238085097807925e-06,2.1239368379610823e-06,4.713908310804982e-06,6.3970319388317876e-06,1.6414912806794746e-06,1.0105596629728097e-05,2.744834273471497e-05,7.058610208332539e-05,6.405175372492522e-05,0.00011435693159000948,6.171791028464213e-05,1.662420982029289e-05,0.00014105041918810457,0.0002583801979199052,2.3907779905130155e-05,1.1486525181680918e-05,1.313437860517297e-05,4.148880179855041e-05,4.302501474739984e-05,1.8397204257780686e-05,1.9556737242965028e-05,2.1292700694175437e-05,3.174839002895169e-05,2.606410089356359e-05,8.272676495835185e-06,1.0289008969266433e-05,1.3144703189027496e-05,5.499297913047485e-06,3.02847070088319e-06,3.2954053494904656e-06,6.116873009887058e-06,4.0254749364976306e-06,2.7297171527607134e-06,4.165142399870092e-06,3.681913312902907e-06,5.153659458301263e-06,1.9817564407276222e-06,6.327020969365549e-07,1.6812481362649123e-06,1.533630211270065e-06,1.9821377463813405e-06,8.56021756590053e-07,1.759991960170737e-06,1.8309481220057933e-06,1.144920588558307e-06,3.5834514164889697e-06,5.030556167184841e-06,9.69503162195906e-06,1.393181719322456e-05,1.4203921637090389e-05,2.9868308502045693e-06,8.039212843868881e-06,0.0002447888255119324,0.00048261639312841,0.0016193428309634328,0.8044871687889099,0.8875230550765991
J.R.R. Tolkien was afraid of,"The author of ""The Lord of The Rings"" was afraid of",J.R.R. Tolkien,"The author of ""The Lord of The Rings""", spiders,1.5159920394580695e-06,9.687446436146274e-07,3.203052187927824e-07,4.535579023468017e-07,2.789900918287458e-06,1.637417881283909e-06,8.319323683281254e-07,3.600026275307755e-06,5.181876986171119e-06,2.0472725736908615e-06,3.76876414520666e-06,6.758252197869297e-07,1.6002053371266811e-06,3.6340927636047127e-06,5.288440661388449e-06,1.7122940334957093e-05,8.935918231145479e-06,4.515233013080433e-05,8.141945727402344e-05,5.3309086069930345e-05,7.955407636472955e-05,7.41440526326187e-05,2.0245795894879848e-05,4.2405404201417696e-06,5.644139946525684e-06,1.1002922292391304e-05,9.209055860992521e-06,9.710158337838948e-06,7.667852514714468e-06,6.607029717997648e-06,1.3015912372793537e-05,3.026414560736157e-06,2.55294412454532e-06,1.6834128473419696e-06,1.230910129379481e-06,4.347397407400422e-06,3.6784369967790553e-06,6.146341547719203e-06,3.5550363008951535e-06,1.0961730367853306e-05,2.1408917746157385e-05,2.4351686079171486e-05,1.9117411284241825e-05,1.7157679394586012e-05,1.8213984731119126e-05,1.8667586118681356e-05,3.795939846895635e-05,4.579516826197505e-05,7.462764187948778e-05,6.232724990695715e-05,5.6866498198360205e-05,5.3899260819889605e-05,0.0001065697506419383,0.00014607346383854747,9.603619400877506e-05,0.00010649907926563174,0.00018281128723174334,0.0003200185892637819,0.0002845959970727563,0.00027411640621721745,0.00027059827698394656,0.0002704462385736406,0.0003199491184204817,0.00021500812727026641,0.00014376475883182138,0.00012168017565272748,4.160594107815996e-05,5.824586332892068e-05,2.3526767108705826e-05,2.3044427507556975e-05,4.7075573093025014e-05,3.756101432372816e-05,4.9264359404332936e-05,3.695256236824207e-05,2.2763391825719737e-05,6.524782656924799e-05,3.33509779011365e-05,5.8222361985826865e-05,0.00021004225709475577,0.00044577333028428257,0.281103253364563,0.33398348093032837
Argonne National Laboratory conducted pioneering research on,The U.S.'s first national laboratory conducted pioneering research on,Argonne National Laboratory ,The U.S.'s first national laboratory, nuclear energy,5.755451184086269e-06,9.469314136367757e-06,8.426639396930113e-06,8.660723324283026e-06,3.530914227667381e-06,1.2001191862509586e-05,1.2302641607675469e-06,9.05972910913988e-07,6.80330595059786e-06,3.622484427978634e-06,9.030882779370586e-07,3.334187113068765e-07,1.0984707614625222e-06,4.7377358214362175e-07,1.7687591480353149e-06,5.238927087702905e-07,1.5472057839360787e-06,1.7675424146545993e-07,3.228235812002822e-08,7.955816272442462e-08,1.1037341209885199e-06,3.2274160730594303e-06,2.601599771878682e-05,0.0003075231797993183,0.00013644483988173306,6.570830464625033e-06,8.304396033054218e-06,1.1506336704769637e-05,1.3339649740373716e-06,5.945414613961475e-07,5.577970796366571e-07,5.768294499830517e-07,1.9429473923082696e-06,1.3989737226438592e-06,2.3727679945295677e-06,9.220142601407133e-06,2.5296361854998395e-05,6.921696240169695e-06,2.4185865186154842e-05,2.314981429663021e-06,4.637130132323364e-06,1.9737266484298743e-05,1.1586380423977971e-06,2.9812918000970967e-07,1.937468368851114e-06,3.2476193155162036e-05,8.76917147252243e-06,1.2009404599666595e-06,4.6592703029091354e-07,2.1713899513997603e-06,8.737383154766576e-07,9.492860613136145e-07,9.307713071393664e-07,7.907413532848295e-07,8.088986902521356e-08,2.8630372739257837e-08,1.646441489810968e-07,8.32348412416195e-09,4.696821598315637e-09,1.6272618807988692e-08,1.1940987576508633e-07,4.0984110682984465e-07,1.1385952802811516e-06,1.5012277572168387e-06,3.1977328944776673e-06,7.248084330058191e-06,2.2191879907040857e-05,6.471133474406088e-06,8.11948484624736e-06,7.241388175316388e-06,1.6243477148236707e-05,1.7561918866704218e-05,1.0725497304520104e-05,5.019986474508187e-06,3.983475835411809e-06,3.1152328574535204e-06,5.499714916368248e-06,1.0320025467080995e-05,1.767233356986253e-06,6.349619638967852e-07,0.3127346932888031,0.1162337139248848
"For 25 years, the Sears Tower was the world's","For 25 years, the world's tallest building in 1973 was the world's",Sears Tower,world's tallest building in 1973, tallest building,6.188480483615422e-07,9.027149872053997e-07,8.821403980618925e-07,4.1826997403404675e-06,5.455845553115068e-07,1.4174856914905831e-06,4.918492209071701e-07,7.097227125996142e-07,5.679992682416923e-06,2.4252954062831122e-06,5.412596692622174e-06,2.9174198061809875e-06,6.4637047216820065e-06,3.0321409212774597e-05,2.425638922431972e-05,9.422201401321217e-05,0.00034355823299847543,0.0003080759779550135,2.66010520135751e-05,7.560658559668809e-06,1.7323900465271436e-05,2.9004013413214125e-05,1.2417370271577965e-05,1.1164397619722877e-05,2.838117325154599e-06,1.3158291949366685e-06,1.0326687061024131e-06,1.0050245009551872e-06,2.966059128084453e-06,1.376784439344192e-05,2.3543170755147003e-05,5.919356681260979e-06,6.323881734715542e-06,2.4528139874746557e-06,1.718271732897847e-06,8.468365194858052e-06,1.3801067325402983e-05,7.3358869485673495e-06,4.720673314295709e-05,0.00013215484796091914,8.938496466726065e-05,6.55009425827302e-05,0.00011137194815091789,2.3527116354671307e-05,0.00011563960288185626,3.013302557519637e-05,5.5371301641571335e-06,5.12981432621018e-06,1.0715570169850253e-05,5.397756467573345e-06,1.7498178976893541e-06,9.564971605868777e-07,1.953504352059099e-06,5.23692142451182e-06,9.404142474522814e-06,8.37862171465531e-06,7.1438316808780655e-06,2.7672671421896666e-05,4.137767245993018e-05,5.80589912715368e-05,3.876776099787094e-05,4.608538802131079e-05,6.843066512374207e-05,7.390908285742626e-05,5.1310547860339284e-05,9.514903649687767e-05,0.00019533104205038399,0.0001922753144754097,0.00012765043356921524,0.00015600021288264543,0.000154969297000207,0.00013864900392945856,0.00016970255819614977,6.870704237371683e-05,9.372969361720607e-05,0.00025944109074771404,0.00011710630496963859,0.0002485309378243983,4.268006523489021e-05,2.5619705411372706e-05,0.7943781018257141,0.9909193515777588
French is the official language of a Canadian province called,A romance language is the official language of a Canadian province called,French,A romance language, Quebec,5.765103196608834e-06,3.771039246203145e-06,4.947962679580087e-07,1.0169561619477463e-06,4.929493115923833e-06,4.565882591123227e-06,3.212737738067517e-06,8.995370990305673e-07,2.9947643724881345e-06,2.8205836315464694e-06,3.7593028991977917e-06,8.960303603089415e-06,2.720209295148379e-06,3.1242338991432916e-06,9.912027962855063e-07,1.5624727893737145e-06,5.874249382031849e-06,1.087749978978536e-06,4.0975257320496894e-07,4.2160294810855703e-07,5.162846719031222e-07,2.6876088554672606e-07,2.749005943769589e-06,9.997168490372133e-06,6.362487056321697e-06,4.11312430514954e-06,2.8517447390186135e-06,3.027523689524969e-07,1.4853895891064894e-07,2.6485398052500386e-07,1.1840459279710558e-07,4.48142181141975e-08,2.0243250276053004e-07,4.524787584614387e-07,1.2219997813645023e-07,2.1506261305148655e-07,1.9077940578426933e-06,4.959871876053512e-05,8.02822905825451e-05,6.246522389119491e-05,8.814316970529035e-05,0.00011592619557632133,0.0001068839046638459,4.625620931619778e-05,7.999761874089018e-05,9.779436368262395e-05,7.241737330332398e-05,0.0001273392408620566,8.591570076532662e-05,8.463946142001078e-05,0.00012467331544030458,0.00018436802201904356,0.00022383127361536026,0.00024780514650046825,0.00037522974889725447,0.0002953345829155296,0.00018694148457143456,0.00014822730736341327,0.000105357299617026,0.00020846290863119066,0.00024203523935284466,0.00010213693894911557,9.655682515585795e-05,8.321044879266992e-05,9.31289978325367e-05,9.652009612182155e-05,0.00013322966697160155,0.0001350476231891662,0.0003636082401499152,0.0004280938592273742,0.00039421344990842044,0.0008220294257625937,0.0026820972561836243,0.002684274222701788,0.00498556811362505,0.022315941751003265,0.03216647356748581,0.04743990674614906,0.07884287089109421,0.05619225651025772,0.9059607982635498,0.9604442119598389
Cain murdered a person named,Adam and Eve's eldest son murdered a person named,Cain,Adam and Eve's eldest son, Abel,1.8545218694043797e-08,2.9920155952822824e-07,6.444568498409353e-06,1.3361809578782413e-06,5.749590400228044e-06,2.903192807934829e-06,5.3449834922503214e-06,3.697411739267409e-05,3.0768063879804686e-05,2.6136414817301556e-05,7.088573056535097e-06,3.18841580337903e-06,1.580376920173876e-05,9.354916983284056e-07,4.360483956133976e-07,3.677532504298142e-06,2.241789388790494e-06,6.9410225478350185e-06,4.865235496254172e-06,1.3220532309787814e-05,7.312652996915858e-06,1.04284226836171e-05,0.00014729882241226733,9.096971552935429e-06,2.9604432711494155e-05,2.9605937015730888e-05,5.7588393246987835e-05,3.324476710986346e-05,8.445127605227754e-05,5.960065664112335e-06,1.2097609214833938e-05,1.61899947670463e-06,2.8872224788756284e-07,3.5860810498888895e-07,3.899198759427236e-07,3.442872866799007e-07,1.4546847069141222e-06,2.878833242903056e-07,6.203442808327964e-07,2.29794950428186e-05,1.0525052857701667e-05,6.440669676521793e-05,0.00024297130585182458,0.0007138436776585877,0.0020311689004302025,0.0016399928135797381,0.0007988648139871657,0.0013368177460506558,0.005489364732056856,0.009281670674681664,0.011701931245625019,0.018865276128053665,0.019983932375907898,0.020857686176896095,0.017707452178001404,0.035436179488897324,0.02764059603214264,0.4723605215549469,0.4906252920627594,0.4535906910896301,0.5555922389030457,0.6169012188911438,0.7392192482948303,0.7170210480690002,0.6423365473747253,0.6328161954879761,0.8217906355857849,0.6805129647254944,0.7131549715995789,0.04505801200866699,0.18814149498939514,0.25527629256248474,0.48864951729774475,0.3404371440410614,0.26423898339271545,0.13842934370040894,0.051669828593730927,0.015403465367853642,0.03893418610095978,0.07618347555398941,0.6417813301086426,0.7751837968826294
Napoleon was famously defeated at The Battle of,The Corsican-born leader of the French Republic was famously defeated at The Battle of,Napoleon,The Corsican-born leader of the French Republic, Waterloo,1.583146911343647e-07,5.775906402050168e-07,6.924076387804234e-07,1.0597623258945532e-06,1.4187043007041211e-06,3.4013910408248194e-06,4.148757852817653e-06,3.021346174136852e-06,1.6414240917583811e-06,1.6665527482473408e-06,3.501302899167058e-06,4.451463155419333e-06,9.460570254304912e-06,1.2802425771951675e-05,2.9670207368326373e-05,1.0272544386680238e-05,6.664408283540979e-05,2.484586730133742e-05,2.727676246649935e-06,2.815774223563494e-06,9.336295079265255e-06,4.92527487949701e-06,2.678537384781521e-06,2.8217316867085174e-05,1.0251838830299675e-05,1.1854808690259233e-05,1.2752749171340838e-05,8.806323421595152e-07,5.108390723762568e-07,6.802587222409784e-07,3.947372533730231e-06,3.2167245080927387e-06,6.433467206079513e-06,1.067343146132771e-05,4.1031995351659134e-05,4.916454781778157e-05,0.00017589669732842594,0.00037634174805134535,0.0006289581651799381,0.004194747656583786,0.014014842920005322,0.03945646807551384,0.04271470010280609,0.07164643704891205,0.07096729427576065,0.06958552449941635,0.08117815852165222,0.13226290047168732,0.033614855259656906,0.05455220118165016,0.413462370634079,0.3205074667930603,0.7204155921936035,0.4386148452758789,0.4393872022628784,0.4356800317764282,0.3698488473892212,0.60970538854599,0.3073381185531616,0.34153300523757935,0.43798181414604187,0.4328031539916992,0.21906836330890656,0.31193599104881287,0.2132512629032135,0.06830749660730362,0.053499843925237656,0.01924620009958744,0.012868806719779968,0.0023637707345187664,0.027161652222275734,0.003953718580305576,0.01153403427451849,0.0012155735166743398,0.0019819859880954027,0.0005797219346277416,0.00442854268476367,0.009752259589731693,0.012714286334812641,0.06682871282100677,0.9792494177818298,0.9567154049873352
Quinine forms a medication used to treat an illness called,Extract from the bark of the cinchona tree forms a medication used to treat an illness called,Quinine,Extract from the bark of the cinchona tree, malaria,2.4594771730335196e-07,2.7756055942518287e-07,2.0850133353178535e-07,7.814243474513205e-08,3.263855319346476e-07,3.7555557241830684e-07,1.750433398228779e-06,1.981243258342147e-06,5.270467681839364e-06,4.904217348666862e-06,1.2704376786132343e-05,6.503895292553352e-06,4.952663857693551e-06,2.248595365017536e-06,6.723236651851039e-07,7.803300832165405e-07,1.7204403093273868e-06,4.8959150262817275e-06,5.154859081812901e-06,1.3473457329382654e-05,2.688529093575198e-06,1.0788666259031743e-05,2.6655554393073544e-05,3.286128048785031e-05,6.000080975354649e-05,2.4516770281479694e-05,1.7894375559990294e-05,4.00281060137786e-05,3.447245035204105e-05,1.200895530928392e-05,2.5801273295655847e-05,4.415703733684495e-05,2.04007974389242e-05,1.201610666612396e-05,9.439707355340943e-06,3.0038038403290557e-06,1.7636197298998013e-05,7.260792335728183e-05,6.266093259910122e-05,5.982550646876916e-05,7.083565287757665e-05,7.981103408383206e-05,0.00030714060994796455,0.00023298923042602837,0.00037182020605541766,0.00021530408412218094,0.001800398575142026,0.0010633222991600633,0.00028278815443627536,0.0009509090450592339,0.006014814134687185,0.006627550348639488,0.0040826695039868355,0.006960082799196243,0.0060918089002370834,0.0030870200134813786,0.0052557699382305145,0.0035692784003913403,0.004089871421456337,0.00281710852868855,0.0019724697340279818,0.0016070753335952759,0.00159624929074198,0.0009986526565626264,0.00039688608376309276,0.00036069011548534036,0.0006106267683207989,0.0005452558398246765,0.0004576232167892158,0.00046842676238156855,0.00039989122888073325,0.0009463861933909357,0.0006972755072638392,0.0006311908946372569,0.00029795814771205187,0.0004999994416721165,0.0010817073052749038,0.0015264588873833418,0.004669245332479477,0.04195805639028549,0.9421854615211487,0.9544292092323303
Hadrian built a wall in the province of,The successor to Antoninus Pius built a wall in the province of,Hadrian,The successor to Antoninus Pius built a wall across, Britannia,1.2214103435326251e-06,2.4610628770460607e-06,3.703319464420929e-07,1.6765153532105614e-07,3.6818661897086713e-07,8.100362720142584e-06,1.4350869150803192e-06,3.2901940016927256e-07,3.676037962918599e-08,1.4120777791504224e-07,9.81707870550963e-08,9.261469244847831e-07,8.949300536187366e-07,7.428930643982312e-07,8.559932211937848e-07,3.6591131902241614e-06,5.094396783533739e-06,3.7080083075125003e-06,8.519275070284493e-06,6.699845471302979e-06,2.420740884190309e-06,8.898795385903213e-06,3.684746161525254e-06,5.124700237502111e-06,2.3152226731326664e-06,8.973260037237196e-07,3.145341679555713e-06,9.580858204571996e-07,9.495033737039194e-07,6.138888011264498e-07,4.4576368054549675e-06,1.8980937284140964e-06,3.17110618652805e-07,3.868210001201078e-07,1.5664597867726116e-06,4.959266561854747e-07,3.41930189051709e-07,1.2489791743064416e-06,3.808627866419556e-07,8.705080745130545e-08,4.379423401701388e-08,2.9554140468235346e-08,6.011128306226965e-08,5.3843997704916546e-08,5.796889013254258e-08,1.199683907771032e-07,1.2352124656445085e-07,6.981110090009679e-08,5.6525820468777965e-08,1.3063855419659376e-07,2.830049652402522e-07,1.8600104567667586e-07,1.5886317328295263e-07,8.429164495282748e-07,5.690673106073518e-07,2.894236956763052e-07,8.554889063816518e-07,1.1947768143727444e-06,1.5398362620544503e-06,1.4727633015354513e-06,8.283647616735834e-07,2.8714496238535503e-06,4.756795078719733e-06,1.5419269402627833e-05,2.2526552129420452e-05,8.827783858578186e-06,9.542707630316727e-06,4.66370102003566e-06,4.834252194996225e-06,1.743337452353444e-05,2.705909537326079e-05,0.00047036478645168245,0.0016028928803279996,0.003341805189847946,0.004127773456275463,0.01376340538263321,0.006447160616517067,0.0007199487299658358,0.0018346345750615,0.003542027436196804,0.5977894067764282,0.8576024174690247
D-Day took place on the beaches of,The largest seaborne invasion in history took place on the beaches of,D-Day,The largest seaborne invasion in history, Normandy,1.6517250287506613e-06,3.5429221156846324e-07,1.3281679400733992e-07,3.378119473040897e-08,2.4441555979137775e-07,5.026251415074512e-07,6.111778247941402e-07,7.295855084521463e-06,1.83086176548386e-05,5.132859314471716e-06,0.0001016955211525783,7.604304846609011e-05,0.0001581879478180781,1.578150477143936e-05,3.149151598336175e-05,3.1343115551862866e-06,2.8121814921178157e-06,1.1254027185714222e-06,1.4249185653625318e-07,2.4330341830136604e-07,2.2045276182325324e-06,1.0610679055389483e-05,2.4484217647113837e-05,1.0873217433982063e-05,7.265598469530232e-06,2.5249173631891608e-05,5.421532023319742e-06,2.5789161099964986e-06,3.0663368306704797e-06,1.2372606761346105e-06,3.979458597314078e-06,1.719007923384197e-05,1.9484623408061452e-05,1.2006541510345414e-05,7.264129180839518e-06,2.81944244306942e-06,2.029451479756972e-06,2.949111512862146e-05,8.987616638478357e-06,1.353116113023134e-05,5.93149452470243e-05,5.238746234681457e-05,2.4715718609513715e-05,8.730906847631559e-05,0.0004977916250936687,0.004424653947353363,0.008011488243937492,0.009560268372297287,0.04574308916926384,0.03160601854324341,0.03420833870768547,0.037950001657009125,0.033288922160863876,0.016268134117126465,0.01746341772377491,0.014607882127165794,0.0074956356547772884,0.0033893657382577658,0.009827193804085255,0.005911163054406643,0.012111335061490536,0.015538069419562817,0.003899011528119445,0.00815024133771658,0.0008078677929006517,0.0006156183080747724,0.01381076779216528,0.014382412657141685,0.006058334372937679,0.04270242527127266,0.14521892368793488,0.046649783849716187,0.009357688017189503,0.05359736084938049,0.06541226804256439,0.1950301080942154,0.1360265165567398,0.3116544783115387,0.03314567357301712,0.07162397354841232,0.9809885621070862,0.9804523587226868
The melting point of water is zero degrees,The melting point of dihydrogen monoxide is zero degrees,water,dihydrogen monoxide, Celsius,7.522331912923619e-08,2.4930029667302733e-06,2.122710156982066e-06,1.5273426470230334e-05,3.434222207943094e-06,5.284618509904249e-06,2.1038174509158125e-06,3.5669156659423606e-06,7.5406264841149095e-06,5.211788902670378e-06,2.525122727092821e-05,3.908670259988867e-05,3.614250090322457e-05,2.7908256015507504e-05,1.6994215911836363e-05,2.0505910924839554e-06,1.075816271622898e-06,2.383632818236947e-05,8.824811629892793e-06,3.150621296299505e-06,1.3735473658016417e-05,1.2998337297176477e-05,5.7772562286118045e-05,0.00023267872165888548,0.00014033622574061155,0.00020253485126886517,2.6950086976285093e-05,8.88096747075906e-06,2.1647401808877476e-06,3.553738224582048e-06,1.1586812433961313e-05,2.618105099827517e-06,1.1480809916974977e-05,1.6818205040181056e-05,1.8600161638460122e-05,3.861801451421343e-05,3.281193130533211e-05,0.00019371228700038046,0.0001318165595876053,6.789304461563006e-05,0.0001758814905770123,0.0001666388416197151,0.00015474247629754245,0.00036582082975655794,0.00035983024281449616,0.0007235347875393927,0.0014745130902156234,0.002353868680074811,0.001231408561579883,0.0009240548824891448,0.0004330280644353479,0.0004742934834212065,0.0010717058321461082,0.00012500576849561185,0.00013623193081002682,0.00044917603372596204,0.0007928727427497506,0.0010825067292898893,0.0005634021363221109,0.0002706357336137444,0.0020388406701385975,0.0010456785093992949,0.001390235498547554,0.0003888273786287755,0.00019671303743962198,0.0005919488612562418,0.0009542466723360121,0.000566626142244786,0.002323094056919217,0.00403068820014596,0.010937239974737167,0.010770219378173351,0.006834574043750763,0.00815932359546423,0.013993554748594761,0.009388604201376438,0.07594996690750122,0.015875086188316345,0.022144809365272522,0.0008634743862785399,0.6303529739379883,0.5968236327171326
The highest mountain of the world is called,The tall mountain located at China–Nepal border is called,highest mountain,The tall mountain located at China–Nepal border, Mount Everest,5.350236278900411e-06,8.534634048373846e-07,4.9189575292984955e-06,8.499390787619632e-06,1.7096746205425006e-06,4.261310550646158e-06,1.596803849679418e-05,2.4461111024720594e-05,1.4777895103179617e-06,1.8456179873282963e-07,7.800518631029263e-08,5.753196319346898e-07,4.0101076592691243e-07,8.82683011127483e-08,4.337729464509721e-08,6.590550469809386e-07,1.32183583900769e-06,4.022004304715665e-06,8.305299843414105e-07,8.225685377283298e-08,4.4587295633391477e-07,1.0576508202575496e-06,3.1423635959981766e-07,5.328129191184416e-07,1.2938002328155562e-05,1.1521950682436e-06,2.662683073140215e-06,1.6649180452077417e-06,1.1711716979334597e-05,1.5119118870643433e-05,1.5655818970117252e-06,1.334207354375394e-06,4.904860588794691e-07,1.2467971828300506e-06,6.069071787351277e-06,4.241890110279201e-06,1.358806230200571e-06,2.2175057893036865e-05,1.4165925676934421e-05,7.065793761285022e-05,0.000110769244201947,3.0295872420538217e-05,0.00027570704696699977,0.00041327293729409575,0.0002141594304703176,0.00011702044866979122,0.00013038313772995025,0.0001656492822803557,0.00031302147544920444,0.00021754601038992405,0.0006377053796313703,0.01496940478682518,0.09691512584686279,0.04230550304055214,0.0842134952545166,0.059358540922403336,0.057946380227804184,0.032831061631441116,0.07481133192777634,0.02544270269572735,0.05227793753147125,0.009170365519821644,0.03284815326333046,0.032980263233184814,0.37609946727752686,0.5681522488594055,0.3909740447998047,0.12562397122383118,0.013478785753250122,0.010092047043144703,0.0025751441717147827,0.009623490273952484,0.006179133430123329,0.009607373736798763,0.05572131276130676,0.03136782348155975,0.04388859122991562,0.03294423222541809,0.0036774654872715473,0.0017979448894038796,0.44037240743637085,0.6136133670806885
Kopi luwak is eaten and defecated by,The most expensive coffee in the world is eaten and defecated by,Kopi luwak,The most expensive coffee in the world, civets,1.9754220375034492e-06,1.1748441011150135e-06,1.281369350181194e-06,1.340172161690134e-06,7.004526310083747e-07,1.9864788214363216e-07,7.5479006227396894e-06,1.186792906082701e-05,0.00013548231800086796,2.7967213100055233e-05,1.801476173568517e-05,3.1622494134353474e-06,2.6398540740046883e-06,8.204159485103446e-07,1.6160767302153545e-07,2.000217875774979e-07,7.645502932973613e-07,1.2662095514315297e-06,3.6699013890029164e-06,4.10232587455539e-06,1.207739842357114e-06,9.288891078540473e-07,1.1680000397973345e-06,2.2480021470983047e-06,3.544898561358423e-07,1.0881287835218245e-06,5.561900024986244e-07,4.0030331547313835e-06,4.44602392235538e-06,9.668304983279086e-07,4.279430868336931e-06,1.0959978453684016e-06,2.039428636635421e-06,3.6249793993192725e-06,7.558742254332174e-06,1.6401723769376986e-05,2.0283345293137245e-05,0.00047901045763865113,0.0006592936697416008,0.0020464141853153706,0.0018941531889140606,0.0006095171556808054,0.0007515393081121147,0.0006678230711258948,0.00016892100393306464,0.0007413194398395717,0.0004947867710143328,0.0014915644424036145,0.0019683686550706625,0.0004837177402805537,0.000329478905769065,0.0012775431387126446,0.0016388297080993652,0.002517799846827984,0.001955936895683408,0.005012355279177427,0.02302941307425499,0.023889515548944473,0.005381934344768524,0.013795120641589165,0.018084412440657616,0.012166649103164673,0.003596288152039051,8.81062078406103e-05,1.5807510862941854e-05,1.652986611588858e-05,1.3129401850164868e-05,1.1598400305956602e-05,6.789170583942905e-06,4.724196060124086e-06,4.882690063823247e-06,1.3255767044029199e-05,4.415066086949082e-06,2.7026410407415824e-06,2.6061134121846408e-06,2.1971165551804006e-05,6.70397566864267e-05,0.00014127601752988994,0.0005269050016067922,0.0007014321745373309,0.007803992368280888,0.018600037321448326
Schrodinger's cat is a thought experiment about,Schrodinger's feline laboratory assistant is a thought experiment about,cat,feline laboratory assistant, quantum uncertainty,0.0008589811623096466,0.0012347911251708865,0.008490853942930698,0.00493641709908843,0.005015120375901461,0.009311812929809093,0.003134323051199317,0.0005109901539981365,6.807689351262525e-05,2.497586319805123e-05,0.0006607139948755503,5.854799383087084e-06,9.416230022907257e-05,1.9508401237544604e-05,4.810910468222573e-06,2.506723149053869e-06,1.5039516938486486e-06,9.71364556789922e-07,3.2737268611526815e-06,1.4915735846443567e-05,3.744370405911468e-05,9.404279262525961e-05,9.081748430617154e-06,2.0583229343174025e-05,3.20810954690387e-06,2.3434125978383236e-05,1.8688124328036793e-05,1.2596121905517066e-06,2.2612002794630826e-06,3.871748504025163e-06,3.030956577276811e-05,5.083772975922329e-06,4.9591908464208245e-05,5.699878965970129e-05,0.0002342289953958243,1.9211924154660664e-05,2.026800393650774e-05,8.556986585972481e-07,1.819825774873607e-05,3.4722913824225543e-06,1.7734465700414148e-06,2.221526301582344e-06,5.255165433482034e-06,3.6028022805112414e-06,4.457477643882157e-06,1.1018312306987355e-06,8.999475539894775e-06,6.473184839705937e-06,7.862795428081881e-06,1.3621766811411362e-05,1.4907634522387525e-06,6.568183744093403e-05,5.6393295380985364e-05,8.111588977044448e-05,0.00012921090819872916,6.082732215872966e-05,9.766066796146333e-06,1.6682381101418287e-05,1.2464912288123742e-05,3.625202225521207e-05,1.6688309187884443e-05,4.879275365965441e-05,3.101522452197969e-05,8.215965499402955e-05,5.25040777574759e-05,5.107610923005268e-05,5.7421810197411105e-05,5.756866812589578e-05,0.00011471258767414838,0.0001598778326297179,7.301244477275759e-05,8.595436520408839e-05,3.957058288506232e-05,6.170917913550511e-05,3.817311880993657e-05,6.0499613027786836e-05,3.7220663216430694e-05,5.707156560674775e-06,1.2929661352245603e-05,2.506765895304852e-06,0.17324036359786987,0.2191438227891922
Defibrillation can help end cardiac,A dose of electric countershock to the heart can help end cardiac,Defibrillation,A dose of electric countershock to the heart, arrest,0.008868697099387646,0.005583671852946281,0.0005902153206989169,0.0013085706159472466,0.0008957084501162171,0.0007371026440523565,3.802053106483072e-05,2.9886457923566923e-05,1.0109180948347785e-05,6.75301780574955e-05,9.502657121629454e-06,6.7223882069811225e-06,2.2586917111766525e-05,7.797685611876659e-06,7.914050002000295e-06,3.922239102394087e-07,8.897158068066346e-07,2.6219227038382087e-06,1.3256814781925641e-05,2.6843417799682356e-06,5.4263098718365654e-05,6.697757635265589e-05,1.3666356608155183e-05,0.00012922500900458544,3.978355016442947e-05,0.00041301854071207345,0.00021372360060922801,9.204410889651626e-05,8.332026482094079e-05,0.00015316312783397734,9.407494508195668e-05,5.164095273357816e-05,1.1669712876027916e-05,2.703922291402705e-05,3.9183600165415555e-05,2.1865669168619206e-06,5.577769115916453e-06,2.566127932368545e-07,3.368176351159491e-07,2.976745179239515e-07,7.94909510659636e-07,4.469261511985678e-06,1.5792111298651434e-05,6.297952040767996e-06,4.803264346264768e-06,6.105185548221925e-06,1.4505235412798356e-05,2.047590351139661e-05,1.3834945093549322e-05,0.00040665268898010254,2.8881982871098444e-05,6.901400774950162e-05,1.732032251311466e-05,0.0001175629222416319,0.0019308208720758557,0.004254920873790979,0.00282652978785336,0.0014806356048211455,0.003871831577271223,0.0009304257691837847,0.0021428153850138187,0.001302916556596756,0.0006411615177057683,0.000911071605514735,0.00037330464692786336,0.0003363800351507962,0.000930433685425669,0.0007326321210712194,0.0002549119817558676,0.0018327790312469006,0.004945318214595318,0.0029080300591886044,0.0026433414313942194,0.0015436364337801933,0.0031998404301702976,0.004121656995266676,0.009372584521770477,0.0044935643672943115,0.03478948771953583,0.015017973259091377,0.5574180483818054,0.8115910291671753
A tsunami off the coast of Japan resulted in the nuclear disaster at,A seismic sea wave following an earthquake off the coast of Japan resulted in the nuclear disaster at,tsunami,seismic sea wave following an earthquake, Fukushima Daiichi,3.185884978051945e-08,1.0571728381592038e-08,1.6943329228524817e-07,1.6840192529343767e-07,5.370803357607201e-09,7.105945201146824e-07,4.1332068434485336e-08,2.540862169553293e-07,8.658193451083207e-08,2.2479504480088508e-07,1.3425025713331706e-07,2.2238965868837113e-07,1.1886617556911006e-07,2.0021138880110811e-07,2.463356167936581e-06,3.5640264286485035e-06,2.6716227239376167e-06,9.063031711775693e-07,1.402409907313995e-05,2.4349961677216925e-05,5.150218930793926e-05,1.58919719979167e-05,1.2293876352487132e-05,6.285082235990558e-06,1.4639252185588703e-05,1.703738234937191e-05,9.47127045947127e-06,3.163084329571575e-06,8.388580681639723e-06,1.4574125088984147e-05,1.5729725419078022e-05,1.4326322343549691e-05,2.8257207304704934e-05,2.5816045308602042e-05,2.0315967049100436e-05,0.00017149451014120132,0.00030096404952928424,0.018567102029919624,0.07035819441080093,0.0651361271739006,0.05370359867811203,0.10734754055738449,0.12033115327358246,0.04413439333438873,0.061654675751924515,0.08336926996707916,0.053930122405290604,0.03908943757414818,0.044257741421461105,0.08581902831792831,0.0573224313557148,0.038538362830877304,0.024683885276317596,0.016137277707457542,0.01632407121360302,0.009019199758768082,0.0037836383562535048,0.008829925209283829,0.004455978516489267,0.009181332774460316,0.004197632893919945,0.00271013705059886,0.0012231793953105807,0.001982280518859625,0.0007173080230131745,0.0001649056503083557,0.0004322193854022771,0.0002732369175646454,0.0007157420041039586,0.0007148624281398952,0.0010173632763326168,0.0006961604813113809,0.0006915521225892007,0.00047406068188138306,0.0005353310843929648,0.0008626418421044946,0.0007179802050814033,0.00038555084029212594,0.005383494775742292,0.03279183432459831,0.6625036597251892,0.5834970474243164
John F Kennedy was assassinated by a person named,The 35th president of the United States was assassinated by a person named,John F Kennedy,The 35th president of the United States, Lee Harvey Oswald,2.36285313803819e-06,9.809425137063954e-06,6.811789717175998e-06,7.235844350361731e-06,4.591588549374137e-06,1.6639380646665813e-06,4.671179794968339e-06,2.9634579732373822e-06,6.398535788321169e-06,2.76046666840557e-05,0.0003252433962188661,0.00026031158631667495,0.00018444957095198333,0.00013777219282928854,3.760792606044561e-05,6.609653064515442e-05,5.129650890012272e-05,9.809469702304341e-06,2.4456683604512364e-05,4.786737008544151e-06,4.627999715012265e-06,8.89867180831061e-07,5.493403932632646e-06,3.416692834434798e-06,3.1500007935392205e-06,1.930957523654797e-06,1.0320562978449743e-05,1.599022652953863e-05,1.1404764336475637e-05,7.429136076098075e-06,6.120477792137535e-06,1.6405507494710037e-06,1.5208530385280028e-05,1.3131914329278516e-06,5.813225811834855e-07,2.3695333766227122e-06,3.3985436402872438e-06,1.8438870029058307e-05,4.219917536829598e-05,8.066135706030764e-06,1.5910849469946697e-05,3.6681085475720465e-05,2.2308173356577754e-05,4.7721037844894454e-05,6.175612361403182e-05,9.106766083277762e-05,0.00014208366337697953,0.00015811208868399262,0.00041754700941964984,0.0008216578862629831,0.004685945343226194,0.0018638191977515817,0.004921100102365017,0.009434114210307598,0.010898544453084469,0.004570209886878729,0.0013083204394206405,0.003373487154021859,0.006774805020540953,0.010573150590062141,0.014286517165601254,0.01218150183558464,0.04325316846370697,0.05427476018667221,0.03986470028758049,0.03283761814236641,0.7845632433891296,0.6200684905052185,0.5948968529701233,0.7179428339004517,0.7727320790290833,0.6865187287330627,0.5082060694694519,0.9948358535766602,0.9930404424667358,0.9878258109092712,0.9923285841941833,0.9428137540817261,0.1352890282869339,0.08602985739707947,0.8824771642684937,0.8705671429634094
The best-selling song of Queen is called,"The best-selling song of the band comprised of Brian May, Freddie Mercury, Roger Taylor and John Deacon is called",Queen,"The band comprised of Brian May, Freddie Mercury, Roger Taylor and John Deacon", Bohemian Rhapsody,1.164131572295446e-05,2.18066202251066e-06,5.845847681484884e-07,1.4887289125908865e-06,3.949573510908522e-06,1.8332237914364669e-06,4.5133747335057706e-06,3.267200327172759e-06,2.34236949836486e-06,6.070879976505239e-07,8.031189508983516e-07,6.034934813214932e-06,6.78792139297002e-06,5.755145139119122e-06,3.001476670760894e-06,5.639057235384826e-06,1.2714067452179734e-06,3.078390136579401e-06,1.681806315900758e-05,1.5853245258767856e-06,6.848010229987267e-07,6.995992976044363e-07,5.234650188867818e-07,5.235348226051428e-07,1.1760462825805007e-07,8.49136426950281e-07,1.1333219163134345e-06,5.49881065126101e-07,8.754094551477465e-07,4.213896716009913e-07,1.552765752421692e-06,2.1865699295631202e-07,1.8883599750552094e-07,2.645533925260679e-07,4.832556328437931e-07,3.5999386227558716e-07,1.0593411161607946e-06,3.381263240953558e-06,8.09562061476754e-06,3.544990249793045e-05,0.0001390093966620043,0.00010533935710554942,0.0007431382546201348,0.0003981137997470796,0.0002440828684484586,0.0007472512661479414,0.0009050517110154033,0.0007570983143523335,0.0008154810639098287,0.0004541314556263387,0.0011463554110378027,0.0019377992721274495,0.002424917882308364,0.004155519884079695,0.0019018749007955194,0.004401328042149544,0.05530847981572151,0.09383102506399155,0.08172069489955902,0.3140181303024292,0.15060466527938843,0.1270885467529297,0.11006752401590347,0.07065441459417343,0.22533608973026276,0.49783000349998474,0.11041068285703659,0.13678430020809174,0.11218638718128204,0.6117027401924133,0.07258611917495728,0.18429842591285706,0.4268435537815094,0.09531296789646149,0.21067893505096436,0.21264879405498505,0.2166396528482437,0.03561892732977867,0.04783076047897339,0.02485012076795101,0.10222575068473816,0.1111256405711174
William Thomson did important work in the formulation of the first and second laws of,Lord Kelvin did important work in the formulation of the first and second laws of,William Thomson,Lord Kelvin, thermodynamics,1.0715506277847453e-06,6.444765858759638e-06,7.087598987709498e-06,1.1143971278215759e-05,3.320991027067066e-06,3.160731694151764e-06,1.0550526894803625e-05,3.3675116810627514e-06,5.869634605915053e-06,1.8720822481554933e-05,2.6289309971616603e-05,1.092507409339305e-05,1.3733413652516901e-05,2.6737750431493623e-06,3.437958412177977e-06,5.903808869334171e-06,5.948860462012817e-07,2.7379712719266536e-06,4.121248821320478e-06,2.22590006160317e-06,2.238938805021462e-06,1.3095215763314627e-05,1.9475597582641058e-05,3.8653219235129654e-05,7.906878454377875e-05,8.640799933345988e-05,9.715321357361972e-05,3.631267827586271e-05,5.7936769735533744e-05,3.9551116060465574e-05,3.352268322487362e-05,0.00017042573017533869,0.00019052877905778587,0.00018894526874646544,0.00037686165887862444,0.0007933741435408592,0.00032223790185526013,0.002240156289190054,0.005045759025961161,4.786976569448598e-05,1.549951048218645e-05,1.404378235747572e-05,3.058871516259387e-05,2.3521939510828815e-05,2.3269649318535812e-05,2.3103837520466186e-05,4.288107083993964e-05,3.1118343031266704e-05,1.4685627320432104e-05,5.8159366744803265e-05,3.210816066712141e-05,5.3144543926464394e-05,0.00028188200667500496,9.335576032754034e-05,0.0001809921086532995,0.00018676990293897688,0.00015606425586156547,0.0007610375178046525,0.0011696029687300324,0.0007530769216828048,0.0005678465822711587,0.0013488141121342778,0.0008972223731689155,0.0009200245258398354,0.0011029870947822928,0.0009764645947143435,0.0020163434091955423,0.0016127116978168488,0.0012607697863131762,0.0020208845380693674,0.001093207043595612,0.00284240092150867,0.0032174664083868265,0.005330580286681652,0.005202433560043573,0.0017985402373597026,4.489683487918228e-05,6.009183562127873e-05,0.00017129493062384427,0.00025556934997439384,0.9874581694602966,0.9850207567214966
The real name of the actor and rapper Will Smith is,The real name of the actor and rapper The Fresh Prince is,Will Smith,The Fresh Prince, Willard Carroll Smith II,1.4872864539938746e-06,2.270378899993375e-05,3.960212416131981e-05,5.491572301252745e-05,1.0758145435829647e-05,5.074276941741118e-06,2.946349695776007e-06,3.3035521482815966e-06,1.0831990948645398e-06,1.5668457535866764e-06,8.212929969886318e-06,1.9418188458075747e-05,1.81322520802496e-05,0.0002825103001669049,0.00017748010577633977,0.00010992465104209259,2.0641151422751136e-05,9.410308848600835e-06,6.017491614329629e-06,5.594043977907859e-05,0.00012886064359918237,5.479994433699176e-05,1.6723835869925097e-05,3.3791104669944616e-06,9.219669664162211e-06,4.8243800847558305e-05,6.387048051692545e-05,7.744789036223665e-05,5.726580275222659e-05,0.00021039461717009544,8.213437104132026e-05,0.00013383824261836708,2.3730710381641984e-05,7.757013918308076e-06,3.05306343761913e-06,1.1933759196836036e-05,6.24419262749143e-05,2.7866299205925316e-05,4.48802238679491e-05,3.250144072808325e-05,7.2923012339742854e-06,1.1111870662716683e-05,0.00010577641660347581,0.00020819972269237041,7.606136932736263e-05,6.015302278683521e-05,9.317828516941518e-05,0.00018704627291299403,0.01745985448360443,0.013677822425961494,0.009743144735693932,0.0014858628856018186,0.0022971404250711203,0.007958847098052502,0.008081605657935143,0.0033851973712444305,0.000860824715346098,0.0007013985305093229,0.0006434699753299356,0.0005076112574897707,0.0005874077323824167,0.0005044031422585249,0.00043386462493799627,0.0013171780155971646,0.0006345629226416349,0.0009982777992263436,0.0009760953835211694,0.0005461425753310323,0.001342195551842451,0.0005921903066337109,0.01826714538037777,0.22074076533317566,0.017408225685358047,0.0029597231186926365,9.837895777309313e-05,6.864246824989095e-05,5.3943618695484474e-05,4.626038207788952e-05,7.719831046415493e-05,4.852031634072773e-05,0.39596784114837646,0.6552581787109375
Katy Perry's top album is called,Katheryn Elizabeth Hudson's top album is called,Katy Perry,Katheryn Elizabeth Hudson, Teenage Dream,9.934258287103148e-07,1.6114081518026069e-06,1.571665279698209e-06,5.952078367954527e-07,3.470427714091784e-07,2.103567339872825e-06,1.1295495596641558e-06,8.866481948643923e-06,5.431192221294623e-06,1.8317332433070987e-05,7.919386916910298e-06,1.2149592294008471e-05,8.53834626468597e-06,6.654700428043725e-06,5.983726168778958e-06,1.3687319551536348e-05,7.54039092498715e-06,4.021424501843285e-06,6.872412541270023e-06,2.180602496082429e-05,8.3362947407295e-06,4.498796897678403e-06,5.756884092988912e-06,4.9777277126850095e-06,9.275469892600086e-06,4.386820728541352e-05,1.5873800293775275e-05,1.5200409507087898e-05,1.6791464076959528e-05,7.74465843278449e-06,1.930578400788363e-05,1.0169731012865668e-06,1.559308884679922e-06,4.0866443669074215e-06,4.450847427506233e-06,6.533181476697791e-06,4.9438426685810555e-06,6.810696959291818e-06,4.235476808389649e-06,9.183132533507887e-06,1.6317188055836596e-05,2.9278622605488636e-05,4.290586002753116e-05,0.00014341682253871113,0.00014296073641162366,0.00015156654990278184,0.00010760535951703787,0.00012977371807210147,0.00019624333071988076,0.0002462228003423661,0.00033766854903660715,0.0002677246811799705,0.00035028852289542556,0.00022983811504673213,0.000267310329945758,0.00026244783657602966,0.002616941463202238,0.0022612852044403553,0.0036083590239286423,0.0033344647381454706,0.0032570678740739822,0.002190348459407687,0.004237983841449022,0.010076177306473255,0.0068002245388925076,0.12233484536409378,0.0446464866399765,0.05298060178756714,0.04838284105062485,0.003827661043033004,0.006260082125663757,0.005209362134337425,0.012624609284102917,0.0031396818812936544,0.0030088545754551888,0.0017662126338109374,0.0047753858380019665,0.0009201770299114287,0.0019284992013126612,0.0077897971495985985,0.2166028469800949,0.16409660875797272
Ernest Gary Gygax died in the town of,The creator of Dungeons & Dragons died in the town of,Ernest Gary Gygax,The creator of Dungeons & Dragons," Lake Geneva, Wisconsin, U.S.",2.3793792934156954e-05,2.7559975933399983e-05,1.7562108041602187e-05,1.4100808584771585e-05,1.1867833563883323e-05,2.4837316232151352e-05,4.7679404815426096e-05,6.26640030532144e-05,3.073104016948491e-05,6.0412126913433895e-05,7.596172508783638e-05,2.1170208128751256e-05,3.7967849493725225e-05,0.0004082731029484421,0.0002844426198862493,0.000989669468253851,0.0005752024007961154,4.171197724645026e-05,0.00025088165421038866,4.191413972876035e-05,6.486476922873408e-05,0.0007529933354817331,4.5041557314107195e-05,2.664302519406192e-05,4.313796307542361e-05,1.799796154955402e-05,1.3344035323825665e-05,7.704945892328396e-05,4.32082888437435e-05,1.3023548490309622e-05,0.0013247946044430137,0.0008024429553188384,0.0001812993868952617,2.8519982151919976e-05,1.5576328223687597e-05,4.981650363333756e-06,0.00011237361468374729,0.005835482385009527,0.004555282182991505,0.0007191422628238797,0.00016383841284550726,3.860340439132415e-05,6.55322855891427e-06,1.1409667422412895e-05,4.869417807640275e-06,3.4476732253097e-05,1.5296091078198515e-05,4.8032474296633154e-05,0.00022874085698276758,0.0004580638778861612,0.00015120582247618586,0.00013088094419799745,0.00021168412058614194,0.00013298954581841826,0.00021089916117489338,6.862068403279409e-05,0.00023120718833524734,0.00017917173681780696,0.0001731198572088033,0.0002833100443240255,0.0001590203319210559,5.854236951563507e-05,5.117850378155708e-05,2.6420455469633453e-05,4.419841934577562e-05,9.937243885360658e-05,2.4144883354892954e-05,3.815917079919018e-05,2.6988553145201877e-05,3.652464511105791e-05,2.0247543943696655e-05,2.2423431801144034e-05,2.7675826004269766e-06,4.519149570114678e-06,0.0001285688194911927,2.9775632356177084e-05,7.85989104770124e-05,0.00013828853843733668,0.0001062438459484838,0.00010641710105119273,0.7780174016952515,0.9537710547447205
Richard Garfield received a Bachelor of Science degree in the field of,The creator of Magic: The Gathering received a Bachelor of Science degree in field of,Richard Garfield,The creator of Magic: The Gathering, computer mathematics,0.00018594162247609347,7.3062315095739905e-06,9.095548011828214e-05,7.280940189957619e-05,7.801951869623736e-05,1.9058816178585403e-05,2.6393536245450377e-06,1.4011507118993904e-06,3.1471408874494955e-06,1.0575927262834739e-06,1.676246824899863e-06,6.928595439603669e-07,1.361736735816521e-06,4.86632984575408e-07,9.40737606924813e-07,6.85624073071267e-08,6.60527518903109e-07,6.550547482220281e-07,9.564945457896101e-07,9.998980203818064e-07,2.6490458822081564e-06,4.113763498025946e-05,5.0091082812286913e-05,0.00013395784480962902,0.00011083741264883429,4.3192751036258414e-05,2.3663376850890927e-05,0.00013173856132198125,3.2916937925620005e-05,1.0084905625262763e-05,5.757030976383248e-07,1.7119762105721748e-06,1.5948089640005492e-06,3.5087928154098336e-06,6.909991157044715e-07,5.053810241406609e-07,1.002876706479583e-05,3.5975165246782126e-06,2.171604137402028e-06,1.2153001307524391e-06,3.6207566722623596e-07,2.7832464866150985e-07,3.1829657132220746e-07,4.371318240714572e-08,9.898533548380328e-09,5.863043384124467e-09,8.532273554351377e-09,1.767375046313191e-08,7.4293637908340315e-09,5.562210247944677e-09,3.3701188506540802e-09,3.5767357964289204e-09,2.6931801233587294e-09,3.646526636202907e-09,3.6480762855006788e-09,8.097871706524984e-09,4.7875348130332895e-09,2.935574450191325e-09,3.2697027307904136e-09,1.1746929651224036e-08,1.1577967917730803e-08,4.456777169536963e-09,6.6845906587786885e-09,8.413678642682498e-09,1.499625312817443e-08,1.3586014091515608e-08,4.013094567767439e-08,6.427075760484513e-08,2.216803629551123e-08,3.6459149033163385e-09,2.0897864771995955e-08,2.6787434492803186e-08,4.493141858574745e-08,9.275708379163916e-08,9.11756288246579e-08,4.273818774436222e-07,9.702180250314996e-07,1.923603667819407e-05,1.0498712072148919e-05,6.133210263215005e-06,0.01652054861187935,0.11515938490629196
Emperor Vespasian introduced a tax on this bodily fluid,The fourth and last emperor who reigned in the Year of the Four Emperors introduced a tax on this bodily fluid,Emperor Vespasian,The fourth and last emperor who reigned in the Year of the Four Emperors, urin,2.5912751880241558e-05,6.609473530261312e-06,1.571295979374554e-05,4.963435640092939e-05,1.4303756870504003e-05,3.4045850043185055e-05,2.6622759833117016e-05,3.2024407119024545e-05,1.2369282558211125e-05,2.470680556143634e-05,0.00022907477978151292,0.00015577177691739053,9.968797530746087e-05,2.8298543838900514e-05,4.211174018564634e-05,3.601409844122827e-05,2.5172281311824918e-05,8.724214239919093e-06,4.755375812237617e-06,4.543253737665509e-07,2.525858690205496e-06,4.281943972728186e-07,1.0035981858891319e-06,5.638835773424944e-06,1.1019642442988697e-06,5.852702543052146e-06,1.3636703215524903e-06,2.39110090660688e-06,1.5342719450472941e-07,6.403542442967591e-07,3.3819736700024805e-07,2.088726660076645e-06,5.930610768700717e-06,3.5844084322889103e-06,2.8264426873647608e-05,2.303168730577454e-05,9.018990567710716e-06,4.76781224278966e-06,1.6463650354126003e-06,4.645935973712767e-07,1.213008573586194e-07,6.85563250613086e-08,1.5699009736636071e-07,1.76890409875341e-07,4.300670752854785e-07,2.8552167918860505e-07,8.504584343427268e-07,1.2600766012837994e-06,1.0023343293141806e-06,3.014255014477385e-07,3.85749729048257e-07,8.019258501690274e-08,9.034936709895192e-08,2.3472308896543836e-07,2.449544354021782e-07,1.0353609525282081e-07,3.5291776612211834e-08,1.1987334858076792e-07,2.0608078799000396e-08,3.3522756126558306e-08,3.455832597865083e-08,1.5083944759908263e-08,6.643202254963398e-08,5.8652123158253744e-08,4.738034409257352e-10,3.1094646857354746e-09,2.1401640459828286e-09,9.370912934514308e-10,2.945913513130449e-10,2.957841749307022e-10,1.6395644841793455e-09,6.890918391455614e-10,2.0458175153947877e-09,1.0255841731421356e-09,1.1166726432421115e-09,1.4133509640412711e-10,1.5933832031578277e-10,1.2823885009449754e-10,5.143831194320825e-11,2.0496240260570175e-09,4.280791836208664e-05,2.92668823931308e-06
"Ludwig II ruled Bavaria from 1864 until his death in 1886, when he drowned in Lake","Der Märchenkönig ('the Fairy Tale King') ruled Bavaria from 1864 until his death in 1886, when he drowned in Lake",Ludwig II,Der Märchenkönig ('the Fairy Tale King')," Starnberg, Bavaria, German Empire",0.00010510625725146383,0.00020620504801627249,0.00012999141472391784,0.0005232261610217392,0.0006011260556988418,0.003591067623347044,0.0010305275209248066,0.0011567098554223776,0.001025468809530139,0.00013906479580327868,8.841934686643071e-06,1.6737460100557655e-05,1.1252832337049767e-06,7.592881956952624e-06,2.8882312108180486e-05,3.1046458843775326e-06,1.6406490885856329e-06,1.6833826066431357e-07,1.5781386082380777e-06,3.5896616736863507e-06,9.946505770130898e-07,1.3171030332159717e-05,1.1050124157918617e-05,8.795068424660712e-06,1.00713305073441e-05,1.7665095583652146e-05,5.608684659819119e-06,4.454181907931343e-05,3.1517818115389673e-06,5.841853180754697e-06,6.49448047624901e-05,0.00015637541946489364,0.0001193508505821228,0.0004818679008167237,0.00020575687813106924,7.14300258550793e-05,2.635790588101372e-05,6.263098475756124e-05,1.625533332116902e-05,7.971771992743015e-05,9.288750152336434e-05,8.903561683837324e-05,7.15432979632169e-05,1.2453436283976771e-05,6.302662222879007e-05,6.79170698276721e-05,2.5725710656843148e-05,2.0901590687572025e-05,3.585741069400683e-05,8.139750570990145e-05,5.564562525250949e-05,0.00011159285350004211,0.00013813066470902413,9.481038432568312e-05,0.0005381237133406103,3.766301233554259e-05,5.171626617084257e-05,0.0001591674517840147,0.00011418572103139013,5.0488517445046455e-05,7.801996980560943e-05,0.0002543920709285885,6.02727486693766e-05,3.819496123469435e-05,3.1811749067856e-05,6.38271594652906e-05,3.76438838429749e-05,0.00018422208086121827,0.00012633620644919574,6.879883585497737e-05,5.8229117712471634e-05,0.0012133484706282616,0.0004189909959677607,0.0003180301282554865,0.002905104076489806,0.02557702362537384,0.32721999287605286,0.6540593504905701,0.3234862983226776,0.583236038684845,0.9927017688751221,0.9953885078430176
Alexander the Great was tutored by the philosopher called,The man who conquered most of the known world was tutored by the philosopher called,Alexander the Great,The man who conquered the world, Aristotle,9.534120977150451e-07,2.700555569390417e-06,2.1999050659360364e-05,8.23586651677033e-06,4.5706988203164656e-06,6.9232551140885334e-06,1.6190570022445172e-06,1.5207099295366788e-06,7.29787461750675e-06,1.6729238268453628e-05,5.953933850832982e-06,1.3888657122151926e-06,1.5348143733717734e-06,1.950245405168971e-06,3.308819600533752e-07,9.620905530027812e-07,4.608797041782964e-07,1.1751205164500789e-07,5.577956017077668e-07,5.487233920575818e-07,2.789691677662631e-07,9.196261885335844e-07,4.929842361889314e-06,5.502382464328548e-06,2.3154134396463633e-06,3.3993233046203386e-06,2.015888185269432e-06,9.81666403276904e-07,1.926303184518474e-06,2.079979594782344e-06,3.1201041110762162e-06,7.659639891244296e-07,1.05104879821738e-06,1.1892328757312498e-06,5.342478743841639e-07,1.4631037004164682e-07,2.481737055859412e-07,4.795380732502963e-07,1.8898813323176e-06,2.8417589419404976e-06,8.328875082952436e-06,1.297277140110964e-05,3.973102138843387e-06,5.5368259381793905e-06,1.0519759143789997e-06,2.130780558218248e-06,9.092624964068818e-07,9.834651564233354e-07,5.370920916902833e-07,4.0802385115057405e-07,5.042955990575138e-07,1.5537993647285475e-07,1.5839773936932033e-07,3.5614494464653035e-08,5.8258549984202546e-08,7.785831712681102e-08,3.519366487125808e-08,2.386729036629731e-08,1.2366454527068527e-08,1.555070738845643e-08,6.137888863833041e-09,8.903375814384162e-09,1.1064857474707424e-08,1.05049062781859e-08,1.1384709175388252e-08,1.2387123327073368e-08,1.7679305130968714e-08,9.73770042378419e-09,6.716826206343285e-09,6.258281448623393e-09,9.565632730357265e-09,2.5493317679092797e-08,1.931910809105375e-08,1.9147313068401672e-08,7.544503688450277e-09,7.915077304687657e-08,1.293224869414189e-07,3.7051290746603627e-07,6.139395622994925e-07,9.425377243132971e-07,0.9471005797386169,0.5896635055541992
Steve Rogers is famous for his,The first avenger is famous for his,Steve Rogers,The first avenger, shield,0.00013330976071301848,0.00016136193880811334,0.00011753819126170129,1.5850555428187363e-05,2.1058540369267575e-05,2.0512452465482056e-05,1.228569817612879e-05,2.4716273401281796e-05,6.07686069997726e-06,6.564480372617254e-07,1.94053131963301e-06,6.01188901327987e-07,1.9845165866172465e-07,1.9827116659598687e-07,2.3859033149165043e-07,2.968768342270778e-07,1.9907658099782566e-07,5.644168936669303e-07,1.5342747019531089e-06,2.870206969873834e-07,1.519490666623824e-07,1.8977466709202417e-07,4.414908119088068e-07,1.0404867367697079e-07,1.000544216367416e-06,1.4528183100992464e-06,4.782710220752051e-06,2.8368958737701178e-06,1.1132807742342266e-07,3.510483281843335e-08,4.593889002535434e-08,4.5907364665254136e-07,1.7416496689293126e-07,6.213843306568378e-08,1.6230644916959136e-07,4.777287472279568e-07,8.940875773078005e-08,2.0729953575937543e-07,7.868190436965961e-07,4.1771605197027384e-07,2.2716177738857368e-07,4.045656964990485e-07,2.6324525492782413e-07,4.6186663382741244e-08,1.2024860041037755e-07,1.3601037629484836e-08,6.941679231431408e-08,1.1894738349838008e-07,1.1399936994394011e-08,2.612183536143675e-08,1.0531158167736976e-08,6.7744410081616024e-09,1.0019712143316539e-10,1.569373450638345e-11,1.3861213565835584e-10,4.385277210805505e-11,4.8075793346313844e-11,2.177820285220733e-10,3.3757596717975957e-10,1.1921365283829033e-10,1.2284277761676066e-10,4.84769613340319e-10,2.1088464308149923e-09,2.3689901595957963e-08,1.4977437956531503e-08,2.4769419848524876e-10,8.271998922282364e-06,5.491957381309476e-06,9.062064236786682e-06,2.447941142236232e-06,1.61166497036902e-06,2.295535523444414e-06,8.899082217794785e-07,9.242586997970648e-07,7.623148690072412e-07,3.429910861996177e-07,1.1077445378759876e-06,2.3334425804932835e-06,3.449998757787398e-07,2.687905578113714e-07,0.1330810785293579,0.013568314723670483
Thomas Jennings invented a method for removing,The first African-American to hold a patent invented a method for removing,Thomas Jennings,The first African-American to hold a patent, dirt and grease from clothing,4.315266323828837e-06,7.898716830823105e-06,2.8413828658813145e-06,5.039468646828027e-07,1.784033116791761e-07,1.7414467379239795e-07,3.501324670196482e-07,5.685361657015164e-07,5.525439519260544e-07,1.6750607301219134e-07,5.012823748984374e-06,1.4905263014952652e-05,2.193699219787959e-05,1.0523395758355036e-05,7.624527825100813e-06,4.35890797234606e-06,1.1248413329667528e-06,3.5412870147411013e-06,2.7690016395354178e-06,9.826031600823626e-05,1.8491655282559805e-05,6.433659564208938e-06,1.1604096471273806e-05,1.4388323279490578e-06,2.269726337544853e-06,9.527047041046899e-06,4.999695374863222e-05,3.422292502364144e-05,1.3280079656396993e-05,2.441569813527167e-05,1.4931801160855684e-05,1.5572861229884438e-05,4.7118614020291716e-05,5.264782521408051e-05,1.7556272723595612e-05,8.497853559674695e-05,0.0002067884342977777,0.00010816220310516655,5.8435329265194014e-05,1.5229058590193745e-05,0.00013257472892291844,4.4840839109383523e-05,4.92330982524436e-05,3.283367186668329e-05,5.493332355399616e-05,0.0002917332458309829,0.0017733031418174505,0.0011711354600265622,0.006148111075162888,0.0016958247870206833,0.0030531506054103374,0.0019859843887388706,0.0009344170684926212,0.0015239403583109379,0.0002817880886141211,0.00011145924509037286,0.0002734522277023643,0.00011974931112490594,9.895893163047731e-05,8.647755748825148e-05,7.715135143371299e-05,6.130320980446413e-05,2.912343006755691e-05,6.058889994164929e-05,8.16944520920515e-05,8.278072346001863e-05,6.24324384261854e-05,2.3609236450283788e-05,3.7174730096012354e-05,2.0136511011514813e-05,0.00011136028479086235,3.920925882994197e-05,7.756953709758818e-05,0.00011365018144715577,5.241255712462589e-05,0.0002073562063742429,0.0003090924583375454,3.974692299379967e-05,4.910553616355173e-05,7.399157038889825e-05,0.041789427399635315,0.021993814036250114
Leonardo da Vinci was born in the modern-day country of,The painter of the Mona Lisa was born in the modern-day country of,Leonardo da Vinci,The painter of the Mona Lisa, Italy,2.065845728793647e-05,1.674467057455331e-05,1.691006764303893e-05,1.001730743155349e-05,1.1916393305000383e-05,4.175868525635451e-06,1.457390135328751e-05,6.324052810668945e-05,4.045164587296313e-06,0.00015329490997828543,0.00038199740811251104,0.0001390079705743119,0.00016837342991493642,7.908051338745281e-05,1.2086308743164409e-05,6.43845214653993e-06,4.4788730519940145e-06,1.4890372767695226e-05,6.72612668495276e-06,3.395254907445633e-06,3.928320779778005e-07,6.946783628336561e-07,2.3158543172030477e-06,9.489729563938454e-06,2.9339396860450506e-05,9.310881068813615e-06,8.480305950797629e-06,6.401076007023221e-06,7.607970474055037e-06,5.614535325548786e-07,4.5805332774762064e-05,2.1666704924427904e-05,3.2214429666055366e-05,1.4698540326207876e-05,4.766150959767401e-05,0.00010320293222321197,8.185400656657293e-05,0.000744781456887722,0.0003488221555016935,0.0003999469627160579,0.0012837043032050133,0.005974429193884134,0.1432817578315735,0.14894825220108032,0.0753115564584732,0.48017096519470215,0.3164318799972534,0.3139364421367645,0.1287248283624649,0.16795112192630768,0.07404718548059464,0.0659913718700409,0.093379907310009,0.08859700709581375,0.11962079256772995,0.11863850802183151,0.21119147539138794,0.32470905780792236,0.2796531617641449,0.24510657787322998,0.6011626720428467,0.517318844795227,0.5522893071174622,0.5101707577705383,0.444837361574173,0.5253766775131226,0.6139598488807678,0.7573879957199097,0.7173630595207214,0.591795027256012,0.47151732444763184,0.20752204954624176,0.09375227242708206,0.03595026582479477,0.046736810356378555,0.15485048294067383,0.10967094451189041,0.0135599784553051,0.04813161864876747,0.021852649748325348,0.6790328025817871,0.8722688555717468
Johannes Gutenberg originally trained to become a,The inventor of the printing press originally trained to become a,Johannes Gutenberg,The inventor of the printing press, goldsmith,2.382534376010881e-06,2.424966442049481e-05,5.5084616178646684e-05,4.368073496152647e-05,2.1241052309051156e-05,0.00029145352891646326,3.5640798159874976e-05,6.906983799126465e-06,7.618824838573346e-06,4.493306732911151e-06,2.0304829376982525e-05,2.2423564587370493e-05,5.241541202849476e-06,4.2675128497648984e-05,0.00013366475468501449,7.471654680557549e-05,2.2521357095683925e-05,4.293416714062914e-05,7.153507613111287e-05,1.8519712057241122e-06,7.078380349412328e-06,1.3012901035835966e-05,1.1228738685531425e-06,3.3874957239277137e-07,2.549634245951893e-07,5.581388222708483e-07,2.610855460716266e-07,2.1939655425740057e-07,3.0160211395013903e-07,3.543616458046017e-07,8.794892778496433e-07,1.1259192433499265e-05,6.8204503804736305e-06,1.233532020705752e-05,3.841283614747226e-06,2.1945827484159963e-06,1.2584152955241734e-06,8.3713001686192e-07,8.159511708072387e-06,1.4669953998236451e-05,3.141326305922121e-05,4.0456103306496516e-05,2.265944567625411e-05,0.00012570759281516075,0.00012339332897681743,3.417305924813263e-05,6.105304782977328e-05,5.0485527026467025e-05,6.978581950534135e-05,9.227354894392192e-05,0.0003012204251717776,0.0006744589190930128,0.0009159852052107453,0.006379864644259214,0.006544990465044975,0.004662820138037205,0.008434160612523556,0.014400513842701912,0.009766068309545517,0.002000232459977269,0.007047712337225676,0.009746329858899117,0.018493983894586563,0.005059217102825642,0.011022510007023811,0.0050160991959273815,0.00422159768640995,0.004977598786354065,0.00993126817047596,0.004903767723590136,0.004339091945439577,0.007226030342280865,0.006642740219831467,0.0024124779738485813,0.0004046914982609451,0.0006203418015502393,0.001090747187845409,0.00025210436433553696,0.00030563512700609863,9.244855755241588e-05,0.609734058380127,0.905139148235321
"In addition to being an inventor, Samuel F.B. Morse was also a talented","In addition to being an inventor, the developer of the electrical telegraph was also a talented",Samuel F.B. Morse,the developer of the electrical telegraph, artist,4.6344368456630036e-05,0.00011424219701439142,0.0004805475182365626,0.0002492611820343882,0.0001955271727638319,0.000359039637260139,0.00046595348976552486,0.0011491251643747091,0.0007055430905893445,0.00014188310888130218,7.24933561286889e-05,3.124043723801151e-05,1.7542619389132597e-05,3.948985977331176e-06,1.4419438230106607e-06,1.1900776826223591e-06,2.3636696369067067e-06,1.1124074262625072e-05,5.619076546281576e-06,6.611370190512389e-05,3.553527858457528e-05,4.303195237298496e-05,4.7323013859568164e-05,0.0004735150432679802,0.00011996360990451649,0.0002726391248870641,0.0007670503691770136,0.0009104763739742339,9.488610521657392e-05,8.864586561685428e-06,0.00010522617230890319,3.2118525268742815e-05,5.162911111256108e-05,7.504166569560766e-05,0.0007699287380091846,0.0002094507945002988,3.270343586336821e-05,5.3224426665110514e-05,8.912530756788328e-05,9.429062629351392e-06,1.7722217307891697e-05,5.187268106965348e-05,5.505196168087423e-05,5.1502360292943195e-05,2.1414318325696513e-05,1.9748753402382135e-05,0.00010196800576522946,0.00022380688460543752,0.00022119992354419082,0.000905892753507942,0.0015407877508550882,0.00042412482434883714,0.0005900421529076993,0.0002734070585574955,0.000567390990909189,0.000488335092086345,0.00010464754450367764,0.0001867122045950964,0.00014970939082559198,4.223564610583708e-05,5.200814121053554e-05,5.2256840717745945e-05,0.00017605643370188773,3.773169737542048e-05,1.0375453712185845e-05,2.9903058020863682e-05,8.940977750171442e-06,1.556532697577495e-05,1.5202876056719106e-05,1.1881327736773528e-05,1.2158591744082514e-05,8.260374670499004e-06,3.0690273433719995e-06,8.336796781804878e-06,7.915393325674813e-06,3.9905644371174276e-05,4.353334134066245e-06,2.6333966161473654e-05,0.0002262662019347772,0.0010560797527432442,0.5947747826576233,0.6364400386810303
The first patented invention of Thomas Alva Edison was the electric,The first patented invention of the inventor of the light bulb was the electric,Thomas Alva Edison,the inventor of the light bulb, vote recorder,2.451371619827114e-05,5.0194641517009586e-05,0.00010866595403058454,5.378199421102181e-05,8.90181036083959e-05,1.2757865988533013e-05,6.006808325764723e-05,5.159874854143709e-05,2.1369298337958753e-05,5.045287210236893e-08,4.771490057464689e-05,7.527742855018005e-05,0.0006627217517234385,0.00017615969409234822,2.2319663912639953e-05,9.733237675391138e-06,3.00965666610864e-06,3.691194478960824e-06,5.603167210210813e-07,2.302354687344632e-06,1.7882273084524059e-07,1.3359057220441173e-06,2.174061364712543e-06,1.2684154171438422e-06,4.283285477413301e-07,2.2553129497282498e-07,7.510945465583063e-07,8.491716698699747e-07,4.789089302903449e-07,4.720145909686835e-07,3.7720158161391737e-06,1.8051382539852057e-06,2.081977754642139e-06,5.883998255740153e-06,3.298379397165263e-06,7.365283636318054e-07,1.3949318599770777e-05,5.759961823059712e-06,2.0161662632744992e-06,8.607823110651225e-05,5.386738121160306e-05,1.1606274711084552e-05,2.7090396542917006e-05,2.049157592409756e-05,8.071821866906248e-06,1.105010505852988e-05,4.6254430344561115e-05,9.644284727983177e-05,2.4449214834021404e-05,4.837626329390332e-05,6.963298801565543e-06,2.3267475626198575e-05,0.0004821789625566453,0.00028794468380510807,0.0006938694859854877,6.784436118323356e-05,0.0009132782579399645,0.006596091669052839,0.001736567821353674,0.001699173590168357,5.930041879764758e-05,3.760651088668965e-05,0.00011681858450174332,2.1893914890824817e-05,7.944546268845443e-06,1.0468413165654056e-05,7.776528036629315e-06,6.876388943055645e-05,3.5034724987781374e-06,9.019205754157156e-05,1.3389159221333102e-06,1.3389798141361098e-06,3.1927668260323117e-06,7.367599437202443e-07,1.0585732752588228e-06,1.3114121429680381e-05,8.457051080767997e-06,0.001157365390099585,0.0006486971979029477,0.00028550796560011804,0.9338155388832092,0.9548557996749878
Nikola Tesla was born in the modern-day country of,The rival of Thomas Alva Edison was born in the modern-day country of,Nikola Tesla,The rival of Thomas Alva Edison, Croatia,1.653545069757456e-07,8.467909395903916e-08,8.76767600743733e-08,3.139449233913183e-07,4.682321105065057e-06,7.351305157499155e-06,2.9774158974760212e-05,3.0459294066531584e-05,1.543111238788697e-06,2.429019104965846e-06,4.769944098370615e-06,7.063671091600554e-06,3.2271677810058463e-06,9.421003142051632e-07,5.312467692419887e-07,1.958716495664703e-07,1.6504185396115645e-07,1.9079467961091723e-07,1.8881358698763506e-07,2.785122887871694e-07,1.3933544096289552e-06,7.510865884796658e-07,1.4498936025120202e-06,3.004469419920497e-07,9.537784961821671e-08,8.129096329412278e-08,1.8600282203351526e-07,4.474288743949728e-07,5.876792670278519e-07,3.0577045890822774e-06,1.56535352289211e-05,1.245190196641488e-05,1.670818164711818e-05,4.417851232574321e-05,5.511852214112878e-05,1.4290194485511165e-05,2.0501844119280577e-05,0.00044404767686501145,0.0008675652788951993,0.00022936843743082136,0.0004367459041532129,0.0006582089117728174,0.000891020696144551,0.0004346353525761515,0.0004177365335635841,0.00026448408607393503,0.00043679194641299546,0.000189311831491068,0.0004062580701429397,0.0003642020164988935,0.0002951835631392896,0.0013555045006796718,0.0009857063414528966,0.005222305189818144,0.005995490122586489,0.012534578330814838,0.021297670900821686,0.042437370866537094,0.0732506662607193,0.022592682391405106,0.014128673821687698,0.00946575216948986,0.005718270316720009,0.005494227632880211,0.007568743545562029,0.01436958834528923,0.006690283305943012,0.012594789266586304,0.01003712136298418,0.018444165587425232,0.061720166355371475,0.028412148356437683,0.01892649568617344,0.02636653184890747,0.012010953389108181,0.05229578912258148,0.03180724382400513,0.06137913092970848,0.29002466797828674,0.3040742576122284,0.63880455493927,0.9765812158584595
Nikola Tesla went to the University of,The inventor of the Tesla coin went to the University of,Nikola Tesla,The inventor of the Tesla coin, Graz,8.169774190491808e-08,2.9947284474474145e-06,2.4565263174736174e-06,3.1616090723218804e-07,5.70693430290703e-07,5.807851266581565e-07,2.0359343579912093e-06,1.5145010365813505e-06,9.099262001655006e-07,6.487557016043866e-07,1.2206635346956318e-07,2.8343643876382885e-08,2.676479660124187e-08,3.530476533342153e-07,7.938245403238398e-07,5.797408562102646e-07,4.043355602334486e-06,8.153634212249017e-07,9.128658007284685e-08,4.986835477893692e-08,7.491999554076756e-08,1.8081067310049548e-07,1.5694780586272827e-08,3.408684889905089e-08,4.605922754308267e-09,1.8378981891942203e-08,1.8868897555535113e-08,4.586092927638674e-08,3.8664524026899016e-07,4.1831825114968524e-07,6.594344199584157e-07,1.6075459825515281e-06,1.1742296237571281e-06,7.327877256102511e-07,1.5890382201178e-06,1.8311974372409168e-06,1.2838154361816123e-06,2.612690650494187e-06,1.1873253242811188e-06,5.148882564753876e-07,2.2639605958829634e-06,1.5749214981042314e-06,2.2743918179912725e-06,1.737519937705656e-06,2.216395387222292e-06,4.3741420086007565e-06,6.583580670849187e-06,3.2686009490134893e-06,1.0497053153812885e-05,1.3099788702675141e-05,2.9080494641675614e-05,2.0002868041046895e-05,2.289953044964932e-05,4.3199343053856865e-05,6.838150875410065e-05,6.760873657185584e-05,5.136215258971788e-05,4.945695764035918e-05,7.15109272277914e-05,9.706144919618964e-05,0.00018445347086526453,0.0002573469828348607,0.0007525251712650061,0.002773890970274806,0.0029969338793307543,0.0022231366019695997,0.002665471052750945,0.0036029089242219925,0.001509972382336855,0.0007570782909169793,0.001323344768024981,0.0010701864957809448,0.0010866746306419373,0.000847363262437284,0.0032134249340742826,0.0021155558060854673,0.004955395590513945,0.014937339350581169,0.0022410654928535223,0.002634611679241061,0.0002490622573532164,0.041512876749038696
Nikola Tesla died in the city called,The inventor of the induction motor died in the city called,Nikola Tesla,The inventor of the induction motor," New York City, U.S.",0.0014653649413958192,0.002312825294211507,0.0005872396286576986,0.0001829226384870708,0.00022731380886398256,0.00037396964034996927,0.0018788017332553864,0.01116876769810915,0.002187554258853197,0.001310452469624579,0.0005722104106098413,0.0018749732989817858,0.0010299108689650893,0.0005594515241682529,0.00043134423322044313,0.0011965010780841112,0.00012427943875081837,1.849889667937532e-05,0.00011658515722956508,0.00017002056119963527,5.907446029596031e-05,1.988297481148038e-05,8.807286212686449e-05,7.566277781734243e-05,0.00013496137398760766,7.855107833165675e-05,0.00010482608922757208,3.9822411054046825e-05,4.030541458632797e-05,0.00012465436884667724,0.004827856086194515,0.003148091724142432,0.0005525709711946547,0.0005457351799122989,0.0007968118297867477,0.0003200228966306895,5.8529032685328275e-05,0.012984690256416798,0.007005214691162109,0.005346895195543766,0.0358525775372982,0.026295099407434464,0.013834474608302116,0.0337788388133049,0.050890903919935226,0.0024418001994490623,0.009481188841164112,0.001704708905890584,0.005082830786705017,0.006685217376798391,0.012477939948439598,0.00588582269847393,0.011080457828938961,0.014493425376713276,0.011470374651253223,0.13519534468650818,0.08221094310283661,0.12138888239860535,0.05161221697926521,0.18498101830482483,0.07166194915771484,0.7174776196479797,0.0699838325381279,0.07424236088991165,0.10675457119941711,0.359591007232666,0.32508546113967896,0.19110679626464844,0.4494786262512207,0.7259350419044495,0.43669867515563965,0.8009008765220642,0.7289247512817383,0.7980526685714722,0.4477298855781555,0.8105686902999878,0.596167266368866,0.8225628137588501,0.9618955254554749,0.9694821238517761,0.0065031577832996845,0.7055269479751587
Nikola Tesla studied,The inventor of alternating current studied,Nikola Tesla,The inventor of alternating current, electrical engineering,3.3526909248848824e-08,1.8510596419218928e-05,8.306944073410705e-05,5.5339671234833077e-05,1.3036732525506523e-05,2.675816540431697e-05,7.919909694464877e-05,1.498923302278854e-05,3.601823209464783e-06,1.5760674614284653e-06,3.583229499781737e-06,4.254589384800056e-06,2.1831601770827547e-05,3.514898708090186e-05,1.9676806914503686e-05,1.2912832062283996e-05,3.4792492442647927e-06,1.645956581342034e-05,1.3679425137524959e-05,6.092590410844423e-05,0.00014898963854648173,7.629816536791623e-05,0.0001407246309099719,4.943684416502947e-06,1.0958093298540916e-05,4.498265843722038e-05,0.00012656427861656994,9.490839147474617e-05,7.515332254115492e-05,3.9877060771686956e-05,1.970779339899309e-05,2.845296694431454e-05,5.243948908173479e-05,1.3377562936511822e-05,1.6184922060347162e-05,1.8226917745778337e-05,1.0399317034170963e-05,1.2587279343279079e-05,1.2230373158672592e-06,2.6729276214609854e-06,6.604027475987095e-07,7.146007874325733e-07,2.390546001151961e-07,1.2700991192104993e-06,1.3453199017021689e-06,1.5146768816975964e-07,3.5136957876602537e-07,1.9860674171923165e-07,2.3245009117545123e-07,1.1936421628888638e-07,1.401279519086529e-07,1.3475182925049012e-07,3.702003255057207e-07,4.911559585707437e-07,5.124786071064591e-07,5.687468842552335e-07,5.918298029428115e-07,5.143443786437274e-07,1.9126247252643225e-07,3.185331252097967e-07,1.2953228178957943e-06,2.732865027610387e-07,1.4062615605325846e-07,1.7155909404209524e-07,1.8248712763124786e-07,2.2979777725140593e-07,4.6908320427974104e-07,9.050108360497688e-07,5.624087293654156e-07,1.4131335319689242e-06,6.361468649629387e-07,3.582838417059975e-07,4.757253464049427e-06,8.127832188620232e-06,4.29068541052402e-06,1.0762679266917985e-05,1.2556268302432727e-05,3.076005896218703e-06,4.707499101641588e-06,9.603098988009151e-06,0.07056035846471786,0.615733802318573
New York City is in the state of,The most populous city in the United States is in the state of,New York City,The most populous city in the United States, New York,0.0002492561179678887,0.00015323873958550394,5.1955197704955935e-05,5.053908171248622e-05,3.2690935768187046e-05,1.1233756595174782e-05,2.3985860480024712e-06,3.219555310352007e-06,1.0437811397423502e-06,1.108263205651383e-07,3.370133754287963e-06,7.758657147860504e-07,3.4875640153586573e-07,6.346736540763231e-07,4.415850980876712e-06,2.892803649956477e-07,2.7529196700015746e-07,2.235240259551574e-07,5.061052661403664e-07,2.6313338707950606e-07,2.129761696778587e-06,2.056533276117989e-06,5.734860337724967e-07,1.538335396844559e-07,3.0677244922117097e-06,3.7462173168023583e-06,3.259782033637748e-06,6.131318514235318e-05,2.0254925402696244e-05,5.550637524720514e-06,4.138936856179498e-05,1.7897740690386854e-05,2.1111034584464505e-05,1.7176811525132507e-05,9.012337613967247e-06,4.168957275396679e-06,1.568863444845192e-05,0.0010148761793971062,0.00015649238775949925,0.0006049005314707756,0.000587480841204524,0.0009681228548288345,0.0010168863227590919,0.014252672903239727,0.007185603957623243,0.008588683791458607,0.01863231509923935,0.00975953321903944,0.01322462223470211,0.04688451439142227,0.040107935667037964,0.08202797919511795,0.12979036569595337,0.01746821030974388,0.028058812022209167,0.0076317754574120045,0.005194496363401413,0.008514948189258575,0.008603046648204327,0.0036049191839993,0.02322603203356266,0.000749436963815242,0.0013264891458675265,0.0013995278859511018,0.0012621063506230712,0.0002954821684397757,0.0007679186528548598,0.0001924376265378669,0.00014270603423938155,0.0007243305444717407,0.0005140490829944611,3.6442899727262557e-05,0.00012901648005936295,2.3262244212673977e-05,5.927978054387495e-05,6.349759496515617e-05,0.0002445604186505079,1.9842927940771915e-05,1.4286935765994713e-05,2.6978029836755013e-06,0.8580986857414246,0.8659235239028931
Michelle Obama was born in the city of,Barack Obama's wife was born in the city of,Michelle Obama,Barack Obama's wife, Chicago,4.751938831759617e-05,1.4958230167394504e-05,6.689876317977905e-05,7.360912422882393e-05,3.337463931529783e-05,8.54034169606166e-06,8.171396075340454e-06,8.518773938703816e-06,4.190958406979917e-06,8.480397809762508e-06,5.4483480198541656e-05,0.00012803921708837152,5.284726285026409e-05,7.961511983012315e-06,7.142132744775154e-06,1.6432164557045326e-05,5.1949077715107705e-06,4.588167030306067e-06,3.879696669173427e-05,7.5196467150817625e-06,1.147818511526566e-05,8.144404091581237e-06,4.589277523336932e-05,3.271077002864331e-05,3.916752029908821e-05,1.882168544398155e-05,2.5109377020271495e-05,8.068011811701581e-05,1.2262215932423715e-05,2.8205460694152862e-05,0.00020812565344385803,0.0004435009032022208,0.00052267947467044,0.01919955015182495,0.0044403993524611,0.013112707063555717,0.04360058158636093,0.9015949368476868,0.9364262819290161,0.8837878108024597,0.9580473303794861,0.9316328167915344,0.9411106705665588,0.9769918322563171,0.9398229718208313,0.9443249702453613,0.9319071769714355,0.7746343016624451,0.6365872621536255,0.42518365383148193,0.2750000059604645,0.08917544037103653,0.202146515250206,0.21923816204071045,0.04083425551652908,0.015980999916791916,0.04833430051803589,0.010479992255568504,0.030049189925193787,0.006249517202377319,0.013629952445626259,0.022364018484950066,0.009664933197200298,0.025915566831827164,0.005560557823628187,0.0039032730273902416,0.003419781569391489,0.002164461649954319,0.0021253798622637987,0.0006376046221703291,0.00044895359314978123,0.00017499079694971442,0.00037820893339812756,0.00017442776879761368,0.0007018268806859851,0.006639028899371624,0.0028815518599003553,0.0012046067276969552,0.0004328432260081172,0.00041728458018042147,0.8640393614768982,0.9573034644126892
Florence Nightingale was born in the city of,The founder of modern nursing was born in the city of,Florence Nightingale,The founder of modern nursing, Florence,1.1820340660051443e-05,5.186547696212074e-06,1.3262535503599793e-05,2.426604396532639e-06,3.596846681830357e-06,3.837207714241231e-06,6.593478701688582e-06,2.7247606340097263e-05,3.644551179604605e-05,0.00011183158494532108,0.0001445921225240454,8.010240708244964e-05,3.278029544162564e-05,6.903260509716347e-05,1.1912938134628348e-05,1.411645484949986e-06,4.211364341699664e-07,4.835550839743519e-07,1.645898805691104e-06,7.173647418312612e-07,2.5365142164446297e-07,1.1523741960672851e-07,1.0539525874264655e-06,1.4293956155597698e-05,8.217322829295881e-06,1.2703100765065756e-05,1.0909451702900697e-05,2.147009945474565e-05,3.981330792157678e-06,5.343743850971805e-06,2.282578861922957e-05,1.0563069281488424e-06,7.691679115851002e-07,1.3184198905946687e-06,1.6890937331481837e-05,1.7876953279483132e-05,2.7243164367973804e-05,0.0003475724661257118,0.004580434411764145,0.007784906774759293,0.0011651426320895553,0.0004465269739739597,0.00203799013979733,0.0017716248985379934,0.0029938151128590107,0.002585246227681637,0.0025521053466945887,0.010307163000106812,0.12238337844610214,0.10720290243625641,0.10006731003522873,0.06396234035491943,0.09938611835241318,0.168045774102211,0.15828514099121094,0.11936743557453156,0.1547791063785553,0.18489955365657806,0.11344754695892334,0.06848084926605225,0.026657313108444214,0.002336804522201419,0.0027612161356955767,0.003085819771513343,0.0014382826630026102,0.00031179728102870286,0.00044356886064633727,0.0005152394296601415,0.00032480788649991155,0.00018842837016563863,0.00012968540249858052,0.00013471354031935334,5.980942296446301e-05,0.00015667291881982237,0.0006456754636019468,0.0023730031680315733,0.0012095404090359807,8.64750036271289e-05,0.0004031140124425292,0.0006398505647666752,0.82673579454422,0.9690801501274109
Hippocrates was from the country of,The father of medicine was from the country of,Hippocrates,The father of medicine, Greece,1.67453326866962e-05,1.2689294635492843e-05,1.3269261216919404e-05,2.2372281819116324e-05,0.00018679708591662347,4.464306039153598e-05,3.9357601053779945e-05,9.059501462616026e-05,6.115638825576752e-05,2.690806650207378e-05,0.0006977511220611632,2.4191858756239526e-05,9.189813681587111e-06,1.3413289707386866e-05,2.4596996809123084e-05,1.5458541383850388e-05,9.401214811077807e-06,5.379213234846247e-06,2.5365658075315878e-05,0.0001242912549059838,0.0003880239964928478,0.0001574629859533161,0.00013386209320742637,5.753843652200885e-05,2.686175866983831e-05,2.8730702979373746e-05,2.5072446078411303e-05,3.1760923775436822e-06,2.253147613373585e-06,1.5179471120063681e-06,2.2865872324473457e-06,2.8374672638165066e-06,5.598001735052094e-06,3.2776231364550767e-06,1.0064981324831024e-05,8.626711860415526e-06,2.385327661613701e-06,5.256824806565419e-05,8.663875632919371e-05,6.293752085184678e-05,0.00010329350334359333,0.0001203101419378072,0.0120167201384902,0.006652918178588152,0.005419222638010979,0.007297552656382322,0.00801817886531353,0.00534269493073225,0.0034456050489097834,0.004833721090108156,0.0019434179412201047,0.0014869049191474915,0.0006180763593874872,0.0004896227037534118,0.000621275044977665,0.003234292147681117,0.004210027866065502,0.004239701200276613,0.0025192606262862682,0.003430660581216216,0.0016410562675446272,0.003003910416737199,0.0015219224151223898,0.0028420966118574142,0.00260219001211226,0.003180891275405884,0.009838400408625603,0.008400140330195427,0.008257666602730751,0.012618287466466427,0.013773265294730663,0.015833741053938866,0.005260965786874294,0.0031038662418723106,0.0008738962351344526,0.0007560719968751073,0.00024972003302536905,0.0006472232635132968,0.0014622589806094766,0.005396439228206873,0.5546139478683472,0.6030430197715759
Albert Einstein was known for developing the theory of,The winner of the 1921 Nobel Prize in Physics was known for developing the theory of,Albert Einstein,The winner of the 1921 Nobel Prize in Physics , relativity,7.211990305222571e-05,3.470038791419938e-05,1.8417338651488535e-05,2.8777907573385164e-05,3.264383485657163e-05,0.00017711968393996358,0.00014344957889989018,0.00013225377188064158,0.00011196946434210986,7.044377707643434e-05,5.594426329480484e-05,0.00011983814329141751,3.574619768187404e-05,3.9026558624755125e-06,1.041916561916878e-06,5.114319264976075e-06,7.2058460318658035e-06,4.3522988562472165e-05,2.8613044378289487e-06,7.521988436565152e-07,3.181566398779978e-06,2.1308458144631004e-06,4.363170319265919e-06,1.3808228231937392e-06,1.9292976958240615e-06,5.372956820792751e-06,3.847216703434242e-06,8.403160336456494e-07,6.027015615472919e-07,3.028854678177595e-08,3.09183121771639e-07,1.789116936379287e-06,1.2884584066341631e-06,3.5106945688312408e-06,3.7612824144162005e-07,8.735244705349032e-07,4.261634671820502e-07,8.576628260925645e-07,1.7298364127782406e-06,5.614182327917661e-07,3.9882783653411025e-07,1.1453753359091934e-06,2.523752527849865e-06,9.048767424246762e-07,2.055476670648204e-06,6.596456387342187e-06,1.6195059288293123e-05,9.78737443801947e-06,5.19380955665838e-06,3.1608828976459336e-06,6.185582606121898e-06,3.6228195767762372e-06,5.0156618272012565e-06,3.2390621527156327e-06,1.2690717085206416e-05,1.0641710105119273e-05,4.627511225407943e-05,2.6582669306662865e-05,2.8944692530785687e-05,6.823741568950936e-05,0.005827378947287798,0.0026730168610811234,0.8615873456001282,0.9318511486053467,0.8720545172691345,0.8299924731254578,0.8992639780044556,8.706652442924678e-05,0.0006248286226764321,0.0003500133752822876,0.0003748444723896682,0.002594016958028078,0.00044946378329768777,0.0014831960434094071,0.00539574958384037,0.03448590263724327,0.006617994047701359,0.009657347574830055,0.05034026503562927,0.1159132570028305,0.30634409189224243,0.9381983876228333
James Madison was born in the state of,The father of the Constitution was born in the state of,James Madison,The father of the Constitution, Virgina,3.96040704799816e-05,3.0750114092370495e-05,0.00013624096754938364,7.888682739576325e-05,0.0003408160409890115,3.4683434932958335e-05,1.3433874300972093e-05,2.6618379706633277e-05,1.6551985027035698e-05,6.0694051171594765e-06,1.228639121109154e-05,2.9436627301038243e-05,1.2307049473747611e-05,1.5776449799886905e-06,1.052332322615257e-06,3.72422118743998e-06,2.91740570901311e-06,7.4102858889091294e-06,2.2995041035756003e-06,5.019052196075791e-07,3.757334354759223e-07,1.1841638070109184e-07,2.2705052060700837e-07,4.954636665388534e-07,2.6285458716301946e-06,2.0630923245334998e-06,2.2056053694541333e-06,6.139035235719348e-07,6.041510914656101e-06,1.2684963621723e-05,2.0419853171915747e-05,1.7124491932918318e-05,6.235904947970994e-06,1.4439946426136885e-05,1.594278364791535e-05,4.0867562347557396e-06,8.274375431938097e-06,2.9238613933557644e-05,1.2593129213200882e-05,4.6590357669629157e-05,0.0001443104847567156,0.00010663418652256951,5.9947305999230593e-05,2.6702753530116752e-05,1.4024852134753019e-05,6.239107460714877e-05,2.6836676624952815e-05,1.9185545170330442e-05,1.9146154954796657e-05,1.3951068467576988e-05,9.030694855027832e-06,8.648651601106394e-06,3.013271270901896e-05,0.00021264278620947152,0.0003164802328683436,0.0005384751129895449,0.00017764056974556297,0.00025054701836779714,0.0004903677618131042,0.00018853375513572246,0.000279135798336938,0.0003049469378311187,0.0008417547214776278,0.005271969363093376,0.0022679376415908337,0.0009032250964082778,0.000917784112971276,0.0002587676572147757,0.0005415755440481007,0.000395559094613418,0.00027437254902906716,8.374690514756367e-05,0.00027071282966062427,1.9223718481953256e-05,4.395949508761987e-05,8.635110862087458e-05,0.00020862789824604988,0.0001530313165858388,0.0019720043055713177,0.002691769041121006,0.0013393093831837177,0.0026905592530965805
Charles Babbage was born in the city of,The father of the computer was born in the city of,Charles Babbage,The father of the computer, London,0.00026857119519263506,0.00040211185114458203,0.0003425802569836378,0.0003272203903179616,0.0004965224070474505,0.00016557122580707073,1.2013327250315342e-05,2.953448893094901e-05,8.327598152391147e-06,7.324970283661969e-06,0.0001042745279846713,6.534798740176484e-05,0.00010673383803805336,3.451619340921752e-05,3.736595681402832e-05,2.3725970095256343e-05,6.0470694734249264e-05,7.281147554749623e-05,2.4770906748017296e-05,3.0412616979447193e-05,6.840700370958075e-05,4.481634096009657e-05,0.0013487369287759066,0.0005472513730637729,0.0006544484058395028,0.0016498399199917912,5.470442556543276e-05,0.0001661634596530348,7.132413884392008e-05,8.988960871647578e-06,0.00026862527010962367,0.00046060356544330716,0.002383691957220435,0.0010098324855789542,0.0029078226070851088,0.0026595706585794687,0.0005794056924059987,0.8672025203704834,0.8316940665245056,0.48857659101486206,0.2360183596611023,0.04171132296323776,0.13671252131462097,0.1339004933834076,0.10255328565835953,0.09145309031009674,0.025874443352222443,0.018845105543732643,0.005682776216417551,0.002882982138544321,0.002494129817932844,0.006789456121623516,0.0023769340477883816,0.006173794157803059,0.006858553737401962,0.003727855160832405,0.003937252797186375,0.0061907400377094746,0.006332010496407747,0.007586031220853329,0.006081688683480024,0.010945703834295273,0.005466521251946688,0.01642349176108837,0.008814530447125435,0.007104205433279276,0.018078457564115524,0.0006355781806632876,0.0016552865272387862,1.546575549582485e-05,3.530379035510123e-05,5.251130642136559e-05,3.150048360112123e-05,2.9865392207284458e-05,4.3799777813546825e-06,1.573160625412129e-05,7.624857244081795e-05,0.030296631157398224,0.06169676035642624,0.010029157623648643,0.022142579779028893,0.931547224521637
Galileo Galilei was born in the city of,The father of the scientific method was born in the city of,Galileo Galilei,The father of the scientific method, Pisa,0.002884547458961606,0.0009344858699478209,0.00032108082086779177,0.0003334538487251848,0.0002848412550520152,7.337806164287031e-05,3.868588464683853e-05,0.00022444695059675723,0.00020559279073495418,0.0002911049814429134,1.5249054740706924e-05,5.8198933402309194e-05,0.00014114935765974224,0.00038043668610043824,6.0123657021904364e-05,6.054452751413919e-05,0.00010896869207499549,4.617365266312845e-05,0.000238434731727466,5.072094427305274e-05,0.0003649556019809097,7.45336728869006e-05,0.00030846550362184644,0.00029577946406789124,0.0023395479656755924,0.000607033958658576,6.536673754453659e-05,0.001410720287822187,0.001118753687478602,0.00012548273662105203,6.888812094985042e-06,0.00014231841487344354,0.00010563086834736168,1.5073763279360719e-05,1.1394940884201787e-05,1.7384370949002914e-05,4.4838474423158914e-05,1.0102167834702414e-05,3.1095526082935976e-06,1.7609727365197614e-06,7.681028364459053e-06,4.479340987018077e-06,3.0326978048833553e-06,1.1023304978152737e-05,1.6996144040604122e-05,3.557435775292106e-05,2.6601797799230553e-05,3.2460597140016034e-05,5.326360223989468e-06,2.6593215807224624e-05,5.8766008805832826e-06,0.00017130296328105032,5.158173371455632e-05,4.5314929593587294e-05,0.00016652145131956786,0.0002031115145655349,1.5299316146411e-05,9.946200589183718e-05,0.00021471959189511836,0.0004804887867067009,7.002509664744139e-05,0.0007001995691098273,0.002677509794011712,0.008329851552844048,0.6990669369697571,0.688562273979187,0.32090088725090027,0.3598955571651459,0.32565397024154663,0.42121729254722595,0.23881825804710388,0.8392893671989441,0.3190830945968628,0.12498655915260315,0.027091480791568756,0.13346266746520996,0.4307299554347992,0.5426738858222961,0.08931631594896317,0.0450345054268837,0.0482163205742836,0.9897984266281128
The Taj Mahal was commissioned by,The ivory-white mausoleum in India was commissioned by,The Taj Mahal,The ivory-white mausoleum in India, Shah Jahan,3.4309766760998173e-06,2.3126988253352465e-06,1.3387621038418729e-06,7.537172677984927e-06,2.654129502843716e-07,5.216320460021961e-07,8.175891963446702e-08,1.768931383594463e-07,1.180209707740687e-07,1.5852944557082083e-07,8.38004780234769e-07,3.7573533973045414e-07,3.4244783364556497e-07,2.3507882360718213e-06,8.000807611097116e-06,1.9922624687751522e-06,7.426356063433559e-08,1.996399532799842e-06,2.664702606125502e-06,1.1162637747474946e-06,4.008057203463977e-06,4.4920784603164066e-06,8.753596375754569e-06,8.545773744117469e-05,2.2172478566062637e-05,2.0476623831200413e-05,1.9557304767658934e-05,0.00012895278632640839,6.114322331995936e-06,3.4304662221984472e-06,1.4922035234121722e-06,7.77071818447439e-07,3.710295459313784e-06,3.51853657321044e-07,1.1703252056349811e-07,1.8905728893514606e-07,3.074638641464844e-07,2.051267529168399e-06,1.3175894082451123e-06,5.784507266071159e-06,9.764208925844287e-07,1.5161357396209496e-06,2.730357209657086e-06,3.2053749237093143e-06,9.032332286551537e-07,7.771271839374094e-07,2.921965688074124e-06,2.9251634714455577e-06,3.864903192152269e-06,3.332649612275418e-06,1.976017074412084e-06,1.3517758361558663e-06,1.4600354916183278e-06,3.4520946883276338e-06,6.001394012855599e-07,7.388914582406869e-06,6.366662091750186e-06,4.428816737345187e-06,3.3042672384908656e-06,4.322960194258485e-06,7.760537300782744e-06,3.958080469601555e-06,8.664812412462197e-06,3.131474386464106e-06,1.91392518900102e-06,1.0299584118911298e-06,1.5133920214793761e-06,1.1206183216927457e-06,3.0159364996507065e-06,1.0301068869011942e-06,1.806938712434203e-06,1.0694084267015569e-06,1.3334436061995802e-06,1.590334619550049e-07,2.947784309981216e-07,1.804806061045383e-06,1.1930378605029546e-06,6.447834834943933e-07,9.503361297902302e-07,4.985168288840214e-06,0.043609023094177246,0.07426048070192337
The Gateway Arch is located in,The world's tallest arch is located in,The Gateway Arch,The world's tallest arch, St. Louis,1.5745978089398704e-05,2.2142374291433953e-05,0.00043475173879414797,3.567407839000225e-05,2.8935671707586152e-06,6.667323191322794e-07,1.0119249509443762e-06,9.979970627682633e-07,1.1490274118841626e-05,2.6678335416363552e-06,1.7758731701178476e-05,1.282473249375471e-06,4.911914288641128e-07,9.55004452407593e-07,1.776370481820777e-05,5.229032012721291e-06,1.5053062270453665e-05,5.800940198241733e-05,6.197681068442762e-05,2.1468187696882524e-05,8.011388126760721e-05,0.00011351276043569669,7.541584636783227e-05,0.00010091047442983836,8.37421539472416e-05,0.00014848780119791627,3.713925980264321e-05,0.0003666836710181087,0.0007579154917038977,0.0002429042215226218,0.00015059094585012645,0.00026102771516889334,1.7238031432498246e-05,0.000362829421646893,2.5660579922259785e-05,0.00010396707511972636,7.252051727846265e-05,0.00033390161115676165,0.00012185895320726559,0.00021252321312204003,0.00027647335082292557,0.000989299500361085,0.0005258422461338341,0.0010070278076454997,0.0005014818743802607,0.0007025129743851721,0.0003367236349731684,0.0011360367061570287,0.003211194882169366,0.0005905664875172079,0.006645095534622669,0.0044823396019637585,0.016891896724700928,0.0026346121449023485,0.0018223337829113007,0.003678614739328623,0.12592966854572296,0.3116893768310547,0.21588173508644104,0.08463995158672333,0.06514937430620193,0.1930038034915924,0.037657130509614944,0.018983982503414154,0.007485280744731426,0.001688382588326931,0.0023032838944345713,0.0004892317811027169,4.6769815526204184e-05,0.00015739465015940368,0.00012298449291847646,1.0888809811149258e-05,4.9569516704650596e-05,0.00010561998351477087,0.0001705129980109632,0.0001530677400296554,0.00028799576102755964,0.0004922461230307817,0.000989115098491311,0.0014222722966223955,0.4164842367172241,0.7255330085754395
The Shard is located in the city of,The tallest building in the United Kingdom is located in the city of,The Shard,The tallest building in the United Kingdom, London,5.8328074374003336e-05,9.833926014835015e-05,4.835522850044072e-05,5.578861600952223e-05,1.9729222913156264e-05,9.928436156769749e-06,6.391161605279194e-06,7.280669365172798e-07,7.395960437861504e-06,9.422175025974866e-06,3.428713898756541e-05,6.697769276797771e-05,5.63252388019464e-06,7.415118261633324e-07,1.0365473599449615e-06,1.8149958123103715e-06,3.347593519720249e-06,2.582733941380866e-06,5.425859853858128e-06,6.697039793834847e-07,6.711683795401768e-07,1.193010490396773e-07,1.0594318382572965e-06,1.6555619595237658e-06,6.360680345096625e-06,3.2112498047354165e-06,4.0229119804280344e-06,7.170373919507256e-06,6.525369371956913e-06,2.3684037842031103e-06,9.033518836076837e-06,2.7097084966953844e-06,3.219364998585661e-06,2.4692942588444566e-06,1.2261808706170996e-06,1.5696089121775003e-06,1.3625594874611124e-06,0.0006847237818874419,0.00020963016140740365,0.0001849849068094045,0.0010832889238372445,0.0005483622662723064,0.000775982451159507,0.0002965705643873662,0.0006825451273471117,0.0004057589394506067,0.0001390236138831824,6.479466537712142e-05,4.529452417045832e-05,9.927865903591737e-06,8.596855332143605e-05,0.0001629126345505938,0.00016381577006541193,0.0004750890366267413,0.000570878735743463,0.0007271834183484316,0.002147527877241373,0.0013716171961277723,0.0013177633518353105,0.0006916365236975253,0.0018546361243352294,0.002227389020845294,0.001957307569682598,0.0014504633145406842,0.001751523814164102,0.0006453720852732658,0.006505670491605997,0.003918524831533432,0.003864819882437587,0.002170397900044918,0.00923932995647192,0.0064193131402134895,0.0022911070846021175,0.0033784005790948868,0.0013413982233032584,0.001029854523949325,0.0007613671477884054,0.00033241717028431594,0.0008475595968775451,0.00019344793690834194,0.9159244894981384,0.9715617299079895
T. Rex lived on the modern day continent of,The dinosaur with tiny arms lived on the modern day continent of,T. Rex,The dinosaur with tiny arms, North America,3.269638546044007e-05,1.7654141629463993e-05,0.00011290467955404893,0.0002216198481619358,0.00030807225266471505,0.00047284134780056775,0.0001557569921715185,0.00019126993720419705,0.00014193054812494665,3.283499609096907e-05,1.9152670574840158e-05,3.000896867888514e-05,2.3481818061554804e-05,1.2361228982626926e-05,1.2604074072442017e-05,2.481550836819224e-05,0.0001246747124241665,7.586280116811395e-05,3.717427171068266e-05,0.0004728464118670672,0.00016256743401754647,9.522068285150453e-05,0.00043106364319100976,0.00021024479065090418,0.00042681526974774897,0.00041588518070057034,0.00015387237363029271,2.4760380256338976e-05,0.0001086034972104244,0.0005506754969246686,0.010266421362757683,0.0019049097318202257,0.0017415592446923256,0.0004030731797683984,0.0003238696081098169,0.00027953568496741354,0.0012102144537493587,0.04977663233876228,0.09244603663682938,0.06810691952705383,0.223927304148674,0.2087930589914322,0.15917526185512543,0.25707319378852844,0.09112394601106644,0.1141817718744278,0.030560247600078583,0.022347625344991684,0.008132287301123142,0.0015014540404081345,0.0021261873189359903,0.005188264884054661,0.006194984540343285,0.012590956874191761,0.010831281542778015,0.039890654385089874,0.061595380306243896,0.026078471913933754,0.07746802270412445,0.9988279938697815,0.9986708164215088,0.9967936873435974,0.852637529373169,0.9459071159362793,0.036125391721725464,0.13157491385936737,0.237776517868042,0.1937062293291092,0.08053954690694809,0.15846627950668335,0.02789277583360672,0.10138027369976044,0.05225744843482971,0.03616916388273239,0.020548950880765915,0.0634276270866394,0.0836857333779335,0.08615893870592117,0.04923482611775398,0.014571783132851124,0.3775201737880707,0.8562371730804443
Bananas grow on,Long yellow berries grow on,Bananas,Long yellow berries, trees,9.215455065714195e-06,1.150736898125615e-05,1.4537949937221128e-06,2.9509185424103634e-06,1.1991941391897853e-05,4.488626927923178e-06,3.359368292876752e-06,2.5768904379219748e-05,7.684188312850893e-05,2.0545447114272974e-05,7.725101022515446e-05,0.00015416576934512705,0.00023912143660709262,0.00027775648050010204,0.0002602778549771756,0.0011820049257948995,0.0011634717229753733,0.00010324046888854355,0.0002797947672661394,4.0455666749039665e-05,0.0001222360151587054,0.00048387006972916424,0.00045215748832561076,0.00032988516613841057,0.0008701595943421125,0.0013268264010548592,0.0025904609356075525,0.004314660560339689,0.00466949911788106,0.002671346068382263,0.0010650457115843892,0.0005861895042471588,0.00019828671065624803,6.212451262399554e-05,9.808949835132807e-05,0.0003133479622192681,0.00020298930758144706,0.0007295469986274838,0.0007255744421854615,0.00016445147048216313,0.00013069825945422053,0.00015179409820120782,4.996425923309289e-05,8.62337474245578e-05,6.117029261076823e-05,2.7352170945960097e-05,0.00011785537208197638,5.079359107185155e-05,2.1354826458264142e-05,1.1119124792458024e-05,1.3647747437062208e-05,1.1775142411352135e-05,2.2615702619077638e-05,1.666378739173524e-05,5.801840597996488e-05,0.0001148449009633623,0.0001378630695398897,0.0003032912500202656,7.635327347088605e-05,0.00018146424554288387,0.0002698434691410512,0.0002850077871698886,0.0003596454334910959,0.00021700923389289528,0.0005502463900484145,0.0006015327526256442,0.0015071495436131954,0.0007708821212872863,0.00037199846701696515,0.00039715037564747036,0.00011135104432469234,6.75846022204496e-05,2.9623019145219587e-05,3.880518124788068e-05,4.16041148127988e-05,5.223395419307053e-06,8.846692253428046e-06,1.762080682965461e-05,1.1529429684742354e-05,1.2856034118158277e-05,0.006678796373307705,0.02761680819094181
"When life gives you limes, make","When life gives you the green version of lemons, make",limes,the green version of lemons, limeade,5.84895900601623e-08,1.1668455357494167e-07,3.2769878544058884e-07,4.1512228676765517e-07,9.000157774607942e-07,1.247544787474908e-06,1.6647985603412963e-06,3.9878168536233716e-06,3.5083576221950352e-06,1.756118035700638e-05,2.13884577533463e-05,2.836273233697284e-05,2.6663963581086136e-05,0.00010853929416043684,6.27741901553236e-05,2.866225622710772e-05,8.533597429050133e-05,3.0056606192374602e-05,4.0086986700771376e-05,5.721879279008135e-05,4.8285502998624e-05,9.277810022467747e-06,6.9115953920118045e-06,2.835117447830271e-05,4.918109698337503e-05,3.192207805113867e-05,2.5051400371012278e-05,9.372713975608349e-06,5.321115895640105e-05,0.00025245334836654365,0.0004511419974733144,8.744897786527872e-05,5.759542546002194e-05,8.671943760418799e-06,1.9085022358922288e-05,4.830826946999878e-05,0.0006347845774143934,0.09298435598611832,0.04506963863968849,0.04960446059703827,0.08305621147155762,0.003259800374507904,0.004683422856032848,0.017863372340798378,0.01991451345384121,0.013786065392196178,0.002596752718091011,0.0103317154571414,0.0025374286342412233,0.0018395171500742435,0.0030037269461899996,0.007429880555719137,0.017477529123425484,0.0065781534649431705,0.005213368218392134,0.6411080956459045,0.585254430770874,0.49053388833999634,0.35632237792015076,0.17328187823295593,0.1029038354754448,0.1682203710079193,0.02217763476073742,0.010992093943059444,0.0030265129171311855,0.00847337394952774,0.00846794992685318,0.027898503467440605,0.016652852296829224,0.00791251938790083,0.01744408905506134,0.0706094428896904,0.023642534390091896,4.6636028855573386e-05,1.2378096471366007e-05,3.790757091337582e-06,2.999860271302168e-08,3.366306555108167e-05,0.00012911004887428135,0.0002549499331507832,0.038585953414440155,0.17850154638290405
Helen Keller was born in the state of,A deaf and blind disability rights activist was born in the state of,Helen Keller,A deaf and blind disability rights activist, Alabama,1.940282572832075e-06,4.942402824781311e-07,4.634443030226976e-06,1.62142332555959e-05,9.889583452604711e-06,1.6647985603412963e-06,5.831580438098172e-06,2.569263961049728e-05,8.424620318692178e-06,2.1557319996645674e-05,0.00016418233281001449,0.0005327300750650465,0.0007090198923833668,9.61702098720707e-05,1.5729956430732273e-05,5.4901397561479826e-06,3.706278903337079e-06,7.045937877592223e-07,1.5703574263170594e-06,2.062647126876982e-06,6.122642844275106e-06,2.110147943312768e-05,0.00010075844329549,0.00010479400953045115,5.6553035392425954e-05,3.663074312498793e-05,1.9084014638792723e-05,5.335719833965413e-05,4.849197284784168e-05,4.086526678293012e-05,0.008140776306390762,0.02413659542798996,0.11034127324819565,0.09942734241485596,0.13728514313697815,0.010377100668847561,0.006740712560713291,0.9317720532417297,0.7480878233909607,0.8389666080474854,0.6489197015762329,0.6051293015480042,0.16335666179656982,0.0023409565910696983,0.04181830585002899,0.059236329048871994,0.9400134086608887,0.08807723224163055,0.07648293673992157,0.813084065914154,0.00680850213393569,0.000523962255101651,0.0050003561191260815,0.000874818826559931,0.007866119965910912,0.005845886655151844,0.13958348333835602,0.04078776389360428,0.22731290757656097,0.6255699396133423,0.17203713953495026,0.4273369014263153,0.4412091076374054,0.5345533490180969,0.29142096638679504,0.1576644331216812,0.14716200530529022,0.13470321893692017,0.12722580134868622,0.10619260370731354,0.08161669224500656,0.05354759469628334,0.1549539864063263,0.286178857088089,0.09544515609741211,0.49786800146102905,0.45410794019699097,0.2908650040626526,0.3605513572692871,0.4513205289840698,0.11694660782814026,0.919219434261322
Mozart was born in the modern day country of,The pianist who composed Twinkle Twinkle Little Star was born in the modern day country of,Mozart,The pianist who composed Twinkle Twinkle Little Star, Austria,6.324015885184053e-06,3.6730834835907444e-06,7.118168809938652e-07,3.846218078251695e-06,1.0048351214209106e-05,5.484339908434777e-06,6.536433829751331e-06,2.0616266738215927e-06,6.007715001032921e-07,1.2771523643095861e-06,3.115540494036395e-06,1.0573869076324627e-05,4.642289241019171e-06,3.7505019463424105e-06,9.726826419864665e-07,2.7674724378812243e-07,2.965050782677281e-07,1.0009149491452263e-06,8.873481078808254e-07,2.017752876781742e-06,3.3265109777858015e-06,9.008956112666056e-06,2.1940781152807176e-05,2.6115079890587367e-05,3.567376552382484e-05,1.3916924217483029e-05,5.345289082470117e-06,6.770857726223767e-05,3.4443750337231904e-05,0.00014086249575484544,0.00034171665902249515,0.0001319812290603295,0.00010482873040018603,4.9211648729396984e-05,0.0004777601279783994,0.0004601893888320774,0.0001021186399157159,0.010328525677323341,0.011243641376495361,0.006944112945348024,0.006749079097062349,0.008016807958483696,0.0817805677652359,0.06639016419649124,0.045696523040533066,0.051758620887994766,0.04544737562537193,0.01852036826312542,0.05101943761110306,0.04215637966990471,0.09659717231988907,0.22302454710006714,0.2268442064523697,0.612495481967926,0.6539691686630249,0.8081713318824768,0.8718162178993225,0.8845815658569336,0.8286038637161255,0.8310572504997253,0.8465534448623657,0.8213807344436646,0.8069140911102295,0.9917641282081604,0.9657671451568604,0.9410238265991211,0.9647644758224487,0.9701381325721741,0.9602810144424438,0.92747563123703,0.8998447060585022,0.9038911461830139,0.8687418103218079,0.7970522046089172,0.5525825619697571,0.7188119888305664,0.4874438941478729,0.33921676874160767,0.39589476585388184,0.06659627705812454,0.14290158450603485,0.7267864346504211
Beethoven was born in the modern day country of,The pianist who eventually went deaf was born in the modern day country of,Beethoven,The pianist who eventually went deaf, Germany,2.8829545044573024e-05,8.464247002848424e-06,2.9836457997589605e-06,4.587759576679673e-06,8.372680895263329e-06,8.937595339375548e-06,1.1896115211129654e-05,5.1005426939809695e-06,1.9744009023270337e-06,5.401326689025154e-06,5.72355420445092e-05,1.6894193322514184e-05,1.3624686289404053e-05,6.308721367531689e-06,1.83153258603852e-06,1.9545909424323327e-07,4.1386419979971834e-07,4.582560393373569e-07,2.4049660396485706e-07,1.1282834748271853e-05,8.797228474577423e-06,1.7046925222530263e-06,5.7524084695614874e-06,1.6744435924920253e-05,9.558233432471752e-05,1.9373885152162984e-05,2.889650932047516e-05,3.1338538974523544e-05,5.596143819275312e-05,0.00014814778114669025,0.0005254630814306438,0.0001121379536925815,0.00021486937475856394,0.0003775056975428015,0.0002293386496603489,0.0011496907100081444,0.0004241101851221174,0.0038714671973139048,0.003985092043876648,0.00529474625363946,0.01747257448732853,0.018795987591147423,0.04198809713125229,0.035332389175891876,0.0021273144520819187,0.003408024087548256,0.004853382240980864,0.005861984100192785,0.0033554534893482924,0.0010122191160917282,0.000693664827849716,0.0015546957729384303,0.0006203375523909926,0.00195884401910007,0.0019940754864364862,0.013274649158120155,0.015025176107883453,0.035165876150131226,0.15585467219352722,0.07393548637628555,0.17325782775878906,0.2825213670730591,0.12476909905672073,0.2910725474357605,0.41085538268089294,0.5928307175636292,0.31306135654449463,0.49537190794944763,0.23981045186519623,0.5140919089317322,0.2857273817062378,0.16869597136974335,0.2736031711101532,0.5258568525314331,0.5213282108306885,0.3704943060874939,0.2899251878261566,0.07199324667453766,0.09729621559381485,0.07985635846853256,0.034266047179698944,0.6587473750114441
The father of Hermes is,The father of the Greek messenger god is,Hermes,Greek messenger god, Zeus,6.059909196665103e-07,1.9132814941258403e-06,4.988688033336075e-06,2.4076218778645853e-06,3.5073819617537083e-06,2.5116894448729e-06,5.0327485041634645e-06,3.789667971432209e-06,8.932846867537592e-06,1.1135869499412365e-05,5.2761228289455175e-05,1.7881480744108558e-05,1.990681812458206e-05,1.4258261217037216e-05,2.1688902052119374e-05,2.7574129489948973e-05,1.8838909454643726e-05,1.104742750612786e-05,1.9889548639184795e-05,1.9296199752716348e-05,9.292984759667888e-05,0.00014450390881393105,1.684929520706646e-05,0.00018861962598748505,0.00012146720837336034,0.00013196664804127067,9.615749149816111e-05,8.826405974105e-05,0.00010380140884080902,6.841684808023274e-05,3.459901563473977e-05,4.1183226130669937e-05,0.00013347358617465943,0.00014453694166149944,7.879119948484004e-05,0.00016687368042767048,0.00016705469170119613,0.00024865110754035413,0.00013450920232571661,9.402332943864167e-05,0.00011230931704631075,4.639980033971369e-05,4.736471237265505e-05,0.00029693759279325604,0.0001858356554294005,0.00035229293280281126,0.00018353892664890736,0.00025795254623517394,0.00023108645109459758,0.00025268219178542495,0.0012347958981990814,0.007707883138209581,0.0077379983849823475,0.012808600440621376,0.00824558362364769,0.005811544135212898,0.008483541198074818,0.011983218602836132,0.023857340216636658,0.023654330521821976,0.03931640461087227,0.0780116394162178,0.06892486661672592,0.17828801274299622,0.08984224498271942,0.05311287194490433,0.07346771657466888,0.09273961186408997,0.10633592307567596,0.010998369194567204,0.01269776001572609,0.13537925481796265,0.17648378014564514,0.19284598529338837,0.39274299144744873,0.05699741095304489,0.02860907092690468,0.08382122218608856,0.09022122621536255,0.21492864191532135,0.4898436665534973,0.8521122336387634
Thor is the son of,The God of Thunder is the son of,Thor,The God of Thunder, Odin,1.2067550869687693e-06,1.5170249412221892e-07,2.738993316597771e-07,2.746340044268436e-07,1.2364340307158272e-07,1.4999858422015677e-07,5.311028772325699e-08,1.0023563135064251e-07,9.823820619203616e-07,2.1476746496773558e-06,1.4016767408975284e-06,2.4193175249820342e-06,5.583178335655248e-06,1.4496722542389762e-06,9.577409400662873e-06,1.173715531876951e-06,5.517598538062884e-07,7.856459660615656e-07,2.3475497528124833e-06,2.323763936828982e-07,1.9269953099865234e-06,3.774198194150813e-05,1.2801741831935942e-05,1.7771770217223093e-05,1.0895222658291459e-05,8.63894365465967e-06,4.275735136616277e-06,6.906523140060017e-06,1.5753499610582367e-05,1.433918714610627e-05,6.756792572559789e-05,0.00010668657341739163,0.00017791280697565526,0.00033231062116101384,0.0003919885493814945,0.0001498048222856596,0.00045878070523031056,0.0007480892818421125,0.0010553045431151986,0.0002113077644025907,0.0001611453917576,0.00011172542872373015,7.671196362935007e-05,5.221893297857605e-05,4.341506428318098e-05,6.07323381700553e-05,3.6242319765733555e-05,3.284041667939164e-05,1.7835442122304812e-05,9.42779388424242e-06,8.525940756953787e-06,8.573802006139886e-06,1.8458624253980815e-05,1.0776608178275637e-05,1.2270909792277962e-05,1.4651472156401724e-05,2.4436938474536873e-05,5.3851916163694113e-05,2.887836490117479e-05,2.0228697394486517e-05,2.3499307644669898e-05,3.375015876372345e-05,4.1699349822010845e-05,0.0004044625093229115,0.0002729079860728234,0.0002777515910565853,0.0002975572715513408,0.000176623638253659,4.041836291435175e-06,7.071796517266193e-06,6.886771734571084e-05,3.489255686872639e-05,1.994121885218192e-05,1.0876169653784018e-05,2.3069023882271722e-05,3.697759530041367e-05,2.5470097170909867e-05,2.2172769604367204e-05,9.905645129038021e-06,2.528207187424414e-05,0.9285852313041687,0.9351389408111572
New York City is also known as The Big,The most populous city in the United States is also known as The Big,New York City,The most populous city in the United States, Apple,1.916223254738725e-06,2.4696769287402276e-06,9.500011401541997e-06,1.0786764505610336e-05,4.587073271977715e-05,3.419591303099878e-05,3.334078883199254e-06,2.67542827714351e-06,8.227090802392922e-06,5.55428277948522e-06,1.996737182707875e-06,1.7884657381728175e-06,6.883918786115828e-07,2.5912652290571714e-07,1.1210770480829524e-06,1.7965206779990694e-06,2.654266381796333e-06,2.1386547359725228e-06,6.58105318507296e-06,1.0783643347167526e-06,1.960195277206367e-07,2.8086739689570095e-07,4.23864378262806e-07,2.4554599349357886e-06,7.613421075802762e-07,1.5672973177061067e-06,1.9142767087032553e-06,4.1106008552560525e-07,3.499343961266277e-07,3.983001874985348e-07,1.4530453427141765e-06,4.10591155741713e-06,1.1976791256529395e-06,1.121803734349669e-06,4.232492756273132e-06,5.325985057424987e-06,8.941724445321597e-06,1.594405694049783e-05,4.877748870057985e-05,4.017395622213371e-05,3.696497151395306e-05,3.669042052933946e-05,6.516412395285442e-05,0.00010586137068457901,0.0001539563381811604,0.0002673935377970338,0.000798178487457335,0.0012925384799018502,0.0014687944203615189,0.0011559627018868923,0.001724370988085866,0.002391604008153081,0.0024756838101893663,0.0023310824763029814,0.006242968607693911,0.009424639865756035,0.010922616347670555,0.016010994091629982,0.019921811297535896,0.0275722686201334,0.04637739062309265,0.18152587115764618,0.22116416692733765,0.18263156712055206,0.2764105796813965,0.34081992506980896,0.7719492316246033,0.7670027613639832,0.7719987034797668,0.05143987014889717,0.1289002001285553,0.08136328309774399,0.38608381152153015,0.32433563470840454,0.2082623690366745,0.36276254057884216,0.47221869230270386,0.4258185625076294,0.5345805883407593,0.8727772831916809,0.9988777041435242,0.9985814094543457
Abraham Lincoln succeeded in abolishing,The first president to be assassinated succeeded in abolishing,Abraham Lincoln,The first president to be assassinated, slavery,1.8470915108537156e-07,1.1271127959844307e-06,2.248294094897574e-06,8.970812928055238e-07,1.785644485607918e-07,3.0114912874523725e-07,3.5161056644028577e-07,1.7643688465796004e-07,1.6394315025536343e-06,5.2912400860805064e-06,1.6871976185939275e-05,2.898687125707511e-05,6.436442345147952e-05,4.2593270336510614e-05,1.689097553025931e-05,1.152281038230285e-05,2.022780063271057e-05,3.241030208300799e-05,2.4175093130907044e-05,4.9870235670823604e-05,5.0019680202240124e-05,5.9421723562991247e-05,2.3051967218634672e-05,2.5841633032541722e-05,6.99269658070989e-05,2.443913763272576e-05,0.00012838713882956654,0.00022630413877777755,0.00013860524632036686,1.7128702893387526e-05,2.368712921452243e-05,3.4847264032578096e-05,4.0200557123171166e-05,6.842505536042154e-05,0.00013591870083473623,0.00010972352902172133,0.00010826386278495193,0.00011258093582000583,6.495358684333041e-05,3.781925261137076e-05,4.602441185852513e-05,0.00014241901226341724,3.23269960063044e-05,2.3794311346136965e-05,2.1254933017189614e-05,1.340199014521204e-05,1.8100012312061153e-05,1.0462383215781301e-05,5.1628812798298895e-05,5.635634806822054e-05,2.0706847863039002e-05,1.930775943037588e-05,1.1241750144108664e-05,1.63191907631699e-05,5.939614857197739e-05,6.12930889474228e-05,5.809993308503181e-05,5.081291965325363e-05,2.8944361474714242e-05,5.439940287033096e-05,5.340287316357717e-05,0.0001685535826254636,0.0001720719737932086,6.430429493775591e-05,4.114903276786208e-05,2.049098657153081e-05,1.3871546798327472e-05,4.978971901437035e-06,4.640550741896732e-06,3.9020674194034655e-06,6.704840416205116e-06,1.6484949810546823e-05,9.798283826967236e-06,2.198815855081193e-05,2.6871251975535415e-05,0.00010604170529404655,9.939463780028746e-05,0.00013868378300685436,0.002295312937349081,0.015536447986960411,0.7454285621643066,0.9025954008102417
Abraham Lincoln fought in the,The first president to be assassinated fought in the,Abraham Lincoln,The first president to be assassinated, Civil War,2.3375927412416786e-05,6.0565480453078635e-06,1.1512205674080178e-05,6.653146556345746e-06,3.661866867332719e-05,2.243898416054435e-05,6.227538688108325e-05,1.0407278750790283e-05,1.7742173440637998e-05,4.658195757656358e-05,5.225898803473683e-06,7.218575774459168e-06,1.9505605450831354e-05,1.086117572413059e-05,7.238281796162482e-06,8.931328920880333e-06,5.1755500862782355e-06,8.17827822174877e-06,7.693340194236953e-06,2.514467814762611e-05,7.933119923109189e-05,7.026453204161953e-06,3.9140082662925124e-05,0.00021073801326565444,8.080016414169222e-05,5.165363472769968e-05,5.001897989131976e-06,2.3219797640194884e-06,2.930083837782149e-06,1.2127328545830096e-06,2.0761076484632213e-06,6.017563009663718e-06,5.198469807510264e-06,2.7689757189364173e-06,2.117309350069263e-06,3.586663297028281e-06,6.014874088577926e-06,1.1833495591417886e-05,6.902826498844661e-06,1.1728179742931388e-05,3.5085695344605483e-06,1.7982853023568168e-05,1.1932115739909932e-05,2.8033928174409084e-06,2.841562672983855e-05,3.521927283145487e-05,1.485153097746661e-05,3.161287850161898e-06,9.75878833742172e-07,3.6066819575353293e-07,7.617302912876767e-07,3.074500682487269e-06,1.6554507965338416e-05,3.106576969003072e-06,2.1332450614863774e-06,5.461106411530636e-07,9.887982059808564e-07,5.195869903218409e-07,1.2727461751183e-07,3.207481569234005e-08,2.3155081407821854e-07,1.6228896129177883e-06,1.872187795015634e-06,6.434197530325036e-07,8.03456543962966e-07,5.816256702928513e-07,5.052854703535559e-07,8.193019311875105e-07,8.773502031544922e-07,4.4388042397258687e-07,8.364718837583496e-07,6.770628147023672e-07,7.521389306930359e-07,5.271867280498554e-07,2.348567250010092e-06,6.866119974802132e-07,6.017676241754089e-07,3.723670261024381e-08,9.687551028036978e-07,7.28438067199022e-07,0.01374890748411417,0.011190694756805897
Medusa could turn people into,The goddess with snakes for hair could turn people into,Medusa,The goddess with snakes for hair, stone,3.830622972600395e-06,6.651138846791582e-06,6.227061476238305e-06,1.558299300086219e-05,1.7865755580714904e-05,1.1421660929045174e-05,2.7457768737804145e-05,1.5417690519825555e-05,9.933210094459355e-06,1.6076559404609725e-05,3.0110131774563342e-05,5.114058694744017e-06,7.984735020727385e-06,7.283370450750226e-06,6.842800758022349e-06,8.256114233518019e-05,2.4756269340286963e-05,0.00021548256336245686,9.816735109779984e-05,2.1572253899648786e-05,6.758145900676027e-06,1.7501579350209795e-05,8.602661182521842e-06,1.7319241578661604e-06,3.1389622563438024e-06,6.254469553823583e-06,3.507091605570167e-05,4.4665299355983734e-05,2.835334998962935e-05,4.294783138902858e-06,5.7052093325182796e-05,8.056260412558913e-05,4.230390550219454e-05,7.63754087529378e-06,4.675393211073242e-05,6.008830314385705e-05,0.00014645993360318244,0.001831073546782136,0.0016055168816819787,0.0018674196908250451,0.02010076493024826,0.0075042881071567535,0.009210219606757164,0.012474517337977886,0.5859379768371582,0.541307806968689,0.5996559262275696,0.5657979846000671,0.5032677054405212,0.5098135471343994,0.633931040763855,0.34115099906921387,0.5159732103347778,0.35852664709091187,0.9229706525802612,0.9095463752746582,0.9044641256332397,0.9244568347930908,0.770706295967102,0.6050683259963989,0.394316166639328,0.3406396210193634,0.2543789744377136,0.15955257415771484,0.10776220262050629,0.11762285232543945,0.10834621638059616,0.07636396586894989,0.10330583155155182,0.018562734127044678,0.021878642961382866,0.018797265365719795,0.051953960210084915,0.019063353538513184,0.022426771000027657,0.00410862872377038,0.01065845787525177,0.006065013352781534,0.019640883430838585,0.04540605470538139,0.9090285301208496,0.9166688323020935
Persephone is famous for eating a,The daughter of Demeter is famous for eating a,Persephone,the daughter of Demeter, pomegranate,6.34310781606473e-05,6.304172711679712e-05,4.4045114918844774e-05,0.00023064205015543848,4.1360719478689134e-05,6.238328933250159e-05,1.933165913214907e-05,2.1252588339848444e-05,8.433969014731701e-06,1.3210418728704099e-05,2.9918403470219346e-06,2.3447597413905896e-05,3.9624119381187484e-05,1.9803135728579946e-05,2.701132643778692e-06,1.175792931462638e-06,5.353512733563548e-06,6.599527750950074e-07,4.135806648264406e-06,1.4099007330514723e-06,2.1104333427501842e-06,8.025647275644587e-07,5.690067155228462e-06,1.1503533642098773e-05,1.974885890376754e-05,2.0801804566872306e-05,1.9827298274321947e-06,4.0394697862211615e-06,2.493799911462702e-06,2.2271957789143926e-07,8.375915427905056e-08,4.91248101752717e-07,7.569277045149647e-07,7.678727911297756e-07,3.4149823591178574e-07,3.8307231875478465e-07,2.7117205263493815e-06,2.2649737729807384e-06,4.603504635269928e-07,1.352745016447443e-06,5.608651463262504e-06,4.977471803613298e-07,6.73728936817497e-06,1.1769439879572019e-05,5.9575645536824595e-06,1.792266448319424e-05,6.25730972387828e-05,2.5579023713362403e-05,2.900069193856325e-05,6.863965973025188e-05,6.393162038875744e-05,0.00027588900411501527,1.9744808014365844e-05,6.047682836651802e-05,6.549673798872391e-06,5.131165380589664e-05,1.3289339221955743e-05,6.965828561078524e-06,6.51009622743004e-06,6.691313956252998e-07,1.955562538569211e-06,1.1319381883367896e-05,2.4376207875320688e-05,4.222635106998496e-05,4.717384945251979e-05,7.586694209749112e-06,1.63147797138663e-06,4.6737426600884646e-05,3.738970235644956e-06,8.529308615834452e-06,5.075343324278947e-06,1.7342938463116297e-07,7.236756971451541e-08,2.5798362912610173e-06,2.632361656651483e-06,2.2278036340139806e-06,5.654515462083509e-06,0.001970738172531128,0.00021050446957815439,0.0001792117691366002,0.055549729615449905,0.061342883855104446
Oedipus married a woman named,The King of Thebes married a woman named,Oedipus,The King of Thebes, Jocasta,0.00015916916891001165,0.00021954590920358896,0.00032155352528207004,5.72114804526791e-05,0.0002796488406602293,0.000228360018809326,3.9553691749460995e-05,3.2344112696591765e-05,1.643464020162355e-05,3.4233219139423454e-06,2.213211928392411e-06,1.9681130652315915e-05,4.923726919514593e-06,4.874993101111613e-05,2.465763463987969e-05,4.028233433928108e-06,0.00019941656501032412,1.997018262045458e-05,0.00016094630700536072,9.387213140144013e-06,5.513123596756486e-06,2.8738413675455377e-06,7.358073617069749e-06,3.978822860517539e-06,5.847947704751277e-06,5.698109930563078e-07,1.3981047004563152e-06,2.3959371446835576e-06,1.7318127447651932e-06,3.5053958526987117e-06,3.5892099958800827e-07,1.8095607856594143e-06,1.1575208418435068e-06,1.218873080688354e-06,6.799576226512727e-07,3.720896984305e-06,2.3790724299033172e-05,9.044674698088784e-06,2.356421191507252e-06,1.251785761269275e-06,1.7750729739418603e-06,5.636098194372607e-06,5.784628228866495e-06,5.222165327722905e-06,2.1189978724578395e-05,2.0049550585099496e-05,3.463723260210827e-05,3.389097037143074e-05,8.50984433782287e-05,4.1504998080199584e-05,0.0001489332935307175,2.1603274944936857e-05,9.666296682553366e-05,8.614920807303861e-05,0.00010352399112889543,0.00016730600327719003,7.031816494418308e-05,0.00010084147652378306,0.00019404091290198267,6.517782458104193e-05,4.3911091779591516e-05,5.7577221014071256e-05,0.00010212100460194051,0.00016938649059738964,0.00032405334059149027,0.002100843470543623,0.005270224064588547,0.0010536771733313799,0.003469826653599739,0.0007932677981443703,0.0005965911550447345,0.000137393333716318,0.00033630311372689903,0.00013993048924021423,4.1866518586175516e-05,0.00017195694090332836,0.002028777962550521,0.07570262998342514,0.0071200719103217125,0.00321005005389452,0.37113136053085327,0.7185076475143433
William Shakespeare was born in the country of,The Bard of Avon was born in the country of,William Shakespeare,The Bard of Avon, England,7.220753468573093e-05,0.00015356947551481426,0.00020100273832213134,7.787119830027223e-05,4.145814455114305e-05,1.3252061762614176e-05,1.79470116563607e-05,6.664128250122303e-06,1.863729082174359e-08,7.65002732805442e-06,9.453807251702528e-06,8.853413419274148e-06,1.0671076324797468e-06,2.8133165415056283e-06,2.285879418195691e-06,3.8762111216783524e-05,1.5522278772550635e-05,3.244576873839833e-05,6.971350376261398e-05,3.4067266824422404e-05,4.632956915884279e-05,1.3580677659774665e-05,4.2608639887475874e-06,1.787804467312526e-05,5.554280051001115e-06,4.450099004316144e-05,1.3823591871187091e-05,2.4293385649798438e-05,0.00011779511987697333,3.35635086230468e-05,3.1639079679735005e-05,0.0003344415163155645,0.0017136867390945554,0.0004927451373077929,0.00021754068438895047,3.957234002882615e-05,2.969687557197176e-06,9.148874369202531e-08,1.253582695426303e-07,1.0984652476508927e-07,1.2808058613700268e-07,1.340914792535841e-07,7.654897871134381e-08,6.099624982880414e-08,7.936166213085016e-08,2.843624713477766e-07,1.1253467846472631e-07,6.522531492691996e-08,1.72147540666856e-08,2.5207922860204235e-08,5.114339884926267e-08,1.8772448484583037e-08,3.0023656449884584e-08,1.1052964765667639e-08,1.0446179032896907e-08,8.527014649928333e-09,1.9237198500832164e-08,1.6802522040393342e-08,2.8210248359528123e-08,9.255458621737489e-08,7.129684149731474e-07,6.507771104224958e-07,8.843337013786368e-07,3.460680488842627e-07,5.659491080223233e-07,4.402718616347556e-07,3.2895911772357067e-07,6.286961706791772e-07,7.412893410219112e-07,1.2580453585542273e-06,3.072152878758061e-07,9.80065124167595e-07,9.306845640821848e-07,3.158788217660913e-07,3.5701802403309557e-07,1.7311989495283342e-06,7.20169418855221e-06,7.938818271213677e-06,3.6497902328846976e-05,0.0002498953545000404,0.5487655997276306,0.9393157362937927
Hercules had a father named,The son of Hera had a father named,Hercules,The son of Hera, Zeus,1.4070138831812073e-07,3.1119129744183738e-06,7.504832410631934e-06,3.516210881571169e-06,1.4636968899139902e-06,2.677799784578383e-06,2.066300112346653e-06,4.90650973006268e-06,3.938138615922071e-05,0.0003316028160043061,0.00013084523379802704,4.4320811866782606e-05,9.209158451994881e-05,6.310446769930422e-05,2.0800300262635574e-05,4.1680723370518535e-05,2.400632729404606e-05,8.838105713948607e-06,1.2307154975133017e-05,1.4306046978163067e-06,3.361438757565338e-06,7.05009006196633e-06,5.708387107006274e-06,4.168263785686577e-06,1.3264026165415999e-05,2.0721901819342747e-05,1.338254332949873e-05,1.0231645319436211e-05,7.057413768052356e-06,6.91393734086887e-06,1.675260136835277e-06,8.504906645612209e-07,7.468151466127892e-07,1.4558605698766769e-06,1.126123152062064e-06,3.995344286522595e-06,1.0683705113478936e-05,3.918760739907157e-06,1.0117394594999496e-05,6.407668115571141e-05,5.790888826595619e-05,2.8709018806694075e-05,6.061043677618727e-05,0.00026510574389249086,7.783544424455613e-05,0.00011825032561318949,0.0003795586817432195,0.00015947292558848858,0.0002046553127001971,0.00011035922216251493,0.00020732989651151001,0.0003091182152274996,0.0003299807140138,0.00038900820072740316,0.0005544726154766977,0.0005899576935917139,0.00017456634668633342,4.9807702453108504e-05,6.092751209507696e-05,7.59455215302296e-05,6.774838402634487e-05,0.00011826893751276657,0.00011812141019618139,6.298538210103288e-05,7.253372314153239e-05,9.436744585400447e-05,0.00019759693532250822,0.00031706952722743154,0.00028337526600807905,0.0003492759133223444,0.0006898910505697131,0.0007320985314436257,0.0016514337621629238,0.0018429385963827372,0.003927234094589949,0.0017580435378476977,0.0020497862715274096,0.0009004218154586852,0.00046464422484859824,0.001492275157943368,0.71706622838974,0.8801705241203308
The Great Barrier Reef is located off the coast of the continent of,The largest coral reef system in the world is located off the coast of the continent of,The Great Barrier Reef,The largest coral reef system in the world, Australia,0.00022772190277464688,0.0001695165119599551,0.0002384113904554397,5.217221041675657e-05,7.102065865183249e-05,3.2377774914493784e-05,3.001622826559469e-05,8.99007500265725e-06,1.2779754797520582e-05,1.4410679796128534e-05,0.0013162859249860048,0.0003317827358841896,0.0004216689267195761,7.37466416467214e-06,1.6535004760953598e-05,6.667736670351587e-06,1.23532126963255e-05,7.04498097547912e-06,4.270445970178116e-06,1.8103182810591534e-05,4.8090216296259314e-05,3.927211946574971e-05,0.0004317302955314517,0.0009090719395317137,0.0006012365338392556,0.0001873800647445023,0.0003687031858135015,0.0003663045645225793,8.728560351300985e-05,0.00014327796816360205,3.361201743246056e-05,3.965910309489118e-06,3.4060988127748715e-06,8.715082913113292e-07,2.268860043841414e-06,5.9367848734837025e-06,5.17543958267197e-06,4.9122656491817906e-05,9.466498158872128e-05,0.00010147383000003174,8.291381527669728e-05,0.0006284422124736011,0.0026046859566122293,0.0024438705295324326,0.0012311235768720508,0.002607267815619707,0.0033497505355626345,0.005383560433983803,0.00306211831048131,0.0017084903083741665,0.0035179159604012966,0.0029855784960091114,0.0044992160983383656,0.005686388351023197,0.006934591569006443,0.10504589229822159,0.1687442809343338,0.08741933852434158,0.13770443201065063,0.08878709375858307,0.10313625633716583,0.12682825326919556,0.09219013899564743,0.04878140985965729,0.8531474471092224,0.2518463432788849,0.502927303314209,0.3754294216632843,0.45735102891921997,0.28056302666664124,0.28477421402931213,0.344550222158432,0.2458055466413498,0.3559702932834625,0.40222272276878357,0.8406803607940674,0.730959951877594,0.3958854675292969,0.7001882195472717,0.9124206900596619,0.9078584313392639,0.9264196157455444
The Louvre Museum is located in the city of,The largest art museum in the world is located in the city of,The Louvre Museum,The largest art museum in the world, Paris,1.3771359590464272e-05,4.1190314732375555e-06,1.0941078471660148e-05,1.5283379980246536e-05,3.2690022635506466e-06,1.3019441212236416e-05,1.7787442629924044e-06,2.1350324459490366e-05,6.524480795633281e-06,4.046900357934646e-06,0.00046252241008915007,0.0002288210962433368,8.460420212941244e-05,8.831963896227535e-06,7.423315764754079e-06,5.454584425024223e-06,1.9500292182783596e-05,5.8365958466310985e-06,1.878002763078257e-06,7.993467079359107e-06,5.322740435076412e-06,1.7112430214183405e-05,0.0002344085805816576,0.00010084179666591808,0.0003022734890691936,7.598077354487032e-05,0.00011986211757175624,1.1178222848684527e-05,1.2223738849570509e-05,8.523719770892058e-06,2.035136503764079e-06,1.0378039405622985e-06,9.932955435942858e-07,4.2604017380654113e-07,7.518863753830374e-07,5.69479709611187e-07,3.5704670153791085e-07,0.06522456556558609,0.2027473747730255,0.19441717863082886,0.044420190155506134,0.026973126456141472,0.10186435282230377,0.1170014813542366,0.3398140072822571,0.4304087162017822,0.40582215785980225,0.6178288459777832,0.8607637286186218,0.7587759494781494,0.6532461047172546,0.8088439702987671,0.8417329788208008,0.853255033493042,0.8489366769790649,0.9068915247917175,0.8775954842567444,0.913459300994873,0.8875359296798706,0.8644681572914124,0.8602132797241211,0.6789245009422302,0.6983796954154968,0.601309061050415,0.6763298511505127,0.8978122472763062,0.4410039186477661,0.010929538868367672,0.008965890854597092,0.02298606187105179,0.03457602486014366,0.011843119747936726,0.021905582398176193,0.04291269928216934,0.06453677266836166,0.07560426741838455,0.03666190430521965,0.05974460393190384,0.007195669692009687,0.010669892653822899,0.55286705493927,0.9223242998123169
Mount Everest is located in the,The highest peak in the world is located in the,Mount Everest,The highest peak in the world, Himalayan,3.109425108505093e-07,1.1735042448890454e-07,4.286216181981217e-08,5.159133564802687e-08,2.759443304967135e-07,2.3661482373427134e-07,2.2753752091375645e-06,4.162551249464741e-06,8.64060723415605e-07,9.986792974814307e-06,7.574034498247784e-06,5.150321521796286e-05,2.4678920453879982e-05,8.792368316790089e-05,7.393009582301602e-05,8.431226888205856e-06,2.753032958935364e-06,1.730620897433255e-05,1.580483694851864e-05,6.587560164916795e-06,4.006223207397852e-06,3.606820428103674e-06,3.4418305858707754e-06,7.22830827726284e-06,2.3155083908932284e-05,1.0098946404468734e-05,1.7163836673717014e-05,4.102760613022838e-06,8.050675205595326e-06,9.931893146131188e-06,9.180580491374712e-06,7.557939170510508e-06,8.796928909760027e-07,7.043784648885776e-07,1.3117266917106463e-06,3.742274827800429e-07,9.584117606209475e-07,5.961323950032238e-06,2.8071064662071876e-05,2.650781061674934e-05,1.5779341993038543e-05,1.6267884348053485e-05,1.0848984857148025e-05,7.493895736843115e-06,1.568294464959763e-05,1.5728017388028093e-05,1.5034919670142699e-05,2.459736970195081e-05,3.128233947791159e-05,2.8923637728439644e-05,3.3578089642105624e-05,2.929776383098215e-05,9.533051525068004e-06,1.7606233086553402e-05,6.398821369657526e-06,4.598804025590653e-06,8.563452865928411e-06,1.4454668644248159e-06,1.4937412515791948e-06,2.014876599787385e-06,8.074143806879874e-07,1.041308905769256e-06,5.594668891717447e-06,3.3065193747461308e-06,1.494932007517491e-06,1.2901165291623329e-06,2.000226004383876e-06,3.0273217817011755e-06,6.991760074015474e-06,1.0036488902187557e-06,5.580850938713411e-06,2.9235900456114905e-06,2.199963773819036e-06,1.0612352525640745e-06,2.0139964362897445e-06,8.321011364387232e-07,9.140164365817327e-06,2.143343044735957e-05,2.637754732859321e-05,0.0007722656591795385,0.5895732045173645,0.6876440644264221
Mammoth Cave is located in,The longest known cave system is located in ,Mammoth Cave,The longest known cave system, Kentucky,7.901002163634985e-07,4.14685189298325e-07,1.1092892009401112e-06,1.2484631497500231e-06,8.08580466582498e-07,7.026743560345494e-07,1.0488245152373565e-06,6.17974592387327e-06,2.1907374048169004e-06,3.607229245972121e-06,1.1272594747424591e-05,3.912005922757089e-05,0.00012476563279051334,4.3219544750172645e-05,1.4342217582452577e-05,1.3510576536646113e-05,1.1452441867731977e-05,1.5184298717940692e-05,9.599831173545681e-06,2.991296241816599e-06,4.405266372486949e-05,2.816255801008083e-05,6.716945335938362e-06,2.6769794203573838e-06,2.683689444893389e-06,2.2109886685939273e-06,2.0981449324608548e-06,5.866281753696967e-07,6.334384465844778e-07,2.3190875708678504e-06,6.57507541745872e-08,2.9708274951190106e-07,8.853683084453223e-07,2.264438535348745e-06,8.003380571608432e-06,2.232641918453737e-06,7.173812718974659e-06,0.04608182609081268,0.0309606846421957,0.004149622283875942,0.0023307388182729483,0.02380417287349701,0.011808923445641994,0.014084852300584316,0.0213417187333107,0.07334379851818085,0.13277579843997955,0.11513806879520416,0.23205211758613586,0.16506493091583252,0.01974770799279213,0.020868295803666115,0.04151090979576111,0.02872074767947197,0.01592954806983471,0.00658594211563468,0.023636627942323685,0.030230402946472168,0.02849009446799755,0.011451734229922295,0.011733673512935638,0.014922341331839561,0.033050019294023514,0.018765944987535477,0.01451350562274456,0.008022432215511799,0.007605170365422964,0.009682645089924335,0.0013811193639412522,0.0033695348538458347,0.0019501516362652183,0.0012956686550751328,0.0009391196654178202,0.001348854973912239,0.0008156029507517815,2.7601929559750715e-06,2.346002838748973e-05,1.056580686054076e-06,2.717436018428998e-06,1.5379005162685644e-06,0.1010967344045639,0.08603990077972412
The blue whale is a,The largest animal to exist is a,blue whale,largest animal to exist, mammal,1.261268039343122e-06,2.9643451853189617e-06,8.9454516682963e-07,9.695604603621177e-07,4.252329745213501e-06,7.3875712587323505e-06,8.801323929219507e-06,8.865235031407792e-06,9.952939581125975e-05,6.967859371798113e-05,0.00016251744818873703,0.00017856733757071197,0.00015965091006364673,5.528850306291133e-05,4.87166726088617e-05,6.270164885791019e-05,8.541009447071701e-05,0.00018810454639606178,0.00020950791076757014,1.6380106899305247e-05,4.3468913645483553e-05,0.00018587929662317038,0.0003061132738366723,0.0001309399085585028,6.786308222217485e-05,5.606348713627085e-05,9.339572716271505e-05,3.2628493499942124e-05,9.798738756217062e-05,3.808916881098412e-05,0.00011185753101017326,5.7356464822078124e-05,2.1665224267053418e-05,1.9297951439511962e-05,1.2186325875518378e-05,1.8192155039287172e-05,9.361928096041083e-05,0.0001236237003467977,0.00013180926907807589,0.00010061821376439184,0.0007351566455326974,0.0006416196119971573,0.0003003946621902287,0.0007749468204565346,0.0006323356064967811,0.00023507289006374776,0.0013120457297191024,0.0023061714600771666,0.0016515947645530105,0.0005962448776699603,0.0012890063226222992,0.0012219083728268743,0.0006357262027449906,0.0008335091988556087,0.0009648145642131567,0.0005993672530166805,0.0010421744082123041,0.0018127928487956524,0.0025106696411967278,0.0011073944624513388,0.0012570011895149946,0.00039495769306086004,0.0004374613636173308,0.0004772191168740392,0.0006855092942714691,0.0007019409094937146,0.00043257279321551323,0.00030718802008777857,0.00037654099287465215,0.0009190572309307754,0.0003426250477787107,0.00041550653986632824,0.00018605789227876812,0.0003336639783810824,6.438926357077435e-05,7.842783816158772e-05,6.753943307558075e-05,0.0002514471998438239,0.00010828973609022796,0.00010175999341299757,0.008943470194935799,0.026323456317186356
Jupiter is the largest planet in the solar,The fifth planet from the sun is the largest planet in the solar,Jupiter,The fifth planet from the sun, system,0.0003322946431580931,0.0003547368396539241,0.0004185996949672699,0.0005508694448508322,0.002631781157106161,0.0002777304616756737,0.0003064089978579432,0.0004344398621469736,0.000192403414985165,7.414460560539737e-05,8.504872312187217e-06,0.00019405834609642625,0.00022180665109772235,7.570111483801156e-05,1.9879641968145734e-06,1.9532593796611764e-05,2.221595605078619e-05,2.527938931962126e-06,5.999767017783597e-05,0.00010201622353633866,0.0001556588103994727,3.446628761594184e-05,1.4840144103800412e-05,3.360004848218523e-05,6.88380459905602e-05,0.0003677223576232791,0.0002485499426256865,0.0006686655688099563,0.0009244090178981423,0.0007712594815529883,0.00029451801674440503,0.0003430538054089993,0.00015480158617720008,0.0005079564871266484,0.0001300656731473282,0.0004411476547829807,0.0022050447296351194,0.0012688396964222193,0.0029204157181084156,0.004050240386277437,0.007884306833148003,0.008234703913331032,0.006658369209617376,0.021456975489854813,0.07033202797174454,0.0244690403342247,0.10960577428340912,0.027254747226834297,0.034532081335783005,0.07473153620958328,0.06640715152025223,0.04252609983086586,0.04480409994721413,0.06895918399095535,0.04102512076497078,0.05938320234417915,0.07813110202550888,0.3724469244480133,0.356423020362854,0.5290318727493286,0.8158515691757202,0.8480797410011292,0.7219573855400085,0.7181421518325806,0.6857315301895142,0.7436014413833618,0.826744556427002,0.6381897926330566,0.3518434166908264,0.599226176738739,0.4126136600971222,0.4876537322998047,0.7126442790031433,0.342818945646286,0.525225818157196,0.25519153475761414,0.38204720616340637,0.5473374128341675,0.05393335223197937,0.0011231646640226245,0.9981371164321899,0.9994837045669556
