explicit_sentence,obscure_sentence,explicit_entity,obscure_entity,answer,ans_prob_lens_edit_layer0,ans_prob_lens_edit_layer1,ans_prob_lens_edit_layer2,ans_prob_lens_edit_layer3,ans_prob_lens_edit_layer4,ans_prob_lens_edit_layer5,ans_prob_lens_edit_layer6,ans_prob_lens_edit_layer7,ans_prob_lens_edit_layer8,ans_prob_lens_edit_layer9,ans_prob_lens_edit_layer10,ans_prob_lens_edit_layer11,ans_prob_lens_edit_layer12,ans_prob_lens_edit_layer13,ans_prob_lens_edit_layer14,ans_prob_lens_edit_layer15,ans_prob_lens_edit_layer16,ans_prob_lens_edit_layer17,ans_prob_lens_edit_layer18,ans_prob_lens_edit_layer19,ans_prob_lens_edit_layer20,ans_prob_lens_edit_layer21,ans_prob_lens_edit_layer22,ans_prob_lens_edit_layer23,ans_prob_lens_edit_layer24,ans_prob_lens_edit_layer25,ans_prob_lens_edit_layer26,ans_prob_lens_edit_layer27,ans_prob_lens_edit_layer28,ans_prob_lens_edit_layer29,ans_prob_lens_edit_layer30,ans_prob_lens_edit_layer31,ans_prob_lens_edit_layer32,ans_prob_lens_edit_layer33,ans_prob_lens_edit_layer34,ans_prob_lens_edit_layer35,ans_prob_lens_edit_layer36,ans_prob_lens_edit_layer37,ans_prob_lens_edit_layer38,ans_prob_lens_edit_layer39,ans_prob_lens_edit_layer40,ans_prob_lens_edit_layer41,ans_prob_lens_edit_layer42,ans_prob_lens_edit_layer43,ans_prob_lens_edit_layer44,ans_prob_lens_edit_layer45,ans_prob_lens_edit_layer46,ans_prob_lens_edit_layer47,ans_prob_lens_edit_layer48,ans_prob_lens_edit_layer49,ans_prob_lens_edit_layer50,ans_prob_lens_edit_layer51,ans_prob_lens_edit_layer52,ans_prob_lens_edit_layer53,ans_prob_lens_edit_layer54,ans_prob_lens_edit_layer55,ans_prob_lens_edit_layer56,ans_prob_lens_edit_layer57,ans_prob_lens_edit_layer58,ans_prob_lens_edit_layer59,ans_prob_lens_edit_layer60,ans_prob_lens_edit_layer61,ans_prob_lens_edit_layer62,ans_prob_lens_edit_layer63,ans_prob_lens_edit_layer64,ans_prob_lens_edit_layer65,ans_prob_lens_edit_layer66,ans_prob_lens_edit_layer67,ans_prob_lens_edit_layer68,ans_prob_lens_edit_layer69,ans_prob_lens_edit_layer70,ans_prob_lens_edit_layer71,ans_prob_lens_edit_layer72,ans_prob_lens_edit_layer73,ans_prob_lens_edit_layer74,ans_prob_lens_edit_layer75,ans_prob_lens_edit_layer76,ans_prob_lens_edit_layer77,ans_prob_lens_edit_layer78,ans_prob_lens_edit_layer79,answer_prob_obs,answer_prob_exp
George Washington fought in the,The first president of the United States fought in the,George Washington,The first president of the United States, Revolutionary War,1.89270406281139e-06,1.2197552905490738e-06,1.8984637506491708e-07,8.884887279236864e-07,3.0679520932608284e-06,4.81211427540984e-05,4.4371474359650165e-05,5.563240483752452e-05,4.8961002903524786e-05,6.766580190742388e-05,0.0001627820311114192,0.00012223998783156276,9.41448743105866e-05,2.6120158509002067e-05,3.1319430036091944e-06,1.5571342828479828e-06,3.4330189464526484e-06,1.9610563413152704e-06,2.9415266453725053e-06,5.391502782003954e-07,6.66650805669633e-07,2.4036037302721525e-06,8.678201766088023e-07,8.611829116489389e-07,7.528479386564868e-07,1.5379413298433064e-06,1.8143394981962047e-06,1.7676811694400385e-06,2.7774103728006594e-06,5.258182227407815e-07,3.4078630051226355e-07,3.279835993907909e-07,7.184186756603594e-07,1.5312131154132658e-06,6.898539481881016e-07,5.367610924622568e-07,4.910261850454845e-07,5.076889237898286e-07,5.909857918595662e-07,7.213044455056661e-07,3.174681978634908e-06,3.229844423913164e-06,3.2376601666328497e-06,1.05431661268085e-06,1.7317242964054458e-06,6.031440875631233e-07,3.6310450468590716e-07,7.492803320019448e-07,7.32920057089359e-07,1.1560014172573574e-06,1.022969286168518e-06,2.1244468371151015e-06,4.526694283413235e-06,8.526683814125136e-06,2.3722775949863717e-05,2.905660221586004e-05,1.601594703970477e-05,1.1365757018211298e-05,9.806485650187824e-06,2.0890503947157413e-05,2.2936550521990284e-05,7.259545236593112e-05,6.427476182579994e-05,6.357391248457134e-05,5.644429620588198e-05,6.441916775656864e-05,8.602573507232592e-05,0.0001441643398720771,5.935911030974239e-05,0.00011503944551805034,8.819332288112491e-05,0.00016337436682078987,9.499619773123413e-05,9.41615435294807e-05,0.00010762906458694488,4.539735891739838e-05,1.9369001165614463e-05,4.452889697859064e-05,5.959939517197199e-05,7.530569564551115e-05,0.08630707114934921,0.03394823148846626
The president lives in the,The leader of the United States lives in the,The president,The leader of the United States, White House,3.1343658974947175e-06,9.468108146393206e-06,7.185051345004467e-06,3.582774525057175e-06,7.0433502514788415e-06,1.0173848750127945e-05,2.9964909117552452e-05,7.191194163169712e-05,3.810662019532174e-05,3.4577282349346206e-05,0.00034931188565678895,0.0003956084547098726,0.00013551894517149776,0.00010078500781673938,0.00011927643208764493,6.123641651356593e-05,1.8605465811560862e-05,1.040933420881629e-05,5.2790324843954295e-05,1.5806259398232214e-05,8.982438885141164e-06,1.3927163308835588e-05,1.7077634765882976e-05,3.8397294702008367e-05,5.5642863117100205e-06,8.461369361612014e-06,3.1677654988016e-06,6.513270704999741e-07,4.6830205064907204e-06,8.94838922249619e-06,1.0774103429866955e-05,2.1917487174505368e-05,2.1746018319390714e-05,2.2836845801066374e-06,2.9467937565641478e-06,4.233570962242084e-06,6.872767244203715e-06,2.6305608571419725e-06,2.7373705506761326e-06,2.819762084982358e-05,3.9689064578851685e-05,8.132318907883018e-05,4.069482019986026e-05,9.230322757503018e-05,4.494783206610009e-05,0.00011354406888131052,2.585236325103324e-05,0.00018934987019747496,0.0006654130411334336,0.00023072623298503458,0.00027824239805340767,0.00019377977878320962,7.594812632305548e-05,5.8406280004419386e-05,4.226254895911552e-05,1.1679855560942087e-05,1.1169987374159973e-05,0.00010552830644883215,4.209392864140682e-05,7.973465108079836e-05,1.5303849068004638e-05,1.3827107977704145e-05,5.4784810345154256e-05,1.2622996109712403e-05,1.3037250937486533e-05,9.276062883145642e-06,4.37362041338929e-06,1.8442460714140907e-06,3.5784496503765695e-06,2.102948656101944e-06,1.207666741720459e-06,1.8104522041539894e-06,3.181619149472681e-06,6.912404842296382e-06,1.4561019270331599e-06,6.178051421557029e-07,3.4657824699024786e-07,1.9696619801834458e-07,4.069854355748248e-07,1.6786333389973151e-06,0.8543716669082642,0.6189217567443848
St. Peter's Basilica is in the city of,The biggest church in the world is in the city of,St. Peter's Basilica,The biggest church in the world, Rome,8.164282189682126e-05,8.94154654815793e-05,5.098052861285396e-05,4.0481460018781945e-05,1.4215381270332728e-05,2.2313848603516817e-05,2.0121093257330358e-05,1.7867858332465403e-05,6.003752787364647e-06,1.302100827160757e-06,5.673501846104045e-07,4.6464404590551567e-07,1.083824258785171e-06,2.7451363848740584e-07,3.266205510499276e-07,2.7850131800732925e-07,1.5354055449279258e-06,1.3256958482088521e-06,3.377962798367662e-07,5.253950803307816e-07,5.53252277768479e-07,6.386753739207052e-07,9.939664778357837e-06,3.890310381393647e-06,9.040375516633503e-06,2.2349191567627713e-05,1.9126015104120597e-05,0.00022385767078958452,4.573003752739169e-05,0.00014053106133360416,0.00013134417531546205,0.0003759059472940862,0.0004362326581031084,0.0003760210529435426,0.0010059716878458858,0.0013114195317029953,0.0014030932215973735,0.13145561516284943,0.09459666907787323,0.028161639347672462,0.005033561494201422,0.014459204860031605,0.036477528512477875,0.07682603597640991,0.2095550149679184,0.029327496886253357,0.07025124877691269,0.04207565635442734,0.03005177713930607,0.030763575807213783,0.015691129490733147,0.17073363065719604,0.17351996898651123,0.397947758436203,0.3667069673538208,0.4798945188522339,0.7460616230964661,0.6134056448936462,0.6394140720367432,0.47616925835609436,0.4995095133781433,0.23702272772789001,0.17817792296409607,0.1739211529493332,0.09588467329740524,0.16998791694641113,0.03766690194606781,0.010749447159469128,0.020352425053715706,0.012482190504670143,0.02779555507004261,0.007502840366214514,0.006355474703013897,0.008359394036233425,0.008411011658608913,0.011866181157529354,0.01594339869916439,0.018110113218426704,0.05179629474878311,0.015589897520840168,0.0355692058801651,0.3625369668006897
Jesus died on the,The son of God died on the,Jesus,The son of God, cross,6.768613820895553e-05,5.290433546178974e-05,0.0005734185106121004,0.00015260360669344664,0.00010578317596809939,2.8078158720745705e-05,5.036379661760293e-05,9.932298780768178e-06,8.79001891007647e-06,6.000819325890916e-07,2.5305907911388204e-06,3.7475815588550176e-06,1.1847753000893135e-07,1.8836122706034075e-07,5.473019655255484e-07,5.198292001296068e-06,3.1001156912680017e-06,9.929214866133407e-05,3.380093039595522e-05,2.550498720665928e-05,5.051168159297958e-07,4.99838597534108e-06,1.054491804097779e-06,4.359520517027704e-06,1.4543069255523733e-06,8.127295586746186e-06,2.9807817554683425e-05,2.357591438340023e-05,2.13537277886644e-05,3.754571298486553e-05,5.259414319880307e-05,3.495532655506395e-05,2.947911707451567e-05,7.959117283462547e-06,5.75282797399268e-07,6.219814167707227e-06,1.5316130657083704e-06,4.6160034798958804e-06,7.404915777442511e-06,5.2390649216249585e-05,0.0001311331579927355,0.00010381553875049576,0.0004711161309387535,8.40113207232207e-05,0.0006856474210508168,0.000801670306827873,0.00022123183589428663,0.0005007449653930962,0.07252777367830276,0.060609135776758194,0.05695036053657532,0.12710246443748474,0.1539495289325714,0.30496910214424133,0.3136259913444519,0.48416823148727417,0.2927994132041931,0.21517902612686157,0.3381548225879669,0.5419737100601196,0.014355622231960297,0.010366643778979778,0.005910907872021198,0.004901362117379904,0.008276916109025478,0.006815296597778797,0.009338906966149807,0.00981825776398182,0.006548494566231966,0.030101818963885307,0.005464976653456688,0.20296289026737213,0.20468509197235107,0.458492249250412,0.35807710886001587,0.18311424553394318,0.18838214874267578,0.07827124744653702,0.03170238062739372,0.013410050421953201,0.9403198957443237,0.9352973699569702
Elephants are the largest land mammal on,Animals with long trunks are the largest land mammal on,Elephants,Animals with long trunks, Earth,2.473342465236783e-05,2.4501787265762687e-05,0.00010542893141973764,0.00019640757818706334,0.0003203909727744758,0.0013922153739258647,0.00031541328644379973,0.00012300278467591852,1.8605876903166063e-05,2.9835884561180137e-05,0.00021784142882097512,3.5885874240193516e-05,1.0193632988375612e-05,7.326499599003e-06,5.042722477810457e-06,3.2986175938276574e-05,5.6192486226791516e-05,0.00043421328882686794,8.949988114181906e-05,3.804403240792453e-05,0.00011892453039763495,0.0001279614371014759,0.00037607899866998196,0.0002564799797255546,0.0005366456462070346,0.0008874493651092052,0.0004698857956100255,0.00039029031177051365,0.0008923342684283853,0.0010174023918807507,0.0012682630913332105,0.0037292991764843464,0.001921699265949428,0.0015544965863227844,0.009365980513393879,0.015518774278461933,0.014006579294800758,0.023807164281606674,0.00689981784671545,0.002437828341498971,0.005944766569882631,0.00022515167074743658,0.00037816818803548813,0.00014358556654769927,0.00023875532497186214,0.0008582585724070668,0.0026514327619224787,0.0035950427409261465,0.0018736415077000856,0.22690634429454803,0.3826369047164917,0.18602901697158813,0.19573695957660675,0.02225036732852459,0.004735651891678572,0.0014631011290475726,0.0005780694773420691,0.0009851559298112988,0.00019652651099022478,0.00158994912635535,0.000744068413041532,0.0005727132083848119,0.0009255082695744932,0.0009683540556579828,0.0004988582222722471,0.00018501540762372315,0.00021441625722218305,0.00017765456868801266,0.00017901984392665327,0.0004460407071746886,0.0006876284023746848,0.000617103825788945,0.0001140421736636199,0.00029712478863075376,0.0028531283605843782,0.012572895735502243,0.02601112797856331,0.005576451774686575,0.0802241861820221,0.5986493825912476,0.6360928416252136,0.7828002572059631
Barack Obama was a member of the,The first black president of the United States was a member of the,Barack Obama,The first black president of the United States, Senate,2.1770774765172973e-05,5.80821779294638e-06,1.564011472510174e-05,1.660588532104157e-05,5.322636297933059e-06,6.713523248436104e-07,2.5247770736314123e-06,1.6896950683076284e-06,7.304492442017363e-07,4.107350832782686e-07,6.215847179191769e-07,2.1190717234276235e-06,2.2467179405794013e-06,1.7754285863702535e-06,2.671286893018987e-06,7.926234957267297e-07,1.3822578921462991e-06,9.047493222169578e-06,6.665010459983023e-06,3.481542989902664e-06,1.0102757187269162e-05,5.810139100503875e-06,6.4349583226430696e-06,3.6529036151478067e-06,1.909803813759936e-06,5.320106538420077e-06,2.1534096958930604e-06,9.183238944387995e-06,1.6958738342509605e-05,1.089510988094844e-05,1.2441738363122568e-05,1.5507115676882677e-05,1.4627168638980947e-05,8.826878911349922e-06,3.05807020595239e-06,3.3943374546652194e-06,1.8848911622626474e-06,5.619508101517567e-06,1.9578860701585654e-06,2.3047223294270225e-06,1.5497832919209031e-06,1.7819211279856972e-06,4.907296897727065e-07,4.167676479482907e-07,3.45080650276941e-07,4.1274523709944333e-07,5.272053158478229e-07,1.7303465256190975e-06,1.8041581597572076e-06,4.135576091357507e-06,5.5902928579598665e-06,2.4258861230919138e-06,2.2967299173615174e-06,1.611863012840331e-06,2.2774224817112554e-06,8.642992952445638e-07,9.525971336188377e-07,1.4456308008448104e-06,5.774743385700276e-07,1.7376478353980929e-06,1.4714192957399064e-06,5.165961738384794e-07,1.240467355501096e-07,4.4951920585845073e-07,4.2059113525283465e-07,4.0533768697059713e-07,5.14744328938832e-07,1.323538612041375e-07,1.0666814631576926e-07,1.4723966046403802e-07,1.311956481231391e-07,4.1161555941471306e-07,1.1739849270497871e-07,7.984532857108206e-08,1.2121563486289233e-07,2.3143061866903736e-07,2.3651693936699303e-07,9.714636206581417e-08,5.1101757492233446e-08,1.4976167506119964e-07,0.023658061400055885,0.007474442012608051
Burj Khalifa is located in the city of,The tallest building in the world is located in the city of,Burj Khalifa,The tallest building in the world, Dubai,1.3470608791976701e-05,2.9705804536206415e-06,3.7864235764573095e-06,2.1898808881815057e-06,2.7185849376110127e-06,9.80615550361108e-06,7.466472652595257e-06,6.097460754972417e-06,8.357926162716467e-06,4.784495558851631e-06,2.445813379381434e-06,3.4042839160974836e-06,4.6471686800941825e-06,3.7518807403102983e-06,2.6359693947597407e-06,3.812092245425447e-06,5.877641797269462e-06,1.6506938891325262e-06,7.69026064517675e-06,3.5552834560803603e-06,2.7361352294974495e-06,1.5327777873608284e-06,1.0680465493351221e-05,5.847160991834244e-06,3.6033131891599623e-06,2.8789638690795982e-06,1.7048211020664894e-06,9.465090329285886e-07,1.2891992184904666e-07,8.250943750454098e-08,1.1107447761560252e-07,1.6204299413402623e-07,1.5190471458481625e-07,3.282566183315794e-07,1.2458600622267113e-06,1.8781634025799576e-07,1.5563854276479105e-06,0.003671483602374792,0.0027714038733392954,0.0062012136913836,0.004429695196449757,0.006756154354661703,0.00421690521761775,0.004204149357974529,0.005899699870496988,0.18556757271289825,0.17594663798809052,0.10360901802778244,0.04719778522849083,0.08178483694791794,0.04051017761230469,0.02368052303791046,0.014879871159791946,0.005919618532061577,0.00587884895503521,0.0015695852926000953,0.002194922184571624,0.00163830176461488,0.0014271968975663185,0.0018130707321688533,0.001030023442581296,0.0005082620191387832,0.0005824597319588065,0.0008878863300196826,0.0011238709557801485,0.0013142979005351663,0.000922293693292886,0.00046231408487074077,0.00031145752291195095,0.0003722013789229095,0.00023974492796696723,0.00016597809735685587,0.00012291266466490924,0.0001739455183269456,5.9744470490841195e-05,8.963914297055453e-05,9.998230234486982e-05,0.0002614275726955384,0.00025792044471018016,0.0010604142444208264,0.8373129367828369,0.9475685358047485
Mesopotamian civilization originated in the modern-day country of,The oldest civilization originated in the modern-day country of,Mesopotamian civilization,The oldest civilization, Iraq,1.2854782198701287e-06,8.083239890765981e-07,6.335373541332956e-07,9.6868564014585e-07,4.544402145256754e-06,4.384672593005234e-06,1.6255880836979486e-05,1.6009877072065137e-05,2.1809444660902955e-05,6.790453880967107e-06,0.0005305889644660056,0.0013161589158698916,0.0005172884557396173,0.00028358702547848225,0.00038350108661688864,3.7738118408015e-05,1.3310077520145569e-05,2.5758719857549295e-05,4.989020453649573e-05,9.03562395251356e-05,0.0006768287275917828,0.00019696581875905395,0.0006047195638529956,0.00037233601324260235,6.508221122203395e-05,7.0895557655603625e-06,6.6546876951179e-06,7.674585503991693e-06,1.035970217344584e-05,1.729179530229885e-05,0.0011153323575854301,0.0021477697882801294,0.0012362217530608177,0.0006652881857007742,0.0008386563276872039,0.0009111620020121336,0.0006227452540770173,0.511894941329956,0.3030525743961334,0.07957183569669724,0.02767040580511093,0.14334636926651,0.17381855845451355,0.17695221304893494,0.2535158693790436,0.1589479297399521,0.257918119430542,0.14663100242614746,0.248167023062706,0.43373429775238037,0.5259535312652588,0.3463430106639862,0.47787290811538696,0.2823662757873535,0.7867055535316467,0.7517552375793457,0.8729367852210999,0.8514841198921204,0.852678120136261,0.8152387142181396,0.8754279613494873,0.8557296395301819,0.799502968788147,0.7846158146858215,0.8732209205627441,0.8582937717437744,0.8923535346984863,0.8242542147636414,0.7903026342391968,0.8005631566047668,0.8323288559913635,0.7125471830368042,0.7658496499061584,0.44499874114990234,0.6437015533447266,0.6577336192131042,0.7417198419570923,0.09149286150932312,0.12096951901912689,0.12121383100748062,0.2082185000181198,0.7491705417633057
Martin Luther King Jr. delivered the speech during the March on Washington in 1963 widely known as I Had A,The famous Pastor and Civil Rights leader delivered the speech during the March on Washington in 1963 widely known as I Had A,Martin Luther King Jr.,The famous Pastor and Civil Rights leader, Dream,6.83032624237967e-07,4.267112387879024e-07,2.4476075850543566e-06,5.402076112659415e-06,1.4225309314497281e-05,3.3094272566813743e-06,1.0899377230089158e-05,4.729891770693939e-06,3.122553607681766e-06,2.5270271635235986e-06,2.6163827442360343e-06,7.924702913442161e-06,3.866645784000866e-06,4.736232313007349e-06,5.7717179515748285e-06,1.898884875117801e-05,6.174023383209715e-06,1.2416648132784758e-05,2.145612597814761e-05,1.0456655218149535e-05,6.379705610015662e-06,6.499918981717201e-06,3.86784304282628e-05,3.1152954761637375e-05,8.419554069405422e-05,2.9950089810881764e-05,2.8026206564391032e-05,1.73439912032336e-05,3.447943527135067e-05,8.294898179883603e-06,2.1072784875286743e-05,1.0636595106916502e-05,1.3776480955129955e-05,0.0001448863185942173,6.333608325803652e-05,0.00023802497889846563,0.0003869502688758075,0.001110816141590476,0.0004922910593450069,0.0011495305225253105,0.0010910166893154383,0.0038707340136170387,0.06558110564947128,0.09471029043197632,0.0788898691534996,0.05503403767943382,0.0758214145898819,0.20039895176887512,0.21676383912563324,0.2758118808269501,0.4185853898525238,0.3685937821865082,0.037985123693943024,0.024428946897387505,0.030047109350562096,0.020945889875292778,0.016096558421850204,0.014128761366009712,0.014407996088266373,0.023851672187447548,0.007452281657606363,0.009129838086664677,0.012125981040298939,0.023948494344949722,0.02531968429684639,0.03244422376155853,0.04846983402967453,0.043413642793893814,0.025760266929864883,0.028515968471765518,0.030471492558717728,0.06552452594041824,0.0559329017996788,0.05836028978228569,0.04410812258720398,0.1387571096420288,0.13949455320835114,0.3294169306755066,0.16491520404815674,0.12347912788391113,0.9951085448265076,0.9965139031410217
The sperm whale dives deep into the ocean to hunt giant,The largest toothed whale dives deep into the ocean to hunt giant,The sperm whale,The largest toothed whale, squid,2.474982920830371e-07,6.161877763588564e-07,3.0189291919668904e-06,2.0530699202936376e-06,1.2601897196873324e-06,3.266947032898315e-07,5.658513373418828e-07,1.2277071164135123e-06,9.595221399649745e-07,1.8076916603604332e-06,3.838204520434374e-06,4.585455371852731e-06,3.526549107846222e-06,5.400564759838744e-07,6.598494195486637e-08,4.93062543682754e-07,4.3200068944315717e-07,3.1663392974223825e-07,1.7943207240023185e-06,1.0128901521966327e-05,1.5502948372159153e-05,3.054917397093959e-05,8.394056203542277e-05,0.0001694254024187103,6.390776252374053e-05,4.939478822052479e-05,1.0684349035727791e-05,5.429123848443851e-05,3.207871850463562e-05,2.0144792870269157e-05,2.511900311219506e-05,5.244110070634633e-05,6.733817826898303e-06,2.424092372166342e-06,6.710974389534385e-07,9.530953661851527e-07,2.6636928396328585e-06,5.191271611693082e-06,1.3360007869778201e-05,5.35387289346545e-06,7.004753115325002e-06,1.0276050488755573e-05,6.042366749170469e-06,2.77494327747263e-05,0.00014904413546901196,9.633813169784844e-05,0.00021961827587801963,0.0001917486370075494,0.0003760384861379862,0.00025688225287012756,0.0007515550241805613,0.000274696882115677,0.000250096753006801,0.00022302870638668537,0.0005349228158593178,0.0004933267482556403,0.0005652483087033033,0.00023007113486528397,0.00017274862329941243,0.000328781025018543,0.00014365077367983758,0.0007072925218380988,0.0011122412979602814,0.0018437975086271763,0.0011541058775037527,0.016627375036478043,0.008881304413080215,0.00017444236436858773,0.00035604482400231063,0.00038468328421004117,0.0002241695037810132,0.00025011293473653495,0.0001849069813033566,0.00036381505196914077,0.0009842237923294306,0.002685694955289364,0.0015580753097310662,0.0013388037914410233,0.004423705395311117,0.013170384801924229,0.954092800617218,0.945635199546814
The surface of the Earth is mostly covered in,The surface of the densest planet in the Solar System is mostly covered in,The surface of the Earth,The surface of the densest planet in the Solar System, water,0.00010874073632294312,9.76133524090983e-05,0.00013855946599505842,0.00012978129961993545,7.670353079447523e-05,1.645554948481731e-05,2.9102206099196337e-05,1.9787703422480263e-05,2.6441439331392758e-05,0.0001943591923918575,3.708213262143545e-05,1.8949192963191308e-05,3.9071123865142e-06,1.4439208825933747e-05,1.2976338439329993e-05,5.310051164997276e-06,5.1407118007773533e-05,3.5529432352632284e-05,0.00010077953629661351,5.426369170891121e-05,6.457285780925304e-05,5.432830221252516e-05,8.789638377493247e-05,1.9309822164359502e-05,0.00013654185750056058,0.00011811425065388903,0.0001313588145421818,0.00020209101785439998,0.006064960267394781,0.0008946169982664287,0.0016227057203650475,0.0009304176783189178,0.0017487865407019854,0.001112276571802795,0.0009983725612983108,0.007873978465795517,0.002102617872878909,0.0019553673919290304,0.0005560723948292434,0.00045134397805668414,0.0004259933193679899,0.0002228008961537853,0.0002152913366444409,0.0009759825188666582,0.000598059210460633,0.0014853428583592176,0.021378962323069572,0.024792779237031937,0.02014044299721718,0.04557640478014946,0.021118586882948875,0.07097677141427994,0.06931564211845398,0.5020890831947327,0.9815650582313538,0.9816597104072571,0.9742289185523987,0.8992457985877991,0.813280463218689,0.9791908860206604,0.845899760723114,0.906345546245575,0.9095427393913269,0.7175596952438354,0.5923886895179749,0.25726744532585144,0.1025889664888382,0.07032414525747299,0.03864753991365433,0.11253654956817627,0.0456632561981678,0.041939280927181244,0.01021011732518673,0.04199226200580597,0.06316348165273666,0.07124648243188858,0.038350529968738556,0.11078738421201706,0.14604787528514862,0.0867624580860138,0.0253811776638031,0.8364512920379639
Columbus' expedition led to the,The first spanish explorer to land in the Americas' expedition led to the,Columbus' expedition,The first spanish explorer to land in the Americas' expedition, discovery,8.294564759125933e-05,0.00012217678886372596,0.0002605656918603927,0.0002650054811965674,0.00022616726346313953,0.00046761834528297186,0.00013336115807760507,2.633945223351475e-05,5.894295100006275e-06,1.128046369558433e-05,2.2990128854871728e-05,2.666828913788777e-05,9.032367233885452e-05,9.744650742504746e-05,0.00016588691505603492,0.0006236025365069509,0.0003048986254725605,0.0001324691838817671,3.054832632187754e-05,1.296646678383695e-05,4.1577262891223654e-05,6.409593333955854e-05,0.00011502494453452528,0.0004897979088127613,0.0014642545720562339,0.0004949822323396802,0.0022944938391447067,0.002692554844543338,0.003539369208738208,0.0018399407854303718,0.0013584269909188151,0.0010463014477863908,0.0026185838505625725,0.00021211538114584982,4.253651786711998e-05,1.1833418284368236e-05,2.3153326765168458e-05,8.157526281138416e-06,2.5478540919721127e-05,1.0841485163837206e-05,1.9236269963585073e-06,2.6957541194860823e-06,3.845564435778215e-07,7.116522624528443e-07,2.9342353968786483e-07,3.0789428784316897e-09,1.5939399133912957e-08,8.436523479815605e-09,1.3024356038116025e-09,7.866988172011702e-10,7.65203178598739e-10,4.961921429291749e-10,3.0928171135258253e-10,2.0785611010154526e-09,2.139452393024044e-09,1.2479344224658462e-09,5.492100552118018e-09,2.690346612155281e-09,2.137707788563148e-08,3.410714555229788e-08,5.8731885133056494e-08,5.424591620339925e-08,1.4687073779384718e-08,3.664114700541177e-08,7.815982527858978e-09,6.813648312231635e-09,6.0929767897732745e-09,8.404708040643527e-09,2.1516335380056262e-08,3.2222129409120726e-09,1.9093437941819502e-09,4.381303764233735e-09,1.1445763226092254e-09,3.3188185533106207e-09,5.700604432945511e-10,2.15603895847849e-10,1.0130075250858184e-10,1.3495113915240609e-09,1.414836914293005e-09,1.1710791225638673e-09,0.15395772457122803,0.03927033022046089
Royce Gracie was born in the country of,The first champion of the UFC was born in the country of,Royce Gracie,The first champion of the UFC, Brazil,7.2994021138583776e-06,7.613557045260677e-06,1.1680115676426794e-05,3.4871805837610736e-05,4.188940511085093e-05,5.0520543481979985e-06,1.7124213627539575e-05,5.460613829200156e-05,1.7052686871465994e-06,4.867340066994075e-06,6.050477168173529e-06,2.040873732767068e-05,6.224785010999767e-06,5.8786440604308154e-06,1.08854965219507e-05,9.070612577488646e-06,5.709409833798418e-06,2.588765710243024e-06,1.169145321000542e-06,4.661636694436311e-07,1.3989213698550884e-07,1.7078262715131132e-07,5.650624643749325e-07,8.445485946140252e-07,1.9323529159009922e-06,1.9913115920644486e-06,1.7517623973617447e-06,6.653639957221458e-06,6.316311555565335e-06,1.2855738532380201e-05,0.00011955192894674838,4.590214302879758e-05,2.5792802262003534e-05,3.0199695174815133e-05,6.246518751140684e-05,8.087778405752033e-05,6.26076216576621e-05,0.05977490916848183,0.019685858860611916,0.030801882967352867,0.11730384081602097,0.20149007439613342,0.7091655731201172,0.756171464920044,0.7755805850028992,0.888927698135376,0.8305381536483765,0.839992880821228,0.7700952887535095,0.7558594942092896,0.9039351940155029,0.8866086006164551,0.8496029376983643,0.9274137020111084,0.9251669645309448,0.9101153612136841,0.9283334016799927,0.9157055020332336,0.9193069338798523,0.9509950876235962,0.954020082950592,0.9456231594085693,0.9391869306564331,0.9318624138832092,0.9337283372879028,0.8659002780914307,0.9368113875389099,0.9213578701019287,0.45763954520225525,0.6110571026802063,0.43181970715522766,0.30203336477279663,0.3907533884048462,0.3105682134628296,0.2970024049282074,0.34319204092025757,0.08401522785425186,0.15189193189144135,0.21215888857841492,0.14208205044269562,0.33712396025657654,0.975762665271759
Enzo Ferrari was a lover of the sport of,Henry Ford's competitor was a lover of the sport of,Enzo Ferrari,Henry Ford's competitor, racing,3.6566734706866555e-06,3.438944304434699e-06,3.3185585834871745e-06,2.1526109321712283e-06,7.181721457527601e-07,1.9578720866775257e-07,6.118289093137719e-06,4.158701358392136e-06,6.211771051312098e-06,1.0184163329540752e-05,4.981914389645681e-05,2.0076082364539616e-05,3.2306229513778817e-06,5.410298399510793e-06,2.468245838826988e-06,3.629516641012742e-06,3.4662366488191765e-06,8.810873168840772e-07,5.505772151082056e-06,6.661208317382261e-06,0.00012663261441048235,3.586926686693914e-05,7.0842397690285e-06,2.943864274129737e-06,9.818576472753193e-06,1.706160583125893e-05,5.620757747237803e-06,4.775784873345401e-06,3.9942819967109244e-06,8.18507578514982e-06,9.99384792521596e-06,1.8057344277622178e-06,2.397144498900161e-06,3.5152268083038507e-06,2.371455366301234e-06,2.0755603600264294e-06,2.5143654056591913e-06,3.6633202853408875e-06,7.353276032517897e-06,2.0572117591655115e-06,3.523994564602617e-06,3.3726867059158394e-06,7.632092092535459e-06,1.248219905392034e-05,6.2309113673109096e-06,1.0835487046279013e-05,1.9721954231499694e-05,1.0923972695309203e-05,7.745194125163835e-06,9.33476894715568e-06,2.460629502820666e-06,3.5745977129408857e-06,4.36513073509559e-06,5.3909643611405045e-06,8.316306775668636e-06,1.0540091352595482e-05,1.0418539204692934e-05,1.2048124517605174e-05,1.3220927939983085e-05,1.216906457557343e-05,1.2559546121337917e-05,6.102844963606913e-06,2.4594407932454487e-06,1.4754725725651952e-06,3.159456582579878e-06,4.358238584245555e-06,6.851651505712653e-06,1.0208761523244902e-05,3.472759544820292e-06,2.33347168432374e-06,2.495437001925893e-06,3.900914634868968e-06,3.559282049536705e-06,1.367364438920049e-05,1.8456679754308425e-05,3.8028581911930814e-05,3.8611349737038836e-05,5.700819747289643e-05,3.71235073544085e-05,0.00019403439364396036,0.030070478096604347,0.3565177917480469
California is the most,The bear flag state is the most,California,The bear flag state, populous,2.6485687953936576e-07,2.648505414981628e-07,3.3511503261252074e-07,1.2889218226064258e-07,2.428476477689401e-07,1.03259850448012e-07,6.304834698767081e-08,6.892194903684867e-08,4.889889169135131e-07,2.699247545479011e-07,2.8839590413554106e-06,1.7735769688442815e-06,6.334490535664372e-06,2.421483259240631e-05,3.059063965338282e-05,1.107861226046225e-05,8.373897799174301e-06,5.198742201173445e-06,5.070309271104634e-06,4.049149538332131e-06,1.5508787782891886e-06,8.69665018399246e-06,1.916087421705015e-05,1.4100383850745857e-05,4.511099632509286e-06,6.527446203108411e-06,1.4496707080979832e-05,3.4611446153576253e-06,2.4192545424739365e-06,5.431087402030244e-07,8.870571832630958e-07,1.6843316643644357e-06,7.568673368041345e-07,7.569956892439222e-07,5.509601237463357e-07,2.6532293304626364e-06,1.93872301679221e-06,1.2972900549357291e-06,2.025261892413255e-06,3.86242572858464e-06,6.579697583219968e-06,1.0160576493944973e-05,9.199609849019907e-06,1.1153932973684277e-05,2.3024684196570888e-05,2.216754546680022e-05,3.37703968398273e-05,5.297486495692283e-05,0.0001419716572854668,8.772339060669765e-05,0.00013699685223400593,0.0002529176708776504,0.0002899696119129658,0.0008673021220602095,0.0005771623109467328,0.0007376318098977208,0.0005709286779165268,0.0004454001027625054,0.00010162020043935627,0.00011499044194351882,0.00020586731261573732,9.840834536589682e-05,7.456668390659615e-05,5.372016676119529e-05,6.186438258737326e-05,1.586017242516391e-05,1.3884444342693314e-05,1.5376903320429847e-05,1.5599514881614596e-05,9.561380466038827e-06,1.1812552656920161e-05,9.566567314323038e-06,1.138511834142264e-05,3.8967657019384205e-05,3.906037818524055e-05,3.2285457564285025e-05,1.0384886081737932e-05,1.4343960174301174e-05,2.90239040623419e-05,0.0001249589113285765,0.5895707607269287,0.8518750071525574
California is the most,The golden bear state is the most,California,The golden bear state, populous,5.030997272115201e-07,4.015388128664199e-07,4.251921836839756e-07,1.5277144882475113e-07,3.114746220944653e-07,2.698734249406698e-07,2.451719751661585e-07,5.257856727780563e-08,4.1547616547177313e-07,9.594592853545691e-08,4.823768904316239e-07,1.297356675422634e-07,7.851286341065133e-07,1.0729025916589308e-06,1.801247890398372e-06,7.63416778681858e-07,8.34944785310654e-07,1.5462494502571644e-06,1.6312798152284813e-06,9.598752512829378e-07,1.8937097934212943e-07,9.465164225730405e-07,3.689476898216526e-06,3.7137394883757224e-06,3.6149212974123657e-06,2.5561782877048245e-06,1.2766156487487024e-06,1.5052281696625869e-06,2.271914354423643e-07,1.3537201937197096e-07,1.4103603973580903e-07,1.2331913978869125e-07,1.0077047107870385e-07,8.083187452712082e-08,4.8907018879162933e-08,1.3666839038251055e-07,7.864640139132462e-08,3.153608645334316e-07,2.0825090984999406e-07,7.620564019816811e-07,5.197354653319053e-07,1.2419004633557051e-06,2.6335007987654535e-06,1.713983692752663e-06,2.7969276743533555e-06,2.680897750906297e-06,2.6321351924707415e-06,2.050983312074095e-06,8.066175723797642e-06,3.286121000201092e-06,5.3782632676302455e-06,1.1035044735763222e-05,1.8302407625014894e-05,1.1045158316846937e-05,1.016212445392739e-05,1.060051545209717e-05,1.6620753740426153e-05,2.260648034280166e-05,4.2392010072944686e-05,3.882455712300725e-05,4.3966319935861975e-05,2.1720281438319944e-05,7.754017133265734e-06,8.420328413194511e-06,9.399889677297324e-06,1.0234931323793717e-05,6.8629465204139706e-06,7.383920092252083e-06,7.574598839710234e-06,3.975455456384225e-06,4.987575266568456e-06,6.087243036745349e-06,4.787580110132694e-06,7.444544280588161e-06,7.528333753725747e-06,7.031169388937997e-06,8.803956006886438e-06,5.048885213909671e-05,1.901302493934054e-05,4.737779454444535e-05,0.7714977264404297,0.8518750071525574
Hillary Clinton was a candidate for,Bill Clinton's wife was a candidate for,Hillary Clinton,Bill Clinton's wife, president,0.00011127967445645481,0.000857536680996418,0.0005914453067816794,0.0005295762093737721,0.0012967167422175407,0.0021101513411849737,0.0011504394933581352,0.0010007759556174278,0.0027377952355891466,0.0019281326094642282,0.004620356019586325,0.0015227881958708167,0.0012494417605921626,0.0005021956749260426,0.00021095141710247844,5.891207911190577e-05,7.991178790689446e-06,5.4364286370400805e-06,1.010898904496571e-05,7.331287633860484e-06,1.2818891264032573e-06,1.8053787016469869e-06,1.583870925969677e-06,5.254715347291494e-07,2.695701653010474e-07,6.042266136319085e-07,1.8357819442371692e-07,4.129859121349e-08,4.5519900027102267e-07,1.3514744523490663e-07,5.798911502097326e-07,2.682408251075685e-07,6.227900257727015e-07,9.992816103476798e-07,1.7245686194655718e-06,1.55955547143094e-06,7.358838729487616e-07,2.9423558771668468e-06,2.4129935809469316e-06,2.63163678937417e-06,4.697119493357604e-06,4.184541012364207e-06,2.2588255887967534e-06,1.9583407265599817e-05,8.826391422189772e-06,6.711767582601169e-06,1.0466598723724019e-05,1.7439118664697162e-06,2.815153493429534e-06,9.544063459543395e-07,2.871730373499304e-07,2.4125574782374315e-07,7.284806997631676e-07,1.147700601222823e-07,1.0739159250761077e-07,5.268726965823589e-08,7.412837277342987e-08,9.512199738992422e-08,1.976408725568035e-08,2.211110405880845e-09,7.177557392878953e-08,1.6970669491911394e-07,6.553403153475301e-08,1.7274571106895564e-08,8.177283916666056e-08,2.4470599768733337e-08,4.3854541331711516e-08,1.08617200567096e-07,9.193319527867061e-08,3.345175514368748e-08,8.97502673069539e-07,7.761209985801543e-07,4.734104379622295e-07,9.433979357709177e-07,1.6003971268219175e-06,3.043882998099434e-06,2.675908490346046e-06,1.3593280527857132e-05,8.716655429452658e-06,2.8042177291354164e-06,0.2810431718826294,0.0979745090007782
Stephen Hawking worked in the field of,The man who coined the term Hawking Radiation worked in the field of,Stephen Hawking,The man who coined the term Hawking Radiation, quantum,0.0008964910521171987,0.0008496968075633049,0.00045316957402974367,0.0003126580559182912,5.0424168875906616e-05,0.0001370511599816382,7.529694266850129e-05,3.6934732634108514e-05,6.0410300648072734e-05,4.001126580988057e-05,1.6873114873305894e-05,1.995618367800489e-05,8.213990804506466e-05,0.00011202589666936547,0.0001697921397862956,0.0003334855427965522,0.00019887287635356188,5.885050086362753e-06,2.8977568945265375e-05,1.9513885490596294e-05,6.5359208747395314e-06,9.319875061919447e-06,1.8723485482041724e-05,4.183756573183928e-06,1.3656722330779303e-06,1.6171461538760923e-06,4.1219109334633686e-06,7.490579037039424e-07,1.6350538771803258e-06,1.0021359457823564e-06,7.532219683525909e-07,8.945430636231322e-07,1.223128492711112e-06,5.788260750705376e-07,2.530572658088204e-07,1.1417516816436546e-06,5.665316393788089e-07,1.6865739382865286e-07,1.2789170966698293e-07,1.971935574829331e-07,1.078824922728927e-07,9.56245358452179e-08,3.317271435321345e-08,6.814598663140714e-08,4.3502883073642806e-08,9.559769154066089e-08,4.419457511062319e-08,6.336676250384699e-08,3.0170443920951584e-08,3.093167721957002e-09,1.1710418412747003e-08,5.1583533888788224e-08,6.87529766452144e-09,4.153944299645218e-09,2.967911694184977e-09,3.807787418708131e-09,3.3783973396595e-09,2.7817237402416595e-09,1.0527538840676698e-08,1.0550628815053642e-08,3.677745041841263e-08,1.6343452813316617e-08,3.854340402398293e-09,2.112525621100758e-08,1.6918798806386803e-08,5.666859426156634e-09,1.4169604156677451e-08,1.369861468702993e-08,3.090098488200965e-08,1.967896956500681e-09,2.7644052380537687e-08,3.0633033887284e-09,5.454815710237426e-09,7.14991976735746e-09,2.9056370642877027e-09,3.332726095095495e-08,9.673476242255674e-09,1.931279491884652e-08,5.0718438338037686e-09,1.078387779074319e-08,0.03242792189121246,0.0007420447655022144
Lionel Messi is a champion in the game of,The Argentine forward for Barcelona is a champion in the game of,Lionel Messi,The Argentine forward for Barcelona, football,1.2534458619484212e-05,9.244235116057098e-06,1.0628731615724973e-05,4.288984200684354e-06,2.5871173420455307e-05,5.74473551750998e-06,5.632563897961518e-06,8.722561688045971e-06,4.979294317308813e-05,0.00012316206994000822,0.000501965987496078,0.0008439887315034866,0.0004428128886502236,0.001115840277634561,0.0002828802680596709,0.0004911197465844452,3.3831809560069814e-05,6.05478680881788e-06,8.750507731747348e-06,2.657408913364634e-05,0.00013606229913420975,0.000643197214230895,0.00020976521773263812,0.0009247056441381574,0.0008155920077115297,0.0006538312300108373,0.0002622941101435572,0.0004135929048061371,0.0001456653408240527,8.8636385044083e-05,3.6680921766674146e-05,0.0003515684511512518,0.00026890484150499105,2.639630292833317e-05,3.663020470412448e-05,9.582970233168453e-05,0.00016965868417173624,0.00010848365491256118,5.794386743218638e-05,3.814416049863212e-05,6.085833229008131e-05,1.6901001799851656e-05,1.5538011211901903e-05,2.1044032109784894e-05,3.678355278680101e-05,0.00010529083374422044,0.00026622661971487105,0.00017792735889088362,0.0006781815318390727,0.0010330312652513385,0.0001602022530278191,0.00014282786287367344,0.0006562598864547908,0.0001084985924535431,0.0003134428698103875,0.0016223728889599442,0.0036414996720850468,0.024912144988775253,0.017047733068466187,0.0397181436419487,0.008950730785727501,0.004109719768166542,0.00643070787191391,0.004772924818098545,0.0031272952910512686,0.000852723722346127,0.0012479560682550073,0.0008676330326125026,0.0006006358889862895,0.00013179366942495108,0.00018319896480534226,0.00029115338111296296,0.00018847876344807446,0.000348465284332633,0.0003387996694073081,0.000631371047347784,0.0004302175948396325,0.0007824627682566643,0.0011868046130985022,0.04650851711630821,0.20372545719146729,0.2567017078399658
Microsoft created the operating system for,Bill Gates' company created the operating system for,Microsoft,Bill Gates' company, Windows,1.3032784409006126e-05,1.0094315257447306e-05,5.722751666326076e-06,7.93893832451431e-06,4.417458512762096e-06,5.8465811889618635e-06,8.765397979004774e-06,6.789522740291432e-05,1.025395977194421e-05,2.679137651284691e-05,6.233793828869238e-05,1.7153079170384444e-05,9.636230061005335e-06,1.2772658010362647e-05,3.6023868688062066e-06,1.0439737252454506e-06,7.277949976014497e-07,1.153813059318054e-06,9.538686754240189e-06,7.716880645602942e-06,1.1485516324682976e-06,1.082884773495607e-05,1.5502411770285107e-05,1.1865854503412265e-05,2.790571488731075e-05,4.323468601796776e-05,3.175698293489404e-05,7.541496597696096e-05,3.541450132615864e-05,8.966533641796559e-05,8.770389831624925e-05,3.270212255301885e-05,1.639033689571079e-05,0.0001680037094047293,7.171800825744867e-05,0.00012045734911225736,0.00107659213244915,0.0012690682196989655,0.0020165429450571537,0.011241662316024303,0.009958060458302498,0.0037005769554525614,0.002127059269696474,0.0008852288592606783,0.00040234890184365213,0.0008204130572266877,0.0005282254423946142,0.0005013353656977415,0.000742577773053199,0.0001403473870595917,7.495040335925296e-05,8.949184120865539e-05,3.5570672480389476e-05,2.2033251298125833e-05,4.169631665718043e-06,2.3183720259112306e-06,8.604777690379706e-07,7.540601245636935e-07,1.2452957207642612e-06,1.654716925258981e-06,4.6254905328169116e-07,2.215197127952706e-07,3.397136651983601e-07,6.51503114568186e-07,3.904410448285489e-07,6.737776061527256e-07,4.392884136450448e-07,9.010476560433744e-07,9.170839234684536e-07,2.1196217403485207e-06,3.3740600429155165e-06,3.0871281069266843e-06,1.602128008926229e-06,1.521539729765209e-06,1.6745617585911532e-06,1.4702437738378649e-06,2.7957687507296214e-06,5.54049347556429e-06,1.2571738807309885e-05,4.480108691495843e-05,0.040170662105083466,0.039419837296009064
James Bond works for the,Agent 007 works for the,James Bond,Agent 007, British,0.0003080957103520632,0.00027938809944316745,0.00017958057287614793,0.0002753660373855382,0.0006823622970841825,0.0003673051542136818,0.00010706871398724616,1.1423980140534695e-05,2.4695711545064114e-05,2.4964339900179766e-05,9.183720976579934e-05,7.669944352528546e-06,3.202368588972604e-06,6.152281457616482e-06,3.293674808446667e-06,3.110816351181711e-06,7.583832939417334e-06,1.7991276308748638e-06,5.4260026445263065e-06,2.0801422806471237e-07,2.7024384507967625e-07,1.6580335682192526e-07,2.4665298042236827e-05,1.4176476952343364e-06,1.8564852553026867e-06,1.9364683794265147e-06,1.936089347509551e-06,7.814302875885915e-07,5.361272087611724e-06,6.166717867017724e-06,7.032274993434839e-07,3.901307536580134e-06,2.2917843125469517e-06,1.0652309356373735e-05,2.687678943402716e-06,8.10255096439505e-06,5.158637122804066e-06,0.000288326817099005,0.00010858906898647547,4.1068182326853275e-05,0.00010010699043050408,2.630380549817346e-05,0.000428941217251122,0.00018112499674316496,4.573162004817277e-05,0.00016046296514105052,0.0002603538450784981,0.0003467916394583881,0.0006735995993949473,0.001166132278740406,0.0012701319064944983,0.001697458908893168,0.001323365606367588,0.0014565763995051384,0.00112273043487221,0.010866764932870865,0.02027166076004505,0.011345683597028255,0.008344342932105064,0.007633733097463846,0.01282900758087635,0.008077491074800491,0.0005819704383611679,0.0013003821950405836,0.0007351225358434021,0.0009993122657760978,0.0010213019559159875,0.0006462167948484421,0.0014739218167960644,0.002919243648648262,0.0058322385884821415,0.02163763716816902,0.00843845121562481,0.01198226772248745,0.01707705482840538,0.006706912070512772,0.00693344185128808,0.0012606956297531724,0.0012771791080012918,0.005568238906562328,0.5636236667633057,0.5119829177856445
Alan Turing devised a way to break the ciphers made from the machine called the,The father of computer science devised a way to break the ciphers made from the machine called the,Alan Turing,The father of computer science, enigma,0.00011802567314589396,0.0001021272037178278,0.00019969661661889404,0.00011572986841201782,0.00010681240382837132,0.0029303173068910837,0.00040818683919496834,0.00012004178279312328,5.9489811974344775e-05,1.4573810403817333e-05,6.477408896898851e-05,5.256695658317767e-05,2.7182702979189344e-05,2.5726392777869478e-05,5.225206678005634e-06,7.0341179707611445e-06,3.838688371615717e-06,1.0054202448372962e-06,1.9189610611647367e-06,2.967653358609823e-07,1.0926738980288064e-07,1.8922590072634193e-07,2.790894484405726e-07,5.057537464381312e-07,1.5939632191930286e-07,3.194431315023394e-07,3.3384270636815927e-07,1.4072383009988698e-06,1.1326287108204269e-07,9.529475164526957e-08,1.5769833794365695e-07,8.453055215795757e-07,4.562239297456472e-08,2.1859332832718792e-07,8.132598736665386e-07,1.626684820621449e-06,2.7040474037676177e-07,8.528622288395127e-07,3.946841843571747e-06,8.667590918776114e-06,2.419803195152781e-06,2.1435591406770982e-05,1.2555617104226258e-05,3.100930553046055e-05,1.059057376551209e-05,2.3723609388071054e-07,2.313413233423489e-06,4.18514264310943e-06,3.3809967590059387e-06,5.320639957062667e-06,6.566463980561821e-06,1.5827898096176796e-05,0.00015793638885952532,0.00030842135311104357,0.0002849017037078738,0.002012477722018957,0.002640163991600275,0.00016645695723127574,9.419836715096608e-05,1.9038836398976855e-05,0.0002504150033928454,0.00040930751129053533,0.00018007299513556063,0.00034363483428023756,0.000741192139685154,0.0001690194330876693,0.0030189885292202234,0.00044990365859121084,0.006773323751986027,0.0033866818994283676,0.002778423950076103,0.002010846044868231,0.01260848343372345,0.0226190984249115,0.032591525465250015,0.0016857204027473927,0.2653868496417999,0.16403396427631378,0.029216939583420753,0.04163266345858574,0.007564171217381954,0.025896204635500908
Tim Cook was the CEO of Apple that oversaw the introduction of the Apple,Steve Jobs' successor oversaw the introduction of the Apple,Tim Cook,Steve Jobs' successor, Watch,2.906383087974973e-05,5.703004262613831e-06,5.309150765242521e-06,1.5664243164792424e-06,1.62484752763703e-06,2.2421022549679037e-06,5.291974957799539e-06,3.1254010082193417e-06,2.117201574947103e-06,3.4394881822663592e-06,4.530571004579542e-06,4.201273895887425e-06,1.4456587450695224e-05,1.1100857591372915e-05,5.0679354899330065e-06,1.0963825616272516e-06,2.0192883312120102e-06,9.43934173847083e-06,1.1258416634518653e-05,2.2606093352806056e-06,8.74606769230013e-07,2.5111987724812934e-06,2.2039673694962403e-06,2.2769936549593695e-06,3.776864332394325e-06,5.991002126393141e-06,5.419406988949049e-06,2.4986109565361403e-05,8.734404400456697e-05,3.289710366516374e-05,1.7098349417210557e-05,2.7728585791919613e-06,5.6833764574548695e-06,6.413925348169869e-06,7.194585123215802e-06,1.1297577657387592e-05,7.120990176190389e-06,3.464346082182601e-05,2.41830221057171e-05,0.00010278576519340277,0.0003075283020734787,0.00027320091612637043,0.0006777432863600552,0.0015528823714703321,0.0014418794307857752,0.001233499264344573,0.002010728931054473,0.003917322959750891,0.04470037668943405,0.054113324731588364,0.07253371924161911,0.06707433611154556,0.06551569700241089,0.45817726850509644,0.4284353256225586,0.3914562463760376,0.24658097326755524,0.188876211643219,0.11339656263589859,0.14341484010219574,0.174506276845932,0.19803568720817566,0.1372346580028534,0.2388034164905548,0.16656829416751862,0.11508733779191971,0.19689291715621948,0.29584771394729614,0.1473509669303894,0.12351389229297638,0.0272210780531168,0.03767300024628639,0.032196320593357086,0.02306654118001461,0.041820503771305084,0.04468934237957001,0.045738447457551956,0.02442803420126438,0.015245907008647919,0.012510722503066063,0.9393163919448853,0.8792822957038879
Michael Jackson released the best-selling album of all time which is named,The King of Pop released the best-selling album of all time which is named,Michael Jackson,The King of Pop's, Thriller,2.760583629424218e-05,2.901260813814588e-05,2.5958473997889087e-05,2.763546035566833e-06,1.2221647921251133e-05,3.514064155751839e-05,1.4723200365551747e-05,2.2879066818859428e-05,1.1267400168435415e-06,1.0248560101899784e-05,5.590775799646508e-06,9.110517567023635e-06,1.60180661623599e-06,1.7043959132934106e-06,9.292627396462194e-07,1.6117053291964112e-06,1.8151510516872804e-07,5.89195963129896e-07,1.157312908617314e-06,4.292258637406121e-08,7.502214316446043e-07,6.487717882919242e-07,2.301542053828598e-06,1.781020728230942e-06,3.8649818634439725e-06,7.667545673939458e-07,1.4503983720715041e-06,1.7585290379429352e-06,2.1967241536913207e-06,6.260776899580378e-06,4.7088346946111415e-06,4.884082045464311e-06,1.3560826118919067e-05,4.929190254188143e-06,5.30622128280811e-06,8.512951353623066e-06,4.447838364285417e-06,2.78518255072413e-05,2.099374250974506e-05,9.184404007100966e-06,1.0926996765192598e-05,8.055112630245276e-06,6.065317847969709e-06,1.7127888440882089e-06,8.106539439722837e-07,5.87573879329284e-07,3.305208053916431e-07,4.1204464196198387e-07,3.735492839496146e-07,1.1058085647164262e-06,2.678214343632135e-07,1.46357564290156e-07,8.354522407216791e-08,5.911937250857591e-08,1.724146869719334e-07,1.0318161258737746e-07,1.1150073930821236e-07,1.3915946794895717e-07,1.0479846679345428e-07,1.3047016977907333e-07,3.978132046000837e-09,8.001103424248868e-08,1.0725894128427171e-07,1.3544044108471098e-08,2.911438343744521e-07,1.5117876728254487e-07,1.6185146023417474e-07,3.1717760862193245e-07,4.326515465891134e-07,3.6728428653987066e-07,4.4210830196789175e-07,4.970145255356329e-07,2.4690079953870736e-06,9.620847549740574e-07,1.3485663430401473e-06,5.6800123275024816e-05,0.0001863394136307761,7.302100857486948e-05,0.0001777263532858342,0.0004152265901211649,0.10444144904613495,0.08601253479719162
Chicago is the where the World's Columbian Exposition took place in the year of,The Windy City is where the World's Columbian Exposition took place in the year of,Chicago,The Windy City, 1893,0.04642018675804138,0.12616099417209625,0.02900615893304348,0.07569751143455505,0.4991527795791626,0.025288240984082222,0.38985195755958557,0.9041613936424255,0.6427105665206909,0.5500704050064087,0.7428052425384521,0.15186646580696106,0.832301676273346,0.14561769366264343,0.5242732763290405,0.047498900443315506,0.0034897178411483765,0.09008972346782684,0.34381234645843506,0.014035324566066265,0.013837220147252083,0.012937500141561031,0.0011922119883820415,0.0005873425398021936,0.00014704244676977396,0.0030795137863606215,0.000647031411062926,0.28091463446617126,0.0019392663380131125,0.02001970261335373,0.012851414270699024,0.2194233238697052,0.7914164662361145,0.9027116894721985,0.9745407700538635,0.8011972904205322,0.6061663627624512,0.4786836802959442,0.08751223236322403,0.8991687893867493,0.7864701151847839,0.7446523308753967,0.987043023109436,0.7825167179107666,0.9440070390701294,0.9735233187675476,0.9917733073234558,0.9955116510391235,0.9680414795875549,0.9937082529067993,0.9960697889328003,0.9940884113311768,0.9847673773765564,0.9480140805244446,0.9977920055389404,0.998689591884613,0.994827926158905,0.9998962879180908,0.9855968356132507,0.970421552658081,0.9994341731071472,0.9988303780555725,0.9987123012542725,0.9987884163856506,0.9936860203742981,0.9950672388076782,0.992344319820404,0.9970717430114746,0.98139488697052,0.9985504746437073,0.9904458522796631,0.9810954928398132,0.9987494945526123,0.9525671005249023,0.9937519431114197,0.9979702830314636,0.9332411289215088,0.8974094986915588,0.8235167264938354,0.3136241137981415,0.9391855597496033,0.9626466631889343
Robespierre executed many of his ideological opponents during the,The architect of the reign of terror executed many of his ideological opponents during the,Robespierre,The architect of the reign of terror, French Revolution,8.351472934009507e-05,4.07000734412577e-05,5.672119732480496e-05,6.41083242953755e-05,0.00027806582511402667,0.00029651785735040903,0.00019127487030345947,5.642920223181136e-05,6.0390473663574085e-05,1.535312367195729e-05,0.00016955700994003564,7.487077527912334e-05,0.00010979068611050025,7.210996409412473e-05,2.316918471478857e-05,1.0514724635868333e-05,1.9897206584573723e-05,6.538679372170009e-06,2.1652378563885577e-05,5.465137292048894e-05,2.247297925350722e-05,4.552705831883941e-06,1.6909860278246924e-05,3.757158629014157e-05,8.800651266938075e-05,8.637090650154278e-05,5.776891339337453e-05,0.0002455696521792561,0.00023982168931979686,3.7086541851749644e-05,3.3974022244365187e-06,4.336403435445391e-06,4.325509871705435e-05,2.9819882911397144e-05,1.6188238078029826e-05,7.987110620888416e-06,1.4247209946915973e-05,0.0051681604236364365,0.0018573640845716,0.001829360262490809,0.0014489088207483292,0.000661573139950633,6.736716022714972e-05,7.815231219865382e-05,8.867047290550545e-05,3.98334268538747e-05,3.199083948857151e-05,0.00010041065252153203,7.009595719864592e-05,4.576873834594153e-05,2.4256503820652142e-05,1.904771852423437e-05,5.7550452766008675e-05,2.2996307961875573e-05,9.524604138277937e-06,0.00018159499450121075,9.299186058342457e-05,4.168197119724937e-05,6.633982411585748e-05,1.643736322876066e-05,5.110181518830359e-06,8.96365145308664e-06,1.4937481864762958e-06,2.672638174772146e-06,1.3759715784544824e-06,4.811454346054234e-06,2.8637379728024825e-05,6.685475909762317e-06,1.938236346177291e-05,1.4287768863141537e-05,1.386061921948567e-05,7.313237802009098e-06,3.5846087484969757e-06,2.0721258806588594e-06,1.1907315666803697e-07,4.823326094083313e-07,9.748645197760197e-07,4.190691925032297e-06,2.4489865609211847e-05,1.2204988706798758e-05,0.32218557596206665,0.03798162564635277
Australia has a jumping marsupial animal called a,The big country near New Zealand has a jumping marsupial animal called a,Australia,The big country near New Zealand, Kangaroo,4.340595296525862e-07,9.279436312681355e-07,5.329445116331044e-07,3.9983069655136205e-07,3.222360476229369e-07,1.1733518476830795e-06,6.519906037283363e-06,1.5828496771064238e-06,2.7470121040096274e-06,5.865419552719686e-06,5.471368785947561e-05,0.00012850186612922698,0.0003002507728524506,0.0010880007175728679,6.382256833603606e-05,7.137197098927572e-05,7.759654545225203e-05,1.8169968825532123e-05,6.455852144426899e-06,1.529072324046865e-05,2.6723394057626138e-06,5.88290413361392e-06,5.442806468636263e-06,2.3810569018678507e-06,5.084743406769121e-06,7.762131644994952e-06,6.180108812259277e-06,1.3326553016668186e-05,2.3085189241101034e-05,5.316343595040962e-05,1.2089073607057799e-05,2.2480167899630032e-05,7.528040896431776e-06,2.551986881371704e-06,2.704776852624491e-05,3.156560705974698e-05,4.233351774018956e-06,1.5739413356641307e-05,1.4072042176849209e-05,2.2556103431270458e-05,1.2114977835153695e-05,5.963178409729153e-05,0.0001391299010720104,0.00010723504237830639,1.106512783621838e-07,3.479421366137103e-06,2.069380570901558e-06,2.22308631236956e-06,6.086575467634248e-06,3.1079725886229426e-05,0.00039346047560684383,0.005271614529192448,0.009309297427535057,0.006971926428377628,0.01040647178888321,0.00551904272288084,0.0069839367642998695,0.0043170577846467495,0.002478821435943246,0.0009940197924152017,0.00024203196517191827,8.441055979346856e-05,2.478791429894045e-05,2.9042990718153305e-05,2.9694796467083506e-05,8.2335427578073e-06,1.9358485587872565e-06,2.9066413276268577e-07,1.696553226793185e-07,2.150277964574343e-07,3.666752945719054e-07,5.342014333109546e-07,1.2193871725685312e-06,4.075884021403908e-07,8.300805802718969e-07,1.0309963016652546e-07,9.485061980285536e-08,2.9761892506030563e-07,4.1877396483869234e-07,5.89710111853492e-07,0.01699666492640972,0.02223219722509384
Arnold Schwarzenegger was born in the country of,The bodybuilding governor of California was born in the country of,Arnold Schwarzenegger,The bodybuilding governor of California, Austria,1.3822625533066457e-06,1.1422824854889768e-06,8.074849802142126e-07,1.3518839523385395e-06,4.727027317130705e-06,5.616896601168264e-07,6.125031632109312e-06,1.8762668787530856e-06,1.800309661348365e-07,3.7715828966611298e-06,8.660717867314816e-06,5.016402610635851e-06,2.848402800736949e-06,2.9307564091141103e-06,4.2137730815738905e-06,7.887627475611225e-07,1.2504507367339102e-06,3.72844056073518e-06,4.856679879594594e-06,3.177112148478045e-06,2.944912239399855e-06,1.719632450658537e-06,2.1282530724420212e-06,1.4596101891584112e-06,9.835162018134724e-07,1.0568471680016955e-06,3.677138465718599e-06,4.545308456727071e-06,5.476835212903097e-06,3.0425462682615034e-05,2.064195905404631e-05,1.11699500848772e-05,6.247880719456589e-06,8.481221811962314e-06,3.640611976152286e-05,4.567056748783216e-05,2.5966388420783915e-05,0.0036025037989020348,0.0014410387957468629,0.0011536111123859882,0.000776102882809937,0.002445479389280081,0.5663516521453857,0.6441266536712646,0.6308090686798096,0.9519737362861633,0.9553599953651428,0.801813542842865,0.8752804398536682,0.9474840760231018,0.9410892724990845,0.8918273448944092,0.9409452676773071,0.9538283944129944,0.9733250737190247,0.9722726345062256,0.9906654357910156,0.9858210682868958,0.9817357659339905,0.9779065847396851,0.9544182419776917,0.9448584318161011,0.9445585012435913,0.9799586534500122,0.9783644080162048,0.9657517075538635,0.9448062777519226,0.9034894704818726,0.8859223127365112,0.8283035755157471,0.6976231932640076,0.44495487213134766,0.3049152195453644,0.5414725542068481,0.3516397774219513,0.0570828802883625,0.13660158216953278,0.034531280398368835,0.07531150430440903,0.07568299770355225,0.7847685813903809,0.8113072514533997
The largest university in Ohio is called The,The largest university in the Buckeye State is called The,Ohio,The Buckeye State, Ohio State University,1.2485239494708367e-05,2.101333848258946e-05,1.813308335840702e-05,1.358549252472585e-05,4.336265192250721e-05,5.2572591812349856e-05,1.4812362678640056e-05,3.3207163596671307e-06,9.367701750306878e-06,2.2767088012187742e-05,3.968595410697162e-05,2.6807634640135802e-05,6.352647324092686e-05,6.390142516465858e-05,0.00013689901970792562,9.082524047698826e-05,6.955403659958392e-05,0.00011988206097157672,5.0041395297739655e-05,5.615621557808481e-05,1.749919101712294e-05,0.0003194073506165296,0.0028454195708036423,0.0007041849312372506,0.00020642568415496498,0.0005936640664003789,0.001551215653307736,0.023896319791674614,0.05064985528588295,0.0025122719816863537,4.860385524807498e-05,0.0012483674800023437,0.00037117782630957663,0.0035978255327790976,0.00016182610124815255,7.676027598790824e-05,0.0003129989199806005,0.0003671312879305333,7.614555215695873e-05,0.0004841853806283325,0.00014067729352973402,0.0012486678315326571,3.4910710382973775e-05,1.8992179320775904e-05,4.708106189355021e-06,0.0009523553308099508,0.003400411456823349,0.04301917180418968,0.0005130962817929685,0.6147891283035278,0.04406892880797386,0.019270047545433044,0.006079832091927528,0.051980793476104736,0.011956599541008472,0.4432787001132965,0.0031635966151952744,0.012098238803446293,0.09745204448699951,0.00028512225253507495,0.0010351594537496567,0.006616751663386822,0.0036006541922688484,0.0022945557720959187,0.0027881008572876453,0.00437934510409832,0.004391157068312168,0.002723677083849907,0.010961763560771942,0.010463775135576725,0.007546009495854378,0.01919177919626236,0.042843010276556015,0.04110584408044815,0.04692205786705017,0.13936346769332886,0.0762438178062439,0.05799800530076027,0.1438221037387848,0.1294519603252411,0.9989264607429504,0.9977618455886841
"Canadians call their $1 coin a ""loonie"" because this type of bird appears on it","Canadians call their $1 coin a ""loonie"" because this type of winged animal appears on it",bird,winged animal, Common Loon,6.718096869917645e-07,2.0878439954685746e-06,4.3750551412813365e-06,1.7605911125428975e-05,4.741908924188465e-06,2.4171886252588592e-06,2.470346043992322e-05,3.620484858402051e-05,3.661213668237906e-06,3.3489193356217584e-06,1.0595736966934055e-05,1.066885579348309e-05,3.7950510431983275e-06,8.274095080196275e-07,1.2332483834143204e-07,1.2467701537843823e-07,1.5300971654141904e-06,2.373598181293346e-05,7.523427484557033e-06,1.258396309822274e-06,5.236769879957137e-07,7.220814381980745e-07,1.0098441407535574e-06,6.011229743307922e-06,9.64999571806402e-07,2.4514704364264617e-06,6.285519589255273e-07,1.2649113614315866e-06,2.3834387263832468e-07,2.407799968295876e-07,9.720797606860287e-07,3.9307013821598957e-07,9.037259474098391e-08,4.837775122723542e-07,1.9152012100676075e-06,1.5660956478313892e-06,3.6419116895558545e-06,1.1622798865573714e-06,8.421794177593256e-07,6.054980076442007e-06,1.5181003618636169e-06,2.703272912185639e-06,4.3133965732522483e-07,1.918460611705086e-06,8.057633067437564e-07,2.98665867148884e-07,3.9687972730462207e-07,2.5377328256581677e-06,9.366597168991575e-07,6.277902571127925e-07,1.9913076698685472e-07,1.971139198531091e-07,4.2221776652695553e-07,5.8929643387273245e-08,2.4214577365455625e-07,4.718842205875262e-08,1.9974503118191933e-07,1.6938332692006952e-06,1.379658414180085e-07,9.615332601242699e-07,9.009900736600684e-07,4.298172370909015e-06,5.2135046644252725e-06,5.880527169210836e-06,1.5195073501672596e-05,3.4474437597964425e-06,4.200765488349134e-06,1.0262832802254707e-05,1.2539886483864393e-05,4.095567055628635e-05,5.1337829063413665e-05,1.3069541637378279e-05,2.8236663638381287e-06,1.0782064236991573e-05,7.560865356026625e-07,3.5188986657885835e-06,3.286844730610028e-06,4.416250703798141e-06,9.397381290909834e-06,1.2275139852135908e-05,1.0556457397115082e-07,1.2490079370763851e-07
The University of Chicago is located in Chicago neighborhood of,The university with the most Nobel Prizes is located in the Chicago neighborhood of,The University of Chicago,The university with the most Nobel Prizes, Hyde Park,1.103939197832915e-07,2.393118734289601e-07,9.660936228783612e-08,1.9120159322483232e-07,4.7005579517644946e-07,8.502759669681836e-07,1.1383791616026429e-06,2.8034119168296456e-06,4.2021938497782685e-06,8.194033398467582e-06,7.399721198453335e-06,1.620627153897658e-05,1.3361646779230796e-05,1.4105488844506908e-05,4.540443842415698e-05,5.2364532166393474e-05,6.059782754164189e-05,7.181995897553861e-05,6.042656968929805e-05,0.00015208465629257262,2.1087329514557496e-05,6.89496209815843e-06,1.4889926205796655e-05,9.272288480133284e-06,2.3034717742120847e-05,9.401273928233422e-06,5.226613666309277e-06,1.1701142284437083e-05,1.1323306353006046e-05,4.0176913898903877e-05,2.756043613771908e-05,8.537434041500092e-06,1.4604382158722728e-05,1.7586364720045822e-06,5.404753665061435e-06,4.990530214854516e-06,2.075118936772924e-05,1.1900418940058444e-05,7.956921763252467e-05,9.682793461252004e-05,7.400853064609692e-05,1.2444963431335054e-05,9.80884869932197e-05,3.105470386799425e-05,0.00016915735614020377,4.955085751134902e-05,0.00010557096538832411,0.0004930853610858321,0.0007857463206164539,0.0012217856710776687,0.0014520755503326654,0.0011967172613367438,0.0003134137368761003,0.001028739963658154,0.00028483901405707,0.0006374422227963805,0.0005539619014598429,0.0007404943462461233,0.00024125601339619607,0.00026179442647844553,8.21920475573279e-05,3.0272416552179493e-05,2.853513251466211e-05,1.1156784239574336e-05,1.8757842553895898e-05,5.589581178355729e-06,2.857229901565006e-06,4.6094664867268875e-06,2.2248184450290864e-06,1.2260507901373785e-05,2.1810747057315893e-05,3.3860404073493555e-05,6.357764505082741e-05,1.6141797459567897e-05,1.9615692508523352e-05,3.6956160329282284e-05,0.000112268200609833,0.002772871870547533,0.005810001399368048,0.014884513802826405,0.9913709163665771,0.973511815071106
"Después de las guerras de independencia hispanoamericanas, Simón Bolívar estableció la nación de la","Después de las guerras de independencia hispanoamericanas, el libertador estableció la nación de la",Simon Bolivar,el libertador, Gran Colombia,2.899176081427868e-07,1.803853564297242e-07,2.2102234709109325e-07,3.2138777328327706e-07,6.614183121200767e-07,1.8955789471419848e-07,3.3679975786071736e-07,3.6377352330418944e-07,2.31349054047314e-06,1.3508853953680955e-05,1.904093733173795e-05,3.1105594189284602e-06,1.3931809917266946e-05,2.2634465494775213e-05,4.08175983466208e-05,5.7097302487818524e-05,3.8924144973861985e-06,3.070668071813998e-06,9.906452760333195e-07,1.9019846604351187e-06,2.3447777493856847e-05,4.017403261968866e-05,6.705747182422783e-06,6.831251084804535e-06,2.028355811489746e-05,2.0455037883948535e-05,1.0735249816207215e-05,5.21549882250838e-05,6.825185664638411e-06,8.616781087766867e-06,2.2926395104150288e-05,1.592256739968434e-05,3.792046845774166e-05,7.216298399725929e-05,0.00014583257143385708,5.6022727221716195e-05,4.3779611587524414e-05,1.2984341083210893e-05,3.6748308502865257e-06,1.186446115752915e-05,5.8142653870163485e-05,0.00033077850821428,0.0004097784694749862,0.0008611964876763523,0.0018762450199574232,0.0030855766963213682,0.002346847904846072,0.0017649901565164328,0.0006199880153872073,0.00041663486626930535,0.00037851446541026235,0.00024112907703965902,0.00010037150786956772,0.00012550347310025245,0.00018631614511832595,0.0001813024136936292,0.00027438506367616355,0.0001839617470977828,0.00040731835179030895,0.0007248219917528331,0.0006498344009742141,0.0007809428498148918,0.0025024283677339554,0.012054694816470146,0.013894450850784779,0.05822112038731575,0.13895867764949799,0.01811002567410469,0.012935091741383076,0.04814137890934944,0.06415003538131714,0.10108400881290436,0.06576014310121536,0.08184578269720078,0.03753196820616722,0.06427498906850815,0.046855516731739044,0.31806862354278564,0.016058029606938362,0.0717763900756836,0.9752840399742126,0.9954063892364502
Bill Gates was born in the city of,The founder of Microsoft was born in the city of,Bill Gates,The founder of Microsoft, Seattle,5.414448423834983e-06,4.649627499020426e-06,7.467744580935687e-06,7.553297109552659e-06,1.0503254998184275e-05,1.6289044424411259e-06,1.248570242751157e-06,1.363628371109371e-06,4.990291927242652e-06,9.036051778821275e-06,8.697494195075706e-05,3.280275268480182e-05,9.557359589962289e-06,7.745219591015484e-06,1.138404604716925e-05,1.4199693396221846e-05,9.98291125142714e-06,4.044825800519902e-06,2.333752672711853e-05,9.741785333972075e-07,9.895691619021818e-06,9.017003321787342e-06,2.283463345520431e-06,1.2898025261165458e-06,7.002349207141378e-07,8.380124540963152e-07,8.269441309494141e-07,3.084123818553053e-05,8.017176878638566e-05,0.00015047669876366854,0.00017569998453836888,0.00016381297609768808,0.005595427006483078,0.0031737186945974827,0.008493689820170403,0.025962861254811287,0.008641245774924755,0.6548374891281128,0.8326706290245056,0.15068626403808594,0.154241144657135,0.05280144885182381,0.008494297042489052,0.00958894845098257,0.05088063329458237,0.020326944068074226,0.013100679032504559,0.40777236223220825,0.3530367910861969,0.45088258385658264,0.16674046218395233,0.34965014457702637,0.27094513177871704,0.5791422724723816,0.6243319511413574,0.1757550686597824,0.5092991590499878,0.548990786075592,0.4307585656642914,0.3854542374610901,0.27435824275016785,0.30025336146354675,0.32224801182746887,0.14260593056678772,0.10422032326459885,0.07957939058542252,0.12814602255821228,0.16884665191173553,0.07823445647954941,0.007667510770261288,0.004893009085208178,0.0017154770903289318,0.0034506244119256735,0.006929703988134861,0.0019683653954416513,0.023655233904719353,0.001015008077956736,0.001695097889751196,0.001780236605554819,0.001133959973230958,0.9605536460876465,0.9604517817497253
Nelson Mandela brought an end to,The first president of South Africa brought an end to,Nelson Mandela,The first president of South Africa, Apartheid,0.0005416703061200678,0.0014834143221378326,0.0007995519554242492,0.0006255310145206749,0.00010948371345875785,4.777341746375896e-05,7.902380457380787e-05,4.949987123836763e-05,3.144788934150711e-05,7.40297618904151e-05,0.00013109958672430366,6.453414971474558e-05,4.9185764510184526e-05,6.640561878157314e-06,1.9364102627150714e-05,5.880480966879986e-05,8.29119835543679e-06,4.370894203020725e-06,0.00033898476976901293,9.951409447239712e-05,0.0005996235413476825,3.61471829819493e-05,3.932795607397566e-06,0.00016087065159808844,0.00017062020197045058,1.2872994375356939e-05,1.8367065422353335e-05,2.608937575132586e-05,4.9893100367626175e-05,9.951592119250563e-07,1.7005462495944812e-06,5.376412445912138e-06,3.0839912597002694e-06,0.00010315827239537612,7.675680535612628e-05,8.018950211408082e-06,1.4049251149117481e-05,3.959077730542049e-06,9.035088623932097e-07,6.909094167895091e-07,4.1843284748210863e-07,4.541118869383354e-06,2.469050741638057e-06,3.6426999940886162e-06,9.50076719163917e-06,2.4319624571944587e-05,1.341236838925397e-05,1.7740045450409525e-06,1.6714724893063249e-07,7.997567763595725e-07,7.531347137046396e-07,1.3853682503395248e-05,1.6747526387916878e-05,3.57458702637814e-06,1.0573594408924691e-06,5.590565024249372e-07,9.34095533011714e-06,3.7500453800021205e-06,7.61175655838997e-08,2.4771459266048623e-06,1.9149222225678386e-06,2.4473433768434916e-06,5.310988854034804e-06,7.880863449827302e-06,1.7044567357515916e-06,1.8807522792485543e-06,4.159633590461453e-06,2.303464725628146e-06,2.1235509848338552e-05,8.043932808732279e-08,1.8222230835363007e-07,2.4313527546837577e-07,8.683220897864885e-08,4.6138961806718726e-07,1.9800606310127478e-07,5.351375875761732e-07,3.464198528035922e-07,2.4204633852775714e-09,6.701998245262075e-08,2.0942970024862007e-07,0.007375598419457674,0.013315665535628796
Abraham Lincoln issued an executive order famously known as the,The 16th president of the United States issued an executive order famously known as the,Abraham Lincoln,The 16th president of the United States, Emancipation Proclamation,3.6872518194286386e-06,5.703995611838764e-06,8.312662430398632e-06,5.327727649273584e-06,1.3612999509859947e-06,5.635298293782398e-06,2.8558713893289678e-05,2.518197288736701e-05,1.2846790014009457e-05,2.9149784950277535e-06,1.3411289728537668e-05,2.961447989946464e-06,1.872880034170521e-06,1.0465495279277093e-06,2.059967556533593e-07,3.133639552288514e-07,8.919267884266446e-07,2.2399151475838153e-06,2.7431176476966357e-06,1.3170099919079803e-05,5.160090040590148e-06,3.095429747190792e-06,8.065116503530589e-07,5.8362393247080036e-06,2.074433177767787e-05,1.0144553016289137e-05,4.707291736849584e-06,4.5373565171757946e-07,7.500855645048432e-06,7.386036031675758e-06,1.0895199920923915e-05,2.5874358470900916e-05,1.3268531802168582e-05,7.253609965118812e-06,1.5513696780544706e-05,6.240837137738708e-06,7.019365511951037e-06,1.1522223758220207e-05,2.1879437554161996e-05,6.439725984819233e-05,1.8263795936945826e-05,3.900650426658103e-06,2.4523192223568913e-06,5.5145001169876195e-06,2.5664079657872207e-05,8.483458259433974e-06,2.4881384888431057e-05,7.721602742094547e-05,0.00011796253238571808,0.00024342507822439075,0.00011340982746332884,0.00015022180741652846,0.00014006956189405173,0.00031155356555245817,0.0008750447886995971,0.0008372816955670714,0.0015072119422256947,0.0006379731348715723,0.0016063806833699346,0.0007449366385117173,0.0007467797258868814,0.0013874889118596911,0.00029420049395412207,0.0007632516790181398,0.0008208148647099733,0.00019318635168019682,8.354051533387974e-05,5.523881918634288e-05,3.729770105564967e-05,7.386969809886068e-05,2.728687468334101e-05,1.9667075321194716e-05,0.0002891028125304729,0.00016284972662106156,2.8439257221180014e-05,7.029536936897784e-05,4.938018901157193e-05,3.6579083371179877e-06,1.7349609606753802e-06,4.574010745272972e-06,0.8561391234397888,0.784521222114563
The name of Texas' dominating political party is,The name of the Lone Star State's dominating political party is,Texas',Lone Star State's, Republican,5.739488551625982e-05,3.397457112441771e-05,4.1167255403706804e-05,8.825736586004496e-05,9.749477612785995e-05,0.00014752459537703544,9.369729377795011e-05,2.9575849112006836e-05,0.00013437942834571004,5.6966782722156495e-05,0.000241133471718058,0.00010106802074005827,4.4706066546496004e-05,4.880304550169967e-05,1.639238871575799e-05,4.0328727664018515e-06,6.11972609476652e-06,5.940629762335448e-06,7.695579370192718e-06,8.716409865883179e-06,2.7376788693800336e-06,2.4006044441193808e-06,1.9446540591161465e-06,4.489408183872001e-06,1.349604190181708e-06,1.169108600151958e-06,2.297211358381901e-05,2.723749958022381e-06,2.861392886188696e-06,7.028690561128315e-06,1.4757501958229113e-05,6.306420914370392e-07,1.5223276932374574e-06,1.9167848677170696e-06,3.0209237138478784e-06,4.993178663426079e-06,9.60214401857229e-06,2.2250600522966124e-05,7.158570224419236e-05,6.110051617724821e-05,2.449616658850573e-05,7.789152732584625e-05,8.663375774631277e-05,0.00022839517623651773,0.0003606514655984938,0.0008284921059384942,0.0009198947809636593,0.0015417987015098333,0.0032366523519158363,0.008176113478839397,0.01814012974500656,0.019234400242567062,0.023320158943533897,0.017717326059937477,0.028931880369782448,0.042936231940984726,0.024553613737225533,0.016339635476469994,0.02033601701259613,0.011770648881793022,0.0595795214176178,0.03412659838795662,0.0229274220764637,0.012520729564130306,0.016453802585601807,0.021181955933570862,0.020209524780511856,0.01302981935441494,0.007224561646580696,0.041129134595394135,0.019161134958267212,0.022463107481598854,0.041860152035951614,0.018696099519729614,0.01762774959206581,0.009543358348309994,0.01471091341227293,0.010615643113851547,0.00891086459159851,0.00238492782227695,0.0012616656022146344,0.007768626790493727
Russia is mostly located on the continent of,The largest country in the world is mostly located on the continent of,Russia,The largest country in the world, Asia,0.0001779970625648275,3.755931538762525e-05,0.00016613909974694252,2.7757574571296573e-05,1.6347865312127396e-05,8.305227311211638e-06,2.669048171810573e-06,5.409543177847809e-07,4.1181579035765026e-06,5.144587248651078e-06,1.661464193603024e-05,2.878594386857003e-06,3.212664694274281e-07,1.314375936090073e-06,1.429778876627097e-06,1.7074889910873026e-06,1.1904777466043015e-06,3.3981206115640816e-07,7.472664265151252e-07,1.9147062175761675e-06,5.3326430133893155e-06,7.09183723301976e-07,1.5835688600418507e-06,2.1609470422845334e-05,3.271581226726994e-05,0.00011575400276342407,1.5793728380231187e-05,5.485499514179537e-06,6.741739980498096e-06,2.6135305688512744e-06,3.936921075364808e-06,5.894563582842238e-05,1.2470175533962902e-05,4.456400347407907e-06,2.93036373477662e-06,1.3708910955756437e-05,1.5251351214828901e-05,2.937610406661406e-05,3.303146513644606e-05,0.00010332760575693101,0.0002182204625569284,0.0005875537754036486,0.00045754009624943137,0.0003212968586012721,0.0009697540081106126,0.001396872685290873,0.004180107265710831,0.0017953437054529786,0.0031439007725566626,0.0018758262740448117,0.0033265547826886177,0.016117190942168236,0.01076248288154602,0.01895671710371971,0.012194919399917126,0.01673911139369011,0.020879648625850677,0.015054654330015182,0.20579993724822998,0.1421010047197342,0.13510338962078094,0.1169758290052414,0.1203104704618454,0.11302090436220169,0.12253700941801071,0.04685791954398155,0.29224392771720886,0.38101473450660706,0.3222343921661377,0.3254965841770172,0.2514818608760834,0.18320265412330627,0.49153414368629456,0.26884499192237854,0.20535887777805328,0.044121067970991135,0.05026949942111969,0.01549244299530983,0.023968633264303207,0.0015047586057335138,0.8404864072799683,0.7689611315727234
Steve Jobs' father was from the country of,The founder of Apple's father was from the country of,Steve Jobs',The founder of Apple's, Syria,2.722628551055095e-06,3.832005859294441e-06,4.424363396537956e-06,2.7944888643105514e-06,9.061211130756419e-06,2.6900661396211945e-06,9.827792382566258e-06,4.742384408018552e-05,0.00020036935165990144,1.2340338798821904e-05,9.022385711432435e-06,4.388568413560279e-05,1.814557435864117e-05,6.705137639073655e-05,2.1810030375490896e-05,2.9275212000356987e-05,5.8517438446870074e-05,2.8441372705856338e-05,2.2390384401660413e-05,2.3689867703069467e-06,8.454449925920926e-06,5.441594566946151e-06,6.056442543922458e-06,3.7186503050179454e-06,2.233326767964172e-06,7.361935786320828e-06,2.917696519944002e-06,5.592085472017061e-06,8.222482392739039e-06,2.134383748852997e-06,1.4178363016981166e-05,3.9564376493217424e-05,9.407215839019045e-05,9.016327385324985e-05,0.00014502300473395735,7.353539695031941e-05,1.9084447558270767e-05,0.0001768074434949085,0.0003177817852701992,2.7091191441286355e-05,1.4695413483423181e-05,1.5812445781193674e-05,5.296767267282121e-05,5.9404086641734466e-05,2.5015149731189013e-05,2.6932442779070698e-05,2.7917170882574283e-05,4.4978998630540445e-05,3.552196722012013e-05,1.3038075849181041e-05,1.584338315296918e-05,2.022841181315016e-05,9.332203262601979e-06,5.4279894357023295e-06,6.288513304752996e-06,1.2036623957101256e-05,8.102842002699617e-06,6.140345703897765e-06,8.981498467619531e-06,7.563005510746734e-06,1.03174115793081e-05,4.580369932227768e-06,1.543288021821354e-06,3.552270982254413e-06,3.1640017823519884e-06,3.854108399536926e-06,1.8177172478317516e-06,3.6759245176654076e-06,3.62965147360228e-06,2.7431533453636803e-06,7.621707936777966e-06,1.1031896974600386e-05,2.1861322238692082e-05,2.6465066184755415e-05,3.1912837584968656e-05,8.561793038097676e-06,2.3561669877381064e-05,0.0006790545885451138,0.0012388876639306545,0.004668809939175844,0.8044871687889099,0.8875230550765991
J.R.R. Tolkien was afraid of,"The author of ""The Lord of The Rings"" was afraid of",J.R.R. Tolkien,"The author of ""The Lord of The Rings""", spiders,1.2516893548308872e-06,9.241516636393499e-07,3.1755070040162536e-07,4.796355597136426e-07,2.9262641874083783e-06,2.0074594431207515e-06,9.527827273814182e-07,3.678748726088088e-06,5.628618055197876e-06,2.3734978640277404e-06,4.189339506410761e-06,8.173366268238169e-07,1.946256361406995e-06,4.265159532224061e-06,5.69464691579924e-06,1.845845144998748e-05,1.016424266708782e-05,4.9705729907145724e-05,9.673961903899908e-05,6.065188063075766e-05,7.431396807078272e-05,6.691929593216628e-05,1.9795224943663925e-05,4.085681212018244e-06,5.091041202831548e-06,1.0137155186384916e-05,8.917418199416716e-06,1.0289392776030581e-05,8.11015343060717e-06,7.590755558339879e-06,1.3882726307201665e-05,3.2102043405757286e-06,2.771318349914509e-06,1.93849746210617e-06,1.3620319805340841e-06,5.121607955516083e-06,4.72803503726027e-06,7.598634056193987e-06,4.2739688979054336e-06,1.3059612683719024e-05,2.6403698939247988e-05,3.098883098573424e-05,2.489442704245448e-05,2.2514766897074878e-05,2.365417094551958e-05,2.583708737802226e-05,5.266884545562789e-05,6.0892773035448045e-05,9.663424134487286e-05,8.424195402767509e-05,7.90815829532221e-05,7.644970901310444e-05,0.0001472802832722664,0.00020228707580827177,0.00013638100062962621,0.00015926767082419246,0.00028106485842727125,0.0004894885933026671,0.0004347195790614933,0.0004335584817454219,0.0004405902582220733,0.00039751309668645263,0.0004929558490402997,0.0003416693361941725,0.00024421678972430527,0.00019950767455156893,6.333072087727487e-05,8.427173452218994e-05,3.480547457002103e-05,3.502449908410199e-05,7.572918548248708e-05,5.397344284574501e-05,7.873809227021411e-05,5.516445162356831e-05,3.468353679636493e-05,0.00010766976629383862,5.298473115544766e-05,9.160046465694904e-05,0.00033471660572104156,0.0007813787087798119,0.281103253364563,0.33398348093032837
Argonne National Laboratory conducted pioneering research on,The U.S.'s first national laboratory conducted pioneering research on,Argonne National Laboratory ,The U.S.'s first national laboratory, nuclear energy,6.5349349824828096e-06,9.526118446956389e-06,7.781572094245348e-06,9.006024811242241e-06,4.018818799522705e-06,1.43310981002287e-05,1.4807609431954916e-06,1.1413291076678433e-06,8.802738193480764e-06,4.58361819255515e-06,1.1515008964124718e-06,4.1143337625726417e-07,1.3905653304391308e-06,6.662511395916226e-07,2.3670438622502843e-06,7.016246854618657e-07,2.092705244649551e-06,2.249953041655317e-07,4.003738851565686e-08,1.014533879128976e-07,1.3207203437559656e-06,3.6589351566362893e-06,3.135889710392803e-05,0.0003415135433897376,0.00014637925778515637,7.170028311520582e-06,9.108065569307655e-06,1.3744286661676597e-05,1.8629035594130983e-06,8.462085929750174e-07,8.15142755072884e-07,8.486898650517105e-07,2.8082786229788326e-06,1.8890555111283902e-06,3.5184175430913456e-06,1.305355726799462e-05,3.631148865679279e-05,7.105757958925096e-06,2.772705556708388e-05,2.7046869490732206e-06,6.325852154986933e-06,2.5361814550706185e-05,1.2315432513787528e-06,2.9057221695438784e-07,2.01070838556916e-06,3.738653686014004e-05,7.969698344822973e-06,1.371838948216464e-06,4.875854529018397e-07,2.2675044419884216e-06,9.62054286901548e-07,1.119090825341118e-06,1.1585965467020287e-06,9.004933190226438e-07,8.89458462438597e-08,3.220846522822285e-08,1.8974139948113589e-07,1.0360087898675374e-08,5.428286709019403e-09,1.97219485187361e-08,1.4363473610501387e-07,5.315919224813115e-07,1.449741375836311e-06,1.895472450996749e-06,3.965309133491246e-06,9.577491255186033e-06,2.7648584364214912e-05,7.928935701784212e-06,1.0580900379864033e-05,9.001467333291657e-06,2.1444984668050893e-05,2.5061524866032414e-05,1.4836878108326346e-05,7.491450560337398e-06,6.146110536064953e-06,4.900512067251839e-06,8.817627531243488e-06,1.3658616808243096e-05,2.544982635299675e-06,9.945964620783343e-07,0.3127346932888031,0.1162337139248848
"For 25 years, the Sears Tower was the world's","For 25 years, the world's tallest building in 1973 was the world's",Sears Tower,world's tallest building in 1973, tallest building,5.399905944614147e-07,8.388323635699635e-07,8.363306278624805e-07,4.042725322506158e-06,5.694410560863616e-07,1.485835355197196e-06,5.290831381898897e-07,6.924826720933197e-07,5.326503469404997e-06,2.402135805823491e-06,5.555001280299621e-06,2.7484404654387617e-06,6.43143448542105e-06,2.740217314567417e-05,2.3871536541264504e-05,8.967853500507772e-05,0.0003215268370695412,0.0003094034327659756,2.808403951348737e-05,7.791301868564915e-06,1.7823069356381893e-05,3.0527866329066455e-05,1.331536168436287e-05,1.227132452186197e-05,3.0770609100727597e-06,1.4212005225999746e-06,1.1101363952548127e-06,1.0384429742771317e-06,3.0505439099215437e-06,1.4097847270022612e-05,2.39021082961699e-05,6.114077677921159e-06,6.470280823123176e-06,2.489382723069866e-06,1.760361101332819e-06,8.785622412688099e-06,1.453626828151755e-05,6.752397439413471e-06,4.4146661821287125e-05,0.0001270208158530295,8.919878018787131e-05,7.938345515867695e-05,0.00012668812996707857,2.4358689188375138e-05,0.00013709878840018064,3.7221710954327136e-05,5.981231424811995e-06,6.434889201045735e-06,1.263481863134075e-05,6.9208558670652565e-06,2.1936339180683717e-06,1.4400542340808897e-06,2.9432098926918115e-06,8.284924660983961e-06,1.393603906763019e-05,1.158867326012114e-05,9.50436333368998e-06,3.991574340034276e-05,6.162885983940214e-05,8.974289085017517e-05,6.0676593420794234e-05,7.003718201303855e-05,8.989650086732581e-05,9.410543134436011e-05,6.572199345100671e-05,0.00012608345423359424,0.0002438616065774113,0.0002553727535996586,0.00017021357780322433,0.00020740574109368026,0.00020176952239125967,0.0001816347212297842,0.0002191308740293607,8.298776083393022e-05,0.00011459612142061815,0.00033040333073586226,0.00014241768803913146,0.00030734241590835154,6.003266025800258e-05,4.587636431097053e-05,0.7943781018257141,0.9909193515777588
French is the official language of a Canadian province called,A romance language is the official language of a Canadian province called,French,A romance language, Quebec,5.9004382819694e-06,3.5797449982055696e-06,5.362525143937091e-07,9.195392181027273e-07,4.08929554396309e-06,3.329131004647934e-06,2.5588026346667903e-06,7.110323849701672e-07,2.7292242066323524e-06,2.8860806651209714e-06,3.93688651456614e-06,9.110563951253425e-06,2.0815973584831227e-06,3.3927819913515123e-06,1.0259951750413165e-06,1.71771921486652e-06,6.419014425773639e-06,1.3697828080694308e-06,4.78155016025994e-07,5.320022751220677e-07,6.421079206120339e-07,3.3865634918583964e-07,3.2620398542348994e-06,1.2136836630816106e-05,7.853462193452287e-06,5.190305273572449e-06,3.485518618617789e-06,4.041951342514949e-07,2.0205409612117364e-07,3.483889940980589e-07,1.601929966454918e-07,6.408658492773611e-08,2.792875477553025e-07,5.875111241948616e-07,1.7200339641476603e-07,2.950699808934587e-07,2.789854306683992e-06,7.735497638350353e-05,0.00012790125038009137,0.0001009007464745082,0.00013151095481589437,0.00018794021161738783,0.00017980675329454243,8.09648263384588e-05,0.00013456455781124532,0.0001718759594950825,0.0001297269918723032,0.00021490469225682318,0.00015786853327881545,0.00016581096861045808,0.00024299447250086814,0.0003461995511315763,0.0004399880999699235,0.0004938715719617903,0.0007349384832195938,0.0006061925087124109,0.00038297101855278015,0.0003054364933632314,0.0002233106060884893,0.00044722785241901875,0.0004676618555095047,0.00019918131874874234,0.00017739312897901982,0.00015842198627069592,0.00018027859914582223,0.0001847488892963156,0.00026557891396805644,0.0002642701147124171,0.0007035696180537343,0.000808997021522373,0.0006930334493517876,0.0015836262609809637,0.004712709691375494,0.004935260396450758,0.009254105389118195,0.037915971130132675,0.052506424486637115,0.07989179342985153,0.11851851642131805,0.0875101089477539,0.9059607982635498,0.9604442119598389
Cain murdered a person named,Adam and Eve's eldest son murdered a person named,Cain,Adam and Eve's eldest son, Abel,1.868498067381097e-08,2.6847240519600746e-07,4.489005277719116e-06,9.140900374404737e-07,4.44750139649841e-06,2.4349001250811853e-06,4.30992758992943e-06,2.966393731185235e-05,2.926534398284275e-05,2.524421324778814e-05,7.1306462814391125e-06,3.48140247297124e-06,1.7239075532415882e-05,9.23998072721588e-07,4.2916468601106317e-07,3.7417908060888294e-06,2.3362592855846742e-06,6.974055850150762e-06,5.432762918644585e-06,1.4133641343505587e-05,7.889622793300077e-06,1.2270931620150805e-05,0.00017103549907915294,9.73360329226125e-06,3.1306339224101976e-05,3.152689168928191e-05,6.235501496121287e-05,3.277156429248862e-05,7.922043732833117e-05,5.706798674509628e-06,1.1896576324943453e-05,1.7354283272652538e-06,3.0204455470084213e-07,4.0341191720472125e-07,4.794146093445306e-07,4.6129687802931585e-07,2.112609763571527e-06,5.14559758357791e-07,1.033352759804984e-06,3.469043440418318e-05,1.643465475353878e-05,0.00011290860857116058,0.00045003806008026004,0.0013267741305753589,0.003845477942377329,0.0030759302899241447,0.0016298560658469796,0.0027278983034193516,0.011020337231457233,0.019083093851804733,0.022213466465473175,0.037701480090618134,0.039681121706962585,0.04212767630815506,0.035451628267765045,0.06427072733640671,0.05415593460202217,0.627729058265686,0.6559823751449585,0.6358561515808105,0.7227413654327393,0.7641605734825134,0.8426476716995239,0.8385330438613892,0.7789533734321594,0.7542857527732849,0.8942926526069641,0.7971362471580505,0.7861127257347107,0.05411476269364357,0.235011488199234,0.329046368598938,0.5630319118499756,0.3909022808074951,0.3403191566467285,0.19485558569431305,0.0749962255358696,0.024851305410265923,0.06026950106024742,0.11191144585609436,0.6417813301086426,0.7751837968826294
Napoleon was famously defeated at The Battle of,The Corsican-born leader of the French Republic was famously defeated at The Battle of,Napoleon,The Corsican-born leader of the French Republic, Waterloo,1.3058313186320447e-07,4.918613285553874e-07,6.054928576304519e-07,9.645922318668454e-07,1.5562599173790659e-06,3.936852863262175e-06,4.42619693785673e-06,2.89288982457947e-06,1.6432937854915508e-06,1.8806974821927724e-06,3.4939735087391455e-06,4.9520376705913804e-06,9.233804121322464e-06,1.1173742677783594e-05,2.4261496946564876e-05,9.230399882653728e-06,6.492081593023613e-05,2.6698877263697796e-05,2.7761716410168447e-06,3.083837100348319e-06,1.1279315913270693e-05,5.881245670025237e-06,3.6322890082374215e-06,3.848819687846117e-05,1.4862131138215773e-05,1.6687017705407925e-05,1.6154610420926474e-05,1.1190775239811046e-06,6.837896080469363e-07,9.53795165514748e-07,5.315509952197317e-06,4.248663117323304e-06,8.539128430129495e-06,1.4375557839230169e-05,5.6023203796939924e-05,6.98877774993889e-05,0.0002517802349757403,0.0005558890989050269,0.0009491880773566663,0.006192003842443228,0.020947234705090523,0.06260403245687485,0.06602496653795242,0.10825175046920776,0.11070375144481659,0.11979015171527863,0.13542208075523376,0.2103370875120163,0.048349056392908096,0.09688384085893631,0.567575991153717,0.4520198702812195,0.8469187021255493,0.5865272879600525,0.5754284262657166,0.608237087726593,0.5311497449874878,0.745209276676178,0.4697994887828827,0.5218884348869324,0.6228763461112976,0.6108483672142029,0.3462517559528351,0.44534265995025635,0.3442767858505249,0.10363911837339401,0.08947329223155975,0.03207936882972717,0.02081337757408619,0.003304121783003211,0.04925275593996048,0.008698823861777782,0.029565470293164253,0.002138702664524317,0.00349564291536808,0.0010187188163399696,0.00751481344923377,0.015806956216692924,0.022342277690768242,0.09966475516557693,0.9792494177818298,0.9567154049873352
Quinine forms a medication used to treat an illness called,Extract from the bark of the cinchona tree forms a medication used to treat an illness called,Quinine,Extract from the bark of the cinchona tree, malaria,2.3336200172252575e-07,2.521943827105133e-07,1.5947652798331546e-07,6.304213684416027e-08,2.7383973133510153e-07,3.2098029123517335e-07,1.3147864592610858e-06,1.5621710645064013e-06,4.567010819300776e-06,4.673752755479654e-06,1.1730902770068496e-05,6.378695161401993e-06,5.408786819316447e-06,2.573053279775195e-06,6.198575306370913e-07,8.590900506533217e-07,1.7991560525842942e-06,5.681953552993946e-06,5.931772193434881e-06,1.3708070582651999e-05,3.016905793629121e-06,1.0646908776834607e-05,2.523365583328996e-05,3.295210262876935e-05,5.254066491033882e-05,2.2285894374363124e-05,1.796982905943878e-05,3.7240799429127946e-05,3.2851366995600984e-05,1.0931104043265805e-05,2.530355595808942e-05,4.1957911889767274e-05,2.0271567336749285e-05,1.2796258488378953e-05,9.921666787704453e-06,3.427645651754574e-06,2.0392601072671823e-05,0.00010305571049684659,9.056855196831748e-05,9.785570000531152e-05,0.00011427761637605727,0.00014195285621099174,0.0005151416989974678,0.0003903715405613184,0.0006596169550903141,0.00039811054011806846,0.0034708844032138586,0.001988826086744666,0.0005646416684612632,0.0019249796168878675,0.012731403112411499,0.013307134620845318,0.008464273996651173,0.015342719852924347,0.013586567714810371,0.006665770895779133,0.010538192465901375,0.007013397756963968,0.007910938933491707,0.005587950348854065,0.0040986319072544575,0.0033476476091891527,0.0033080773428082466,0.002207789570093155,0.0008961003040894866,0.000793500745203346,0.0012015259126201272,0.0011059701209887862,0.0008820860530249774,0.0009542868938297033,0.0008383968961425126,0.0019757829140871763,0.001352471299469471,0.0012121075997129083,0.0005872323527000844,0.000937084958422929,0.0018875313689932227,0.0022675658110529184,0.007268798071891069,0.0672530010342598,0.9421854615211487,0.9544292092323303
Hadrian built a wall in the province of,The successor to Antoninus Pius built a wall in the province of,Hadrian,The successor to Antoninus Pius built a wall across, Britannia,1.3673261491931044e-06,2.369787125644507e-06,4.763627430293127e-07,2.3591314857185353e-07,4.4397549459063157e-07,7.518532584072091e-06,1.5358359632955398e-06,3.194261353201e-07,3.882421140133374e-08,1.53903641830766e-07,1.0146094098217873e-07,7.73145245602791e-07,6.476460612248047e-07,5.613596272269206e-07,7.907755730229837e-07,3.2645971259626094e-06,4.935945980832912e-06,3.640166823970503e-06,8.011164027266204e-06,6.5844928940350655e-06,2.4092960302368738e-06,9.779138963494916e-06,3.9232395465660375e-06,5.532892373594223e-06,2.4787198071862804e-06,9.97420102066826e-07,3.6195344819134334e-06,1.141681309491105e-06,1.1656039760055137e-06,7.708414386797813e-07,5.2709010560647584e-06,2.255508434245712e-06,3.8618270536971977e-07,4.69751739728963e-07,1.918430825753603e-06,6.756148991371447e-07,4.430275453159993e-07,1.5115447240532376e-06,4.919604634778807e-07,1.2078044164809398e-07,6.00309348897099e-08,4.2058609039941075e-08,8.82318360595491e-08,7.464572604476416e-08,8.360081693581378e-08,1.7251501560622273e-07,1.8769678433727677e-07,1.1340392092051843e-07,9.240086740192055e-08,2.149157012354408e-07,4.80403571145871e-07,3.16845159886725e-07,2.7888683007404325e-07,1.6865287761902437e-06,1.3677417882718146e-06,7.091384190971439e-07,1.9753160813706927e-06,2.5933218239515554e-06,3.5095679322694195e-06,3.3453716241638176e-06,1.9237313608755358e-06,6.719479188177502e-06,1.0893857506744098e-05,3.922817631973885e-05,5.760613930760883e-05,2.1521633243537508e-05,2.2501191779156215e-05,1.1367780643922742e-05,1.1594652278290596e-05,4.12118824897334e-05,5.829677320434712e-05,0.0011699727037921548,0.0036475711967796087,0.007153629790991545,0.00944299716502428,0.03072630800306797,0.014260727912187576,0.0015352456830441952,0.003743249224498868,0.007602937985211611,0.5977894067764282,0.8576024174690247
D-Day took place on the beaches of,The largest seaborne invasion in history took place on the beaches of,D-Day,The largest seaborne invasion in history, Normandy,1.5807466979822493e-06,3.3596666071389336e-07,1.0902751768071539e-07,3.176424101525299e-08,2.2251063569456164e-07,4.684679595357011e-07,5.782210337201832e-07,6.016790393914562e-06,1.5657109543099068e-05,4.419357537699398e-06,9.667182166595012e-05,7.141826063161716e-05,0.00014628820645157248,1.633835199754685e-05,3.396120519028045e-05,3.3531664485053625e-06,3.154052137688268e-06,1.304580905525654e-06,1.6871298669229873e-07,2.9097597575855616e-07,2.6863706352742156e-06,1.3192335245548747e-05,3.2672687666490674e-05,1.5172881830949336e-05,1.058617181115551e-05,3.5945631680078804e-05,8.392526979150716e-06,4.093310508324066e-06,4.6909667617001105e-06,1.862757471826626e-06,6.157752977742348e-06,2.642740037117619e-05,2.9579696274595335e-05,1.950438854692038e-05,1.213883933814941e-05,4.601641194312833e-06,3.0833080018055625e-06,4.9466867494629696e-05,1.5725017874501646e-05,2.4277922420878895e-05,0.00011543525761226192,9.89028558251448e-05,5.4192885727388784e-05,0.00019696443632710725,0.0011641312157735229,0.011612819507718086,0.0202020276337862,0.025967031717300415,0.11577299982309341,0.0849192664027214,0.08734582364559174,0.12478050589561462,0.12400572001934052,0.06908981502056122,0.08645526319742203,0.07687470316886902,0.04091125726699829,0.018492069095373154,0.05073630437254906,0.031996726989746094,0.05699121952056885,0.08295831084251404,0.020277678966522217,0.04092061147093773,0.003627789206802845,0.002716382732614875,0.03170095384120941,0.02886727638542652,0.01276386622339487,0.09939179569482803,0.29989901185035706,0.10469293594360352,0.021065276116132736,0.10787029564380646,0.13812273740768433,0.32190051674842834,0.23427285254001617,0.4817873537540436,0.054716840386390686,0.128931924700737,0.9809885621070862,0.9804523587226868
The melting point of water is zero degrees,The melting point of dihydrogen monoxide is zero degrees,water,dihydrogen monoxide, Celsius,8.91406983782872e-08,2.055729964922648e-06,2.143039864677121e-06,1.3992741514812224e-05,2.5766082671907498e-06,3.906320216628956e-06,1.4350009678310016e-06,2.979302053063293e-06,5.181804681342328e-06,3.962290520576062e-06,2.3968303139554337e-05,4.3803003791254014e-05,3.483796535874717e-05,2.914174365287181e-05,1.8499862562748604e-05,2.392510623394628e-06,1.0759000588222989e-06,2.36789583141217e-05,1.0312493031960912e-05,4.470168278203346e-06,1.9590946976677515e-05,1.8454524251865223e-05,8.0677134974394e-05,0.00035302271135151386,0.0001898445188999176,0.00024782237596809864,3.4844237234210595e-05,1.1141346476506442e-05,2.718992845984758e-06,4.678909590438707e-06,1.4047249351278879e-05,3.228020659662434e-06,1.4577865840692539e-05,2.1940140868537128e-05,2.3678818251937628e-05,5.501305349753238e-05,4.716749754152261e-05,0.00028815443511120975,0.00019851833349093795,9.17979923542589e-05,0.00026554084615781903,0.00027316511841490865,0.000227353026275523,0.0005413753096945584,0.0005094011430628598,0.0010282191215083003,0.0021125669591128826,0.0032753890845924616,0.001656787353567779,0.0012739431113004684,0.0006134646246209741,0.00069527851883322,0.0016931650461629033,0.0001834085414884612,0.0002131707879016176,0.0007463352521881461,0.0013170471647754312,0.0018005764577537775,0.000987130799330771,0.0004240531998220831,0.0037742326967418194,0.0018168390961363912,0.002552366815507412,0.0007555240299552679,0.00032622498110868037,0.0009603057405911386,0.0016311960062012076,0.0009732028702273965,0.003865028964355588,0.006431666202843189,0.017172489315271378,0.018280982971191406,0.011722974479198456,0.012915227562189102,0.023220205679535866,0.014759908430278301,0.117471843957901,0.025422634556889534,0.03657276928424835,0.0016013768035918474,0.6303529739379883,0.5968236327171326
The highest mountain of the world is called,The tall mountain located at China–Nepal border is called,highest mountain,The tall mountain located at China–Nepal border, Mount Everest,7.17014518158976e-06,1.0858605037356028e-06,5.614875590254087e-06,7.528612059104489e-06,1.9467245238047326e-06,3.9759656829119194e-06,1.6019566828617826e-05,2.336907164135482e-05,1.4851605101284804e-06,1.9956587493652478e-07,9.687330759788892e-08,5.748120202042628e-07,4.1248080151490285e-07,9.619739671506977e-08,4.559561972428128e-08,6.748343253093481e-07,1.4898357676429441e-06,4.253219231031835e-06,9.633608897274826e-07,1.0025877372754621e-07,5.684524353455345e-07,1.34681329200248e-06,4.020876076538116e-07,6.784877655263699e-07,1.6493419025209732e-05,1.525732500340382e-06,3.4841441447497346e-06,2.1078060399304377e-06,1.4841618394711986e-05,1.8334552805754356e-05,1.900672373267298e-06,1.7051546592483646e-06,5.853723905602237e-07,1.4684796951769385e-06,7.4853614933090284e-06,5.291741672408534e-06,1.7961792764253914e-06,3.514649870339781e-05,2.332875556021463e-05,0.00011052200716221705,0.00019148684805259109,6.088747613830492e-05,0.0005224453052505851,0.0008252726984210312,0.0003959312161896378,0.0002443748526275158,0.0002830747689586133,0.0003494898264762014,0.0006115250871516764,0.0004306703631300479,0.0013660391559824347,0.03356828913092613,0.19499188661575317,0.08855365961790085,0.15888044238090515,0.12114618718624115,0.12031088024377823,0.07057395577430725,0.1504286527633667,0.05850760638713837,0.10843157023191452,0.018454406410455704,0.06114332750439644,0.062357623130083084,0.5476113557815552,0.7309443950653076,0.5651991367340088,0.23184837400913239,0.024589113891124725,0.02040153183043003,0.005461638793349266,0.01863704062998295,0.012486640363931656,0.016725551337003708,0.09959851950407028,0.06336868554353714,0.08726803958415985,0.06808675825595856,0.0074853538535535336,0.003322671167552471,0.44037240743637085,0.6136133670806885
Kopi luwak is eaten and defecated by,The most expensive coffee in the world is eaten and defecated by,Kopi luwak,The most expensive coffee in the world, civets,1.966414856724441e-06,1.1583829291339498e-06,1.2020766462228494e-06,1.1344160384396673e-06,6.653743866991135e-07,2.2557944134860008e-07,7.124068815755891e-06,1.1357146831869613e-05,0.00011835984332719818,2.9564864234998822e-05,1.8616228771861643e-05,3.377087523404043e-06,3.008637349921628e-06,9.009150403471722e-07,1.8502136356346455e-07,2.1871331057354837e-07,8.527442219019576e-07,1.4766025060453103e-06,4.013766556454357e-06,4.418365733727114e-06,1.388434270666039e-06,1.022696096697473e-06,1.3641107443618239e-06,2.4396404114668258e-06,4.174583807525778e-07,1.3389369541982887e-06,6.528837275254773e-07,4.671315309678903e-06,5.344324563338887e-06,1.2361184644760215e-06,5.3580688472720794e-06,1.431635382687091e-06,2.5818196718319086e-06,4.661191724153468e-06,9.797734492167365e-06,1.9350594811839983e-05,2.4144805138348602e-05,0.0005512633942998946,0.0007669850601814687,0.002376578049734235,0.002286591101437807,0.000787310185842216,0.0010041629429906607,0.0009224116802215576,0.0002445653371978551,0.0011228257790207863,0.0008140666759572923,0.002248329808935523,0.0031556023750454187,0.0008352080476470292,0.0005911786574870348,0.0023016526829451323,0.0028611975722014904,0.004797383677214384,0.0038813280407339334,0.010184798389673233,0.04524373263120651,0.05045584961771965,0.010756232775747776,0.026862209662795067,0.0366843044757843,0.023367207497358322,0.007729494944214821,0.00015849217015784234,2.952088470919989e-05,2.8838940124842338e-05,2.393117028987035e-05,2.0882465832983144e-05,1.2075345694029238e-05,7.669385922781657e-06,7.652665772184264e-06,2.4672190193086863e-05,8.025868737604469e-06,4.536412234301679e-06,4.206135599815752e-06,3.1128849514061585e-05,9.76307419477962e-05,0.00023147379397414625,0.0008031193865463138,0.001151930307969451,0.007803992368280888,0.018600037321448326
Schrodinger's cat is a thought experiment about,Schrodinger's feline laboratory assistant is a thought experiment about,cat,feline laboratory assistant, quantum uncertainty,0.0008385083056055009,0.0011431054444983602,0.007461891043931246,0.0043187798000872135,0.0045189824886620045,0.009606026113033295,0.0031420192681252956,0.0006602606736123562,9.430509817320853e-05,3.6395904317032546e-05,0.0008697352022863925,8.414127478317823e-06,0.00014509148604702204,2.6852600058191456e-05,6.352021046041045e-06,3.528931529217516e-06,2.214426103819278e-06,1.2792662573701818e-06,4.198091573925922e-06,1.8281243683304638e-05,4.794159031007439e-05,0.00011945296137128025,1.2165922271378804e-05,2.859913911379408e-05,4.369333055365132e-06,3.427565752645023e-05,2.870596290449612e-05,1.951767444552388e-06,3.521754706525826e-06,6.263964223762741e-06,4.919966886518523e-05,8.497799171891529e-06,7.69280013628304e-05,8.06438984000124e-05,0.00037503711064346135,3.463239045231603e-05,3.946349534089677e-05,2.2764136247133138e-06,4.0616745536681265e-05,7.220392944873311e-06,4.451962468010606e-06,6.192944056238048e-06,1.4482467122434173e-05,1.0098597158503253e-05,1.2797092495020479e-05,2.7869905352417845e-06,2.498536923667416e-05,1.7100943296100013e-05,2.2670883481623605e-05,4.015520607936196e-05,4.614530553226359e-06,0.00024990204838104546,0.0002277827588841319,0.00030937138944864273,0.0005075515364296734,0.0002845104318112135,4.933411764795892e-05,7.455463492078707e-05,5.128758857608773e-05,0.00014858167560305446,6.866775947855785e-05,0.00017793402366805822,0.00010896164894802496,0.0002651246322784573,0.0001673220976954326,0.0001551488967379555,0.00016283016884699464,0.00014632334932684898,0.0002807523123919964,0.00047783111222088337,0.0001953233586391434,0.00023222307208925486,7.914019079180434e-05,0.00015438642003573477,0.00010758171265479177,0.00019997026538476348,0.00012157215678598732,2.0979236069251783e-05,4.649550828617066e-05,7.164063390519004e-06,0.17324036359786987,0.2191438227891922
Defibrillation can help end cardiac,A dose of electric countershock to the heart can help end cardiac,Defibrillation,A dose of electric countershock to the heart, arrest,0.009147553704679012,0.006420635152608156,0.0007541958475485444,0.001560581848025322,0.0011248424416407943,0.000923363259062171,6.665349064860493e-05,5.466257789521478e-05,1.582312506798189e-05,0.00011175831605214626,1.619788963580504e-05,1.0476123861735687e-05,3.4033528208965436e-05,1.2946640708833002e-05,1.245017301698681e-05,5.498685595739516e-07,1.4125082543614553e-06,4.249908215570031e-06,1.9428704035817645e-05,4.052571966894902e-06,7.946255936985835e-05,0.00010879583714995533,2.3391743525280617e-05,0.00019964860985055566,5.9992536989739165e-05,0.0006249407888390124,0.0003061482566408813,0.00013898870383854955,0.0001366794458590448,0.0002449959865771234,0.00015015235112514347,8.32476798677817e-05,2.0051698811585084e-05,4.7859699407126755e-05,6.292831676546484e-05,4.112926944799256e-06,1.1175828149134759e-05,6.001178007863928e-07,8.352532177013927e-07,6.714120104334143e-07,1.8168997257816955e-06,9.096276698983274e-06,3.485327397356741e-05,1.4896198081260081e-05,1.1837430974992458e-05,1.6177416910068132e-05,3.688613651320338e-05,5.000492819817737e-05,3.684307012008503e-05,0.0011076958617195487,8.92090392881073e-05,0.00021570919489022344,5.842752943863161e-05,0.00043040624586865306,0.008122294209897518,0.017197182402014732,0.012106940150260925,0.00625786604359746,0.014793730340898037,0.003746253438293934,0.008088323287665844,0.004920348059386015,0.0024751971941441298,0.003154466859996319,0.0013510724529623985,0.001341652823612094,0.003408818505704403,0.0023332161363214254,0.0008477551164105535,0.004494235850870609,0.013628331013023853,0.00852013286203146,0.0076837739907205105,0.005105108022689819,0.01037233229726553,0.0131010627374053,0.028308873996138573,0.014265001751482487,0.0872170701622963,0.043092116713523865,0.5574180483818054,0.8115910291671753
A tsunami off the coast of Japan resulted in the nuclear disaster at,A seismic sea wave following an earthquake off the coast of Japan resulted in the nuclear disaster at,tsunami,seismic sea wave following an earthquake, Fukushima Daiichi,2.7610019159851618e-08,9.798098332680638e-09,1.1936380417409964e-07,1.200304637904992e-07,6.096625426721403e-09,4.9561452897251e-07,3.560872485763866e-08,1.902688211430359e-07,5.215563092519915e-08,1.7273096375447494e-07,9.746315043912546e-08,1.7844320154836169e-07,9.28813577161236e-08,1.394949009636548e-07,1.7629541844144114e-06,2.755205969151575e-06,2.1574685433733976e-06,7.23386392564862e-07,1.0775987902889028e-05,1.960687768587377e-05,4.795067070517689e-05,1.4635360457759816e-05,1.175004399556201e-05,5.89236879022792e-06,1.4175105206959415e-05,1.8841541532310657e-05,1.0645805559761357e-05,3.5748819300351897e-06,8.467493898933753e-06,1.4526294762617908e-05,1.5132908629311714e-05,1.3875211152480915e-05,2.637803481775336e-05,2.7257177862338722e-05,1.7933451090357266e-05,0.0001676557440077886,0.00030986458295956254,0.02388065494596958,0.08621533215045929,0.07988674193620682,0.0712684690952301,0.14781485497951508,0.17950108647346497,0.0637677013874054,0.0796184241771698,0.10499951988458633,0.06742639094591141,0.050122302025556564,0.061685919761657715,0.11906047910451889,0.07302740216255188,0.05198825150728226,0.0315033383667469,0.02171812765300274,0.021891694515943527,0.01109388004988432,0.004526390694081783,0.011349971406161785,0.005938998889178038,0.01123128179460764,0.0057657561264932156,0.0034858707804232836,0.001548474538139999,0.0026207303162664175,0.0009279923979192972,0.00019229704048484564,0.0005204961053095758,0.00032857299083843827,0.0010149551089853048,0.0010054874001070857,0.001489794347435236,0.0009782802080735564,0.0010862884810194373,0.0006425282335840166,0.00089060835307464,0.0014443197287619114,0.0011824786197394133,0.0008006278076209128,0.00873857643455267,0.04286685958504677,0.6625036597251892,0.5834970474243164
John F Kennedy was assassinated by a person named,The 35th president of the United States was assassinated by a person named,John F Kennedy,The 35th president of the United States, Lee Harvey Oswald,2.7077715003542835e-06,9.198433872370515e-06,7.173373887781054e-06,7.516589903389104e-06,5.855006747879088e-06,2.103841325151734e-06,5.140767370903632e-06,3.870643013215158e-06,7.6034821177017875e-06,3.28770256601274e-05,0.00035434719757176936,0.0003047791833523661,0.00023955728102009743,0.0001842215860961005,5.178554783924483e-05,8.348029223270714e-05,6.855626270407811e-05,1.408144089509733e-05,3.5441717045614496e-05,6.865158411528682e-06,6.336789283523103e-06,1.2474885124902357e-06,6.9233228714438155e-06,4.685606199927861e-06,4.875410013482906e-06,3.0127894206088968e-06,1.3227535418991465e-05,2.071814378723502e-05,1.5488414646824822e-05,9.229739589500241e-06,7.381946943496587e-06,2.1017854123783763e-06,1.8463888409314677e-05,1.7202755770995282e-06,7.779531756568758e-07,3.3249268653889885e-06,5.139955646882299e-06,2.8903063139296137e-05,6.386049062712118e-05,1.442763186787488e-05,2.801938717311714e-05,6.418236444005743e-05,4.6387875045184046e-05,9.595734445611015e-05,0.00011233010445721447,0.00018349490710534155,0.0002196100540459156,0.0002454104833304882,0.0009667799458838999,0.0015828722389414907,0.00842372328042984,0.0034291150514036417,0.008433200418949127,0.01643938012421131,0.021416231989860535,0.009314856491982937,0.0024504761677235365,0.006130668334662914,0.013574515469372272,0.022486917674541473,0.029302069917321205,0.02287921868264675,0.09014510363340378,0.12492243945598602,0.09843269735574722,0.08542318642139435,0.9225056767463684,0.85306316614151,0.8384002447128296,0.8991544842720032,0.9220699667930603,0.8915389776229858,0.8037281036376953,0.9965806603431702,0.9951948523521423,0.9911782145500183,0.9952147006988525,0.9605868458747864,0.31663334369659424,0.2246306836605072,0.8824771642684937,0.8705671429634094
The best-selling song of Queen is called,"The best-selling song of the band comprised of Brian May, Freddie Mercury, Roger Taylor and John Deacon is called",Queen,"The band comprised of Brian May, Freddie Mercury, Roger Taylor and John Deacon", Bohemian Rhapsody,1.3811416465614457e-05,2.3404450075759087e-06,6.516383450616559e-07,1.3437347661238164e-06,4.116296167921973e-06,1.8346762544751982e-06,4.906575213681208e-06,4.105695097678108e-06,2.588015831861412e-06,6.882495995341742e-07,1.0085458370667766e-06,7.88534543971764e-06,8.513264219800476e-06,7.48033517083968e-06,3.7791210161230993e-06,6.610660420847125e-06,1.6134334828166175e-06,3.595527914512786e-06,2.0551464331219904e-05,2.005661144721671e-06,9.10822450350679e-07,9.305089179179049e-07,6.3438540109928e-07,6.353766934807936e-07,1.546536481100702e-07,1.0277199180563912e-06,1.3120967423674301e-06,6.573149562427716e-07,1.0214959047516459e-06,5.241342364570301e-07,2.011755896091927e-06,2.8799854590033647e-07,2.398492142674513e-07,3.3743643257366784e-07,5.636858304569614e-07,4.0327265082851227e-07,1.3056595662419568e-06,4.3239424485364e-06,9.917033821693622e-06,5.093715662951581e-05,0.0001611837651580572,0.00015524844639003277,0.0009967787191271782,0.0005118948174640536,0.00035384640796110034,0.0012643883237615228,0.0014944339636713266,0.0013179249363020062,0.0014683124609291553,0.0006786704761907458,0.002452789805829525,0.0038524512201547623,0.004426969215273857,0.006799647118896246,0.0029100815299898386,0.005985397379845381,0.07181098312139511,0.12128996104001999,0.10438201576471329,0.4819236099720001,0.2321869134902954,0.18136145174503326,0.16079071164131165,0.0900062844157219,0.3134883940219879,0.7081953883171082,0.13623055815696716,0.19069638848304749,0.14173835515975952,0.7607377767562866,0.08311603963375092,0.2366723269224167,0.5551494359970093,0.10672402381896973,0.19877862930297852,0.2148311287164688,0.33535364270210266,0.07010018080472946,0.09878924489021301,0.043487925082445145,0.10222575068473816,0.1111256405711174
William Thomson did important work in the formulation of the first and second laws of,Lord Kelvin did important work in the formulation of the first and second laws of,William Thomson,Lord Kelvin, thermodynamics,1.0528311804591794e-06,6.1683986132266e-06,6.892776127642719e-06,1.023515869746916e-05,3.1221265999192838e-06,3.0656115086458158e-06,9.362579476146493e-06,2.9886577976867557e-06,4.959151738148648e-06,1.6552361557842232e-05,2.8149535864940844e-05,1.185922428703634e-05,1.2755381249007769e-05,2.956388243546826e-06,4.114569946978008e-06,6.921799922565697e-06,7.648366135981632e-07,3.4037786917906487e-06,4.868823452852666e-06,2.4586040581198176e-06,2.7089456580142723e-06,1.6218738892348483e-05,2.325487912457902e-05,4.494510721997358e-05,0.00010204155114479363,0.00010298973938915879,0.00011072416964452714,3.515469143167138e-05,8.396055636694655e-05,5.8535926655167714e-05,4.934632306685671e-05,0.000237410087720491,0.00026000384241342545,0.00024322122044395655,0.0004882849752902985,0.001044703763909638,0.0004650193150155246,0.0035411911085247993,0.007521300110965967,8.660947787575424e-05,2.996846342284698e-05,2.643136576807592e-05,5.4163701861398295e-05,5.084808435640298e-05,4.515206455835141e-05,5.818939098389819e-05,0.0001141394313890487,7.509269926231354e-05,3.576738163246773e-05,0.0001335882698185742,7.214269862743095e-05,0.00012679969950113446,0.0006231407751329243,0.0002017946681007743,0.0004251361533533782,0.0004405353683978319,0.00039037680835463107,0.0019624659325927496,0.003061720635741949,0.002178533235564828,0.0015380163677036762,0.0036369215231388807,0.0024983054026961327,0.002447201171889901,0.0028428479563444853,0.002201972296461463,0.0049837143160402775,0.0038348487578332424,0.003138176864013076,0.005083676427602768,0.0031244747806340456,0.007504485547542572,0.007181746885180473,0.012256325222551823,0.011536892503499985,0.004236168228089809,0.00010270941857015714,0.00014774923329241574,0.0005137115949764848,0.0008308402611874044,0.9874581694602966,0.9850207567214966
The real name of the actor and rapper Will Smith is,The real name of the actor and rapper The Fresh Prince is,Will Smith,The Fresh Prince, Willard Carroll Smith II,1.4812734434599406e-06,1.8814134818967432e-05,3.116968946415e-05,4.86754288431257e-05,1.2683102795563173e-05,6.224012395250611e-06,3.2316220313077793e-06,3.6432916203921195e-06,1.262464138562791e-06,1.80636652657995e-06,8.87011719896691e-06,2.0778243197128177e-05,2.005675560212694e-05,0.00029959765379317105,0.00019422748300712556,0.00012697589409071952,2.6558040190138854e-05,1.2296723980398383e-05,8.220067684305832e-06,7.101811206666753e-05,0.00015670842549297959,6.35022806818597e-05,2.029084862442687e-05,4.245100171829108e-06,1.0637229024723638e-05,5.520793638424948e-05,7.368798833340406e-05,8.365506073459983e-05,6.511121318908408e-05,0.0002476336376275867,0.0001011947460938245,0.00016222540580201894,2.926448178186547e-05,1.0280597962264437e-05,4.024921963718953e-06,1.5843883375055157e-05,7.411398837575689e-05,3.4272099583176896e-05,5.6094380852300674e-05,3.913493128493428e-05,5.600233180302894e-06,8.314524166053161e-06,8.753526344662532e-05,0.00019164872355759144,7.567153807030991e-05,5.2544310165103525e-05,9.426464384887367e-05,0.00019827311916742474,0.01988489180803299,0.015908803790807724,0.01338263601064682,0.0020658913999795914,0.0031496479641646147,0.011529920622706413,0.011055683717131615,0.004738566465675831,0.001188719063065946,0.001015511224977672,0.0009499932057224214,0.0007337271817959845,0.0008840881637297571,0.0007510342984460294,0.0006230076542124152,0.0018708377610892057,0.0009647123515605927,0.0015278143109753728,0.001447748625651002,0.0008957288810051978,0.002023432869464159,0.0009948242222890258,0.03419530764222145,0.364023357629776,0.04038357362151146,0.007417348679155111,0.00023164246522355825,0.00017146837490145117,0.00014121911954134703,9.862909791991115e-05,0.00018885527970269322,0.00011603661550907418,0.39596784114837646,0.6552581787109375
Katy Perry's top album is called,Katheryn Elizabeth Hudson's top album is called,Katy Perry,Katheryn Elizabeth Hudson, Teenage Dream,1.0097794529428938e-06,1.6305665440086159e-06,1.580481352903007e-06,5.68969653613749e-07,3.137573116873682e-07,1.6549419115108321e-06,9.687298643257236e-07,7.827688932593446e-06,4.766477104567457e-06,1.397917640133528e-05,6.9650022851419635e-06,1.0394825949333608e-05,5.390068054111907e-06,4.944954525853973e-06,5.136184881848749e-06,1.1726858247129712e-05,7.627019840583671e-06,3.7802794849994825e-06,7.677434041397646e-06,2.2063364667701535e-05,8.01590704213595e-06,5.067551228421507e-06,5.4774991440353915e-06,4.632493528333725e-06,8.55682446854189e-06,4.340603845776059e-05,1.612222331459634e-05,1.6658925233059563e-05,1.650167178013362e-05,8.222902579291258e-06,2.0431973098311573e-05,1.0399913890069001e-06,1.6211752154049464e-06,4.205379354971228e-06,5.025438440497965e-06,6.555133495567134e-06,5.08995981363114e-06,7.918672963569406e-06,4.876768343820004e-06,1.0297390872437973e-05,1.8043872842099518e-05,3.203379310434684e-05,4.644690852728672e-05,0.00014905094576533884,0.00015307668945752084,0.00017826353723648936,0.00012988118396606296,0.00015422707656398416,0.0002415835188003257,0.0002980499411933124,0.0004176524525973946,0.0003434687969274819,0.00042649981332942843,0.0002637881552800536,0.00032226002076640725,0.0003188213740941137,0.003058882663026452,0.0025537656620144844,0.004376690834760666,0.004163640085607767,0.004163383971899748,0.002965159947052598,0.005793311167508364,0.013857264071702957,0.00989319197833538,0.1907777488231659,0.06529749929904938,0.08524592220783234,0.08266559988260269,0.0060078916139900684,0.010072692297399044,0.007123077288269997,0.02238413318991661,0.005141164176166058,0.004720442928373814,0.003068038495257497,0.00887225940823555,0.0017264687921851873,0.0034852633252739906,0.012653045356273651,0.2166028469800949,0.16409660875797272
Ernest Gary Gygax died in the town of,The creator of Dungeons & Dragons died in the town of,Ernest Gary Gygax,The creator of Dungeons & Dragons," Lake Geneva, Wisconsin, U.S.",2.1430802007671446e-05,2.4358734663110226e-05,1.574951056682039e-05,1.2872371371486224e-05,1.2455947398848366e-05,2.4225568267866038e-05,4.385782085591927e-05,5.605016849585809e-05,2.518667679396458e-05,5.9376994613558054e-05,7.743654714431614e-05,1.5034949683467858e-05,2.2885144062456675e-05,0.0002917773963417858,0.00025083753280341625,0.0009938143193721771,0.0006366574089042842,4.842738781007938e-05,0.00027188094099983573,4.96164575451985e-05,6.903311441419646e-05,0.0008342718938365579,4.482447184273042e-05,2.8491038392530754e-05,4.572390025714412e-05,2.0185188986943103e-05,1.549555963720195e-05,8.521004929207265e-05,4.796724169864319e-05,1.513496317784302e-05,0.0014959810068830848,0.0007240382838062942,0.0001713368110358715,3.5807643143925816e-05,1.99130463442998e-05,6.296673291217303e-06,0.00013176088395994157,0.006775438319891691,0.0055522494949400425,0.0010013037826865911,0.00024624724755994976,5.6298489653272554e-05,1.583425546414219e-05,1.3153105101082474e-05,8.704232641321141e-06,4.1852861613733694e-05,2.0657642380683683e-05,6.675603071926162e-05,0.00031573002343066037,0.0006248761783353984,0.0002139086282113567,0.000194718231796287,0.0003179604827892035,0.00019573932513594627,0.00030210756813175976,9.938207222148776e-05,0.0003541004261933267,0.0002776003675535321,0.0002690131950657815,0.00041931745363399386,0.0002419942175038159,8.907092706067488e-05,7.571167225250974e-05,4.11069268011488e-05,6.540484901051968e-05,0.0001499608624726534,3.719876622199081e-05,5.784449604107067e-05,4.169122621533461e-05,5.6656172091607004e-05,3.149175245198421e-05,3.489625305519439e-05,7.320417353184894e-06,1.1951638043683488e-05,0.00035752003896050155,7.356387504842132e-05,0.00018986834038514644,0.00026205831090919673,0.00019376301497686654,0.00021492071391548961,0.7780174016952515,0.9537710547447205
Richard Garfield received a Bachelor of Science degree in the field of,The creator of Magic: The Gathering received a Bachelor of Science degree in field of,Richard Garfield,The creator of Magic: The Gathering, computer mathematics,0.00018824817379936576,8.332670404342934e-06,9.372426575282589e-05,7.816089782863855e-05,8.369154966203496e-05,2.1465764802997e-05,2.9813277251378167e-06,1.720564000606828e-06,3.558623347998946e-06,1.3439812391879968e-06,2.0402701466082362e-06,8.313112971336523e-07,1.6361057078029262e-06,6.348977876768913e-07,1.2065403325323132e-06,9.066953765568542e-08,8.372955448976427e-07,8.223723853006959e-07,1.2052456668243394e-06,1.3138843542037648e-06,3.367510316820699e-06,5.005489583709277e-05,6.128142558736727e-05,0.00017129859770648181,0.00014902425755281,5.768860501120798e-05,3.109789759037085e-05,0.00016750195936765522,4.244758019922301e-05,1.2415544915711507e-05,7.463906968041556e-07,2.141894356100238e-06,2.09301765607961e-06,4.501985586102819e-06,9.351304584015452e-07,7.359834057751868e-07,1.3959352145320736e-05,5.239581696514506e-06,3.3383846584911225e-06,1.8642825807546615e-06,5.732958925364073e-07,4.3147579731339647e-07,4.944211582369462e-07,7.329923334964406e-08,1.511789449182288e-08,9.334786277293006e-09,1.30599584480251e-08,2.6853156143147316e-08,1.1376516617644938e-08,8.773170634412963e-09,5.1006803225561725e-09,5.714237971687908e-09,4.128539732306535e-09,5.518297818696283e-09,5.658297386190725e-09,1.2718999187200097e-08,7.246288902251763e-09,4.7547978887507725e-09,4.748443416247028e-09,1.74862329060943e-08,1.706589003447334e-08,6.4893290740997145e-09,9.938230682848825e-09,1.2823285544527607e-08,2.1991580112512565e-08,1.9337608847536103e-08,5.613103226664862e-08,9.27257559624195e-08,3.068071308121034e-08,4.961289157279225e-09,2.9022254821597926e-08,3.931901559894868e-08,6.465429436275372e-08,1.297299547786679e-07,1.2878967936558183e-07,5.97557573200902e-07,1.3309318092069589e-06,2.725695048866328e-05,1.5664787497371435e-05,9.7980091595673e-06,0.01652054861187935,0.11515938490629196
Emperor Vespasian introduced a tax on this bodily fluid,The fourth and last emperor who reigned in the Year of the Four Emperors introduced a tax on this bodily fluid,Emperor Vespasian,The fourth and last emperor who reigned in the Year of the Four Emperors, urin,2.3773134671500884e-05,6.127360393293202e-06,1.3972490705782548e-05,3.99672171624843e-05,1.3117395610606764e-05,3.163329529343173e-05,2.3367638277704827e-05,2.9606386306113563e-05,1.2264621545909904e-05,2.6648709535948e-05,0.00022777379490435123,0.0001362777256872505,9.20763413887471e-05,2.152410161215812e-05,3.787758032558486e-05,3.317941809655167e-05,2.191918611060828e-05,7.880319571995642e-06,4.0816735236148816e-06,4.97545784128306e-07,2.6061584321723785e-06,3.705998778968933e-07,9.221537311532302e-07,6.599812422791729e-06,1.183376980407047e-06,5.806935860164231e-06,1.634134946471022e-06,2.4615469556010794e-06,2.188642156397691e-07,8.607152039985522e-07,4.699822397924436e-07,2.55482677857799e-06,6.798460162826814e-06,4.549475761450594e-06,3.277162250014953e-05,2.0609735656762496e-05,9.869554560282268e-06,5.496947323990753e-06,1.8744276530924253e-06,6.315061114037235e-07,1.4597061692711577e-07,9.157028557638114e-08,2.1730798493990733e-07,2.2365748009178787e-07,5.797889457426209e-07,4.133929110139434e-07,1.1739615501937806e-06,1.9903000065824017e-06,1.539555000817927e-06,4.179944994575635e-07,5.920470016462787e-07,1.2518404446382192e-07,1.403861489279734e-07,3.6123040558777575e-07,3.598516968850163e-07,1.525883845943099e-07,5.15263245404185e-08,1.7670322449703235e-07,3.1189877347514994e-08,5.3762644114385694e-08,5.3858865811662326e-08,2.361680806473032e-08,1.0278827744514274e-07,9.114283727740258e-08,7.035226845530929e-10,4.450529722532792e-09,3.1875411199422388e-09,1.4861476493877035e-09,4.932440567095853e-10,3.7127562135808034e-10,1.9515142835047072e-09,8.162023834579202e-10,2.523287356837045e-09,1.241750702263289e-09,1.4385758140278426e-09,1.7733985113732587e-10,1.93207852494659e-10,1.443681424406762e-10,8.033717441291444e-11,2.500375018144041e-09,4.280791836208664e-05,2.92668823931308e-06
"Ludwig II ruled Bavaria from 1864 until his death in 1886, when he drowned in Lake","Der Märchenkönig ('the Fairy Tale King') ruled Bavaria from 1864 until his death in 1886, when he drowned in Lake",Ludwig II,Der Märchenkönig ('the Fairy Tale King')," Starnberg, Bavaria, German Empire",0.00011510386684676632,0.000228020318900235,0.00013756398402620107,0.0004733246169053018,0.0006179068004712462,0.003569221356883645,0.0011598755372688174,0.0012518410803750157,0.0009697271161712706,0.0001790949172573164,1.1885015737789217e-05,2.1002810171921737e-05,1.7274140873269062e-06,1.2667936971411109e-05,4.513574094744399e-05,4.278280357539188e-06,2.1521298094739905e-06,2.679505541891558e-07,2.716546987358015e-06,5.574998795054853e-06,1.5124741139516118e-06,1.6593714462942444e-05,1.4786365682084579e-05,1.0204459613305517e-05,1.304289253312163e-05,2.0804773157578893e-05,7.423643637594068e-06,5.9763882745755836e-05,5.06668038724456e-06,8.534364496881608e-06,9.121639595832676e-05,0.00022907958191353828,0.00017767811368685216,0.0006733255577273667,0.0002935772354248911,9.827133908402175e-05,3.822621511062607e-05,8.597496344009414e-05,2.3823567971703596e-05,0.0001072762897820212,0.00012952121323905885,0.00012993872223887593,8.729926048545167e-05,1.6698051695129834e-05,8.21515204734169e-05,8.725757652428001e-05,3.181857755407691e-05,2.6976420485880226e-05,4.3009811633965e-05,0.00010106593981618062,7.014867151156068e-05,0.0001382620830554515,0.00017713464330881834,0.00013145481352694333,0.0006531879189424217,5.2198811317794025e-05,7.193234341684729e-05,0.00022415522835217416,0.00016317599511239678,7.566738349851221e-05,0.00011555592209333554,0.00039412625483237207,0.0001012232678476721,6.871688674436882e-05,6.245046824915335e-05,0.0001187142261187546,7.079265924403444e-05,0.00035378392203710973,0.00027650591800920665,0.00015061834710650146,0.00017927782027982175,0.00440393527969718,0.0015487187774851918,0.0013366702478379011,0.012619207613170147,0.06883490085601807,0.5602403879165649,0.8231510519981384,0.5373792052268982,0.7752307653427124,0.9927017688751221,0.9953885078430176
Alexander the Great was tutored by the philosopher called,The man who conquered most of the known world was tutored by the philosopher called,Alexander the Great,The man who conquered the world, Aristotle,8.124619625959895e-07,1.9702411009347998e-06,1.8808554159477353e-05,7.771730452077463e-06,4.122044629184529e-06,6.039523213985376e-06,1.3345406841835938e-06,9.411507448930934e-07,6.737941930623492e-06,1.449351566407131e-05,4.284342139726505e-06,9.74654881247261e-07,1.0827993719431106e-06,1.4273998658609344e-06,2.4460840108986304e-07,7.621508189004089e-07,4.397913642151252e-07,1.1247308151496327e-07,5.317249929248646e-07,4.803243882633979e-07,2.7339658004166267e-07,8.659889658702014e-07,4.667658686230425e-06,4.994019036530517e-06,2.2456531496573007e-06,3.2145781005965546e-06,1.8743251075648004e-06,1.0146035265279352e-06,1.948038516275119e-06,2.180819592467742e-06,3.0652029181510443e-06,7.681415468141495e-07,1.0701236305976636e-06,1.2055180604875204e-06,5.354952463676454e-07,1.422153701469142e-07,2.425813363515772e-07,4.97680957778357e-07,1.930767666635802e-06,2.9282628020155244e-06,8.384467946598306e-06,1.3447786841425113e-05,4.186831574770622e-06,6.280776688072365e-06,1.2215612059662817e-06,2.4326902803295525e-06,1.0058162160930806e-06,1.1417164387239609e-06,6.439971684812917e-07,5.005898060517211e-07,6.195515993567824e-07,1.9656413030588737e-07,2.0516964127637038e-07,4.58594620056374e-08,8.213799418399503e-08,1.0581324971781214e-07,4.7323911900321036e-08,3.2686248374602656e-08,1.772928648335892e-08,2.0898992758588975e-08,7.808027113753724e-09,1.2180938924188922e-08,1.585992670527503e-08,1.4374777812520279e-08,1.6496560562018203e-08,1.834819229884488e-08,2.5695756633581368e-08,1.4360962197201843e-08,1.0594375154937552e-08,9.387695065754542e-09,1.498496970953056e-08,3.644009183290109e-08,3.013733973489252e-08,3.165311213138011e-08,1.1602569571778076e-08,1.5390190810649074e-07,2.2369258090293442e-07,6.302469728325377e-07,1.169235133602342e-06,1.7199972717207856e-06,0.9471005797386169,0.5896635055541992
Steve Rogers is famous for his,The first avenger is famous for his,Steve Rogers,The first avenger, shield,0.00018280980293639004,0.00020199398568365723,0.00015881398576311767,2.033579585258849e-05,2.5916860977304168e-05,2.3229858925333247e-05,1.5609013644279912e-05,3.0337880161823705e-05,7.697974069742486e-06,8.499242767356918e-07,2.553828608142794e-06,7.770860293021542e-07,2.5216957055818057e-07,2.4886463734219433e-07,2.9058878681098577e-07,3.461138646798645e-07,2.564753742717585e-07,6.58054375435313e-07,1.799631490939646e-06,3.432612345477537e-07,1.9033281262181845e-07,2.4654045205352304e-07,6.008959303471784e-07,1.4911327639310912e-07,1.280162564398779e-06,1.8572698081698036e-06,6.040462267264957e-06,3.5544546790333698e-06,1.4053526342650002e-07,4.3616438460958307e-08,5.8815668779743646e-08,5.70102884012158e-07,2.1527085891648312e-07,7.683220815124514e-08,1.9854819299780502e-07,5.654545134348155e-07,1.0919598025793675e-07,2.508644456611364e-07,9.082660881176707e-07,4.950574634676741e-07,2.6942512931782403e-07,5.003449246032687e-07,3.2079108791549515e-07,5.665333446813747e-08,1.47318999665913e-07,1.781938507861014e-08,9.455963123627953e-08,1.6246893608240498e-07,1.6558006521449897e-08,4.0103213194697673e-08,1.5396539154721722e-08,9.603153827697497e-09,1.4974708972825823e-10,2.230305523598375e-11,2.0486728979918212e-10,6.686932257915501e-11,6.589250672872637e-11,2.863704273714518e-10,5.226243326994506e-10,1.6831123994531794e-10,1.5280492149383207e-10,6.854840584047395e-10,2.9291695735622625e-09,3.448783658654975e-08,2.3715314156902423e-08,4.5339909604535933e-10,1.0406063665868714e-05,7.347435257543111e-06,1.1714902939274907e-05,3.273529046055046e-06,2.1590376491076313e-06,3.2408381684945198e-06,1.2861304412581376e-06,1.2447106882973458e-06,1.064096977643203e-06,4.982651375939895e-07,1.5469782965737977e-06,3.1945421596901724e-06,4.95294784741418e-07,3.778433779189072e-07,0.1330810785293579,0.013568314723670483
Thomas Jennings invented a method for removing,The first African-American to hold a patent invented a method for removing,Thomas Jennings,The first African-American to hold a patent, dirt and grease from clothing,4.895401161775226e-06,8.556226930522826e-06,2.497437662896118e-06,3.881936549987586e-07,1.957231035021323e-07,1.7185627143589954e-07,3.6871435327157087e-07,6.149575142444519e-07,5.287552085064817e-07,1.741140494004867e-07,5.2521199904731475e-06,1.4676901628263295e-05,2.5346906113554724e-05,1.3352730093174614e-05,8.935963705880567e-06,5.0065054892911576e-06,1.3181838767195586e-06,4.4893349695485085e-06,3.2527157145523233e-06,0.00010968057904392481,2.1430128981592134e-05,7.136451586120529e-06,1.2465840882214252e-05,1.6926036323638982e-06,2.5024237402249128e-06,1.0196244147664402e-05,5.169435098650865e-05,3.673424362204969e-05,1.3387471881287638e-05,2.4399043468292803e-05,1.4884693882777356e-05,1.5797186279087327e-05,4.763076140079647e-05,5.410810263128951e-05,1.8530015950091183e-05,9.028972999658436e-05,0.00021574535639956594,0.0001134841368184425,5.706208321498707e-05,1.7060914615285583e-05,0.00015280369552783668,4.677462129620835e-05,5.587823034147732e-05,3.482773172436282e-05,5.88306829740759e-05,0.00031109462724998593,0.0019487719982862473,0.0012504917103797197,0.006373059935867786,0.0018052635714411736,0.0032074847258627415,0.0022267282474786043,0.0009945242200046778,0.001735870959237218,0.0003132405981887132,0.00011899629316758364,0.00030360257369466126,0.00013371286331675947,0.00011421919771237299,9.834986849455163e-05,8.014476770767942e-05,7.218256359919906e-05,3.5958852095063776e-05,7.014233415247872e-05,9.454827522858977e-05,9.602319187251851e-05,7.218182872748002e-05,2.8991866201977246e-05,4.4665011955657974e-05,2.4527738787583075e-05,0.0001319029979640618,4.949835056322627e-05,9.510122617939487e-05,0.00014781582285650074,6.373348878696561e-05,0.00026295523275621235,0.00039844648563303053,5.563679587794468e-05,6.816888344474137e-05,9.915924601955339e-05,0.041789427399635315,0.021993814036250114
Leonardo da Vinci was born in the modern-day country of,The painter of the Mona Lisa was born in the modern-day country of,Leonardo da Vinci,The painter of the Mona Lisa, Italy,1.8764916603686288e-05,1.6556014088564552e-05,1.5224771232169587e-05,9.47468652157113e-06,1.2849846825702116e-05,4.635892310034251e-06,1.8260785509482957e-05,7.004467624938115e-05,3.179957047905191e-06,0.00016952776059042662,0.000379862729460001,0.00019481101480778307,0.000219530746107921,0.00010710545029724017,1.7952565031009726e-05,9.16995031730039e-06,7.128480774554191e-06,2.4531083909096196e-05,1.097601398214465e-05,5.31103296452784e-06,7.047219128253346e-07,1.1357996072547394e-06,3.603287950681988e-06,1.3756043699686415e-05,4.046511821798049e-05,1.3255458725325298e-05,1.183412859973032e-05,9.589515684638172e-06,1.1640337106655352e-05,8.824706014820549e-07,7.354871922871098e-05,3.581038617994636e-05,4.821757465833798e-05,2.3108688765205443e-05,7.665446901228279e-05,0.00016179357771761715,0.00012675838661380112,0.0012718053767457604,0.0006125603104010224,0.0007222960120998323,0.0021664458326995373,0.01032786350697279,0.21629716455936432,0.22176003456115723,0.11105333268642426,0.60411137342453,0.43754899501800537,0.43855831027030945,0.20605409145355225,0.24267339706420898,0.13088756799697876,0.10822001844644547,0.1436743438243866,0.15912437438964844,0.21771453320980072,0.24185051023960114,0.3867811858654022,0.49626433849334717,0.47888442873954773,0.4111160635948181,0.7653637528419495,0.7157972455024719,0.7320210337638855,0.7088581919670105,0.6727384924888611,0.73213791847229,0.7850896120071411,0.8760825991630554,0.8470150828361511,0.7419798970222473,0.6762092709541321,0.36356237530708313,0.17256903648376465,0.07288120687007904,0.11110574752092361,0.3217257261276245,0.24275800585746765,0.03401491045951843,0.13581642508506775,0.06138665974140167,0.6790328025817871,0.8722688555717468
Johannes Gutenberg originally trained to become a,The inventor of the printing press originally trained to become a,Johannes Gutenberg,The inventor of the printing press, goldsmith,3.6529836506815627e-06,2.9448945497279055e-05,6.4377389207948e-05,5.1370214350754395e-05,2.765806311799679e-05,0.00030906955362297595,4.418706885189749e-05,1.0071592441818211e-05,9.57534575718455e-06,5.7798247325990815e-06,2.5057192033273168e-05,2.6021551093435846e-05,6.745898645021953e-06,4.975396586814895e-05,0.00014468289737123996,7.919691415736452e-05,2.557660627644509e-05,4.502145748119801e-05,7.588790322188288e-05,2.170667585232877e-06,7.705668394919485e-06,1.441140102542704e-05,1.1803048209912959e-06,3.956043030939327e-07,3.048181724807364e-07,7.08605853105837e-07,3.2189996090892237e-07,2.8048719968865043e-07,3.7085550275151036e-07,4.6261814645731647e-07,1.1399972663639346e-06,1.4684542293252889e-05,8.786331818555482e-06,1.577698640176095e-05,4.717363481177017e-06,3.075879021707806e-06,1.7834140635386575e-06,1.3370779470278649e-06,1.143399640568532e-05,2.12895010918146e-05,4.226278906571679e-05,5.338175833458081e-05,3.117921369266696e-05,0.0001777812431100756,0.00017813671729527414,4.89386438857764e-05,8.938003884395584e-05,6.866425974294543e-05,0.00010022748756455258,0.00013275552191771567,0.0004336245183367282,0.0010283420560881495,0.0014780275523662567,0.010225191712379456,0.010594310238957405,0.007736727129667997,0.013096151873469353,0.02448289841413498,0.01772122271358967,0.0037501391489058733,0.012858154252171516,0.01935604214668274,0.03891044110059738,0.010495753958821297,0.021221037954092026,0.01049029640853405,0.009674674831330776,0.010420971550047398,0.021411724388599396,0.011060730554163456,0.010238169692456722,0.016551505774259567,0.01458348985761404,0.005574721843004227,0.000896634126547724,0.0013910488924011588,0.0026730981189757586,0.0005921500851400197,0.0007429665420204401,0.00023176813556347042,0.609734058380127,0.905139148235321
"In addition to being an inventor, Samuel F.B. Morse was also a talented","In addition to being an inventor, the developer of the electrical telegraph was also a talented",Samuel F.B. Morse,the developer of the electrical telegraph, artist,4.082949089934118e-05,0.000155187415657565,0.000515974999871105,0.00031440131715498865,0.0002510991762392223,0.0003924217016901821,0.0005033747875131667,0.0012300453381612897,0.0007648185128346086,0.00017656311683822423,8.814416651148349e-05,3.966454096371308e-05,2.138566196663305e-05,4.9262071115663275e-06,1.951143531186972e-06,1.882889023363532e-06,3.3292355965386378e-06,1.4867017853248399e-05,8.093455107882619e-06,8.352586155524477e-05,4.3760457629105076e-05,5.1919436373282224e-05,5.511407653102651e-05,0.0005072237108834088,0.0001284358004340902,0.0002938919933512807,0.0008449538145214319,0.0011507850140333176,0.0001266855251742527,1.239734046976082e-05,0.00013250057236291468,4.400897887535393e-05,7.179030944826081e-05,9.783377754501998e-05,0.0009201145730912685,0.0002754131273832172,4.1118168155662715e-05,7.238346006488428e-05,0.00012491295638028532,1.504977080912795e-05,2.6682522729970515e-05,7.818833546480164e-05,8.091626659734175e-05,7.794881821610034e-05,3.3892090868903324e-05,3.129182368866168e-05,0.00015237410843838006,0.00034681809484027326,0.00033598937443457544,0.0016115095932036638,0.002496151952072978,0.0006959352758713067,0.0009888173080980778,0.00045287905959412456,0.0009817668469622731,0.0008223722106777132,0.00018501422891858965,0.000333732517901808,0.000258575746556744,7.804809865774587e-05,9.60959296207875e-05,9.755422797752544e-05,0.0003670833830256015,8.053903002291918e-05,2.4239698177552782e-05,6.476364069385454e-05,1.7426980775780976e-05,2.8906639272463508e-05,2.9167287721065804e-05,2.229030906164553e-05,2.2347998310578987e-05,1.5856963727856055e-05,5.854432856722269e-06,1.6006955775083043e-05,1.4499588360195048e-05,7.373469270532951e-05,8.36748949950561e-06,4.840348628931679e-05,0.00041292482637800276,0.002111271722242236,0.5947747826576233,0.6364400386810303
The first patented invention of Thomas Alva Edison was the electric,The first patented invention of the inventor of the light bulb was the electric,Thomas Alva Edison,the inventor of the light bulb, vote recorder,3.0839102691970766e-05,4.505562537815422e-05,8.888209413271397e-05,5.3987125284038484e-05,9.61156765697524e-05,1.396660809405148e-05,7.913770969025791e-05,8.131356298690662e-05,3.4335746022406965e-05,1.0647957537912589e-07,6.264908734010532e-05,9.902715828502551e-05,0.0008226432837545872,0.00023205521574709564,2.8466476578614675e-05,1.2727327884931583e-05,3.7740733205282595e-06,5.310359028953826e-06,7.220611450975412e-07,3.0319567940750858e-06,2.2895686413448857e-07,1.7277275219385047e-06,2.4838996068865526e-06,1.5683559695389704e-06,6.104364729253575e-07,3.0960094932197535e-07,1.0583631819827133e-06,9.855031066763331e-07,6.075879923628236e-07,6.774716325708141e-07,4.662490027840249e-06,2.1226396711426787e-06,2.497975629012217e-06,6.339535502775107e-06,4.302769411879126e-06,9.84802795755968e-07,1.6650388715788722e-05,6.6030097514158115e-06,2.6764853373606456e-06,0.00010893074068007991,6.572304846486077e-05,1.4383173038368113e-05,3.4746259188978e-05,2.5849354642559774e-05,9.932528882927727e-06,1.4415958503377624e-05,6.039975050953217e-05,0.00013633380876854062,3.6566616472555324e-05,7.545477274106815e-05,1.0733219824032858e-05,3.7234996852930635e-05,0.000751469109673053,0.00044873758452013135,0.001089922385290265,0.00011795217142207548,0.0018072972306981683,0.011891569010913372,0.0032549037132412195,0.003332859370857477,0.00011300828191451728,7.868749526096508e-05,0.0002655740827322006,5.281050835037604e-05,1.4806166291236877e-05,2.022324588324409e-05,1.65080746228341e-05,0.0001358190638711676,6.698737252008868e-06,0.00014853297034278512,2.1353241663746303e-06,2.414324399069301e-06,5.5827749747550115e-06,1.4018334013599087e-06,2.082615310428082e-06,2.3513608539360575e-05,1.832165253290441e-05,0.002890244359150529,0.001459580147638917,0.0006156184826977551,0.9338155388832092,0.9548557996749878
Nikola Tesla was born in the modern-day country of,The rival of Thomas Alva Edison was born in the modern-day country of,Nikola Tesla,The rival of Thomas Alva Edison, Croatia,1.6007049907784676e-07,8.375141646865814e-08,8.160274234114695e-08,2.7172120553586865e-07,3.703200945892604e-06,5.159295142220799e-06,2.1505898985196836e-05,2.4164937713067047e-05,8.492167467011313e-07,2.1642358660756145e-06,4.6333580030477606e-06,7.717412700003479e-06,3.801354296228965e-06,1.0541422170717851e-06,5.944345389252703e-07,2.0458068661355355e-07,1.6729237017898413e-07,2.0677444467764872e-07,2.1536875749461615e-07,3.074855499107798e-07,1.5121046317290165e-06,8.165567919604655e-07,1.509163325863483e-06,3.0292758879113535e-07,1.0045183529427959e-07,8.631091930055845e-08,1.899884694012144e-07,4.4845316438113514e-07,5.936389584348944e-07,3.106797976215603e-06,1.577669354446698e-05,1.3115925867168698e-05,1.7644411855144426e-05,4.6784298319835216e-05,6.011450750520453e-05,1.6581048839725554e-05,2.208406658610329e-05,0.00048124781460501254,0.00098854536190629,0.0002711071283556521,0.0004940778017044067,0.0007834791322238743,0.0010750216897577047,0.0005323622608557343,0.0005179134313948452,0.00035299162846058607,0.0005874639609828591,0.00024689448764547706,0.0005142407026141882,0.00048107217298820615,0.00039057887624949217,0.0017030722228810191,0.0012486136984080076,0.006694492883980274,0.007672564592212439,0.015925344079732895,0.028935091570019722,0.0569600872695446,0.09120631217956543,0.030572211369872093,0.019410505890846252,0.012089110910892487,0.007780007552355528,0.007985560223460197,0.010181866586208344,0.01933412067592144,0.009117665700614452,0.016155187040567398,0.013844063505530357,0.023627914488315582,0.08438147604465485,0.03742548078298569,0.02502363733947277,0.0369003526866436,0.016948722302913666,0.07478585094213486,0.04513229802250862,0.08927778899669647,0.37684014439582825,0.41170209646224976,0.63880455493927,0.9765812158584595
Nikola Tesla went to the University of,The inventor of the Tesla coin went to the University of,Nikola Tesla,The inventor of the Tesla coin, Graz,7.71030812529716e-08,2.3178672563517466e-06,2.008031742661842e-06,2.617919960812287e-07,4.2959842971868056e-07,4.208276038752956e-07,1.5860050552873872e-06,1.3107410268275999e-06,7.812166131770937e-07,6.083471362217097e-07,1.2928764192565723e-07,3.0380260085394184e-08,2.9262347212011264e-08,3.959217735882703e-07,8.644126978651911e-07,6.539001446981274e-07,4.727955001726514e-06,1.006377146950399e-06,1.076210764949792e-07,5.4916831970786006e-08,8.522834349378172e-08,2.080350185451607e-07,1.6538319158598824e-08,3.493492428674472e-08,4.728962554878535e-09,1.8821921798917174e-08,1.9782296689641043e-08,4.7983103712567754e-08,4.071378896242095e-07,4.832840545532235e-07,7.651485134374525e-07,1.8468284679329372e-06,1.3320661764737451e-06,8.312990189551783e-07,1.7645558045842336e-06,2.077100589303882e-06,1.4651105857410585e-06,2.921611667261459e-06,1.2959681043867022e-06,5.770626216872188e-07,2.5340516458527418e-06,1.7367505051879562e-06,2.5618780910008354e-06,1.9261547095084097e-06,2.4919631869124714e-06,5.0403464229020756e-06,7.807697329553775e-06,4.113335307920352e-06,1.2373705430945847e-05,1.630212318559643e-05,3.648788697319105e-05,2.702160600165371e-05,2.9891911253798753e-05,5.6744185712886974e-05,8.788985724095255e-05,9.177195897791535e-05,6.631795258726925e-05,6.508542719529942e-05,0.00010385475616203621,0.000133427296532318,0.00025305687449872494,0.00035036075860261917,0.001045720768161118,0.0037427188362926245,0.004047754220664501,0.0030051094945520163,0.0036048374604433775,0.005193953402340412,0.0019278560066595674,0.0009895317489281297,0.0016621144022792578,0.001359475776553154,0.0013179449597373605,0.0010846726363524795,0.0040688281878829,0.002637517871335149,0.005769724491983652,0.017723295837640762,0.0029440345242619514,0.0037561075296252966,0.0002490622573532164,0.041512876749038696
Nikola Tesla died in the city called,The inventor of the induction motor died in the city called,Nikola Tesla,The inventor of the induction motor," New York City, U.S.",0.0016048925463110209,0.0025983008090406656,0.0007234180811792612,0.00023096533550415188,0.00030368048464879394,0.0004262950678821653,0.0018854615045711398,0.012274041771888733,0.002905438654124737,0.0015838693361729383,0.000707317900378257,0.0023483128752559423,0.0012047530617564917,0.0007472126744687557,0.0006049936055205762,0.0017865776317194104,0.00019761940347962081,3.0865823646308854e-05,0.00017203630704898387,0.00025358572020195425,8.174519462045282e-05,3.2319079764420167e-05,0.00012035576946800575,0.00011442991672083735,0.00018899534188676625,0.00011056946823373437,0.00014732412819284946,5.668150697601959e-05,5.6555425544502214e-05,0.0001641922863200307,0.006691606715321541,0.004478098824620247,0.000747338926885277,0.0006946653593331575,0.001144050620496273,0.00046732655027881265,8.8746783148963e-05,0.015061484649777412,0.009498009458184242,0.007175751030445099,0.04488749802112579,0.03370080515742302,0.019070861861109734,0.04601917415857315,0.06913678348064423,0.003913347143679857,0.015389959327876568,0.0028441245667636395,0.008333413861691952,0.010969634167850018,0.018847918137907982,0.009535024873912334,0.017947684973478317,0.021757448092103004,0.017235690727829933,0.1864798218011856,0.10991629958152771,0.15962642431259155,0.07292020320892334,0.23828428983688354,0.0911816656589508,0.7631050944328308,0.09239664673805237,0.09392347186803818,0.1386861503124237,0.4301183223724365,0.37917542457580566,0.24106039106845856,0.4950457811355591,0.7615634202957153,0.4743274450302124,0.8189567923545837,0.7659575939178467,0.8335766792297363,0.4943155348300934,0.8191734552383423,0.6180669665336609,0.8332000374794006,0.9635410904884338,0.9754660129547119,0.0065031577832996845,0.7055269479751587
Nikola Tesla studied,The inventor of alternating current studied,Nikola Tesla,The inventor of alternating current, electrical engineering,1.5116255269731482e-07,2.5150950023089536e-05,9.079254232347012e-05,7.445589290000498e-05,1.7481166651123203e-05,3.4494496503612027e-05,9.664421668276191e-05,1.9300789062981494e-05,4.59324701296282e-06,2.1184375782468123e-06,4.748259470943594e-06,5.49488368051243e-06,2.7851436243508942e-05,4.150501990807243e-05,2.324636443518102e-05,1.6006566511350684e-05,4.189233550278004e-06,1.99222795345122e-05,1.6087748008430935e-05,7.209507748484612e-05,0.00017721430049277842,9.219173807650805e-05,0.0001629518810659647,6.145935913082212e-06,1.4253084373194724e-05,5.504436558112502e-05,0.00014817336341366172,0.00011101418203907087,9.025097824633121e-05,4.828691453440115e-05,2.447897713864222e-05,3.595355883589946e-05,6.65309707983397e-05,1.7273585399379954e-05,2.1830308469361626e-05,2.5284462026320398e-05,1.3856767509423662e-05,1.8382290363661014e-05,1.8434145658829948e-06,4.207711754133925e-06,1.0312885478924727e-06,1.0185076462221332e-06,3.509257453515602e-07,1.8252135305374395e-06,1.9590429474192206e-06,2.3383614689009846e-07,5.277350396681868e-07,3.009955662491848e-07,3.5626044336822815e-07,1.8957378244977008e-07,2.2388590537048003e-07,2.0416196377937013e-07,5.868655534868594e-07,7.729757953711669e-07,8.204139021472656e-07,9.221884624821541e-07,9.224540917784907e-07,7.8871397590774e-07,3.067054308303341e-07,4.912594135930703e-07,2.088313522108365e-06,4.1029625208466314e-07,2.2422733536586748e-07,2.5605601194911287e-07,2.7450064976619615e-07,3.445763923082268e-07,6.604831810363976e-07,1.3104715890221996e-06,8.334619110428321e-07,2.240727553726174e-06,1.132591933128424e-06,5.617675924440846e-07,7.429136985592777e-06,1.3453015526465606e-05,6.701427992084064e-06,1.7728039892972447e-05,2.0309529645601287e-05,5.1261804401292466e-06,8.365459507331252e-06,1.7832764569902793e-05,0.07056035846471786,0.615733802318573
New York City is in the state of,The most populous city in the United States is in the state of,New York City,The most populous city in the United States, New York,0.0002642362960614264,0.00017176690744236112,6.866596959298477e-05,7.572802132926881e-05,4.8389905714429915e-05,1.6926705939113162e-05,3.659587036963785e-06,5.2292534746811725e-06,1.7221809684997424e-06,1.8376685773091594e-07,4.917021215078421e-06,1.100001895792957e-06,5.015643864680897e-07,8.194264182748157e-07,5.965288892184617e-06,3.7579945910692913e-07,3.33665980178921e-07,2.884999901198171e-07,6.494375952570408e-07,3.532546486439969e-07,2.784540811262559e-06,2.7191213121113833e-06,7.636222676410398e-07,2.1596224542008713e-07,4.0540489862905815e-06,5.124551535118371e-06,4.354459633759689e-06,8.617113780928776e-05,2.7816680812975392e-05,7.4572922130755614e-06,6.179008778417483e-05,2.550009412516374e-05,3.055279375985265e-05,2.4952678359113634e-05,1.3276475328893866e-05,5.822527327836724e-06,2.21349091589218e-05,0.001598884235136211,0.000258388405200094,0.0008996556280180812,0.0008993280353024602,0.0014949801843613386,0.0017046413850039244,0.0205143541097641,0.011157027445733547,0.012531578540802002,0.028528165072202682,0.014001182280480862,0.020440634340047836,0.06703373789787292,0.05623360350728035,0.1138605922460556,0.1724516749382019,0.023677874356508255,0.03876721113920212,0.010841699317097664,0.007692762650549412,0.01304710004478693,0.013456408865749836,0.00569206802174449,0.03430384770035744,0.0015085877384990454,0.0021575032733380795,0.002303082263097167,0.002103246981278062,0.0005154933896847069,0.0012846696190536022,0.00032951534376479685,0.00025580523652024567,0.0014622098533436656,0.0009494841797277331,7.119566726032645e-05,0.0002631681563798338,4.378313315100968e-05,0.00012172295100754127,0.0001413750578649342,0.0004840211186092347,4.5315242459764704e-05,3.362354982527904e-05,6.2329340835276525e-06,0.8580986857414246,0.8659235239028931
Michelle Obama was born in the city of,Barack Obama's wife was born in the city of,Michelle Obama,Barack Obama's wife, Chicago,4.393433118821122e-05,1.479397906223312e-05,6.177101749926805e-05,6.658074562437832e-05,3.641878720372915e-05,1.0262327123200521e-05,9.838887308433186e-06,9.719884474179707e-06,5.578295258601429e-06,1.182532014354365e-05,6.90406741341576e-05,0.0001540795637993142,7.154790364438668e-05,1.3589881746156607e-05,1.1173698112543207e-05,2.2798150894232094e-05,7.3831492954923306e-06,6.856251275166869e-06,5.8867011830443516e-05,1.0613117410684936e-05,1.6438872989965603e-05,1.1130219718324952e-05,5.797584890387952e-05,4.2759489588206634e-05,4.7625944716855884e-05,2.4155349819920957e-05,3.290906533948146e-05,0.00011205821647308767,1.7891255993163213e-05,4.069378337590024e-05,0.0003393713559489697,0.0006985198706388474,0.0008658018778078258,0.030229922384023666,0.006976568605750799,0.01936463639140129,0.06570090353488922,0.9219005107879639,0.9500821828842163,0.8967030644416809,0.9586294889450073,0.9492514133453369,0.9494718909263611,0.9823032021522522,0.9480791091918945,0.9526728987693787,0.9530378580093384,0.8525367975234985,0.776209831237793,0.5944075584411621,0.43967878818511963,0.15271976590156555,0.32844358682632446,0.3612414598464966,0.07851602137088776,0.03612475469708443,0.1219785138964653,0.026006534695625305,0.07213985919952393,0.020203465595841408,0.037781693041324615,0.06059439107775688,0.027736518532037735,0.07049242407083511,0.016824157908558846,0.010957762598991394,0.009744951501488686,0.006344221066683531,0.00646238075569272,0.001825604704208672,0.001218957593664527,0.0004816131549887359,0.0011749683180823922,0.0005422100657597184,0.0022284062579274178,0.022080885246396065,0.008237636648118496,0.0033821165561676025,0.0010859669419005513,0.001120424480177462,0.8640393614768982,0.9573034644126892
Florence Nightingale was born in the city of,The founder of modern nursing was born in the city of,Florence Nightingale,The founder of modern nursing, Florence,1.2527430953923613e-05,5.686011263605906e-06,1.5240159882523585e-05,2.9192203783168225e-06,5.077455170976464e-06,4.426272425916977e-06,6.949142971279798e-06,2.830723133229185e-05,3.690048833959736e-05,0.000115372815344017,0.0001690769859123975,9.401145507581532e-05,4.004484071629122e-05,9.370935003971681e-05,1.5684814570704475e-05,1.8545272268966073e-06,5.467016990223783e-07,6.602108442166355e-07,2.2331360014504753e-06,9.82044184638653e-07,3.390207723441563e-07,1.4977025841744762e-07,1.3250995607450022e-06,1.726404116197955e-05,9.622956895327661e-06,1.3795381164527498e-05,1.2097342732886318e-05,2.3713031623628922e-05,4.747465482068947e-06,6.479016064986354e-06,2.687687629077118e-05,1.3653116184286773e-06,9.280371386921615e-07,1.6702764469300746e-06,1.9713876099558547e-05,2.0901190509903245e-05,3.42988787451759e-05,0.00045745671377517283,0.005932806059718132,0.009657897055149078,0.001554887625388801,0.0005992104997858405,0.002750841435045004,0.002567502437159419,0.004358372651040554,0.0037659411318600178,0.0032346013467758894,0.014316624961793423,0.1497659981250763,0.14058993756771088,0.14046995341777802,0.08011972159147263,0.12970413267612457,0.21010234951972961,0.18590086698532104,0.1519002616405487,0.17918233573436737,0.21762222051620483,0.14665266871452332,0.09199567139148712,0.037947606295347214,0.0033379390370100737,0.004130144137889147,0.004470992833375931,0.0020413186866790056,0.00039609146188013256,0.0005994484527036548,0.000696927250828594,0.0004537779022939503,0.0002539093839004636,0.00019094839808531106,0.00018660658679436892,8.69916912051849e-05,0.00023002528178039938,0.0009668607381172478,0.0035416963510215282,0.001760432031005621,0.00011451466707512736,0.0005373613676056266,0.000925663800444454,0.82673579454422,0.9690801501274109
Hippocrates was from the country of,The father of medicine was from the country of,Hippocrates,The father of medicine, Greece,1.51009935507318e-05,1.1675902896968182e-05,1.2114002856833395e-05,2.065640910586808e-05,0.00014753882715012878,4.344058470451273e-05,4.4192605855641887e-05,9.820603008847684e-05,4.9948805099120364e-05,3.1564512028126046e-05,0.0007895593880675733,2.7653824872686528e-05,1.0698652658902574e-05,1.5192877981462516e-05,2.7521240554051474e-05,1.6279664123430848e-05,1.0299057976226322e-05,6.806862529629143e-06,3.1507272069575265e-05,0.0001403889909852296,0.00044721071026287973,0.00017992938228417188,0.00015634039300493896,7.592554902657866e-05,3.440124055487104e-05,3.316004585940391e-05,2.8348282285151072e-05,3.5265113638160983e-06,2.899360652008909e-06,2.0615896119124955e-06,3.650088501672144e-06,4.638342943508178e-06,8.554017767892219e-06,5.359641818358796e-06,1.5476709450013004e-05,1.2964021152583882e-05,3.674557092381292e-06,0.00010212373308604583,0.00016354018589481711,0.00012772317859344184,0.00019906532543245703,0.00023524426796939224,0.023444561287760735,0.011814647354185581,0.009904468432068825,0.01369138527661562,0.014946747571229935,0.00977229792624712,0.006735900416970253,0.009193324483931065,0.003571014851331711,0.00264510465785861,0.001191615709103644,0.0009301354875788093,0.0013948128325864673,0.008003335446119308,0.009435411542654037,0.009090553969144821,0.005412185098975897,0.007010614965111017,0.003163094399496913,0.005590335465967655,0.002581873442977667,0.004597838968038559,0.004018894396722317,0.004688200540840626,0.016215838491916656,0.013676020316779613,0.014815139584243298,0.020243005827069283,0.02062327228486538,0.02659885585308075,0.009403504431247711,0.005435146391391754,0.001624763710424304,0.0013816652353852987,0.000480226066429168,0.0012395801022648811,0.0030815645586699247,0.01018481981009245,0.5546139478683472,0.6030430197715759
Albert Einstein was known for developing the theory of,The winner of the 1921 Nobel Prize in Physics was known for developing the theory of,Albert Einstein,The winner of the 1921 Nobel Prize in Physics , relativity,7.00496239005588e-05,4.235985761624761e-05,2.1678315533790737e-05,3.938904410460964e-05,3.389444827917032e-05,0.000189610494999215,0.00020128642790950835,0.00019058785983361304,0.00016956712352111936,8.885521674528718e-05,7.599636592203751e-05,0.00014646579802501947,4.9716385547071695e-05,5.697108008462237e-06,1.4835296724413638e-06,7.055405149003491e-06,9.972177394956816e-06,5.7746157835936174e-05,3.7037966649222653e-06,9.764765991349122e-07,3.890555035468424e-06,2.6424120278534247e-06,5.193371634959476e-06,1.690408680588007e-06,2.3613954454049235e-06,6.3658389990450814e-06,4.568978056340711e-06,1.032029217640229e-06,7.628912612744898e-07,3.712035478997677e-08,3.800131196385337e-07,2.1143152935110265e-06,1.5691261978645343e-06,4.179436473350506e-06,4.424018698045984e-07,1.0140651056644856e-06,5.082684992885333e-07,9.57388124334102e-07,2.080523245240329e-06,6.815163828832738e-07,5.197821906222089e-07,1.5245651638906565e-06,3.4506981592130614e-06,1.28605597637943e-06,3.0652772693429142e-06,1.047081059368793e-05,2.5615810955059715e-05,1.4916067812009715e-05,7.990049198269844e-06,4.96875054523116e-06,9.772326848178636e-06,5.631064595945645e-06,8.06110620032996e-06,5.258837518340442e-06,2.1170275431359187e-05,1.7718424714985304e-05,7.211673073470592e-05,4.0763974539004266e-05,4.816696673515253e-05,0.00011235659621888772,0.009265612810850143,0.004453063476830721,0.9052058458328247,0.9462000131607056,0.8991697430610657,0.8789731860160828,0.9290910363197327,9.449197386857122e-05,0.0007000655168667436,0.00046209004358388484,0.0005282635102048516,0.0038423617370426655,0.0007256703684106469,0.0025055687874555588,0.008213218301534653,0.05069391429424286,0.009502029977738857,0.014083990827202797,0.06963708996772766,0.15230388939380646,0.30634409189224243,0.9381983876228333
James Madison was born in the state of,The father of the Constitution was born in the state of,James Madison,The father of the Constitution, Virgina,3.8520811358466744e-05,3.2479398214491084e-05,0.00013954259338788688,8.800943760434166e-05,0.0003514853597152978,3.928177466150373e-05,1.4301832379715052e-05,3.478723010630347e-05,2.355377728235908e-05,7.650477527931798e-06,1.5824552974663675e-05,3.671855665743351e-05,1.5236946637742221e-05,2.047990619757911e-06,1.1628503671090584e-06,4.2973201743734535e-06,3.80337041860912e-06,9.14174597710371e-06,2.9228719995444408e-06,6.117844009168039e-07,4.4459252990236564e-07,1.5258908092619095e-07,2.986762410728261e-07,6.431874339796195e-07,3.3719363727868767e-06,2.596201511551044e-06,2.877695123970625e-06,8.41235475945723e-07,8.21829689812148e-06,1.775482996890787e-05,2.8515127269201912e-05,2.4537572244298644e-05,8.880826499080285e-06,1.9936178432544693e-05,2.4586865038145334e-05,6.36191407465958e-06,1.2040300134685822e-05,3.0527276976499707e-05,1.2083216461178381e-05,5.504116415977478e-05,0.0001587402366567403,0.00012412866635713726,6.901510641910136e-05,3.3218115277122706e-05,1.8701128283282742e-05,8.477119263261557e-05,3.9039645344018936e-05,2.7866011805599555e-05,2.739243245741818e-05,2.011561991821509e-05,1.3741011571255513e-05,1.2891705409856513e-05,4.744213947560638e-05,0.00032839918276295066,0.0004523092648014426,0.000790596182923764,0.0002612277748994529,0.00038770382525399327,0.0007681537535972893,0.0002961170976050198,0.00044056205661036074,0.00047959829680621624,0.0013308017514646053,0.010135473683476448,0.004695368465036154,0.0016889834078028798,0.0018001535208895802,0.0005227544461376965,0.0011077986564487219,0.0007555395131930709,0.0005165727925486863,0.00014902392285875976,0.0005407675635069609,3.4931927075376734e-05,7.970925071276724e-05,0.00014926647418178618,0.00038396241143345833,0.00026652353699319065,0.0031160754151642323,0.004719541873782873,0.0013393093831837177,0.0026905592530965805
Charles Babbage was born in the city of,The father of the computer was born in the city of,Charles Babbage,The father of the computer, London,0.0002556953695602715,0.00038384366780519485,0.0003563599893823266,0.0003715439816005528,0.000620594306383282,0.00019903280190192163,1.7206759366672486e-05,3.6609071685234085e-05,1.309255003434373e-05,1.104568855225807e-05,0.00014917156659066677,9.874114039121196e-05,0.00015731582243461162,4.909003837383352e-05,5.726872041122988e-05,3.8044268876546994e-05,8.896621147869155e-05,0.00010894670413108543,3.831646972685121e-05,4.174881905782968e-05,8.98301659617573e-05,5.94694574829191e-05,0.0014830317813903093,0.0006420941208489239,0.00078742386540398,0.0016699613770470023,6.632920121774077e-05,0.00020209189096931368,9.151933045359328e-05,1.164282912213821e-05,0.00036150141386315227,0.0006641598301939666,0.0034068829845637083,0.0013131018495187163,0.003987566102296114,0.0034082424826920033,0.0007412947597913444,0.8939489722251892,0.8747774362564087,0.5511491894721985,0.28116869926452637,0.05544259399175644,0.17600783705711365,0.1690072864294052,0.13701747357845306,0.12171952426433563,0.035128314048051834,0.026027237996459007,0.007724512368440628,0.004258592613041401,0.0034115558955818415,0.009719651192426682,0.0035418744664639235,0.009070738218724728,0.00986681878566742,0.005563538055866957,0.005775015335530043,0.009070830419659615,0.009564230218529701,0.01120308693498373,0.008872807957231998,0.0162001084536314,0.008194786496460438,0.02380099706351757,0.012812300585210323,0.009731477126479149,0.026418184861540794,0.0009364209836348891,0.0023321942426264286,1.6609592421445996e-05,3.567323801689781e-05,5.7277731684735045e-05,3.566444502212107e-05,3.245731204515323e-05,4.442876615939895e-06,1.575889291416388e-05,7.716922846157104e-05,0.03745518997311592,0.07019072026014328,0.01399619597941637,0.022142579779028893,0.931547224521637
Galileo Galilei was born in the city of,The father of the scientific method was born in the city of,Galileo Galilei,The father of the scientific method, Pisa,0.002397972159087658,0.0009842069121077657,0.0003962385526392609,0.0004896148457191885,0.0004573339538183063,0.0001184020220534876,7.105778786353767e-05,0.00032407406251877546,0.00031325023155659437,0.00048765906831249595,2.699304786801804e-05,9.865286847343668e-05,0.00021669598936568946,0.0005725139635615051,0.00010004898649640381,9.234261233359575e-05,0.00014914896746631712,6.737010698998347e-05,0.000372929556760937,7.669447222724557e-05,0.0004896714235655963,0.00011140153947053477,0.0004376856959424913,0.0004365055065136403,0.0033880157861858606,0.0009239863138645887,9.381277050124481e-05,0.0019565499387681484,0.0014775944873690605,0.00016503843653481454,9.418802619620692e-06,0.00018173313583247364,0.00013722853327635676,1.9169388906448148e-05,1.4085318071010988e-05,2.082221362798009e-05,5.6673419749131426e-05,1.2495768714870792e-05,4.0250583879242186e-06,2.2197284579306142e-06,8.719302968529519e-06,5.646812496706843e-06,3.728801175384433e-06,1.3419605238595977e-05,2.241414404124953e-05,4.5464825234375894e-05,3.548600216163322e-05,4.184508725302294e-05,7.333207577175926e-06,3.536275107762776e-05,7.049055511743063e-06,0.00021006393944844604,7.106856355676427e-05,5.898855670238845e-05,0.00022446922957897186,0.0002612909011077136,2.0868128558504395e-05,0.00013274283264763653,0.0002940376289188862,0.0006548246019519866,9.551762195769697e-05,0.0009287537541240454,0.003792926436290145,0.01168929785490036,0.7891185283660889,0.7675925493240356,0.41822656989097595,0.4413388967514038,0.4235995411872864,0.5376784205436707,0.32100972533226013,0.8992319107055664,0.44583576917648315,0.17772646248340607,0.03855981305241585,0.18953029811382294,0.5129011869430542,0.6082974672317505,0.12708047032356262,0.06470988690853119,0.0482163205742836,0.9897984266281128
The Taj Mahal was commissioned by,The ivory-white mausoleum in India was commissioned by,The Taj Mahal,The ivory-white mausoleum in India, Shah Jahan,3.3885560242197243e-06,2.3639690880372655e-06,1.3752903669228544e-06,6.6495513237896375e-06,1.9564875231026235e-07,4.982945256415405e-07,7.81635094426747e-08,1.9203444878712617e-07,1.1179535164274057e-07,1.8616685792949283e-07,8.989092066258308e-07,4.461431331037602e-07,4.08576624977286e-07,2.5999472654802958e-06,8.219765732064843e-06,2.072748429782223e-06,7.794353962253808e-08,2.1739201656600926e-06,3.004641257575713e-06,1.1527181413839571e-06,4.351577899797121e-06,4.9803470574261155e-06,9.584106010152027e-06,9.406563185621053e-05,2.341815888939891e-05,1.9799981600954197e-05,2.2024172722012736e-05,0.00013882170605938882,6.683090759906918e-06,3.770607918340829e-06,1.6514851495230687e-06,9.069978545994672e-07,4.063356755068526e-06,3.9677726704212546e-07,1.3528395470530086e-07,2.2819141065610893e-07,3.7205492731118284e-07,2.408403588560759e-06,1.6182211766135879e-06,7.3717742452572566e-06,1.248384819518833e-06,1.9912752122763777e-06,3.5132065931975376e-06,4.222074039716972e-06,1.1754698334698332e-06,1.0763048976514256e-06,3.845318587991642e-06,4.155694114160724e-06,5.864101694896817e-06,4.783663371199509e-06,2.8601054964383366e-06,2.0175109511910705e-06,2.139642901965999e-06,5.041336407884955e-06,8.92475497948908e-07,1.11695399027667e-05,9.946947102434933e-06,7.095380169630516e-06,5.2359987421368714e-06,7.110025762813166e-06,1.2647622497752309e-05,6.5650551732687745e-06,1.4934106729924679e-05,5.212755240791012e-06,3.11303188027523e-06,1.65630922310811e-06,2.415863491478376e-06,1.8294439314558986e-06,4.761339368997142e-06,1.7848772131401347e-06,3.0982159842096735e-06,1.7352671193293645e-06,2.2427730073104613e-06,2.792159250475379e-07,5.095479309602524e-07,3.1518218293058453e-06,1.7424144971300848e-06,8.977858101388847e-07,1.30895716665691e-06,8.383759450225625e-06,0.043609023094177246,0.07426048070192337
The Gateway Arch is located in,The world's tallest arch is located in,The Gateway Arch,The world's tallest arch, St. Louis,1.6310343198711053e-05,2.1847530661034398e-05,0.00039403271512128413,6.031685552443378e-05,4.19583375332877e-06,1.1172970744155464e-06,1.8250161701871548e-06,1.6634768371659447e-06,1.783512379915919e-05,4.2073406802956015e-06,2.565403701737523e-05,2.0361535462143365e-06,7.476292580577137e-07,1.4065527693674085e-06,2.3553955543320626e-05,6.912010121595813e-06,1.915609755087644e-05,7.331861706916243e-05,7.420666224788874e-05,2.7730027795769274e-05,9.358006354887038e-05,0.00013797955762129277,8.635690755909309e-05,0.00011177427222719416,9.28896915866062e-05,0.00015607685782015324,4.0295988583238795e-05,0.00041817696182988584,0.0008822131785564125,0.00028086494421586394,0.0001831458357628435,0.0003208077687304467,2.2577847630600445e-05,0.00044888429692946374,3.431890218053013e-05,0.00013797753490507603,9.590150148142129e-05,0.0004867871757596731,0.00018393229402136058,0.000297840335406363,0.0003803334548138082,0.001391075667925179,0.0007700869464315474,0.0014637098647654057,0.0007593113114126027,0.0010482672369107604,0.00047531715244986117,0.0016771667869761586,0.004681888967752457,0.0009216642356477678,0.009619140066206455,0.006134866736829281,0.023207927122712135,0.00381839694455266,0.0027800011448562145,0.005225478671491146,0.14971214532852173,0.3506971597671509,0.27295994758605957,0.11228744685649872,0.08581054955720901,0.24281905591487885,0.04993747919797897,0.02552475407719612,0.011014262214303017,0.0026754329446703196,0.0033965599723160267,0.0007717860280536115,7.083795935614035e-05,0.00023945304565131664,0.00019351897935848683,1.8019574781646952e-05,7.427403033943847e-05,0.00017208450299222022,0.00026165315648540854,0.00024837872479110956,0.0004362796898931265,0.0007700375863350928,0.0014703342458233237,0.002326250309124589,0.4164842367172241,0.7255330085754395
The Shard is located in the city of,The tallest building in the United Kingdom is located in the city of,The Shard,The tallest building in the United Kingdom, London,6.984913488849998e-05,0.0001107293282984756,6.551694968948141e-05,6.912510434631258e-05,3.047332756977994e-05,1.7167223631986417e-05,9.70614746620413e-06,1.3157261946616927e-06,1.2108576811442617e-05,1.524566141597461e-05,5.377731577027589e-05,0.00010314384417142719,8.781204996921588e-06,1.167218556474836e-06,1.5236415720210061e-06,2.4597520678071305e-06,4.295741291571176e-06,3.446438995524659e-06,7.085302968334872e-06,8.74541854045674e-07,8.636969823783147e-07,1.5578201839616668e-07,1.401064309902722e-06,2.2943734165892238e-06,8.150204848789144e-06,3.984446721005952e-06,4.989133230992593e-06,9.115581633523107e-06,8.427100510743912e-06,3.0256401259975974e-06,1.1455010280769784e-05,3.487856929496047e-06,4.1423099901294336e-06,3.2388661566074006e-06,1.6218189102801261e-06,2.0319243958510924e-06,1.934696683747461e-06,0.0013547654962167144,0.0004038656479679048,0.0003367160970810801,0.0019213726045563817,0.000962623511441052,0.0013843107735738158,0.0005525894812308252,0.0011827365960925817,0.0007297617848962545,0.00025721912970766425,0.0001188433961942792,8.153166709234938e-05,1.8346319848205894e-05,0.00015368797176051885,0.0002873634803108871,0.00029057954088784754,0.0008266010554507375,0.0010195801733061671,0.0013331251684576273,0.003953529056161642,0.0024303290992975235,0.002453924622386694,0.0013527595438063145,0.0032522885594516993,0.0042145769111812115,0.003703881287947297,0.002750152489170432,0.0034201988019049168,0.0013457023305818439,0.013338866643607616,0.008355737663805485,0.00821718480437994,0.0044722785241901875,0.018722817301750183,0.012990591116249561,0.00448653707280755,0.006784520577639341,0.0028285246808081865,0.002284458838403225,0.0016794324619695544,0.0006537219742313027,0.0018947097705677152,0.0004567221039906144,0.9159244894981384,0.9715617299079895
T. Rex lived on the modern day continent of,The dinosaur with tiny arms lived on the modern day continent of,T. Rex,The dinosaur with tiny arms, North America,3.199517959728837e-05,1.6809000953799114e-05,0.00010631153418216854,0.00020514802599791437,0.00027377507649362087,0.0004529189900495112,0.00016091452562250197,0.00022346986224874854,0.00014520336117129773,4.237836037646048e-05,2.6131227059522644e-05,4.5957127440487966e-05,3.601088610594161e-05,2.11820297408849e-05,2.2152245946926996e-05,4.5446260628523305e-05,0.00019234167120885104,0.00014161206490825862,6.914323603268713e-05,0.0008227746584452689,0.000311235839035362,0.00016865487850736827,0.000779667345341295,0.00033851011539809406,0.0006529057864099741,0.0006637905025854707,0.00024923874298110604,4.478011396713555e-05,0.00017704017227515578,0.0008422562386840582,0.016727477312088013,0.0033620798494666815,0.0027304182294756174,0.000614931050222367,0.0005296975141391158,0.0004696097457781434,0.002055566757917404,0.0747937336564064,0.1316145807504654,0.10407652705907822,0.31169044971466064,0.2925991415977478,0.22502970695495605,0.3741645812988281,0.14830036461353302,0.17318037152290344,0.05174314230680466,0.03846133500337601,0.014299745671451092,0.0025224999990314245,0.003621377283707261,0.008331448771059513,0.009611161425709724,0.01865561679005623,0.018079083412885666,0.060908179730176926,0.09865307062864304,0.039786096662282944,0.12490006536245346,0.9992891550064087,0.9988276362419128,0.9971762895584106,0.8848510980606079,0.9599931240081787,0.05841623619198799,0.20962677896022797,0.3403353691101074,0.28026264905929565,0.13612888753414154,0.22312328219413757,0.05114416405558586,0.16521349549293518,0.08336183428764343,0.06115460768342018,0.03302537649869919,0.0985901802778244,0.1213657408952713,0.12341104447841644,0.0776849240064621,0.024488385766744614,0.3775201737880707,0.8562371730804443
Bananas grow on,Long yellow berries grow on,Bananas,Long yellow berries, trees,1.1016679309250321e-05,1.2924170732731e-05,2.0296822640375467e-06,3.952647603000514e-06,1.3878259778721258e-05,5.1424344746919814e-06,3.307628048787592e-06,2.7957037673331797e-05,8.033216727199033e-05,2.5616764105507173e-05,9.745676652528346e-05,0.00019560263899620622,0.00030381919350475073,0.0003383118601050228,0.0003057703434024006,0.0012666982365772128,0.0013351499801501632,0.0001221617276314646,0.00032977957744151354,4.9862941523315385e-05,0.00015157372399698943,0.0006089909584261477,0.0005898550152778625,0.0004134959017392248,0.001064001931808889,0.0017327150562778115,0.0032242359593510628,0.005628940649330616,0.005342800635844469,0.0030368224252015352,0.0013289708876982331,0.0007302970043383539,0.0002579957654234022,8.237052679760382e-05,0.00012919642904307693,0.0004232712963130325,0.00026768248062580824,0.0009098873124457896,0.0009638483170419931,0.0002212015533586964,0.0001769201480783522,0.00020642565505113453,7.152056059567258e-05,0.00010145099804503843,6.568661046912894e-05,2.9423037631204352e-05,0.0001295006222790107,5.793140735477209e-05,2.826946547429543e-05,1.4755715710634831e-05,1.806114050850738e-05,1.5572024494758807e-05,2.993115413119085e-05,2.1063506210339256e-05,7.044471567496657e-05,0.00014088759780861437,0.0001697958359727636,0.0003602415672503412,7.926655962364748e-05,0.00018462789012119174,0.0002879962557926774,0.0002973398950416595,0.0003572732675820589,0.00021001412824261934,0.0005795994075015187,0.0006680236547254026,0.0016444085631519556,0.0008549036574549973,0.00041847056127153337,0.00047502462984994054,0.0001378972374368459,8.959508704720065e-05,3.961022957810201e-05,5.019734089728445e-05,4.7242767323041335e-05,5.754751782660605e-06,9.953346307156608e-06,2.3623326342203654e-05,1.6432170014013536e-05,1.645966221985873e-05,0.006678796373307705,0.02761680819094181
"When life gives you limes, make","When life gives you the green version of lemons, make",limes,the green version of lemons, limeade,5.241600575800476e-08,1.0079173051735779e-07,2.1197158162067353e-07,2.7293702942188247e-07,5.741832751482434e-07,7.294094643839344e-07,9.977449053621967e-07,2.6738889573607594e-06,2.2635169898421736e-06,1.3554842553276103e-05,1.7910000678966753e-05,2.175583540520165e-05,2.380489240749739e-05,8.767175313550979e-05,5.632054671877995e-05,2.2110050849732943e-05,7.636028021806851e-05,2.681716432562098e-05,3.6701389035442844e-05,5.096258973935619e-05,4.926191468257457e-05,1.0205346370639745e-05,7.1080280577007215e-06,3.088450830546208e-05,5.293206049827859e-05,3.490634844638407e-05,2.898074126278516e-05,1.1433382496761624e-05,6.174707232275978e-05,0.00030662285280413926,0.0005233865231275558,0.00010003661009250209,6.531117833219469e-05,9.682501513452735e-06,2.196165587520227e-05,5.454129131976515e-05,0.0007139588706195354,0.10464423894882202,0.05877705663442612,0.06565579771995544,0.10612645745277405,0.004959633573889732,0.0067800418473780155,0.027950026094913483,0.029154250398278236,0.02010730467736721,0.004103053826838732,0.015104965306818485,0.0038535105995833874,0.0027898468542844057,0.004424476530402899,0.011348974891006947,0.02518291398882866,0.009970458224415779,0.008565464057028294,0.6726366877555847,0.6592184901237488,0.5456452965736389,0.41422176361083984,0.19408327341079712,0.11312533169984818,0.1837567389011383,0.026805143803358078,0.012528632767498493,0.0034381758887320757,0.009509052149951458,0.008642984554171562,0.03326679393649101,0.020252279937267303,0.009610190987586975,0.019071830436587334,0.07734524458646774,0.025864128023386,4.620900290319696e-05,1.2150499060226139e-05,4.1657294787000865e-06,3.207031440410901e-08,4.416744559421204e-05,0.00016107712872326374,0.000328331341734156,0.038585953414440155,0.17850154638290405
Helen Keller was born in the state of,A deaf and blind disability rights activist was born in the state of,Helen Keller,A deaf and blind disability rights activist, Alabama,2.6146944946958683e-06,5.795409379061311e-07,4.717222054750891e-06,1.4826078768237494e-05,9.5490040621371e-06,1.741559685797256e-06,5.9879248510696925e-06,2.0713399862870574e-05,8.990289643406868e-06,2.3051723474054597e-05,0.00016862679331097752,0.0005708353128284216,0.0007237425306811929,0.00010641189146554098,1.6925656382227316e-05,5.908988896408118e-06,4.325731879362138e-06,8.278472023448558e-07,1.8549841342974105e-06,2.428424977551913e-06,6.44560805085348e-06,2.345003667869605e-05,0.00010946215479634702,0.00011686117795761675,6.179978663567454e-05,3.875131005770527e-05,2.1522873794310726e-05,5.827323911944404e-05,5.7257602747995406e-05,4.94967243866995e-05,0.009924481622874737,0.03187285363674164,0.14164134860038757,0.12685686349868774,0.18167151510715485,0.014250317588448524,0.009927403181791306,0.9437974691390991,0.7860198020935059,0.8755733370780945,0.7095268368721008,0.6918182969093323,0.23894032835960388,0.003194068791344762,0.0551888681948185,0.08994142711162567,0.9500932693481445,0.12448877096176147,0.12699618935585022,0.8659487366676331,0.013701528310775757,0.0009471809607930481,0.008897216990590096,0.0018315683118999004,0.016032671555876732,0.011369076557457447,0.21900540590286255,0.07728339731693268,0.32252904772758484,0.7083600759506226,0.2487214356660843,0.5456960797309875,0.5393903255462646,0.6013724207878113,0.3483753800392151,0.19798019528388977,0.21297965943813324,0.20761385560035706,0.20359769463539124,0.16978350281715393,0.12678124010562897,0.08319194614887238,0.22891370952129364,0.4128201901912689,0.15126585960388184,0.6241949200630188,0.5682222843170166,0.38950178027153015,0.48578083515167236,0.5625796318054199,0.11694660782814026,0.919219434261322
Mozart was born in the modern day country of,The pianist who composed Twinkle Twinkle Little Star was born in the modern day country of,Mozart,The pianist who composed Twinkle Twinkle Little Star, Austria,4.902961791231064e-06,2.980812269015587e-06,7.112110438356467e-07,3.321159283586894e-06,9.655104804551229e-06,4.847581294598058e-06,6.504550128738629e-06,2.1087728327984223e-06,4.81173742628016e-07,1.340116227765975e-06,3.036996076843934e-06,1.1060398719564546e-05,5.16027557750931e-06,4.441534201760078e-06,1.133293153543491e-06,3.113160857992625e-07,3.382943418728246e-07,1.150877210420731e-06,1.096786718335352e-06,2.2566039206139976e-06,3.87776435673004e-06,1.041196628648322e-05,2.4791585019556805e-05,2.8460151952458546e-05,3.86973588319961e-05,1.5609635738655925e-05,6.101596227381378e-06,7.927311526145786e-05,4.079662903677672e-05,0.00017280188330914825,0.0004205318109598011,0.00016535745817236602,0.0001252294605365023,6.071168900234625e-05,0.0005902705597691238,0.0005400208756327629,0.00011557769903447479,0.012193671427667141,0.014606200158596039,0.00907553918659687,0.008653758093714714,0.010784965939819813,0.11803440749645233,0.09646695107221603,0.061998166143894196,0.07575415074825287,0.06667738407850266,0.026963263750076294,0.06972377747297287,0.05804366618394852,0.129698246717453,0.2776365280151367,0.2899889349937439,0.6910247206687927,0.7354748845100403,0.851535975933075,0.9076399207115173,0.9118926525115967,0.8756269812583923,0.8674874305725098,0.8755356073379517,0.8614679574966431,0.8439455032348633,0.994022786617279,0.9732971787452698,0.9497926831245422,0.9733477830886841,0.9773574471473694,0.9706764221191406,0.9395232796669006,0.9246623516082764,0.9245468974113464,0.897849977016449,0.8355890512466431,0.6376488208770752,0.7868718504905701,0.5803249478340149,0.4616115391254425,0.5280089378356934,0.10394304990768433,0.14290158450603485,0.7267864346504211
Beethoven was born in the modern day country of,The pianist who eventually went deaf was born in the modern day country of,Beethoven,The pianist who eventually went deaf, Germany,2.9672799428226426e-05,9.27792916627368e-06,3.2202030979533447e-06,4.41093561676098e-06,8.70455551194027e-06,9.425509233551566e-06,1.3647552805196028e-05,6.125828804215416e-06,1.7452541669626953e-06,6.651488092757063e-06,5.6943626987049356e-05,1.9128434360027313e-05,1.7714097339194268e-05,9.075212801690213e-06,2.6428094770380994e-06,2.9491886266441725e-07,5.953299364591658e-07,7.563150461464829e-07,4.1383674442840856e-07,1.5480707588721998e-05,1.2858040463470388e-05,2.4259686597360997e-06,7.682269824726973e-06,2.250168654427398e-05,0.00012303420226089656,2.810026126098819e-05,4.094630276085809e-05,4.4668686314253137e-05,8.389305730815977e-05,0.00020788409165106714,0.0007648466271348298,0.0001816343137761578,0.00032787752570584416,0.0005435309722088277,0.00034574285382404923,0.0015774322673678398,0.0005498926620930433,0.005263177677989006,0.005582414101809263,0.007374846376478672,0.023317528888583183,0.026501335203647614,0.06068703159689903,0.047658126801252365,0.0030602961778640747,0.005446517840027809,0.007337203714996576,0.00817922130227089,0.00477558234706521,0.0014621126465499401,0.0009647651459090412,0.00214251596480608,0.0009298183140344918,0.002871762029826641,0.002942196559160948,0.019342929124832153,0.02211209386587143,0.047148946672677994,0.1979072540998459,0.09578648209571838,0.23242440819740295,0.3467057943344116,0.16064925491809845,0.37005072832107544,0.48133665323257446,0.6498126983642578,0.37876567244529724,0.5757359266281128,0.32099494338035583,0.5973892211914062,0.37681105732917786,0.23249542713165283,0.3414399027824402,0.6267382502555847,0.6219733357429504,0.46069544553756714,0.3560335040092468,0.11247097700834274,0.1508629471063614,0.1290099024772644,0.034266047179698944,0.6587473750114441
The father of Hermes is,The father of the Greek messenger god is,Hermes,Greek messenger god, Zeus,8.852233008838084e-07,2.1912180727667874e-06,5.045372745371424e-06,2.4123128241626546e-06,3.4838071769627277e-06,2.6887857984547736e-06,4.909164999844506e-06,4.114151124667842e-06,1.0144433872483205e-05,1.1927315426873975e-05,6.0072645283071324e-05,2.066856723104138e-05,2.441704236844089e-05,1.7966993254958652e-05,2.686630978132598e-05,3.184599336236715e-05,2.2538672055816278e-05,1.3148928701411933e-05,2.3861050067353062e-05,2.2773578166379593e-05,0.00012196250463603064,0.00019075808813795447,2.06374897970818e-05,0.00023810954007785767,0.0001517715718364343,0.00015081917808856815,0.00011909893510164693,0.00010691434727050364,0.00012334398343227804,8.332767174579203e-05,4.113082468393259e-05,4.695899042417295e-05,0.00016130880976561457,0.00017146319441962987,9.64655919233337e-05,0.00020776601741090417,0.000203413306735456,0.00033299988717772067,0.00018065613403450698,0.00012229409185238183,0.00015311384049709886,6.54733958072029e-05,6.445821054512635e-05,0.00038658190169371665,0.0002413079491816461,0.000493501138407737,0.0002530697383917868,0.00037271378096193075,0.00032221435685642064,0.00030476474785245955,0.0018459204584360123,0.010916807688772678,0.011158542707562447,0.01747003011405468,0.011704511940479279,0.007868657819926739,0.011240341700613499,0.016573606058955193,0.030561596155166626,0.030946526676416397,0.053602900356054306,0.10205376148223877,0.0920063927769661,0.21820148825645447,0.1153983622789383,0.06909983605146408,0.10241083800792694,0.12448366731405258,0.15327808260917664,0.010397731326520443,0.01195344515144825,0.13180872797966003,0.18226684629917145,0.20138481259346008,0.41947028040885925,0.08008074015378952,0.04082043841481209,0.11848127841949463,0.1296931803226471,0.2867946922779083,0.4898436665534973,0.8521122336387634
Thor is the son of,The God of Thunder is the son of,Thor,The God of Thunder, Odin,1.0384493407400441e-06,1.4491308775177458e-07,2.7479296704768785e-07,2.8494613957263937e-07,1.1973462221703812e-07,1.598572083594263e-07,4.884210014211021e-08,1.0095450164726572e-07,9.650063930166652e-07,2.282034984091297e-06,1.4004563126945868e-06,2.74251715381979e-06,6.288782969932072e-06,1.686969312686415e-06,1.088528642867459e-05,1.296850314247422e-06,6.314329539236496e-07,8.397354349654051e-07,2.5023948637681315e-06,2.442452853301802e-07,2.0791605948033975e-06,3.768099850276485e-05,1.625295953999739e-05,2.1983856640872546e-05,1.281579170608893e-05,9.680459697847255e-06,4.839589109906228e-06,7.3115866143780295e-06,1.5939982404233888e-05,1.6167276044143364e-05,7.116005872376263e-05,0.00011459177039796486,0.00019056443125009537,0.0003906715428456664,0.00044161552796140313,0.00017294762074016035,0.0005124446470290422,0.0009442701702937484,0.0013987375423312187,0.0002834279730450362,0.0002199056325480342,0.0001559013471705839,0.00012146040535299107,8.087399328360334e-05,6.776780355721712e-05,0.00010787199425976723,6.400955317076296e-05,5.8936351706506684e-05,3.2148946047527716e-05,1.712575431156438e-05,1.6516323739779182e-05,1.7765893062460236e-05,4.282402005628683e-05,2.501368180674035e-05,2.815702828229405e-05,3.5932607715949416e-05,5.761982538388111e-05,0.00013508013216778636,7.959311187732965e-05,5.193533797864802e-05,5.7681096222950146e-05,8.398137288168073e-05,0.00010344432666897774,0.0010705584427341819,0.0007247662870213389,0.000670681125484407,0.0007589276065118611,0.00046458374708890915,8.816580702841748e-06,1.5789397366461344e-05,0.00014362555521074682,7.12654073140584e-05,3.9942948205862194e-05,2.427391336823348e-05,4.443158832145855e-05,7.65442819101736e-05,5.199269799049944e-05,4.61356648884248e-05,2.152086926798802e-05,6.290913734119385e-05,0.9285852313041687,0.9351389408111572
New York City is also known as The Big,The most populous city in the United States is also known as The Big,New York City,The most populous city in the United States, Apple,1.7256220417039003e-06,2.3081177005224163e-06,7.243895197461825e-06,9.137520464719273e-06,3.3003063435899094e-05,2.9777351301163435e-05,3.1938213851390174e-06,2.774529775706469e-06,8.495446309098043e-06,5.9007852541981265e-06,2.1133719201316126e-06,1.7648964103500475e-06,7.110157866918598e-07,2.7769456778514723e-07,1.2904737332064542e-06,1.9652798073366284e-06,3.031613232451491e-06,2.557963171057054e-06,7.596802788611967e-06,1.2934225424032775e-06,2.337842062161144e-07,3.8084260722826e-07,5.574869419433526e-07,3.1223701171256835e-06,9.777213563211262e-07,2.0808442968700547e-06,2.565461727499496e-06,5.53250629309332e-07,4.085070770543098e-07,4.944361080561066e-07,1.9938815967179835e-06,5.384906216931995e-06,1.5869114804445417e-06,1.4819311218161602e-06,5.2971399782109074e-06,6.884541107865516e-06,1.2538697774289176e-05,2.4564631530665793e-05,6.967713852645829e-05,6.232644955161959e-05,5.664619675371796e-05,6.3340638007503e-05,0.00011844796972582117,0.0001871788699645549,0.0002737194881774485,0.00048479242832399905,0.0014714080607518554,0.00264290114864707,0.002748792292550206,0.0024446616880595684,0.003687923075631261,0.005154791753739119,0.005383694544434547,0.005445231217890978,0.01293033268302679,0.02255011536180973,0.024440309032797813,0.03980502486228943,0.049305759370326996,0.07514140754938126,0.09519030153751373,0.24378597736358643,0.3365696370601654,0.291481614112854,0.4356941282749176,0.4805183708667755,0.8277609348297119,0.8195028901100159,0.8146771788597107,0.06595524400472641,0.1825747787952423,0.11362183094024658,0.49559444189071655,0.4264594316482544,0.2628839313983917,0.4853721261024475,0.5925170183181763,0.5901618003845215,0.6833511590957642,0.928244948387146,0.9988777041435242,0.9985814094543457
Abraham Lincoln succeeded in abolishing,The first president to be assassinated succeeded in abolishing,Abraham Lincoln,The first president to be assassinated, slavery,2.3310664687414828e-07,1.1455745152488817e-06,2.0141319510003086e-06,8.44765111196466e-07,1.645086058488232e-07,2.7964532023361244e-07,3.107511759026238e-07,1.8006652169333393e-07,2.1313815068424447e-06,6.269942332437495e-06,1.932063423737418e-05,3.3015232475008816e-05,7.38571907277219e-05,5.3928029956296086e-05,2.128992127836682e-05,1.284290829062229e-05,2.433800727885682e-05,3.4950513509102166e-05,2.575220241851639e-05,5.785321627627127e-05,6.0337108152452856e-05,6.997177115408704e-05,2.7940570362261496e-05,3.188280243193731e-05,8.163564052665606e-05,2.8934482543263584e-05,0.00015360632096417248,0.0002601104788482189,0.00016122087254188955,1.9949162378907204e-05,2.615732591948472e-05,3.5476430639391765e-05,4.376700962893665e-05,7.829524111002684e-05,0.00016911503917071968,0.00012493092799559236,0.00013768899952992797,0.0001441529020667076,9.216208854923025e-05,5.4479904065374285e-05,6.39962891000323e-05,0.0001995538332266733,4.750270090880804e-05,3.711532917805016e-05,3.288663356215693e-05,2.1860594642930664e-05,3.1060011679073796e-05,1.8039401766145602e-05,0.00010155684140045196,0.00010706057219067588,4.208282916806638e-05,4.149045707890764e-05,2.3358705220744014e-05,3.452670352999121e-05,0.00012540501484181732,0.00012684149260167032,0.00011780272325268015,0.00010894097795244306,6.160146585898474e-05,0.00011334290320519358,0.00010889271652558818,0.0003608277183957398,0.0003518635348882526,0.00012834394874516875,8.231917308876291e-05,4.16480288549792e-05,2.827794560289476e-05,9.621588105801493e-06,7.900316632003523e-06,6.931158168299589e-06,1.1738484317902476e-05,2.7793124900199473e-05,1.7514448700239882e-05,4.281763540348038e-05,5.267404776532203e-05,0.00020108462194912136,0.00017111559282056987,0.00023456306371372193,0.0038133326452225447,0.02668178454041481,0.7454285621643066,0.9025954008102417
Abraham Lincoln fought in the,The first president to be assassinated fought in the,Abraham Lincoln,The first president to be assassinated, Civil War,2.311302159796469e-05,6.5898602770175785e-06,1.2663055713346694e-05,7.747916242806241e-06,4.030824493383989e-05,2.433028021187056e-05,6.788977043470368e-05,1.3682408280146774e-05,2.3681577658862807e-05,5.553118899115361e-05,6.557197593792807e-06,8.666705980431288e-06,2.1496471163118258e-05,1.2930417142342776e-05,9.276110176870134e-06,1.1427520803408697e-05,6.517200290545588e-06,9.966817742679268e-06,9.056991075340193e-06,2.7723644961952232e-05,8.818194328341633e-05,7.812197509338148e-06,4.274149614502676e-05,0.00024146077339537442,9.104055789066479e-05,5.5366443120874465e-05,5.652726486005122e-06,2.708762394831865e-06,3.4270451578777283e-06,1.439814809600648e-06,2.3558957309433026e-06,6.839565230620792e-06,5.971036898699822e-06,3.2563607419433538e-06,2.5330136850243434e-06,4.299091870052507e-06,7.546989763795864e-06,1.4888818441249896e-05,8.666192115924787e-06,1.5014202290331014e-05,4.660524609789718e-06,2.2961945433053188e-05,1.573537701915484e-05,3.7582954064419027e-06,4.262524817022495e-05,5.51586999790743e-05,2.243710150651168e-05,4.5434871935867704e-06,1.439093239241629e-06,4.509396092089446e-07,1.041452264871623e-06,4.2393553485453594e-06,2.5324767193524167e-05,4.441106284502894e-06,3.4307972782698926e-06,8.236126518568199e-07,1.5460888107554638e-06,7.854792443140468e-07,1.9228983205721306e-07,5.0939068074740135e-08,3.6277256754146947e-07,2.554177399360924e-06,2.6389486720290734e-06,9.708672905617277e-07,1.1637614534265595e-06,9.15540056212194e-07,6.631015025959641e-07,1.023775439534802e-06,1.0418935971756582e-06,4.914430746794096e-07,9.394005360263691e-07,7.891561608630582e-07,8.575518677389482e-07,5.556121891459043e-07,2.799943331410759e-06,7.763693474771571e-07,7.143977995838213e-07,3.8385906009352766e-08,1.3992305412102723e-06,1.013826818052621e-06,0.01374890748411417,0.011190694756805897
Medusa could turn people into,The goddess with snakes for hair could turn people into,Medusa,The goddess with snakes for hair, stone,3.750614041564404e-06,6.560375368280802e-06,6.702268365188502e-06,1.616399094928056e-05,2.132547706423793e-05,1.3679850781045388e-05,2.628180300234817e-05,2.0272274923627265e-05,1.2711277122434694e-05,2.296824095537886e-05,3.770576950046234e-05,6.477299848484108e-06,1.0115316399605945e-05,8.43204452394275e-06,7.562029168184381e-06,8.848407014738768e-05,2.9019445719313808e-05,0.00025924676447175443,0.0001165384819614701,2.610887895571068e-05,9.017676347866654e-06,2.1850124539923854e-05,1.1333460861351341e-05,2.346278961340431e-06,4.045284640596947e-06,7.986071977938991e-06,4.35852853115648e-05,6.175019370857626e-05,3.6506971810013056e-05,5.662911917170277e-06,7.19983218004927e-05,0.00010535230103414506,5.884406709810719e-05,1.067145149136195e-05,6.530636892421171e-05,8.537693793186918e-05,0.00020913254411425442,0.0025029554963111877,0.0021619400940835476,0.0025657271035015583,0.02622443437576294,0.010227265767753124,0.012742282822728157,0.017718983814120293,0.6870324611663818,0.6558202505111694,0.7017928957939148,0.6702753305435181,0.6169725656509399,0.6143684983253479,0.7330263257026672,0.46049949526786804,0.6390950083732605,0.4990273714065552,0.9501363039016724,0.9347684383392334,0.9299976825714111,0.9491832256317139,0.8600892424583435,0.7457127571105957,0.5811081528663635,0.5360655784606934,0.4113508462905884,0.2805376946926117,0.19230274856090546,0.21169593930244446,0.18278230726718903,0.13346847891807556,0.17675575613975525,0.03916728124022484,0.047300636768341064,0.03886677324771881,0.09593524038791656,0.038105860352516174,0.0443992055952549,0.010091623291373253,0.02396397851407528,0.012820368632674217,0.038024768233299255,0.08503615111112595,0.9090285301208496,0.9166688323020935
Persephone is famous for eating a,The daughter of Demeter is famous for eating a,Persephone,the daughter of Demeter, pomegranate,7.028712570900097e-05,6.607037357753143e-05,4.914554665447213e-05,0.00025314633967354894,4.966192864230834e-05,8.250450628111139e-05,2.487084384483751e-05,2.6711852115113288e-05,9.786704140424263e-06,1.71112478710711e-05,3.8093382954684785e-06,3.051801832043566e-05,4.752398672280833e-05,2.4005674276850186e-05,3.271445393693284e-06,1.548176783217059e-06,6.417228178179357e-06,8.493569225720421e-07,4.8427809815621e-06,1.9083629467786523e-06,2.7980613594991155e-06,1.121427999350999e-06,7.464340342266951e-06,1.4365366951096803e-05,2.5770325009943917e-05,2.8307364118518308e-05,2.523414877941832e-06,5.235133812675485e-06,3.3065957723010797e-06,2.883131173803122e-07,1.1246228837080707e-07,6.466382842518215e-07,9.705754564492963e-07,1.1015289373972337e-06,4.765019525621028e-07,5.601038424174476e-07,3.636924702732358e-06,3.36880111717619e-06,7.022164254522067e-07,1.9316573798278114e-06,7.404678854072699e-06,7.207448788904003e-07,9.269188922189642e-06,1.787220207916107e-05,9.042379133461509e-06,2.5271225240430795e-05,8.596914994996041e-05,3.8892016164027154e-05,4.1603681893320754e-05,0.00011636387353064492,9.928495273925364e-05,0.00037681058165617287,3.107110023847781e-05,0.00010440564074087888,1.254122889804421e-05,8.80969237186946e-05,2.5209656087099575e-05,1.2763824997819029e-05,1.5500845620408654e-05,1.8405924038233934e-06,4.387224635138409e-06,2.9139371690689586e-05,6.168697291286662e-05,0.00011211331730009988,0.0001343866460956633,4.047063703183085e-05,1.1687016922223847e-05,0.0002525449963286519,2.484557990101166e-05,5.1063707360299304e-05,3.0978815630078316e-05,1.230142402164347e-06,5.066565336164786e-07,1.3463171853800304e-05,1.1655008165689651e-05,1.092097045329865e-05,2.1916630430496298e-05,0.005339366849511862,0.0006122470949776471,0.00045470023178495467,0.055549729615449905,0.061342883855104446
Oedipus married a woman named,The King of Thebes married a woman named,Oedipus,The King of Thebes, Jocasta,0.00018887633632402867,0.00032607224420644343,0.00036979035940021276,6.870587822049856e-05,0.000333970645442605,0.00033900796552188694,4.9834008677862585e-05,5.939733819104731e-05,2.7949510695179924e-05,5.385010808822699e-06,3.663628376671113e-06,2.9906383133493364e-05,7.4219810812792275e-06,7.875369192333892e-05,3.369758269400336e-05,5.7118263612210285e-06,0.0002587010385468602,2.5061310225282796e-05,0.0001962298556463793,1.2837834219681099e-05,6.326102720777271e-06,3.854034730466083e-06,9.314735507359728e-06,5.252679329714738e-06,7.70673796068877e-06,7.86835414601228e-07,1.983939000638202e-06,3.478055077721365e-06,2.455148205626756e-06,4.74457920063287e-06,5.001163572160294e-07,2.6373368200438563e-06,1.6172779169210116e-06,1.8341678469369072e-06,1.0051190884041716e-06,5.526606400962919e-06,3.3566255297046155e-05,1.2665968824876472e-05,3.4831273296731524e-06,1.6817928099044366e-06,2.5274425752286334e-06,5.747597242589109e-06,5.617325314233312e-06,6.182981906022178e-06,2.4695311367395334e-05,2.483559183019679e-05,4.1626208258094266e-05,3.320386167615652e-05,9.010269423015416e-05,5.101152419229038e-05,0.00016857932496350259,2.777709778456483e-05,0.00011595417890930548,0.00010309433855582029,0.0001290532381972298,0.00019611333846114576,8.808249549474567e-05,0.00012979544408153743,0.0002742924843914807,9.036961273523048e-05,5.7709068641997874e-05,8.419925870839506e-05,0.00013391654647421092,0.0002466340083628893,0.0004587251751217991,0.0030159754678606987,0.007543381303548813,0.001664206269197166,0.005124599207192659,0.001280482392758131,0.0010529744904488325,0.0002485256118234247,0.0006303121335804462,0.0002536708489060402,7.765421469230205e-05,0.00032089828164316714,0.003449156880378723,0.11592160165309906,0.012451013550162315,0.005040145944803953,0.37113136053085327,0.7185076475143433
William Shakespeare was born in the country of,The Bard of Avon was born in the country of,William Shakespeare,The Bard of Avon, England,8.307399548357353e-05,0.0001766947825672105,0.0002129740605596453,7.904145604697987e-05,4.484822420636192e-05,1.5787703887326643e-05,2.111819776473567e-05,5.844399765919661e-06,1.497978985298687e-08,7.914367415651213e-06,1.1844923392345663e-05,1.1933523637708277e-05,1.5103759096746217e-06,4.200961939204717e-06,2.8655222195084207e-06,4.5205022615846246e-05,2.1235075109871104e-05,5.459829844767228e-05,0.00011430329323047772,5.3871528507443145e-05,6.733589543728158e-05,2.050102557404898e-05,7.2510388235969e-06,3.04322165902704e-05,1.130701093643438e-05,7.131815800676122e-05,2.220235182903707e-05,3.995347287855111e-05,0.00019280723063275218,5.78740073251538e-05,5.75202502659522e-05,0.0005938533577136695,0.003107185009866953,0.0009307492291554809,0.0003894403052981943,7.892181747592986e-05,5.762864930147771e-06,2.2618317530032073e-07,3.063978795125877e-07,2.6692802634897816e-07,3.2677232297828596e-07,3.4943349191962625e-07,2.1605501387966797e-07,1.7126457407812268e-07,2.2953165057515434e-07,8.401428885917994e-07,3.1373434694614843e-07,1.7541654528940853e-07,4.502528838656872e-08,6.700322785491153e-08,1.3209368887601158e-07,4.956173427217436e-08,8.002487561498128e-08,3.0345308488222145e-08,2.7986040151972702e-08,2.5947471726794902e-08,5.5653565311786224e-08,4.627442606874865e-08,7.322735484649456e-08,2.4419352939730743e-07,1.880482841443154e-06,1.673992187534168e-06,2.295137846886064e-06,8.996236715574923e-07,1.3751698588748695e-06,1.0460682915436337e-06,7.797083867444599e-07,1.4160417549646809e-06,1.7285181002080208e-06,3.0941068871470634e-06,6.667644356639357e-07,2.0639895410567988e-06,1.879171577456873e-06,6.633721909565793e-07,7.435746738337912e-07,3.806268296102644e-06,1.5587042071274482e-05,1.7036665667546913e-05,8.654462726553902e-05,0.000561810564249754,0.5487655997276306,0.9393157362937927
Hercules had a father named,The son of Hera had a father named,Hercules,The son of Hera, Zeus,2.247877830541256e-07,2.9290583825059002e-06,6.710556135658408e-06,3.0162379971443443e-06,1.4068376685827388e-06,2.3502025214838795e-06,1.8303776414541062e-06,4.1422104004595894e-06,3.838652264676057e-05,0.00032623251900076866,0.00014265217760112137,4.841438203584403e-05,0.0001017721151583828,7.486535469070077e-05,2.53835223702481e-05,4.867219104198739e-05,2.688072345335968e-05,9.895701623463538e-06,1.3311542716110125e-05,1.6537530882487772e-06,3.946334800275508e-06,8.145780157065019e-06,6.290455985435983e-06,4.577092113322578e-06,1.4616825865232386e-05,2.2806621927884407e-05,1.5592475392622873e-05,1.2292108294786885e-05,8.13729093351867e-06,8.015764251467772e-06,1.9747783426282695e-06,1.0183495078308624e-06,8.539045097677445e-07,1.7180933582494617e-06,1.3019654261370306e-06,4.538227585726418e-06,1.2564335520437453e-05,5.23829612575355e-06,1.3502464753401e-05,7.971573359100148e-05,7.614161586388946e-05,3.883318277075887e-05,8.153948874678463e-05,0.000352846720488742,0.0001038516202243045,0.00016777298878878355,0.0005584461032412946,0.00024115135602187365,0.00030940916622057557,0.00017206706979777664,0.00033663026988506317,0.0005004030535928905,0.0005513313226401806,0.0006251108716242015,0.000929941248614341,0.000965834769885987,0.00029544721473939717,8.440672536380589e-05,0.00010826126526808366,0.00012680738291237503,0.00011926670413231477,0.00020062514522578567,0.00019420558237470686,0.00010756239498732612,0.0001189286049338989,0.0001508006826043129,0.00032476650085300207,0.0004911401774734259,0.0004698975244536996,0.0005480611580424011,0.0011046709259971976,0.001154034398496151,0.0025060109328478575,0.0030730480793863535,0.005637385882437229,0.002614337019622326,0.0030218465253710747,0.0014752937713637948,0.0008051927434280515,0.002817360684275627,0.71706622838974,0.8801705241203308
The Great Barrier Reef is located off the coast of the continent of,The largest coral reef system in the world is located off the coast of the continent of,The Great Barrier Reef,The largest coral reef system in the world, Australia,0.00022596761118620634,0.00016056156891863793,0.00021912447118666023,5.1824816182488576e-05,6.989976100157946e-05,3.507442306727171e-05,3.081667819060385e-05,1.0713563824538141e-05,1.5799929315107875e-05,2.0452323951758444e-05,0.0011435283813625574,0.0003053483087569475,0.00042224503704346716,9.858588782662991e-06,2.1753370674559847e-05,8.651677489979193e-06,1.5264284229488112e-05,1.0104470675287303e-05,5.485474503075238e-06,2.635571399878245e-05,6.723882688675076e-05,6.088483860366978e-05,0.0005792695446871221,0.0011260698083788157,0.0006164011429063976,0.0002127646148437634,0.0004436929593794048,0.00048552133375778794,0.00011912290210602805,0.00020158574625384063,4.818965317099355e-05,5.508186859515263e-06,4.5296246753423475e-06,1.170881319012551e-06,3.162394932587631e-06,8.322190296894405e-06,6.868821856187424e-06,0.00010526789992582053,0.00018720966181717813,0.00020445224072318524,0.00017679628217592835,0.0012410266790539026,0.004929468967020512,0.005172317381948233,0.0023054233752191067,0.005515660624951124,0.006728804670274258,0.008931019343435764,0.005637000780552626,0.0034463161136955023,0.006704860832542181,0.005255197174847126,0.008643637411296368,0.010516463778913021,0.013033047318458557,0.20505906641483307,0.28303253650665283,0.16414780914783478,0.23670125007629395,0.1536840945482254,0.177061527967453,0.18730375170707703,0.13902340829372406,0.06835844367742538,0.8972358703613281,0.3562869429588318,0.6230130791664124,0.5103034377098083,0.6328756213188171,0.4019273817539215,0.4054984450340271,0.5266902446746826,0.39280253648757935,0.524940550327301,0.5659357309341431,0.8959102034568787,0.8133409023284912,0.5200484395027161,0.7881619930267334,0.9414262771606445,0.9078584313392639,0.9264196157455444
The Louvre Museum is located in the city of,The largest art museum in the world is located in the city of,The Louvre Museum,The largest art museum in the world, Paris,1.3736150322074536e-05,4.639367944037076e-06,1.1788330084527843e-05,1.6064781448221765e-05,4.5754090933769476e-06,1.6369291188311763e-05,2.6186580726061948e-06,2.614916411403101e-05,7.309469765459653e-06,5.427567884908058e-06,0.0005172813544049859,0.0002597702550701797,9.64571736403741e-05,1.0707591172831599e-05,8.369576789846178e-06,6.053277957107639e-06,2.1322328393580392e-05,6.36715139989974e-06,2.0035413399455138e-06,8.633720426587388e-06,5.635603429254843e-06,1.8417724277242087e-05,0.00025988745619542897,0.00010994011245202273,0.0003298752708360553,8.6761916463729e-05,0.00012802646961063147,1.246405463461997e-05,1.386182975693373e-05,9.78331172518665e-06,2.5193708097503986e-06,1.2443509831427946e-06,1.2063628673786297e-06,5.428285021480406e-07,9.731973023008322e-07,7.953094609547406e-07,5.417195438894851e-07,0.07120655477046967,0.23023617267608643,0.24761228263378143,0.0648970752954483,0.04185141623020172,0.12394408136606216,0.1842847615480423,0.47701963782310486,0.552740216255188,0.5320836305618286,0.7228537201881409,0.8999906182289124,0.8413498401641846,0.7496521472930908,0.8681175708770752,0.8961343765258789,0.9022793173789978,0.897316575050354,0.941434383392334,0.9263882637023926,0.9479070901870728,0.9342842102050781,0.9238978624343872,0.9157409071922302,0.8180029392242432,0.8178051114082336,0.7562909722328186,0.7875254154205322,0.9446814656257629,0.5666900873184204,0.01534194778650999,0.012886501848697662,0.03471514582633972,0.053455550223588943,0.0208518635481596,0.03335624188184738,0.07206433266401291,0.1026645377278328,0.1348067820072174,0.06537297368049622,0.10547184199094772,0.012812236323952675,0.01735195517539978,0.55286705493927,0.9223242998123169
Mount Everest is located in the,The highest peak in the world is located in the,Mount Everest,The highest peak in the world, Himalayan,3.0210384238671395e-07,1.1065991856185065e-07,3.9429572495919274e-08,4.607478487628214e-08,2.236430987068161e-07,2.1371847935824917e-07,1.9858798623317853e-06,3.95050619772519e-06,7.457249466824578e-07,8.869181328918785e-06,7.265258318511769e-06,4.679300036514178e-05,2.3682094251853414e-05,7.979245856404305e-05,6.69575747451745e-05,8.4198609329178e-06,2.5354217996209627e-06,1.6589216102147475e-05,1.4895269487169571e-05,6.318051873677177e-06,4.0741915654507466e-06,3.4195356874988647e-06,3.379059990038513e-06,7.335052487178473e-06,2.331135510758031e-05,9.646937542129308e-06,1.693292142590508e-05,4.012036242784234e-06,7.5283701335138176e-06,9.278284778702073e-06,8.995952157420106e-06,7.407401426462457e-06,9.124897815127042e-07,7.537122428402654e-07,1.374339831272664e-06,3.953941529744043e-07,1.124071445701702e-06,7.6060973697167356e-06,3.6219429603079334e-05,3.076303255511448e-05,2.010820207942743e-05,2.237353146483656e-05,1.6170130038517527e-05,1.2398685612424742e-05,2.6485995476832613e-05,2.9277458452270366e-05,2.688951644813642e-05,4.369609814602882e-05,6.096808647271246e-05,5.69272342545446e-05,7.10934036760591e-05,6.32240335107781e-05,2.2914155124453828e-05,4.0462920878781006e-05,1.5448275007656775e-05,1.2077986866643187e-05,2.098107142955996e-05,3.874329649988795e-06,3.864234713546466e-06,5.043302280682838e-06,2.018091890931828e-06,2.427513891234412e-06,1.2556020919873845e-05,7.565921805507969e-06,3.256932814110769e-06,2.1780583665531594e-06,3.520976633808459e-06,4.492340849537868e-06,1.014605732052587e-05,1.0970486528094625e-06,8.87318037712248e-06,4.957524197379826e-06,2.290780003022519e-06,9.99585381578072e-07,2.3681836864852812e-06,8.093853125501482e-07,1.241650079464307e-05,3.498336809570901e-05,5.3139174269745126e-05,0.0017956183291971684,0.5895732045173645,0.6876440644264221
Mammoth Cave is located in,The longest known cave system is located in ,Mammoth Cave,The longest known cave system, Kentucky,6.615759957639966e-07,3.452739747444866e-07,9.362357786812936e-07,1.1067097602790454e-06,7.927034744170669e-07,6.892156534377136e-07,1.006747197607183e-06,6.153306003398029e-06,2.153220748368767e-06,3.877107246808009e-06,1.2138290003349539e-05,4.196332520223223e-05,0.0001459528284613043,4.795591303263791e-05,1.637835885048844e-05,1.4935337276256178e-05,1.296407663176069e-05,1.6501693608006462e-05,1.0624681635817979e-05,3.201683739462169e-06,4.3827043555211276e-05,3.0467439501080662e-05,6.805804787290981e-06,2.6527363843342755e-06,2.662949327714159e-06,2.276235136378091e-06,2.10817665902141e-06,5.992289402456663e-07,6.503502163468511e-07,2.419416432530852e-06,6.919361084101183e-08,3.1390797516905877e-07,9.554139523970662e-07,2.4676428438397124e-06,8.588654054619838e-06,2.4291291538247606e-06,8.001604328455869e-06,0.05347363278269768,0.036521777510643005,0.004769455641508102,0.0027626941446214914,0.02779546193778515,0.01225903071463108,0.015578889288008213,0.023217864334583282,0.08616510033607483,0.1647961586713791,0.1319315880537033,0.25487199425697327,0.1833585500717163,0.022709403187036514,0.02418956346809864,0.0487663671374321,0.033963099122047424,0.01991277001798153,0.007857219316065311,0.02832464501261711,0.036995694041252136,0.035306405276060104,0.01383939292281866,0.013045367784798145,0.017786510288715363,0.03998197242617607,0.021977869793772697,0.016740282997488976,0.00912098865956068,0.009204474277794361,0.012440276332199574,0.0016317411791533232,0.0037394464015960693,0.0023386795073747635,0.0015402310527861118,0.0011149579659104347,0.0017411843873560429,0.0010426320368424058,3.255001956858905e-06,2.894333920266945e-05,1.2618194205060718e-06,3.277202722529182e-06,1.88175943094393e-06,0.1010967344045639,0.08603990077972412
The blue whale is a,The largest animal to exist is a,blue whale,largest animal to exist, mammal,1.2491434517869493e-06,3.904580808011815e-06,1.0356784514442552e-06,1.091979243028618e-06,4.760756837640656e-06,8.103752406896092e-06,9.324058737547603e-06,9.530241186439525e-06,9.757502266438678e-05,7.184632704593241e-05,0.0001757805875968188,0.0001857825118349865,0.00017999183910433203,5.976436659693718e-05,5.243320265435614e-05,6.674094765912741e-05,8.991741924546659e-05,0.00019968255946878344,0.00021298327192198485,1.7067570297513157e-05,4.4915577745996416e-05,0.00020184283494018018,0.0003176750324200839,0.00013902706268709153,7.272862421814352e-05,5.891777982469648e-05,9.870262147160247e-05,3.4481101465644315e-05,0.00010302349255653098,4.024311056127772e-05,0.00012058226275257766,6.083947664592415e-05,2.320522253285162e-05,2.0584246158250608e-05,1.3439015674521215e-05,1.9359968064236455e-05,9.476677951170132e-05,0.00013309926725924015,0.0001435744488844648,0.0001103404865716584,0.0007882132777012885,0.0007083254167810082,0.00033057594555430114,0.0008286656811833382,0.000677937176078558,0.0002703118952922523,0.0015045658219605684,0.002617878606542945,0.001947934739291668,0.0007114626932889223,0.0015097943833097816,0.0013895764714106917,0.0007581172394566238,0.0010045396629720926,0.0011330416891723871,0.0007027381798252463,0.001203638850711286,0.0020629612263292074,0.0029342728666961193,0.0013395906426012516,0.001546551357023418,0.0005022379336878657,0.0005500304396264255,0.000602681830059737,0.0008363098604604602,0.0008861545938998461,0.000512682949192822,0.0003928181831724942,0.0004694143426604569,0.0011551101924851537,0.00041796520235948265,0.0005262112244963646,0.0002360682119615376,0.00042070899507962167,8.137628174154088e-05,9.901831072056666e-05,8.649074152344838e-05,0.0003232753078918904,0.00014470767928287387,0.00014253442350309342,0.008943470194935799,0.026323456317186356
Jupiter is the largest planet in the solar,The fifth planet from the sun is the largest planet in the solar,Jupiter,The fifth planet from the sun, system,0.0003412032965570688,0.0004157315706834197,0.0005779759376309812,0.0006289941957220435,0.0024970145896077156,0.00033736886689439416,0.00036800617817789316,0.0005918201641179621,0.0002554225211497396,0.0001169177849078551,1.497836274211295e-05,0.00031473644776269794,0.00042793070315383375,0.0001851030538091436,5.387090823205654e-06,4.449200059752911e-05,4.432640707818791e-05,5.486386271513766e-06,0.00011267502850387245,0.00022229553724173456,0.000327470654156059,7.483278750441968e-05,3.3264936064369977e-05,8.083763532340527e-05,0.00014560559066012502,0.000890005030669272,0.000532705569639802,0.0012469938956201077,0.001779073034413159,0.0014419963117688894,0.0005645487690344453,0.0007280121790245175,0.0003508562804199755,0.0010112685849890113,0.0002601698215585202,0.0008495210786350071,0.003792700357735157,0.0025669431779533625,0.005013256799429655,0.007561050821095705,0.01446917187422514,0.015428568236529827,0.013410638086497784,0.03728828579187393,0.11993134021759033,0.05226927995681763,0.17106330394744873,0.059833548963069916,0.0685613825917244,0.13698995113372803,0.11911854147911072,0.08101974427700043,0.09221512824296951,0.1236744150519371,0.08463330566883087,0.13545453548431396,0.17318075895309448,0.5437809228897095,0.5464897155761719,0.7092714309692383,0.8991332054138184,0.9123144149780273,0.8481327295303345,0.8184299468994141,0.827275276184082,0.7991104125976562,0.8575832843780518,0.7748497128486633,0.4428345561027527,0.6748859286308289,0.5096044540405273,0.6108306646347046,0.8412901163101196,0.5786060690879822,0.7151594161987305,0.5293275117874146,0.6522209048271179,0.8068124055862427,0.29452404379844666,0.009110623970627785,0.9981371164321899,0.9994837045669556
