explicit_sentence,obscure_sentence,explicit_entity,obscure_entity,answer,ans_prob_lens_edit_layer0,ans_prob_lens_edit_layer1,ans_prob_lens_edit_layer2,ans_prob_lens_edit_layer3,ans_prob_lens_edit_layer4,ans_prob_lens_edit_layer5,ans_prob_lens_edit_layer6,ans_prob_lens_edit_layer7,ans_prob_lens_edit_layer8,ans_prob_lens_edit_layer9,ans_prob_lens_edit_layer10,ans_prob_lens_edit_layer11,ans_prob_lens_edit_layer12,ans_prob_lens_edit_layer13,ans_prob_lens_edit_layer14,ans_prob_lens_edit_layer15,ans_prob_lens_edit_layer16,ans_prob_lens_edit_layer17,ans_prob_lens_edit_layer18,ans_prob_lens_edit_layer19,ans_prob_lens_edit_layer20,ans_prob_lens_edit_layer21,ans_prob_lens_edit_layer22,ans_prob_lens_edit_layer23,ans_prob_lens_edit_layer24,ans_prob_lens_edit_layer25,ans_prob_lens_edit_layer26,ans_prob_lens_edit_layer27,ans_prob_lens_edit_layer28,ans_prob_lens_edit_layer29,ans_prob_lens_edit_layer30,ans_prob_lens_edit_layer31,ans_prob_lens_edit_layer32,ans_prob_lens_edit_layer33,ans_prob_lens_edit_layer34,ans_prob_lens_edit_layer35,ans_prob_lens_edit_layer36,ans_prob_lens_edit_layer37,ans_prob_lens_edit_layer38,ans_prob_lens_edit_layer39,ans_prob_lens_edit_layer40,ans_prob_lens_edit_layer41,ans_prob_lens_edit_layer42,ans_prob_lens_edit_layer43,ans_prob_lens_edit_layer44,ans_prob_lens_edit_layer45,ans_prob_lens_edit_layer46,ans_prob_lens_edit_layer47,ans_prob_lens_edit_layer48,ans_prob_lens_edit_layer49,ans_prob_lens_edit_layer50,ans_prob_lens_edit_layer51,ans_prob_lens_edit_layer52,ans_prob_lens_edit_layer53,ans_prob_lens_edit_layer54,ans_prob_lens_edit_layer55,ans_prob_lens_edit_layer56,ans_prob_lens_edit_layer57,ans_prob_lens_edit_layer58,ans_prob_lens_edit_layer59,ans_prob_lens_edit_layer60,ans_prob_lens_edit_layer61,ans_prob_lens_edit_layer62,ans_prob_lens_edit_layer63,ans_prob_lens_edit_layer64,ans_prob_lens_edit_layer65,ans_prob_lens_edit_layer66,ans_prob_lens_edit_layer67,ans_prob_lens_edit_layer68,ans_prob_lens_edit_layer69,ans_prob_lens_edit_layer70,ans_prob_lens_edit_layer71,ans_prob_lens_edit_layer72,ans_prob_lens_edit_layer73,ans_prob_lens_edit_layer74,ans_prob_lens_edit_layer75,ans_prob_lens_edit_layer76,ans_prob_lens_edit_layer77,ans_prob_lens_edit_layer78,ans_prob_lens_edit_layer79,answer_prob_obs,answer_prob_exp
George Washington fought in the,The first president of the United States fought in the,George Washington,The first president of the United States, Revolutionary War,1.5787143183843e-06,9.325411269855977e-07,1.7364023108257243e-07,6.948878308321582e-07,1.8031873878499027e-06,2.2681728296447545e-05,2.722834688029252e-05,4.169605381321162e-05,3.587725950637832e-05,6.176233728183433e-05,0.00013894191943109035,0.000112315290607512,9.938926814356819e-05,3.463105531409383e-05,5.288268766889814e-06,1.763657223818882e-06,4.105141670152079e-06,2.43409203903866e-06,3.915001343557378e-06,9.72392513176601e-07,1.3028164858042146e-06,4.151099346927367e-06,1.347645138594089e-06,1.6042605466282112e-06,1.3393022300078883e-06,2.5913807348842965e-06,3.409424834899255e-06,3.437444775045151e-06,5.787323061667848e-06,1.0915980510617374e-06,6.891114594509418e-07,7.887097126513254e-07,1.2805808182747569e-06,3.0376584163605003e-06,1.3318042419996345e-06,1.1534781378941261e-06,1.0994617696269415e-06,1.4528055771734216e-06,7.841333626856795e-07,1.2048388953189715e-06,6.7023693191003986e-06,7.92847822594922e-06,8.135594725899864e-06,1.945296617122949e-06,5.212616542848991e-06,2.7814610348286806e-06,1.6032994381021126e-06,3.2359139368054457e-06,2.687644609977724e-06,3.527642320477753e-06,3.329147375552566e-06,6.641259005846223e-06,1.6339632566086948e-05,2.7497799237607978e-05,7.055372407194227e-05,9.141884947894141e-05,2.6285872081643902e-05,5.3918862249702215e-05,4.528325007413514e-05,7.779586303513497e-05,7.00212040101178e-05,0.00018906776676885784,0.0001969019212992862,0.0002120009157806635,0.00021718461357522756,0.00016687494644429535,0.0004407957603689283,0.0005961904535070062,0.0001983856491278857,0.0003491374081932008,0.0003217677294742316,0.0005338748451322317,0.0002736305177677423,0.00026398382033221424,0.0002452109183650464,0.00011672194523271173,5.392463572206907e-05,9.274137846659869e-05,0.00020671557285822928,0.0003973179846070707,0.08630707114934921,0.03394823148846626
The president lives in the,The leader of the United States lives in the,The president,The leader of the United States, White House,3.3142669053631835e-06,9.25276708585443e-06,7.426558568113251e-06,4.89798867420177e-06,1.0694492630136665e-05,1.852644891187083e-05,3.405467577977106e-05,7.471835851902142e-05,6.601252243854105e-05,6.135353032732382e-05,0.0008633363759145141,0.0007972900057211518,0.00021255099272821099,0.00021460965217556804,0.0002577868872322142,0.00013453596329782158,4.017239189124666e-05,3.0225752198020928e-05,0.00012461714504752308,3.712981924763881e-05,1.935622094606515e-05,3.6235152947483584e-05,3.6870122130494565e-05,0.00011719876056304201,2.2238362362259068e-05,2.6824171072803438e-05,1.1461246685939841e-05,2.2806086690252414e-06,1.4145673958410043e-05,2.8430300517356955e-05,3.0123168471618555e-05,4.369894304545596e-05,5.7741715863812715e-05,7.339506282733055e-06,1.1229964002268389e-05,1.55013822222827e-05,3.2635471143294126e-05,1.2321770554990508e-05,1.4481020116363652e-05,0.00012435695680323988,0.00018329535669181496,0.0003644243988674134,0.00021644840307999402,0.00045912686618976295,0.0002558907144702971,0.0005357443587854505,0.0001923449308378622,0.002135571325197816,0.005917651113122702,0.0021117422729730606,0.0024464752059429884,0.001603454235009849,0.0009390273480676115,0.0024405834265053272,0.0016331643564626575,0.0005476635415107012,0.00048452746705152094,0.0027516738045960665,0.001073511433787644,0.0017887490103021264,0.00043450656812638044,0.0005239777965471148,0.0015896313125267625,0.0004986676503904164,0.00040005918708629906,0.0002643795742187649,0.0001370682439301163,7.41836047382094e-05,0.00013734842650592327,8.4839848568663e-05,3.7865749618504196e-05,6.41632141196169e-05,0.00014187510532792658,0.00027804402634501457,6.13300726399757e-05,2.8230455427546985e-05,1.2808784958906472e-05,4.544721832644427e-06,8.507236088917125e-06,3.3838587114587426e-05,0.8543716669082642,0.6189217567443848
St. Peter's Basilica is in the city of,The biggest church in the world is in the city of,St. Peter's Basilica,The biggest church in the world, Rome,7.116747292457148e-05,6.74355833325535e-05,5.9212376072537154e-05,5.4971420468064025e-05,2.6451916710357182e-05,3.5079421650152653e-05,5.379947106121108e-05,3.671695230877958e-05,1.7074487914214842e-05,4.53612028650241e-06,2.6054606223624432e-06,2.1100554477015976e-06,3.827252385235624e-06,6.864655119898089e-07,7.363555596384685e-07,4.7201868369484146e-07,1.9511578557285247e-06,1.8678783817449585e-06,4.6251034291344695e-07,8.233942594415566e-07,7.369428089987196e-07,9.040143709171389e-07,1.225413870997727e-05,5.2836535360256676e-06,1.2414458069542889e-05,2.8629136068047956e-05,2.202019459218718e-05,0.0002741244388744235,5.417407373897731e-05,0.00020000631047878414,0.00019185857672709972,0.0006297868676483631,0.0007176034268923104,0.0005884310230612755,0.0016486969543620944,0.002008451148867607,0.002428960520774126,0.25508207082748413,0.19793882966041565,0.05952867865562439,0.011332022026181221,0.036422599107027054,0.09702134877443314,0.1873638778924942,0.45741215348243713,0.08449196070432663,0.15157625079154968,0.11004577577114105,0.09720689058303833,0.09777289628982544,0.04200948402285576,0.3994399607181549,0.3842647671699524,0.6590656042098999,0.6308376789093018,0.6830840706825256,0.7845149636268616,0.635900616645813,0.7371601462364197,0.5775367617607117,0.6579294800758362,0.41395753622055054,0.33504822850227356,0.33426374197006226,0.17071545124053955,0.33006346225738525,0.07714429497718811,0.023217404261231422,0.046020690351724625,0.0325804129242897,0.06403699517250061,0.0169186070561409,0.01456739567220211,0.020742138847708702,0.02014361508190632,0.02852855995297432,0.03611648082733154,0.038570769131183624,0.09353923797607422,0.02580551616847515,0.0355692058801651,0.3625369668006897
Jesus died on the,The son of God died on the,Jesus,The son of God, cross,7.906120299594477e-05,5.2764356951229274e-05,0.0002945996820926666,0.00014583607844542712,9.200364729622379e-05,3.1400595617014915e-05,5.895459617022425e-05,1.4278763956099283e-05,1.050617174769286e-05,1.2454913758119801e-06,4.8297351895598695e-06,6.61020612824359e-06,3.160779726840701e-07,5.613360940515122e-07,1.386265353175986e-06,9.768078598426655e-06,6.389422651409404e-06,0.00013195068459026515,4.280041321180761e-05,3.516796277835965e-05,1.0577050488791429e-06,7.553987870778656e-06,1.6671671119183884e-06,5.946640612819465e-06,2.3361671992461197e-06,1.1859615369758103e-05,3.7329304177546874e-05,2.7637741368380375e-05,2.5269418983953074e-05,4.4467018597060814e-05,7.150516466936097e-05,5.2087554649915546e-05,4.291303412173875e-05,1.3215721082815435e-05,1.1509222304084687e-06,1.2654421880142763e-05,5.106865501147695e-06,1.7550048141856678e-05,2.9591443308163434e-05,0.0002801074006129056,0.0007201574626378715,0.000608669884968549,0.0029842357616871595,0.0005281567573547363,0.004812384955585003,0.007843186147511005,0.0019483756041154265,0.004738498013466597,0.49947917461395264,0.4341443181037903,0.31244850158691406,0.4319482743740082,0.3035069406032562,0.6184751987457275,0.629893958568573,0.5454362034797668,0.384737104177475,0.3104212284088135,0.44644609093666077,0.6461188793182373,0.17866690456867218,0.117087222635746,0.07315289229154587,0.06546181440353394,0.13366343080997467,0.10294733196496964,0.12376181036233902,0.11817479133605957,0.1065095067024231,0.2982768416404724,0.0705639198422432,0.3093879520893097,0.3309728801250458,0.6263167858123779,0.6241772770881653,0.6060577034950256,0.5239089131355286,0.38709020614624023,0.2742149531841278,0.16885407269001007,0.9403198957443237,0.9352973699569702
Elephants are the largest land mammal on,Animals with long trunks are the largest land mammal on,Elephants,Animals with long trunks, Earth,2.0721854525618255e-05,1.9456527297734283e-05,5.27071206306573e-05,9.540793689666316e-05,0.00015704224642831832,0.0011108651524409652,0.0004713183152489364,0.00034275013604201376,4.74653352284804e-05,4.26411243097391e-05,0.00045304844388738275,7.437488238792866e-05,2.2133419406600296e-05,1.880590025393758e-05,1.7300539184361696e-05,6.962749466765672e-05,0.00010308493801858276,0.0005525721935555339,0.0001620056136744097,8.53721285238862e-05,0.00030658007017336786,0.0003506256325636059,0.0007631499320268631,0.0007617695373483002,0.0014821219956502318,0.002572382567450404,0.0015569009119644761,0.0013109814608469605,0.0027882405556738377,0.004541116766631603,0.004482625052332878,0.009808027185499668,0.006734283175319433,0.0071535962633788586,0.04249598830938339,0.06688911467790604,0.067632757127285,0.14251098036766052,0.05591848865151405,0.0244054663926363,0.049521517008543015,0.0025806634221225977,0.004332619719207287,0.002332217525690794,0.0038682324811816216,0.08518153429031372,0.14322584867477417,0.1320238560438156,0.0963132306933403,0.5698662996292114,0.6883906126022339,0.7276493310928345,0.7266466617584229,0.5992962718009949,0.3050258159637451,0.19080199301242828,0.061194803565740585,0.10237504541873932,0.02920234017074108,0.14559784531593323,0.11329156905412674,0.06185705214738846,0.08788948506116867,0.10429086536169052,0.04918718710541725,0.02308868244290352,0.016133569180965424,0.011885437183082104,0.012201760895550251,0.032926127314567566,0.035088010132312775,0.02578798308968544,0.00567843671888113,0.012596866115927696,0.10975176095962524,0.4025326669216156,0.47857236862182617,0.15756595134735107,0.6670824885368347,0.905907154083252,0.6360928416252136,0.7828002572059631
Barack Obama was a member of the,The first black president of the United States was a member of the,Barack Obama,The first black president of the United States, Senate,1.7532691344968043e-05,5.852492449776037e-06,1.4570888197340537e-05,1.3382925317273475e-05,4.9991322157438844e-06,9.937604090737295e-07,3.3616174732742365e-06,2.7843152565765195e-06,1.8108239601133391e-06,1.2124512522859732e-06,1.8635994365467923e-06,4.6606423893535975e-06,5.057130238128593e-06,4.261301910446491e-06,6.148648935777601e-06,1.8198273892267025e-06,2.9634220481966622e-06,1.583751327416394e-05,1.1269257811363786e-05,5.5946788961591665e-06,1.4600466784031596e-05,9.202954061038326e-06,8.591654477640986e-06,4.83668145534466e-06,2.0174852579657454e-06,5.562626938626636e-06,2.4556395601393888e-06,8.96392339200247e-06,1.5769186575198546e-05,1.0707562069001142e-05,1.1567900401132647e-05,1.9615736164269038e-05,1.8981803805218078e-05,1.0459235454618465e-05,2.674017423487385e-06,3.7756999518023804e-06,2.3634474928257987e-06,8.919835636334028e-06,2.7987005069007864e-06,4.1065304685616866e-06,3.2059163004305447e-06,2.9710297440033173e-06,1.0794499303301563e-06,8.359565981663764e-07,8.533775712749048e-07,1.268379946850473e-06,1.248750322702108e-06,4.422186520969262e-06,4.6393624870688654e-06,9.893802598526236e-06,1.2925821465614717e-05,6.95442258802359e-06,5.742744633607799e-06,4.392155915411422e-06,6.651540843449766e-06,2.4331880013050977e-06,3.1223260066326475e-06,5.096005224913824e-06,1.9183403310307767e-06,5.137405878485879e-06,4.908634309686022e-06,1.8277063418281614e-06,4.541219311704481e-07,1.5019485317679937e-06,1.2810940006602323e-06,1.3251785730972188e-06,1.406856767971476e-06,4.3833207996613055e-07,3.631395770753443e-07,4.882468260802852e-07,4.6462943714686844e-07,1.4407212347578024e-06,3.384635363090638e-07,2.095296736115415e-07,3.880310259773978e-07,5.721560114579916e-07,6.300703034867183e-07,2.243404679802552e-07,1.6949415737599338e-07,5.189165790397965e-07,0.023658061400055885,0.007474442012608051
Burj Khalifa is located in the city of,The tallest building in the world is located in the city of,Burj Khalifa,The tallest building in the world, Dubai,1.0563319847278763e-05,2.90082061837893e-06,3.493763870210387e-06,2.0615425455616787e-06,2.5953866042982554e-06,7.0579339990217704e-06,4.885746420768555e-06,3.0090141081018373e-06,5.8754917517944705e-06,4.150261702307034e-06,1.7972398609344964e-06,3.1753731946082553e-06,4.4505513869808055e-06,3.855714112432906e-06,2.480407829352771e-06,4.274275397619931e-06,5.8027148952533025e-06,1.7693303107080283e-06,8.073219760262873e-06,3.825318799499655e-06,3.3920332498382777e-06,2.350152499275282e-06,1.733531098579988e-05,9.733480510476511e-06,5.1291203817527276e-06,3.673368382806075e-06,2.3474826775782276e-06,1.296436153097602e-06,1.489094785256384e-07,1.248032788225828e-07,1.88209924090188e-07,3.275982578543335e-07,3.6463768537942087e-07,8.41592793676682e-07,2.642222398208105e-06,4.3506150859684567e-07,3.686102900246624e-06,0.015231396071612835,0.013863468542695045,0.02398812212049961,0.01685747504234314,0.03145774081349373,0.022313151508569717,0.024642184376716614,0.030568543821573257,0.6026774048805237,0.5029900670051575,0.4055618345737457,0.22987231612205505,0.3328675329685211,0.2224665880203247,0.13370327651500702,0.07815274596214294,0.04571966826915741,0.04280613362789154,0.0162628386169672,0.023100480437278748,0.014907552860677242,0.01078859530389309,0.022145556285977364,0.010714692063629627,0.006857320200651884,0.007019161246716976,0.009114732034504414,0.010077334940433502,0.012158741243183613,0.01031253207474947,0.005460415035486221,0.003351018065586686,0.005228585563600063,0.003368575591593981,0.002317260717973113,0.003231193870306015,0.0035512021277099848,0.0005962104187346995,0.0008350402349606156,0.0009709180449135602,0.002971689449623227,0.0024430800694972277,0.011463372968137264,0.8373129367828369,0.9475685358047485
Mesopotamian civilization originated in the modern-day country of,The oldest civilization originated in the modern-day country of,Mesopotamian civilization,The oldest civilization, Iraq,1.381465267513704e-06,7.740833325442509e-07,6.967147214709257e-07,8.269719842246559e-07,4.2322099034208804e-06,3.7772231280541746e-06,1.7852822566055693e-05,1.6647798474878073e-05,1.4225870472728275e-05,7.193355941126356e-06,0.00039764269604347646,0.0011268905363976955,0.00033051305217668414,0.0003380949201527983,0.00044206497841514647,6.761650001863018e-05,2.3672979295952246e-05,4.74376865895465e-05,9.192018478643149e-05,0.00014413923781830817,0.0009453197126276791,0.00035962703987024724,0.0010601088870316744,0.0006590377306565642,0.00011642470781225711,1.3385273632593453e-05,1.3574684999184683e-05,1.5121270735107828e-05,1.8913287931354716e-05,2.8019021556247026e-05,0.0016199429519474506,0.0038039085920900106,0.0017249974189326167,0.0010067577240988612,0.0010764189064502716,0.0015202260110527277,0.0009269057773053646,0.6492363214492798,0.42189231514930725,0.16172192990779877,0.07686815410852432,0.30910786986351013,0.3213893175125122,0.3327861428260803,0.43053051829338074,0.3770131468772888,0.46111175417900085,0.32431191205978394,0.4780915677547455,0.6812375783920288,0.7640134692192078,0.6324241757392883,0.7423574328422546,0.5498663187026978,0.9170175790786743,0.9014686346054077,0.9363827109336853,0.92628014087677,0.9236487150192261,0.9089353680610657,0.9438925385475159,0.9405367970466614,0.9114108085632324,0.8989764451980591,0.9388251304626465,0.939157247543335,0.9575658440589905,0.9209660291671753,0.9165248274803162,0.9065370559692383,0.9279314279556274,0.895591139793396,0.9112769961357117,0.6993514895439148,0.8670639395713806,0.8980265855789185,0.918919026851654,0.35125526785850525,0.37105974555015564,0.559776782989502,0.2082185000181198,0.7491705417633057
Martin Luther King Jr. delivered the speech during the March on Washington in 1963 widely known as I Had A,The famous Pastor and Civil Rights leader delivered the speech during the March on Washington in 1963 widely known as I Had A,Martin Luther King Jr.,The famous Pastor and Civil Rights leader, Dream,8.719754873709462e-07,4.781122129315918e-07,2.4891442080843262e-06,5.443606823973823e-06,1.4077229934628122e-05,3.051782414331683e-06,8.02066278993152e-06,3.71965552403708e-06,2.9536031433963217e-06,2.9426446417346597e-06,2.7939738629356725e-06,7.1629410740570165e-06,2.8662993827310856e-06,2.9520388125092722e-06,4.3991071834170725e-06,1.5008423360995948e-05,6.758261406503152e-06,1.5131505278986879e-05,4.665702363126911e-05,2.567560841271188e-05,1.571564826008398e-05,2.1355597709771246e-05,0.00010543309326749295,0.000157746922923252,0.0003142996283713728,0.00015447752957697958,0.0001466163812438026,7.833710697013885e-05,0.00012940810120198876,3.535239375196397e-05,0.00010615098290145397,6.852189835626632e-05,8.04416777100414e-05,0.0007209704490378499,0.0004126194107811898,0.0014681901084259152,0.002223242074251175,0.005818439181894064,0.002688582520931959,0.0047034937888383865,0.0032508319709450006,0.024316780269145966,0.11171440780162811,0.09251091629266739,0.07210591435432434,0.12698718905448914,0.1232113167643547,0.29551199078559875,0.3133894205093384,0.39280465245246887,0.4448644518852234,0.4962625503540039,0.1920875608921051,0.1242072656750679,0.17372040450572968,0.14467297494411469,0.18186110258102417,0.17944583296775818,0.2181411236524582,0.3001878261566162,0.19775621592998505,0.2337854951620102,0.25138330459594727,0.4264274835586548,0.5839987993240356,0.6153546571731567,0.6823635697364807,0.6585918068885803,0.5615362524986267,0.5065907835960388,0.5415942072868347,0.7592247724533081,0.6215295791625977,0.6686497330665588,0.6672906279563904,0.8034836649894714,0.7537640333175659,0.9173862934112549,0.8938754200935364,0.9266211986541748,0.9951085448265076,0.9965139031410217
The sperm whale dives deep into the ocean to hunt giant,The largest toothed whale dives deep into the ocean to hunt giant,The sperm whale,The largest toothed whale, squid,3.035453346456052e-07,6.989579333094298e-07,2.3548000172013417e-06,1.9701947167050093e-06,1.9494823391141836e-06,7.411510409838229e-07,1.3919379853177816e-06,2.2152844394440763e-06,1.995077127503464e-06,3.4659274206205737e-06,7.416428616124904e-06,6.1916075537737925e-06,6.348830538627226e-06,1.2082484772690805e-06,1.7192114398767444e-07,1.0428587984279147e-06,9.347389209324319e-07,5.54498228666489e-07,2.543444679758977e-06,1.119646640290739e-05,1.9822407921310514e-05,6.270982703426853e-05,0.00013035583833698183,0.00025836582062765956,8.386753324884921e-05,6.026990740792826e-05,2.2780390281695873e-05,9.283410327043384e-05,6.04510642006062e-05,3.9656351873418316e-05,4.0537750464864075e-05,7.249112968565896e-05,1.4037531400390435e-05,6.52570633974392e-06,1.928052370203659e-06,2.1555872535827802e-06,5.771802989329444e-06,1.3552185009757522e-05,2.9021937734796666e-05,1.475053886679234e-05,2.0787423636647873e-05,4.012163117295131e-05,2.764124837995041e-05,0.00010757282143458724,0.0006943540647625923,0.0005953097715973854,0.0012211158173158765,0.0012114598648622632,0.0025328430347144604,0.001570825232192874,0.0059332940727472305,0.0022224769927561283,0.0023653374519199133,0.0021644115913659334,0.0049985246732831,0.0057704756036400795,0.0070394244976341724,0.0027355586644262075,0.0016745098400861025,0.0036204042844474316,0.001738441176712513,0.010233303532004356,0.012599739246070385,0.0230435561388731,0.013329991139471531,0.023961061611771584,0.0608372800052166,0.0008720291079953313,0.0020012890454381704,0.001980925677344203,0.0013391940155997872,0.0017646228661760688,0.0009766097646206617,0.003063664771616459,0.009134341962635517,0.01898507960140705,0.01205005869269371,0.009290310554206371,0.03479743003845215,0.08274464309215546,0.954092800617218,0.945635199546814
The surface of the Earth is mostly covered in,The surface of the densest planet in the Solar System is mostly covered in,The surface of the Earth,The surface of the densest planet in the Solar System, water,0.0001085037729353644,0.00011784057278418913,0.0001357170840492472,0.00010372372344136238,8.532591164112091e-05,3.0220169719541445e-05,3.928194928448647e-05,2.9311910111573525e-05,4.758135764859617e-05,0.00043068843660876155,8.403923129662871e-05,3.6861267290078104e-05,1.2521320968517102e-05,4.085652108187787e-05,4.643346619559452e-05,1.6692012650310062e-05,0.0001427823881385848,9.856191172730178e-05,0.0002227843360742554,0.0001273011148441583,0.00014035087951924652,0.0001307110651396215,0.00018679839558899403,4.023252040497027e-05,0.00024924962781369686,0.00024617466260679066,0.00027337082428857684,0.00043721534893848,0.013827305287122726,0.0024590534158051014,0.004657051060348749,0.0025258217938244343,0.005515233147889376,0.0034770965576171875,0.002834990853443742,0.018138326704502106,0.00577244209125638,0.004758530296385288,0.0014101186534389853,0.0012023297604173422,0.0010800899472087622,0.000597446458414197,0.0006614813464693725,0.0028880254831165075,0.0016799899749457836,0.004159796051681042,0.05024844408035278,0.05391993373632431,0.05920415371656418,0.11684740334749222,0.06096944212913513,0.15803375840187073,0.1835167557001114,0.8274067640304565,0.9929038882255554,0.9907923936843872,0.9887429475784302,0.9695522785186768,0.9139263033866882,0.9907825589179993,0.9313192963600159,0.9617918133735657,0.9609573483467102,0.8858687281608582,0.8410608172416687,0.6106828451156616,0.38219496607780457,0.24854186177253723,0.1457238793373108,0.3265342116355896,0.138255313038826,0.14501804113388062,0.044258683919906616,0.14292137324810028,0.2026233822107315,0.27436164021492004,0.1793270707130432,0.3837798833847046,0.4725712239742279,0.39580607414245605,0.0253811776638031,0.8364512920379639
Columbus' expedition led to the,The first spanish explorer to land in the Americas' expedition led to the,Columbus' expedition,The first spanish explorer to land in the Americas' expedition, discovery,0.0001251770299859345,0.00016983739624265581,0.00035265134647488594,0.00046909911907278,0.0003620114002842456,0.0010791715467348695,0.0003392802900634706,7.378809095826e-05,1.9321125364513136e-05,3.9169652154669166e-05,6.896971171954647e-05,8.195749251171947e-05,0.00026987941237166524,0.00026400579372420907,0.0005165318143554032,0.0016611788887530565,0.000993436435237527,0.00041450021672062576,0.00010547522833803669,4.889492265647277e-05,0.0001486074907006696,0.00021473289234563708,0.0002627883804962039,0.0009766718139871955,0.0026664852630347013,0.0009620619239285588,0.004674158059060574,0.004959881771355867,0.006112231407314539,0.0037840234581381083,0.003506674198433757,0.002691530156880617,0.006943630054593086,0.0008343642693944275,0.00022304664889816195,6.583496724488214e-05,0.00012919900473207235,5.5513712140964344e-05,0.00016501260688528419,8.484083082294092e-05,1.4974493751651607e-05,2.3940117898746394e-05,3.46716706189909e-06,6.935848432476632e-06,4.0220706978288945e-06,4.8783924455619854e-08,3.0103836934358696e-07,1.5852252488457452e-07,2.178474645120332e-08,1.1854837111968664e-08,1.2613265099048476e-08,6.149544429234766e-09,4.605415604430618e-09,2.3966649109752325e-08,1.88761646313651e-08,1.0771621816729748e-08,5.242360501256371e-08,1.9965487041417873e-08,1.266447497982881e-07,2.426198477678554e-07,3.0290638619590027e-07,2.4697411049601214e-07,8.785854532789017e-08,2.0995128124923212e-07,3.4355064570945615e-08,3.211668442304472e-08,3.48370576830348e-08,5.116013213068982e-08,1.0654814275312674e-07,1.8806222357170554e-08,8.733127110360783e-09,1.9378722626584022e-08,4.9002801816300234e-09,1.2918801139960578e-08,2.259228359946519e-09,8.902963921642026e-10,3.565054640386478e-10,4.085972449274777e-09,6.998505774902242e-09,6.273582986437987e-09,0.15395772457122803,0.03927033022046089
Royce Gracie was born in the country of,The first champion of the UFC was born in the country of,Royce Gracie,The first champion of the UFC, Brazil,8.92839852895122e-06,8.24381822894793e-06,1.2455196156224702e-05,2.6333160349167883e-05,3.593698420445435e-05,3.978133463533595e-06,1.265851369680604e-05,4.900303247268312e-05,4.922039238408615e-07,5.878341198695125e-06,5.129174496687483e-06,1.727569178910926e-05,8.555878594052047e-06,7.972430466907099e-06,7.95214236859465e-06,8.367835107492283e-06,7.971380000526551e-06,4.560317847790429e-06,2.271799985464895e-06,9.222156336363696e-07,2.646943357831333e-07,3.688174672333844e-07,1.265326091015595e-06,2.1521620965359034e-06,4.535240805125795e-06,3.311693944851868e-06,3.0358671665453585e-06,1.16874543891754e-05,9.965513527276926e-06,1.7585351088200696e-05,0.00022119330242276192,9.559778845869005e-05,5.1701841584872454e-05,5.723493086406961e-05,0.0001272923982469365,0.00017741335614118725,0.00011507115414133295,0.12218286097049713,0.053320933133363724,0.08745356649160385,0.2822212278842926,0.39247292280197144,0.8303972482681274,0.8730341792106628,0.8690173625946045,0.9533357620239258,0.9225241541862488,0.931221604347229,0.9211080074310303,0.9024632573127747,0.9508037567138672,0.9392738938331604,0.9186650514602661,0.9565305113792419,0.9611257910728455,0.9404492378234863,0.9599332213401794,0.953031063079834,0.9537628889083862,0.9759817719459534,0.9753011465072632,0.9699933528900146,0.9666793942451477,0.9580118060112,0.9609248638153076,0.9220325350761414,0.9697940349578857,0.9634425044059753,0.7376266717910767,0.8278758525848389,0.7357839345932007,0.6190696358680725,0.6572456359863281,0.5899134874343872,0.566422700881958,0.5191223621368408,0.15941184759140015,0.3262168765068054,0.37070295214653015,0.28397873044013977,0.33712396025657654,0.975762665271759
Enzo Ferrari was a lover of the sport of,Henry Ford's competitor was a lover of the sport of,Enzo Ferrari,Henry Ford's competitor, racing,4.509456175583182e-06,3.106272288277978e-06,3.2674333851900883e-06,1.4656750408903463e-06,5.304256092131254e-07,1.5230754968342808e-07,3.497705847621546e-06,1.8978215621245909e-06,4.373367119114846e-06,6.245570602914086e-06,3.492465475574136e-05,1.4631462363468017e-05,3.65130222235166e-06,6.060369742044713e-06,2.6665732093533734e-06,5.352157131710555e-06,5.562161277339328e-06,1.5465989235963207e-06,7.480852218577638e-06,9.683030839369167e-06,0.0001424713700544089,3.4328615583945066e-05,7.407134944514837e-06,3.2442221709061414e-06,9.794984180189203e-06,1.8992708646692336e-05,7.109575562935788e-06,6.809008937125327e-06,6.185994607221801e-06,1.1620014447544236e-05,1.377565240545664e-05,2.653461478985264e-06,3.478939561318839e-06,4.295340204407694e-06,3.2292305149894673e-06,2.326108642591862e-06,2.844960818038089e-06,4.153491772740381e-06,8.121852260956075e-06,2.7070091164205223e-06,4.241816895955708e-06,4.419349806994433e-06,1.0090647265315056e-05,1.878178409242537e-05,8.77211095939856e-06,1.93430114450166e-05,3.22395317198243e-05,1.8474889657227322e-05,1.2860873539466411e-05,1.553861511638388e-05,4.582191650115419e-06,5.875561782886507e-06,7.451693818438798e-06,8.729874025448225e-06,1.1880748388648499e-05,9.939656592905521e-06,8.961032108345535e-06,1.2226256330905017e-05,1.2141495972173288e-05,1.2833153050451074e-05,1.3522303561330773e-05,8.168584827217273e-06,2.729215793806361e-06,1.6954807051661192e-06,3.380999487490044e-06,5.008203515899368e-06,7.998746696102899e-06,1.2555820831039455e-05,3.8764856071793474e-06,2.83856934402138e-06,3.0640997010777937e-06,4.48431865152088e-06,3.999848104285775e-06,1.770566450431943e-05,2.1176610971451737e-05,4.262410948285833e-05,4.750059815705754e-05,7.120786176528782e-05,4.7216224629664794e-05,0.0004184792924206704,0.030070478096604347,0.3565177917480469
California is the most,The bear flag state is the most,California,The bear flag state, populous,3.1538877465209225e-07,2.780020906811842e-07,3.066393503559084e-07,1.484538501017596e-07,2.6504628181101e-07,1.6167554406365525e-07,6.836763333240015e-08,6.35914574331764e-08,5.391117383624078e-07,3.2794960702631215e-07,2.619160341055249e-06,1.476204033679096e-06,4.730288310383912e-06,2.1117468349984847e-05,2.5446068320889026e-05,8.550963684683666e-06,1.0698317964852322e-05,6.071215921110706e-06,5.639520622935379e-06,5.336124104360351e-06,2.0250338366167853e-06,9.98646100924816e-06,1.8144901332561858e-05,1.436373895558063e-05,4.750527295982465e-06,6.115901214798214e-06,1.3110154213791247e-05,3.3623925901338225e-06,2.246214080514619e-06,6.085944050937542e-07,9.883607390293037e-07,2.165617161153932e-06,9.782042980077676e-07,8.556726243114099e-07,6.657675157839549e-07,3.6946285035810433e-06,2.4825653781590518e-06,2.0032450720464112e-06,3.50170398633054e-06,7.463849215127993e-06,1.0207918421656359e-05,1.8194079530076124e-05,1.7051295799319632e-05,1.7331096387351863e-05,3.644879689090885e-05,3.933853440685198e-05,6.34885291219689e-05,0.00011204707698198035,0.0003620643983595073,0.0002240378817077726,0.00035455572651699185,0.0007113335886970162,0.0008136954274959862,0.0009773372439667583,0.0009518785518594086,0.001477311714552343,0.001558458199724555,0.0012602090137079358,0.00023893661273177713,0.00029406341491267085,0.0005720508052036166,0.00023720324679743499,0.0002018237137235701,0.00017167985788546503,0.0001623888238100335,4.822256960324012e-05,4.0515333239454776e-05,4.473206354305148e-05,4.1647748730611056e-05,2.4777093130978756e-05,3.22675914503634e-05,2.8523269065772183e-05,2.7285946998745203e-05,0.00010058117914013565,9.620729542803019e-05,8.78443315741606e-05,2.8929824111401103e-05,4.392379923956469e-05,0.00010344270413042977,0.0004910729476250708,0.5895707607269287,0.8518750071525574
California is the most,The golden bear state is the most,California,The golden bear state, populous,4.958921522302262e-07,3.621628081873496e-07,3.536373185397679e-07,1.698844442898917e-07,2.99208807064133e-07,3.3351861361552437e-07,2.034988000332305e-07,5.142050341078175e-08,4.1533746752975276e-07,1.2414903949320433e-07,5.08083644490398e-07,1.4538439074840426e-07,6.802986831644375e-07,1.2228108516865177e-06,1.8272954775966355e-06,7.36243464416475e-07,1.2465280860851635e-06,1.9026612108064e-06,1.8663000673768693e-06,1.2409936971380375e-06,2.5471641151852964e-07,1.276679881812015e-06,4.173905381321674e-06,4.698518750956282e-06,4.126218300370965e-06,3.11964436150447e-06,1.5374195072581642e-06,1.6157944173755823e-06,2.6687760623644863e-07,1.9284500751837186e-07,1.9350115110228217e-07,2.4339595938727143e-07,1.9255877248269826e-07,1.250289471954602e-07,9.119415267377917e-08,3.3330042015222716e-07,1.9021561570298218e-07,8.531458206562093e-07,6.767908757865371e-07,2.37809649661358e-06,1.904982468659e-06,4.348762104200432e-06,7.1391555138689e-06,3.7053525829833234e-06,7.009723958617542e-06,8.736536074138712e-06,1.0047767318610568e-05,9.271417184208985e-06,3.9782731619197875e-05,1.8562361219665036e-05,3.2072191970655695e-05,6.496797868749127e-05,0.00011053257185267285,7.669408660149202e-05,9.027148189488798e-05,8.970808994490653e-05,0.00014099081454332918,0.0001675943349255249,0.00016898363537620753,0.00017315836157649755,0.00021461109281517565,8.578494453104213e-05,4.100824298802763e-05,5.483561471919529e-05,4.7401179472217336e-05,6.072271571611054e-05,3.678506982396357e-05,3.790019763982855e-05,3.3587319194339216e-05,1.757349309627898e-05,2.2504435037262738e-05,2.8403859687387012e-05,1.8813972928910516e-05,2.9540577088482678e-05,3.118972381344065e-05,2.7229607439949177e-05,3.3026051823981106e-05,0.0001728416100377217,0.00013163898256607354,0.00036400783574208617,0.7714977264404297,0.8518750071525574
Hillary Clinton was a candidate for,Bill Clinton's wife was a candidate for,Hillary Clinton,Bill Clinton's wife, president,0.000129829699289985,0.0008778621559031308,0.0005400219815783203,0.00044116313802078366,0.0015456469263881445,0.003314744681119919,0.0021933529060333967,0.001946324366144836,0.005440794862806797,0.00400607381016016,0.00820214208215475,0.006074286997318268,0.004507530480623245,0.0016844829078763723,0.0006243657553568482,0.00025479981559328735,3.444510366534814e-05,2.2406293282983825e-05,2.5094699594774283e-05,2.0214307369315065e-05,3.0589028483518632e-06,3.988477146776859e-06,3.1620786558050895e-06,1.0364843774368637e-06,6.38531275853893e-07,1.4318463854579022e-06,3.7874514191571507e-07,9.928505306788793e-08,1.034365595842246e-06,2.868857791327173e-07,1.5497836329814163e-06,8.07223443644034e-07,2.0793211206182605e-06,3.2559203191340202e-06,6.914360255905194e-06,6.782564469176577e-06,3.340012654007296e-06,1.3916472198616248e-05,1.5281828382285312e-05,1.3501373359758873e-05,3.777776510105468e-05,2.9517623261199333e-05,1.9418874217080884e-05,0.0001585553545737639,0.00011521212582010776,0.00010734629904618487,0.00014525058213621378,3.0275468816398643e-05,4.4468444684753194e-05,2.324006345588714e-05,7.5055122579215094e-06,6.02779300606926e-06,1.6127216440509073e-05,3.36840093950741e-06,3.859531261696247e-06,1.8131139540855656e-06,3.1240633688867092e-06,2.8371046028041746e-06,1.322941329817695e-06,1.3007840493628464e-07,3.670601472549606e-06,8.9281320470036e-06,3.038804834432085e-06,6.357346364893601e-07,2.9202226414781762e-06,6.49816513487167e-07,1.2316463653405663e-06,4.221602466714103e-06,2.876048483813065e-06,1.1069840866184677e-06,2.6153240469284356e-05,2.2794343749410473e-05,1.555357812321745e-05,3.228650530218147e-05,4.931253715767525e-05,9.411526843905449e-05,0.00011323074431857094,0.0004489092680159956,0.00030176842119544744,0.0001638577232370153,0.2810431718826294,0.0979745090007782
Stephen Hawking worked in the field of,The man who coined the term Hawking Radiation worked in the field of,Stephen Hawking,The man who coined the term Hawking Radiation, quantum,0.0010190409375354648,0.0009005808969959617,0.0007271289941854775,0.0006112772971391678,0.00011094356159446761,0.00023457134375348687,0.00012727394641842693,4.6621931687695906e-05,0.00014239664596971124,0.0001450880226911977,6.327163282549009e-05,5.718994725611992e-05,0.00032402799115516245,0.0003599513729568571,0.00046320646652020514,0.000899939623195678,0.0005209473893046379,1.7076197764254175e-05,7.56305962568149e-05,4.1025177779374644e-05,1.8572791304904968e-05,2.6199275453109294e-05,5.0129296141676605e-05,1.1597923730732873e-05,2.250730403829948e-06,3.61854517905158e-06,8.072805030678865e-06,1.864145133367856e-06,3.803265826718416e-06,2.7588703233050182e-06,1.6195763237192295e-06,2.035463239735691e-06,3.0166352189553436e-06,1.396250354446238e-06,9.87238763627829e-07,4.562114099826431e-06,1.6177032193809282e-06,4.2650245291042665e-07,3.34858043515851e-07,4.621729488007986e-07,2.5996953922913235e-07,2.49993945544702e-07,8.02612518668866e-08,1.7833583854098833e-07,1.2432352036739758e-07,2.531404845740326e-07,1.3958337774511165e-07,1.9373098325559113e-07,1.0758055424275881e-07,1.898601809102729e-08,5.245980005952333e-08,1.7496651594228751e-07,3.7442596578785015e-08,1.712971808842667e-08,1.0169175723717672e-08,1.913574365630666e-08,1.6191417984146028e-08,1.2854835418352195e-08,4.0574676063442894e-08,4.314312107567275e-08,1.2301620699872728e-07,6.667573160257234e-08,1.666228577335005e-08,6.222946069556201e-08,4.7309754336311016e-08,1.595609688820332e-08,4.444183332452667e-08,4.391969810058072e-08,1.0295022434547718e-07,1.0704375164038993e-08,1.3671211718246923e-07,2.3253448944160482e-08,2.3439392649038382e-08,3.4010778193760416e-08,1.7417477238268475e-08,1.784849104069508e-07,3.973314122163174e-08,9.620664798148937e-08,3.953369898113124e-08,6.525954887592889e-08,0.03242792189121246,0.0007420447655022144
Lionel Messi is a champion in the game of,The Argentine forward for Barcelona is a champion in the game of,Lionel Messi,The Argentine forward for Barcelona, football,1.2144161701144185e-05,1.028082533593988e-05,1.1255729077674914e-05,4.593910489347763e-06,2.1480755094671622e-05,4.74806211059331e-06,6.0916904658370186e-06,8.95048742677318e-06,3.056040804949589e-05,0.00011347218242008239,0.0004164421116001904,0.000755807152017951,0.0005626226775348186,0.0011109488550573587,0.00039886601734906435,0.0007910993881523609,0.00010172578186029568,1.5091191016836092e-05,1.8659335182746872e-05,4.737353083328344e-05,0.00020707039220724255,0.0008155260584317148,0.0003087208606302738,0.001183750806376338,0.001034843036904931,0.0007845757645554841,0.0004149449523538351,0.0007390041137114167,0.0003090499376412481,0.00020000932272523642,0.00010080385982291773,0.0006654522730968893,0.0005855732597410679,6.834679516032338e-05,9.158498141914606e-05,0.0002864612324628979,0.00038629447226412594,0.00039165851194411516,0.0002174471883336082,0.00024326369748450816,0.0003751844633370638,0.00010772934911074117,0.00010056947212433442,0.0001787493674783036,0.00023158361727837473,0.0016759020509198308,0.0024330851156264544,0.003029001411050558,0.011071084067225456,0.014238698408007622,0.002966205356642604,0.0028754936065524817,0.011228031478822231,0.0030481840949505568,0.008793890476226807,0.04275033622980118,0.06649185717105865,0.29902055859565735,0.22581373155117035,0.37747642397880554,0.13318252563476562,0.07083387672901154,0.09302307665348053,0.0849963054060936,0.052884459495544434,0.011749659664928913,0.014878952875733376,0.011825270019471645,0.009244789369404316,0.0016386016504839063,0.0022523647639900446,0.003908909857273102,0.0024354110937565565,0.004237825982272625,0.00488261179998517,0.006092407740652561,0.004954836331307888,0.007777385413646698,0.015219303779304028,0.3357180058956146,0.20372545719146729,0.2567017078399658
Microsoft created the operating system for,Bill Gates' company created the operating system for,Microsoft,Bill Gates' company, Windows,8.149901987053454e-06,6.0450570344983134e-06,5.691681053576758e-06,6.688176199531881e-06,2.8322879188635852e-06,5.326528935256647e-06,8.108194379019551e-06,7.017663301667199e-05,1.3617673175758682e-05,3.488261791062541e-05,9.72362540778704e-05,4.004350194009021e-05,2.6619029085850343e-05,2.847785253834445e-05,7.435419320245273e-06,2.491856776032364e-06,1.4596015489587444e-06,2.38270058616763e-06,2.416984898445662e-05,2.5615314370952547e-05,4.551558049570303e-06,3.765262590604834e-05,8.845448610372841e-05,6.73840258968994e-05,0.00013552587188314646,0.00023341011547017843,0.0001439488842152059,0.00021612114505842328,0.00012925743067171425,0.0002571697114035487,0.00026553927455097437,9.931800013873726e-05,5.6663626310182735e-05,0.00045274352305568755,0.00024251196009572595,0.0003883200406562537,0.0033903815783560276,0.007272128481417894,0.013677448965609074,0.05378718674182892,0.04989687353372574,0.0265479888767004,0.014423388987779617,0.006072604563087225,0.0027008927427232265,0.00604784581810236,0.0038774472195655107,0.0038340927567332983,0.005352156236767769,0.0010838073212653399,0.0006086542271077633,0.0005836387863382697,0.0002831453166436404,0.000173924068803899,3.8847694668220356e-05,2.2070484192227013e-05,6.548350484081311e-06,5.599906216957606e-06,8.579013410781045e-06,1.1536421880009584e-05,3.427480578466202e-06,1.2916685818709084e-06,1.6999960052999086e-06,3.469795501587214e-06,1.928460733324755e-06,3.232125209251535e-06,2.197656385760638e-06,4.023213932669023e-06,3.4957454317918746e-06,7.962845302245114e-06,1.0568146535661072e-05,1.0835758985194843e-05,4.7235876081686e-06,4.826978056371445e-06,5.7325219131598715e-06,5.329437954060268e-06,1.1441698006819934e-05,2.0534464056254365e-05,4.863468711846508e-05,0.00021473442029673606,0.040170662105083466,0.039419837296009064
James Bond works for the,Agent 007 works for the,James Bond,Agent 007, British,0.0002995703835040331,0.0002604037872515619,0.00018432518118061125,0.00019796025299001485,0.0003963484487030655,0.0003830832720268518,0.0001016660753521137,2.5138659111689776e-05,5.35434992343653e-05,7.497789920307696e-05,0.00021465116878971457,2.089297049678862e-05,1.145449550676858e-05,2.352546653128229e-05,1.13053283712361e-05,1.1801328582805581e-05,2.3250962840393186e-05,8.56781753100222e-06,2.0696359570138156e-05,9.074224749383575e-07,9.650977972341934e-07,7.877133043621143e-07,0.00010724616731749848,6.551572369062342e-06,5.637217327603139e-06,7.749174073978793e-06,6.791791292926064e-06,3.3705562145769363e-06,2.147106351912953e-05,3.104248389718123e-05,3.1129561648413073e-06,1.7937552911462262e-05,1.248178341484163e-05,5.80569394514896e-05,1.313354823651025e-05,3.9494112570537254e-05,3.718783045769669e-05,0.0020663891918957233,0.0006457289564423263,0.0002282885689055547,0.0005146179464645684,0.00015841081039980054,0.001873706583864987,0.00030097769922576845,6.336357910186052e-05,0.0002414332120679319,0.0003304202691651881,0.0003755349898710847,0.0009276402415707707,0.000988554093055427,0.0010894853621721268,0.0013440269976854324,0.0011796210892498493,0.001346498727798462,0.0010646615410223603,0.01416871603578329,0.026132388040423393,0.01563442125916481,0.01337737962603569,0.00781919900327921,0.012160704471170902,0.0067732431925833225,0.0004995130002498627,0.0011691085528582335,0.0007049214327707887,0.0010335997212678194,0.0011176909320056438,0.0008924186695367098,0.0031107726972550154,0.008109633810818195,0.01259568240493536,0.07481757551431656,0.040702831000089645,0.062345754355192184,0.08713307976722717,0.05394637584686279,0.07003038376569748,0.016492146998643875,0.019674865528941154,0.062119219452142715,0.5636236667633057,0.5119829177856445
Alan Turing devised a way to break the ciphers made from the machine called the,The father of computer science devised a way to break the ciphers made from the machine called the,Alan Turing,The father of computer science, enigma,0.00011680491297738627,0.00011298713070573285,0.00017855946498457342,0.0001331782987108454,0.00011133382940897718,0.0022776531986892223,0.0005331467837095261,0.00015423072909470648,0.00016122944361995906,3.289245069026947e-05,0.0001045311291818507,9.432582010049373e-05,4.588325828080997e-05,3.594428926589899e-05,7.65853746997891e-06,9.85157566901762e-06,5.6445092013746034e-06,9.932829243552987e-07,1.7768746829460724e-06,3.6818354942624865e-07,1.45036864296344e-07,2.5359764777022065e-07,3.6463887909121695e-07,6.375518069035024e-07,1.8857576833397616e-07,3.616165997755161e-07,2.950596069695166e-07,1.4834171224720194e-06,1.4035144602075889e-07,1.30092956851513e-07,2.4475693294334633e-07,1.1833798225779901e-06,7.18071859751035e-08,3.705920335050905e-07,1.2270376146261697e-06,3.5842101624439238e-06,5.898156700823165e-07,1.3654511121785617e-06,5.652518211718416e-06,1.168597191281151e-05,4.41083284385968e-06,2.812525417539291e-05,2.4839924662956037e-05,5.323235018295236e-05,2.079083424177952e-05,5.75266881241987e-07,7.14374664312345e-06,9.47445096244337e-06,7.448988526448375e-06,1.574634006829001e-05,1.085846724890871e-05,3.406775067560375e-05,0.0003211294242646545,0.0006163014331832528,0.000658045697491616,0.0032393024303019047,0.003676728345453739,0.0004540678928606212,0.00027280967333354056,8.000540401553735e-05,0.0005801327060908079,0.0011416454799473286,0.0005120367277413607,0.0010770302033051848,0.0009722620015963912,0.000335946271661669,0.003950057085603476,0.0010397471487522125,0.011135431937873363,0.0051988353952765465,0.004112994764000177,0.0038538742810487747,0.005183088593184948,0.0064713857136666775,0.01086013950407505,0.0006631629657931626,0.09445273876190186,0.07567604631185532,0.01096415612846613,0.01791296899318695,0.007564171217381954,0.025896204635500908
Tim Cook was the CEO of Apple that oversaw the introduction of the Apple,Steve Jobs' successor oversaw the introduction of the Apple,Tim Cook,Steve Jobs' successor, Watch,2.6925772544927895e-05,7.698892659391277e-06,1.0616739928082097e-05,3.7520951536862412e-06,3.5962211768492125e-06,3.917983121937141e-06,9.573564966558479e-06,6.722990292473696e-06,6.176312126626726e-06,9.408179721503984e-06,1.180425169877708e-05,1.0988770554831717e-05,4.077981793670915e-05,2.254849096061662e-05,1.181328025268158e-05,2.179480588893057e-06,3.642448064056225e-06,2.039013270405121e-05,2.251514706586022e-05,3.9563510654261336e-06,2.1367627596191596e-06,5.40367909707129e-06,5.949955721007427e-06,8.072865966823883e-06,1.3428289094008505e-05,2.156558184651658e-05,2.0490306269493885e-05,7.279469718923792e-05,0.00019896397134289145,8.975186938187107e-05,3.5815573937725276e-05,6.402827239071485e-06,1.3451823178911582e-05,1.4086707778915297e-05,2.1166750229895115e-05,3.5621447750600055e-05,2.0802264771191403e-05,9.803070133784786e-05,6.353096250677481e-05,0.00023542018607258797,0.0007889759144745767,0.0006541174952872097,0.0019239253597334027,0.0038657505065202713,0.003843872807919979,0.0026078149676322937,0.006014799699187279,0.010806913487613201,0.14471669495105743,0.1789940446615219,0.2733460068702698,0.24559371173381805,0.25306570529937744,0.6829023957252502,0.6443465352058411,0.6144217252731323,0.36951225996017456,0.4496397078037262,0.3775036931037903,0.5140926241874695,0.5534824132919312,0.6022636890411377,0.49001026153564453,0.6578343510627747,0.5774685740470886,0.6060388684272766,0.7126746773719788,0.740618884563446,0.6441672444343567,0.6373869776725769,0.28427907824516296,0.3389837443828583,0.31226593255996704,0.26135319471359253,0.3552660644054413,0.3172405958175659,0.31201618909835815,0.15239697694778442,0.10807827860116959,0.09945540875196457,0.9393163919448853,0.8792822957038879
Michael Jackson released the best-selling album of all time which is named,The King of Pop released the best-selling album of all time which is named,Michael Jackson,The King of Pop's, Thriller,2.0377152395667508e-05,1.826806692406535e-05,2.1578338419203646e-05,2.547740450609126e-06,1.038340815284755e-05,2.9903714676038362e-05,1.2460117432055995e-05,1.7154403394670226e-05,2.132321924364078e-06,1.4352405742101837e-05,6.930759809620213e-06,1.544112637930084e-05,1.926619006553665e-06,9.213155180987087e-07,1.222397827405075e-06,1.0153522680411697e-06,1.1036135560971161e-07,6.314138545349124e-07,1.4649999684479553e-06,5.081861687017408e-08,1.1010539537892328e-06,8.825644499665941e-07,4.204625838610809e-06,1.2413391914378735e-06,2.658271796462941e-06,7.707946565460588e-07,1.5555621075691306e-06,2.8563631531142164e-06,3.186606591043528e-06,8.657118087285198e-06,5.575830982706975e-06,4.96427219331963e-06,1.5835075828363188e-05,5.095614596939413e-06,4.15845715906471e-06,7.677032044739462e-06,2.9962336611788487e-06,2.612413481983822e-05,2.1885629394091666e-05,8.396239536523353e-06,1.4505189938063268e-05,1.2631888239411637e-05,1.1432951396272983e-05,4.9248333198192995e-06,3.5105945244140457e-06,2.2650472146779066e-06,1.6813496586109977e-06,2.6105772121809423e-06,3.3028657071554335e-06,9.051316737895831e-06,2.7495350423123455e-06,1.2109666158721666e-06,1.3170683814678341e-06,8.612755095782632e-07,2.1713617570640054e-06,9.256748967345629e-07,1.7780839698389173e-06,2.762784333754098e-06,1.6147288306456176e-06,1.4369486507348483e-06,6.042137812301007e-08,1.3762405615125317e-06,3.1859979117143666e-06,2.223399917511415e-07,5.032739863963798e-06,3.7714007703470998e-06,1.3798866120851017e-06,2.6078919290739577e-06,3.482667580101406e-06,4.669210738939e-06,6.933116765139857e-06,3.0395478916034335e-06,1.910988794406876e-05,7.265345630003139e-06,8.669544513395522e-06,0.0004808574740309268,0.0012928362702950835,0.0004675280360970646,0.000850992975756526,0.0023797741159796715,0.10444144904613495,0.08601253479719162
Chicago is the where the World's Columbian Exposition took place in the year of,The Windy City is where the World's Columbian Exposition took place in the year of,Chicago,The Windy City, 1893,0.03685394674539566,0.08701464533805847,0.031647853553295135,0.03477027267217636,0.28237634897232056,0.02797625958919525,0.34962764382362366,0.9243886470794678,0.6726763248443604,0.7577812671661377,0.8129410743713379,0.4215478301048279,0.9283517003059387,0.26031428575515747,0.7785364389419556,0.2168869972229004,0.02440127730369568,0.32228103280067444,0.8371100425720215,0.07399541139602661,0.22792764008045197,0.1333264261484146,0.03622045740485191,0.0035320648457854986,0.006224540527909994,0.03921416029334068,0.0061551653780043125,0.8747766017913818,0.05172588676214218,0.4014045298099518,0.1329767256975174,0.6427170634269714,0.9719170331954956,0.9842545986175537,0.9954158067703247,0.971836268901825,0.9697161316871643,0.9031394124031067,0.7464731335639954,0.9932363629341125,0.9715828895568848,0.9620673656463623,0.9981885552406311,0.9798756837844849,0.9916374087333679,0.9931820034980774,0.9983193278312683,0.9995934367179871,0.9948182702064514,0.9987785220146179,0.9991773962974548,0.9992746710777283,0.9969198703765869,0.9832454919815063,0.9997473359107971,0.9997979998588562,0.9987233281135559,0.9999749660491943,0.9965248703956604,0.9923428893089294,0.9998713731765747,0.9996775388717651,0.9998192191123962,0.9998915195465088,0.998717188835144,0.9983793497085571,0.9975091218948364,0.9996247291564941,0.9992326498031616,0.9997838139533997,0.9982112646102905,0.9969610571861267,0.9996910095214844,0.9946416616439819,0.9992282390594482,0.9995749592781067,0.9892238974571228,0.9631397128105164,0.9453848004341125,0.8296387195587158,0.9391855597496033,0.9626466631889343
Robespierre executed many of his ideological opponents during the,The architect of the reign of terror executed many of his ideological opponents during the,Robespierre,The architect of the reign of terror, French Revolution,8.90536539372988e-05,4.9284935812465847e-05,8.937691018218175e-05,8.615953265689313e-05,0.0003026965132448822,0.00033433656790293753,0.0002525450545363128,0.00010231371561530977,0.00013164148549549282,3.0978717404650524e-05,0.00037410762161016464,0.00020231385133229196,0.0002519027329981327,0.00013314445095602423,4.927456393488683e-05,2.1968880901113153e-05,3.125937291770242e-05,1.1202578207303304e-05,3.495034252409823e-05,0.00010862736962735653,3.615611421992071e-05,9.466946721659042e-06,3.175054007442668e-05,7.361885946011171e-05,0.00015899277059361339,0.00014279893366619945,9.844858868746087e-05,0.0003386146854609251,0.00032417275360785425,6.333418423309922e-05,7.515142442571232e-06,1.0325201401428785e-05,0.00010316051339032128,7.230859773699194e-05,5.234267155174166e-05,3.031975393241737e-05,5.3215306252241135e-05,0.01562657579779625,0.006424933206290007,0.005945638287812471,0.0042573525570333,0.003045981051400304,0.0003627617552410811,0.00037134962622076273,0.00038656778633594513,0.00022868068481329829,0.00020020036026835442,0.00042911499622277915,0.000425771257141605,0.00032500948873348534,0.00010693040530895814,0.00010563044634182006,0.00021991920948494226,9.486250928603113e-05,6.38692727079615e-05,0.001523711602203548,0.0007569420267827809,0.00025968963745981455,0.0001876552269095555,3.3948104828596115e-05,1.909682214318309e-05,3.110175748588517e-05,2.3164253434515558e-05,4.23588280682452e-05,1.6161187886609696e-05,5.9760943258879706e-05,0.00020471200696192682,3.119886605418287e-05,0.00011302201892249286,7.073075539665297e-05,8.510063344147056e-05,2.9413589800242335e-05,2.1758416551165283e-05,1.3252286407805514e-05,1.608092475180456e-06,6.18197736912407e-06,6.428856977436226e-06,4.252015787642449e-05,9.320255048805848e-05,4.4282984163146466e-05,0.32218557596206665,0.03798162564635277
Australia has a jumping marsupial animal called a,The big country near New Zealand has a jumping marsupial animal called a,Australia,The big country near New Zealand, Kangaroo,3.995127428879641e-07,8.611796715740638e-07,4.85512828163337e-07,4.3786607761830965e-07,3.4898570788755023e-07,7.740192700111947e-07,4.261451067577582e-06,9.728638588057947e-07,1.390587271998811e-06,4.192795586277498e-06,2.8582213417394087e-05,6.288102304097265e-05,0.00011120842100353912,0.0002861242392100394,1.2165834050392732e-05,2.4229557311628014e-05,3.1189607398118824e-05,9.810310984903481e-06,6.641511390625965e-06,1.4747745808563195e-05,3.908516646333737e-06,6.832337476225803e-06,7.94848983787233e-06,3.392291546333581e-06,7.017270036158152e-06,1.0316628504369874e-05,8.028645424928982e-06,1.1854180229420308e-05,2.3000737201073207e-05,6.629838753724471e-05,1.686223185970448e-05,2.6657580747269094e-05,8.651395546621643e-06,3.636609108070843e-06,3.4523680369602516e-05,4.734206959255971e-05,7.148347776819719e-06,4.431551860761829e-05,4.173530396656133e-05,4.7624715080019087e-05,2.938890793302562e-05,0.0001324824261246249,0.0003036955604329705,0.0002225469652330503,9.36882287305707e-08,2.634528073031106e-06,1.8268389112563455e-06,1.8554924281488638e-06,5.554651579586789e-06,2.593425233499147e-05,0.0007985104457475245,0.02266523987054825,0.04907090589404106,0.028750427067279816,0.0465010404586792,0.024487216025590897,0.033833544701337814,0.020370405167341232,0.013953473418951035,0.00573576707392931,0.0015054835239425302,0.0005501106497831643,0.0001544093684060499,0.0001769181981217116,0.0001559211959829554,4.649699621950276e-05,1.305807654716773e-05,1.9039401877307682e-06,1.0161645604966907e-06,1.0690343970054528e-06,1.602874135642196e-06,2.7210614916839404e-06,6.785354798921617e-06,2.0484642391238594e-06,3.7483519008674193e-06,1.0689647069739294e-06,8.504607649229001e-07,1.8310278164790361e-06,3.5171381114196265e-06,6.12273743172409e-06,0.01699666492640972,0.02223219722509384
Arnold Schwarzenegger was born in the country of,The bodybuilding governor of California was born in the country of,Arnold Schwarzenegger,The bodybuilding governor of California, Austria,1.520906266705424e-06,1.143881604548369e-06,6.895800197526114e-07,1.241936502083263e-06,2.8698041205643676e-06,4.3623936107906047e-07,3.570334001778974e-06,1.1245695077377604e-06,3.9864570311465286e-08,2.2406006792152766e-06,2.2485487534140702e-06,1.840948698372813e-06,4.170401098235743e-06,4.033811364934081e-06,3.513196588755818e-06,8.121556334117486e-07,1.491006628384639e-06,5.858114946022397e-06,7.732747690170072e-06,5.458956366055645e-06,5.256231361272512e-06,3.6693916172225727e-06,3.831572030321695e-06,2.92427466774825e-06,1.8887567421188578e-06,1.5997201217032853e-06,4.6204449972719885e-06,6.6240177147847135e-06,8.48178387968801e-06,4.417093441588804e-05,4.55636291007977e-05,3.091619873885065e-05,1.853733920142986e-05,2.3366219465970062e-05,9.581084304954857e-05,0.00010625331196933985,5.69783805985935e-05,0.01051402185112238,0.004886232782155275,0.003955909051001072,0.0026127423625439405,0.0071404543705284595,0.7620794773101807,0.8060377240180969,0.7880477905273438,0.9734596014022827,0.9791415333747864,0.9301528930664062,0.935807466506958,0.9686148166656494,0.964954137802124,0.9433438777923584,0.9676640629768372,0.9748396277427673,0.9856522083282471,0.9861857295036316,0.9952861666679382,0.9936595559120178,0.991969883441925,0.9903414249420166,0.9790331721305847,0.9753284454345703,0.9737516045570374,0.9885903000831604,0.9866300821304321,0.9798581600189209,0.9774378538131714,0.9651309847831726,0.9590404629707336,0.9385741949081421,0.8929849863052368,0.6151687502861023,0.4090663194656372,0.6884143352508545,0.5162427425384521,0.05535595491528511,0.15050196647644043,0.03585318103432655,0.08297459781169891,0.08051058650016785,0.7847685813903809,0.8113072514533997
The largest university in Ohio is called The,The largest university in the Buckeye State is called The,Ohio,The Buckeye State, Ohio State University,1.2915495062770788e-05,2.2814821932115592e-05,1.6952557416516356e-05,1.1341157915012445e-05,2.9970098694320768e-05,4.5368979044724256e-05,1.343156418442959e-05,5.003648766432889e-06,1.1022212675015908e-05,2.2275207811617292e-05,4.7224679292412475e-05,3.400669083930552e-05,5.693971979781054e-05,7.04978228895925e-05,9.766228322405368e-05,8.72484888532199e-05,8.251525287050754e-05,0.00016176109784282744,7.714573439443484e-05,0.00012269814033061266,3.3677712053759024e-05,0.0006392032373696566,0.005021267104893923,0.002046565292403102,0.0004908660775981843,0.0012302445247769356,0.003062392584979534,0.04476289078593254,0.12850701808929443,0.005008585285395384,0.00013087077240925282,0.0041810437105596066,0.0010154065676033497,0.01442760694772005,0.0007365774363279343,0.00036736467154696584,0.00175616389606148,0.017611714079976082,0.002252947073429823,0.0066564492881298065,0.0009903826285153627,0.005389294121414423,0.0001204547515953891,0.00015707830607425421,3.0384240744751878e-05,0.02356298826634884,0.0832212045788765,0.3095346987247467,0.004535021260380745,0.9833153486251831,0.6348543167114258,0.38901737332344055,0.080581434071064,0.4742268919944763,0.15343329310417175,0.8620519042015076,0.04015040770173073,0.18347308039665222,0.8598847389221191,0.007774306461215019,0.052312541753053665,0.24285151064395905,0.14395730197429657,0.07952141016721725,0.12150971591472626,0.1451062262058258,0.1617744117975235,0.10011027753353119,0.5605378150939941,0.3756943941116333,0.3324319124221802,0.5010146498680115,0.6784304976463318,0.6047052145004272,0.625130295753479,0.7181708812713623,0.5989458560943604,0.5069229602813721,0.7928155660629272,0.7977001667022705,0.9989264607429504,0.9977618455886841
"Canadians call their $1 coin a ""loonie"" because this type of bird appears on it","Canadians call their $1 coin a ""loonie"" because this type of winged animal appears on it",bird,winged animal, Common Loon,6.186074301695044e-07,1.7592716403669328e-06,2.8461861347750528e-06,1.1376929251127876e-05,3.229730964449118e-06,1.951713102243957e-06,1.1720466318365652e-05,1.6137933926074766e-05,1.8349522861171863e-06,2.5212025320797693e-06,8.120250640786253e-06,6.672972176602343e-06,2.052466925306362e-06,3.05786812759834e-07,3.3278020339366776e-08,2.88710388929303e-08,3.787835112234461e-07,1.3712548025068827e-05,3.7036429603176657e-06,4.811680014427111e-07,1.4536300341205788e-07,2.0692674240763154e-07,4.109572842025955e-07,2.8208191906742286e-06,1.2791801395906077e-07,1.1827053185697878e-06,2.9346571750465955e-07,5.725536311729229e-07,5.223945365173677e-08,6.235841709667511e-08,7.515580477956973e-07,4.303610694478266e-07,7.731736673122214e-08,5.296989229464089e-07,9.77723516371043e-07,8.871361387718935e-07,3.106480562564684e-06,5.395986590883695e-07,3.2620985734865826e-07,5.420716206572251e-06,7.154820309551724e-07,7.757259936624905e-07,9.87694832588204e-08,3.6364286870593787e-07,1.5795632180015673e-07,1.019174789007593e-07,1.7285623243878945e-07,5.884310780857049e-07,3.3074024941015523e-07,2.071897711175552e-07,3.221543209974698e-08,7.349309782966884e-08,7.619154729354705e-08,1.3355300865214303e-08,3.751822674757932e-08,1.8335946094794053e-08,4.717747259519456e-08,2.942315404652618e-07,3.4023283745909794e-08,1.4877936393986602e-07,1.3947257571089722e-07,6.667555112471746e-07,7.789430469529179e-07,7.691085670558095e-07,1.6706436554159154e-06,4.0039356008492177e-07,5.244411340754596e-07,1.481557546867407e-06,2.0111674530198798e-06,6.5986400841211434e-06,8.530192644684575e-06,2.793825387925608e-06,7.750214194857108e-07,2.096797970807529e-06,2.2651553877039987e-07,8.094716008599789e-07,1.3819665127812186e-06,1.1985584933427162e-06,2.4234780084952945e-06,2.7536841571418336e-06,1.0556457397115082e-07,1.2490079370763851e-07
The University of Chicago is located in Chicago neighborhood of,The university with the most Nobel Prizes is located in the Chicago neighborhood of,The University of Chicago,The university with the most Nobel Prizes, Hyde Park,8.813800889129197e-08,2.578566409283667e-07,8.393697470410189e-08,2.1723670329265587e-07,4.385332772471884e-07,1.0503139264983474e-06,1.1692642374327988e-06,2.6374507342552533e-06,5.186337602935964e-06,1.2445105312508531e-05,1.10322635009652e-05,3.194809323758818e-05,2.647835572133772e-05,2.689862230909057e-05,9.69251268543303e-05,7.221764826681465e-05,9.226133988704532e-05,0.0001068852943717502,9.054016845766455e-05,0.00022579089272767305,3.2172927603824064e-05,1.0922446563199628e-05,2.17122051253682e-05,1.3108786333759781e-05,2.9100177926011384e-05,1.3190129720896948e-05,7.6073033596912865e-06,1.7577380276634358e-05,1.481321123719681e-05,5.3959567594574764e-05,4.282025474822149e-05,1.6076364772743545e-05,2.597184357000515e-05,3.174710855091689e-06,1.0073027624457609e-05,6.314687198027968e-06,2.79547821264714e-05,2.2245287254918367e-05,0.00012017672270303592,0.00012357599916867912,9.372968634124845e-05,2.829833647410851e-05,0.0002865309943445027,0.00011974829249083996,0.0005846218555234373,0.00041322282049804926,0.0007001691265031695,0.0028860229067504406,0.00627016369253397,0.011197280138731003,0.015647608786821365,0.013951019383966923,0.0043227169662714005,0.013426234945654869,0.004056897480040789,0.008510727435350418,0.008803533390164375,0.009342544712126255,0.004368736874312162,0.004800999537110329,0.0018124155467376113,0.000749229162465781,0.0009220403153449297,0.00042200545431114733,0.00043426905176602304,0.00016248802421614528,9.283827239414677e-05,0.00014829188876319677,6.641418440267444e-05,0.0004330378142185509,0.0004684610175900161,0.0009615740855224431,0.0017868217546492815,0.00037309128674678504,0.00044511855230666697,0.001788586494512856,0.004557030741125345,0.024000374600291252,0.04030195251107216,0.11984743177890778,0.9913709163665771,0.973511815071106
"Después de las guerras de independencia hispanoamericanas, Simón Bolívar estableció la nación de la","Después de las guerras de independencia hispanoamericanas, el libertador estableció la nación de la",Simon Bolivar,el libertador, Gran Colombia,3.284405920567224e-07,1.8379324728812207e-07,2.2345574279825087e-07,3.5518849017535103e-07,6.090774036238145e-07,1.8176338301145734e-07,2.6961706112160755e-07,2.2884643158249673e-07,1.4922310356269008e-06,8.269130375992972e-06,1.3319044228410348e-05,3.063913709411281e-06,1.1145038115500938e-05,1.4080996152188163e-05,2.2721991626895033e-05,2.485086406522896e-05,2.1906200800003717e-06,2.6795232770382427e-06,9.358665806757926e-07,1.9762153442570707e-06,2.8579846912180074e-05,3.0449358746409416e-05,8.89741386345122e-06,6.960779501241632e-06,2.305840826011263e-05,2.3516346118412912e-05,1.2232486369612161e-05,6.0255311836954206e-05,1.037144011206692e-05,1.1445065865700599e-05,2.6541862098383717e-05,2.8135593311162665e-05,4.960987644153647e-05,0.00013202444824855775,0.0002495697408448905,9.835704986471683e-05,0.00011325305968057364,5.785264875157736e-05,2.0211333321640268e-05,6.777237285859883e-05,0.00024685170501470566,0.001941145514138043,0.002285732887685299,0.004213829059153795,0.006884981412440538,0.01580321602523327,0.01537304650992155,0.011343743652105331,0.004481230862438679,0.0031217006035149097,0.00296933576464653,0.0011769025586545467,0.0007215691730380058,0.0007176176877692342,0.0018047753255814314,0.0018077652202919126,0.0022051518317312002,0.0015123540069907904,0.004937493707984686,0.013264717534184456,0.01101911161094904,0.013548244722187519,0.04871439188718796,0.20512136816978455,0.2407812476158142,0.5856994390487671,0.7635937333106995,0.2779622972011566,0.37238046526908875,0.7084837555885315,0.7273542284965515,0.7660902142524719,0.7850653529167175,0.7781912088394165,0.5759027600288391,0.8214685320854187,0.7081148624420166,0.9373818635940552,0.33396413922309875,0.7220169305801392,0.9752840399742126,0.9954063892364502
Bill Gates was born in the city of,The founder of Microsoft was born in the city of,Bill Gates,The founder of Microsoft, Seattle,7.732016456429847e-06,7.82491588324774e-06,1.1500188520585652e-05,1.4217790521797724e-05,2.5008219381561503e-05,6.134024260973092e-06,4.410250767250545e-06,3.06660126625502e-06,9.269525435229298e-06,2.2950380298425443e-05,0.00015347229782491922,5.175635305931792e-05,1.726982372929342e-05,1.4698962331749499e-05,1.3462376045936253e-05,2.131087239831686e-05,1.8049093341687694e-05,9.405936907569412e-06,5.1258721214253455e-05,2.48006358560815e-06,2.46072650043061e-05,2.073846735584084e-05,4.089730282430537e-06,2.2241581518755993e-06,1.157299834630976e-06,1.0395168601462501e-06,1.468119762648712e-06,1.9904100554413162e-05,5.007947038393468e-05,0.0002023698907578364,0.0003656516200862825,0.00016131352458614856,0.011644992977380753,0.00857663992792368,0.018357276916503906,0.06220734864473343,0.02173958159983158,0.9085817337036133,0.9405249357223511,0.33052369952201843,0.3414391875267029,0.2276308387517929,0.051279935985803604,0.041959721595048904,0.24202263355255127,0.09605497121810913,0.06850410997867584,0.7993842363357544,0.7414376139640808,0.8009656667709351,0.4613229036331177,0.7249383926391602,0.6677622199058533,0.8766889572143555,0.8983590006828308,0.525270402431488,0.8965203166007996,0.912541925907135,0.8721458911895752,0.8784019947052002,0.74910968542099,0.7853227853775024,0.7889997363090515,0.6163150668144226,0.49870267510414124,0.4251883029937744,0.6299015283584595,0.6893089413642883,0.5357128977775574,0.08300350606441498,0.0619783028960228,0.024777187034487724,0.044963616877794266,0.07831720262765884,0.02352183870971203,0.2273523360490799,0.01345412340015173,0.012720860540866852,0.015556032769382,0.01112986821681261,0.9605536460876465,0.9604517817497253
Nelson Mandela brought an end to,The first president of South Africa brought an end to,Nelson Mandela,The first president of South Africa, Apartheid,0.0005415039486251771,0.0012155829463154078,0.000663083977997303,0.0005740312044508755,0.0001055442335200496,4.097418423043564e-05,9.169455006485805e-05,7.09987070877105e-05,5.804195097880438e-05,0.0001550910237710923,0.00021274633763823658,0.0001492573064751923,0.00012557052832562476,2.316575228178408e-05,5.105628588353284e-05,0.00011561801511561498,2.2199415980139747e-05,1.3262791981105693e-05,0.0009344089194200933,0.00035906850825995207,0.0010634150821715593,0.0001262275909539312,1.1446179087215569e-05,0.0004519000358413905,0.0004976827767677605,4.6890840167179704e-05,5.4335512686520815e-05,7.74756190367043e-05,0.0001487536501372233,3.401003141334513e-06,5.021900051360717e-06,1.7039596059476025e-05,1.1162987902935129e-05,0.0002757041365839541,0.00021661790378857404,3.0789040465606377e-05,4.795126733370125e-05,1.328746566287009e-05,2.4992314138216898e-06,2.075920747302007e-06,1.447006411581242e-06,1.6060348571045324e-05,7.911842658359092e-06,1.686538780631963e-05,3.7300469557521865e-05,0.00011711733532138169,5.616456473944709e-05,7.046107384667266e-06,6.104821750341216e-07,3.2879186164791463e-06,2.7642465738608735e-06,4.5913999201729894e-05,6.511300307465717e-05,2.169648178096395e-05,6.764129921066342e-06,3.2159553029487142e-06,3.765965084312484e-05,1.6109088392113335e-05,5.242933980298403e-07,1.836078445194289e-05,1.3172753824619576e-05,1.7493541236035526e-05,3.661505616037175e-05,7.586659921798855e-05,1.377574972138973e-05,1.7186706827487797e-05,3.530718095134944e-05,2.8073880457668565e-05,0.0002797080378513783,8.218714242502756e-07,1.4856100278848317e-06,2.111781896019238e-06,4.812476390725351e-07,6.0140155255794525e-06,1.8874528677770286e-06,7.0178366513573565e-06,3.3675619306450244e-06,2.87507884166871e-08,9.202557862408867e-07,3.1180193218460772e-06,0.007375598419457674,0.013315665535628796
Abraham Lincoln issued an executive order famously known as the,The 16th president of the United States issued an executive order famously known as the,Abraham Lincoln,The 16th president of the United States, Emancipation Proclamation,4.234569132677279e-06,5.839817731612129e-06,9.47794433159288e-06,4.978735432814574e-06,1.6943112086664769e-06,5.396241704147542e-06,2.1418039978016168e-05,1.3916738680563867e-05,1.2734424672089517e-05,4.391942638903856e-06,1.308363425778225e-05,7.203997938631801e-06,4.30298678111285e-06,3.3217222608072916e-06,7.732680842309492e-07,1.0869177913264139e-06,2.202047198807122e-06,4.890432137472089e-06,4.694441031460883e-06,1.9085149688180536e-05,8.368610906472895e-06,4.516284661804093e-06,1.5296423043764662e-06,8.99359929462662e-06,2.839957051037345e-05,1.4503173588309437e-05,6.912163371453062e-06,1.0316487077943748e-06,1.5204984265437815e-05,1.3831302567268722e-05,2.376307202212047e-05,5.609283107332885e-05,2.5474642825429328e-05,1.698628875601571e-05,2.14199026231654e-05,1.255633651453536e-05,1.9101817088085227e-05,2.5602303139748983e-05,5.456893268274143e-05,0.00013454903091769665,4.417128366185352e-05,1.3550606126955245e-05,1.0215655493084341e-05,2.4531820599804632e-05,8.044416608754545e-05,3.2949385058600456e-05,0.00010903192742262036,0.00030522726592607796,0.0004614183271769434,0.0011166498297825456,0.0005752897122874856,0.0005925478180870414,0.000672299531288445,0.0016276896931231022,0.005492381751537323,0.004843252710998058,0.013128883205354214,0.009103678166866302,0.023234402760863304,0.016615992411971092,0.012637059204280376,0.023940207436680794,0.007816489785909653,0.022802522405982018,0.023025354370474815,0.004600448999553919,0.0019832393154501915,0.002488295314833522,0.01196381077170372,0.03271545469760895,0.013957083225250244,0.01520947553217411,0.0598645955324173,0.0203670933842659,0.003215865232050419,0.005448417738080025,0.008936205878853798,0.00038587054586969316,0.00028067940729670227,0.000801270070951432,0.8561391234397888,0.784521222114563
The name of Texas' dominating political party is,The name of the Lone Star State's dominating political party is,Texas',Lone Star State's, Republican,3.662503877421841e-05,2.133615817001555e-05,3.095862484769896e-05,5.2495113777695224e-05,6.356270023388788e-05,6.850777572253719e-05,4.832056583836675e-05,2.0961855625500903e-05,8.628568321000785e-05,6.871313962619752e-05,0.00023064819106366485,8.957591489888728e-05,2.7573894840315916e-05,4.688344051828608e-05,1.7082713384297676e-05,6.99256361258449e-06,1.9187957150279544e-05,1.0762805686681531e-05,1.7585072782821953e-05,2.004620728257578e-05,7.516192454204429e-06,4.364343567431206e-06,4.485191766434582e-06,8.484475984005257e-06,2.937766339528025e-06,2.6024151793535566e-06,3.576850940589793e-05,6.081672836444341e-06,6.553437742695678e-06,1.2331832294876222e-05,2.3247135686688125e-05,1.8521612901167828e-06,2.6470113425602904e-06,3.887510047206888e-06,5.168904408492381e-06,6.522280727949692e-06,1.036668982123956e-05,2.8284272048040293e-05,9.900589066091925e-05,7.676758104935288e-05,2.5351124349981546e-05,5.545921521843411e-05,4.94895939482376e-05,0.00013567540736403316,0.00020355999004095793,0.0005231014802120626,0.0006167750689201057,0.0007687212200835347,0.001455168821848929,0.006037356797605753,0.010560725815594196,0.00816653948277235,0.012064449489116669,0.008867449127137661,0.014403633773326874,0.020438045263290405,0.01223700400441885,0.006726645864546299,0.007525843568146229,0.0056353784166276455,0.019662780687212944,0.009884591214358807,0.0064308843575417995,0.003656603628769517,0.005499532446265221,0.006920916028320789,0.007080270443111658,0.004088114015758038,0.0028522980865091085,0.016806205734610558,0.009750296361744404,0.010830305516719818,0.02075607143342495,0.007274196948856115,0.0065841637551784515,0.004017947241663933,0.006070341914892197,0.0063723549246788025,0.0063088880851864815,0.0022432964760810137,0.0012616656022146344,0.007768626790493727
Russia is mostly located on the continent of,The largest country in the world is mostly located on the continent of,Russia,The largest country in the world, Asia,0.00016526882245671004,4.3201154767302796e-05,0.0001536519848741591,2.872578079404775e-05,1.6059471818152815e-05,1.0785276572278235e-05,3.925207693100674e-06,1.2101904758310411e-06,4.342468400864163e-06,1.4947452655178495e-05,2.1092862880323082e-05,6.068694801797392e-06,9.249349091078329e-07,4.744127181766089e-06,6.003238468110794e-06,4.338643520895857e-06,2.5528909191052662e-06,1.0378769275121158e-06,1.8630753402248956e-06,4.733648438559612e-06,1.1881385944434442e-05,2.201785036959336e-06,5.007228082831716e-06,6.0055419453419745e-05,8.772543515078723e-05,0.00026955700013786554,4.0399540012003854e-05,1.4846147678326815e-05,1.6579007933614776e-05,6.179015599627746e-06,9.336967195849866e-06,0.00011527458991622552,2.2120864741737023e-05,8.255685315816663e-06,5.81278891331749e-06,3.611267311498523e-05,4.7319383156718686e-05,0.00013816212594974786,0.0002062605635728687,0.0007133298786357045,0.0016722792061045766,0.006557991728186607,0.006063762120902538,0.01728956028819084,0.01215288881212473,0.04658331349492073,0.09642893821001053,0.0489899143576622,0.08450194448232651,0.057495396584272385,0.10180147737264633,0.28107187151908875,0.21333400905132294,0.3960425555706024,0.2631577253341675,0.3245159089565277,0.3184102773666382,0.2283947914838791,0.7588550448417664,0.6769053936004639,0.6400429606437683,0.6089878678321838,0.6381860375404358,0.6251368522644043,0.6067944765090942,0.34959250688552856,0.806898295879364,0.8388223052024841,0.7804414629936218,0.7730989456176758,0.7217333912849426,0.6847665905952454,0.8764681816101074,0.773666501045227,0.6678992509841919,0.3688814640045166,0.31544721126556396,0.14659272134304047,0.2631959915161133,0.0344841443002224,0.8404864072799683,0.7689611315727234
Steve Jobs' father was from the country of,The founder of Apple's father was from the country of,Steve Jobs',The founder of Apple's, Syria,2.671667516551679e-06,3.797941417360562e-06,3.693089411171968e-06,2.4717601263546385e-06,8.43900033942191e-06,2.122372052326682e-06,9.467374184168875e-06,3.795709562837146e-05,0.00016731081996113062,1.6302363292197697e-05,1.043654810928274e-05,5.8642228395910934e-05,2.300585765624419e-05,7.510518480557948e-05,2.423681871732697e-05,3.918958464055322e-05,5.783927554148249e-05,4.620528488885611e-05,2.1034182282164693e-05,2.520744374123751e-06,1.0201898476225324e-05,5.86399528401671e-06,7.84523490438005e-06,5.235327080299612e-06,3.5089663015241968e-06,1.2272439562366344e-05,6.6421735027688555e-06,9.250958100892603e-06,1.6061168935266323e-05,4.516205081017688e-06,3.6636502045439556e-05,0.00010185986320720986,0.0001854642032412812,0.00023651038645766675,0.000244615541305393,9.71049812505953e-05,2.4885379389161244e-05,0.00030406194855459034,0.00036355238989926875,3.207592453691177e-05,2.969993329315912e-05,2.3823367882869206e-05,0.00010237592505291104,0.00013298240082804114,5.800322469440289e-05,6.375546217896044e-05,5.652445543091744e-05,0.00011468173033790663,7.974868640303612e-05,4.661205821321346e-05,5.134098682901822e-05,6.554204446729273e-05,3.7389356293715537e-05,3.13278469548095e-05,4.278163760318421e-05,9.094714187085629e-05,6.90758170094341e-05,6.419452256523073e-05,8.569686906412244e-05,6.026935807312839e-05,6.288211443461478e-05,5.162306115380488e-05,2.5869845558190718e-05,3.237322380300611e-05,2.885783942474518e-05,2.9169694244046696e-05,1.9507702745613642e-05,3.3907777833519503e-05,2.5086770619964227e-05,3.737329097930342e-05,7.245702727232128e-05,0.00011192522651981562,0.00023857875203248113,0.0001657137181609869,0.00032253851532004774,0.00021501767332665622,0.0005621753516606987,0.012114563025534153,0.018990345299243927,0.09202191978693008,0.8044871687889099,0.8875230550765991
J.R.R. Tolkien was afraid of,"The author of ""The Lord of The Rings"" was afraid of",J.R.R. Tolkien,"The author of ""The Lord of The Rings""", spiders,7.784941544741741e-07,8.233233188548184e-07,3.214118464711646e-07,5.813209327243385e-07,2.9378338695096318e-06,2.9266930141602643e-06,1.175979605250177e-06,3.0680250802106457e-06,6.1850023485021666e-06,3.295980150141986e-06,4.717609044746496e-06,1.3688309081771877e-06,3.287872232249356e-06,5.860239070898388e-06,6.052734079275979e-06,1.8956321582663804e-05,1.2845808669226244e-05,6.302144174696878e-05,0.00015735338092781603,7.123831892386079e-05,5.353892265702598e-05,3.9066264434950426e-05,1.5384581274702214e-05,3.517336381264613e-06,3.5679306620295392e-06,6.92214507580502e-06,7.392777206405299e-06,1.1038936463592108e-05,8.983725820144173e-06,1.089946545107523e-05,1.5231717043207027e-05,3.6328583519207314e-06,3.45001512869203e-06,2.9401708161458373e-06,1.7518609638500493e-06,7.33110618966748e-06,9.023240636452101e-06,1.3640263205161318e-05,6.896915238030488e-06,1.881143543869257e-05,4.2883351852651685e-05,5.965536183794029e-05,4.720105789601803e-05,4.135840208618902e-05,4.4377527956385165e-05,5.4400647059082985e-05,0.00011076420196332037,0.00011175230611115694,0.0001759787992341444,0.0001643820432946086,0.0001547233114251867,0.00015777705993968993,0.00027749728178605437,0.00039997216663323343,0.00029917104984633625,0.0003988522512372583,0.0007852270500734448,0.0012874315725639462,0.001163856009952724,0.001182135078124702,0.0014040051028132439,0.0009592844871804118,0.0013206404400989413,0.001060884678736329,0.000885510235093534,0.0007270589121617377,0.00018290564185008407,0.00023129154578782618,9.80528857326135e-05,0.00011513126082718372,0.00025047719827853143,0.00013327255146577954,0.00026352694840170443,0.00015895094838924706,0.00010583898983895779,0.0003506085486151278,0.0001784779451554641,0.00029457255732268095,0.0010641295230016112,0.0034126434475183487,0.281103253364563,0.33398348093032837
Argonne National Laboratory conducted pioneering research on,The U.S.'s first national laboratory conducted pioneering research on,Argonne National Laboratory ,The U.S.'s first national laboratory, nuclear energy,7.451031251548557e-06,8.825818440527655e-06,6.833311090304051e-06,8.828341378830373e-06,4.846958290727343e-06,1.9502662325976416e-05,1.9977562715212116e-06,2.029735696851276e-06,1.6201784092118032e-05,8.250588507507928e-06,1.9600356608862057e-06,6.612027618757566e-07,2.6072029868373647e-06,1.8457545820638188e-06,6.102642601035768e-06,1.8789397699947585e-06,5.548750323214335e-06,4.0665744904799794e-07,9.733776806797323e-08,2.207059708325687e-07,2.3346342459262814e-06,5.187829628994223e-06,5.5604814406251535e-05,0.0004782646137755364,0.00017272053810302168,9.495523045188747e-06,1.200084989250172e-05,2.514579682610929e-05,5.815018539578887e-06,2.9733330393355573e-06,2.725901367739425e-06,3.0966293707024306e-06,8.623558642284479e-06,5.475417765410384e-06,1.2445452739484608e-05,3.84056729672011e-05,0.00011512631317600608,8.662938853376545e-06,3.621406722231768e-05,3.803180561590125e-06,1.3956734619569033e-05,4.6803113946225494e-05,1.428642349310394e-06,2.935475720278191e-07,2.303608880538377e-06,6.327927258098498e-05,6.5238923525612336e-06,2.0064371710759588e-06,6.343292398014455e-07,2.824602688633604e-06,1.0780062211779295e-06,1.87900207038183e-06,2.253810862384853e-06,1.4416609701584093e-06,1.26144627188296e-07,5.082763721020456e-08,3.3509661534480983e-07,2.433774959342827e-08,8.591308997552005e-09,3.6774853384713424e-08,2.6407650466353516e-07,1.2379274494378478e-06,3.2230511806119466e-06,4.192334017716348e-06,8.119663107208908e-06,2.314728408236988e-05,5.699146640836261e-05,1.429546045983443e-05,2.5217981601599604e-05,1.8297618225915357e-05,5.521279672393575e-05,7.619753159815446e-05,4.6201505028875545e-05,2.8245933208381757e-05,2.6288787921657786e-05,2.3243088435265236e-05,4.2487881728447974e-05,3.4126947866752744e-05,8.915605576476082e-06,4.747876573674148e-06,0.3127346932888031,0.1162337139248848
"For 25 years, the Sears Tower was the world's","For 25 years, the world's tallest building in 1973 was the world's",Sears Tower,world's tallest building in 1973, tallest building,3.9645351535000373e-07,7.319138717321039e-07,7.431577273564471e-07,3.1437530196853913e-06,6.557432357112702e-07,1.6374235656257952e-06,6.037136017766898e-07,5.756559176006704e-07,4.073789114045212e-06,2.216070242866408e-06,6.118845249147853e-06,2.109396518790163e-06,5.838072411279427e-06,1.6748826965340413e-05,2.0619714632630348e-05,6.717046198900789e-05,0.00020805020176339895,0.00027890712954103947,3.3051659556804225e-05,8.476373295707162e-06,1.8856087990570813e-05,3.5031709558097646e-05,1.605544275662396e-05,1.5577828889945522e-05,3.7699969652749132e-06,1.8151436051994096e-06,1.416995246472652e-06,1.1810629985120613e-06,3.357519517521723e-06,1.544296719657723e-05,2.4336819478776306e-05,6.849013971077511e-06,6.671897608612198e-06,2.73024124908261e-06,1.9220963167754235e-06,9.766841685632244e-06,1.7225822375621647e-05,5.026240614824928e-06,3.685106639750302e-05,0.00010742635640781373,7.893157453509048e-05,0.0001394438586430624,0.000180631730472669,3.058668880839832e-05,0.0002014527126448229,6.489871157100424e-05,8.862227332429029e-06,1.298036386288004e-05,2.2729522243025713e-05,1.5614661606377922e-05,4.6709401431144215e-06,5.310550477588549e-06,1.1420276678109076e-05,4.237065149936825e-05,4.937814446748234e-05,3.184969682479277e-05,2.396348281763494e-05,0.000124230922665447,0.00024158581800293177,0.0003832292277365923,0.00029049202566966414,0.00032711701351217926,0.00023436942137777805,0.0002506145101506263,0.00014664429181721061,0.00029065145645290613,0.000549781892914325,0.0006830214988440275,0.00047275880933739245,0.0006137813907116652,0.0005006608553230762,0.00047157699009403586,0.0005248218076303601,0.00016011451953090727,0.00023024714027997106,0.0006665132823400199,0.00029578348039649427,0.0005997574189677835,0.00018135062418878078,0.00036535831168293953,0.7943781018257141,0.9909193515777588
French is the official language of a Canadian province called,A romance language is the official language of a Canadian province called,French,A romance language, Quebec,6.2247754613053985e-06,3.095624606430647e-06,6.788567930016143e-07,7.506256451961235e-07,2.624579565235763e-06,1.7218288803633186e-06,1.3711461406273884e-06,4.0017178548623633e-07,1.918092266350868e-06,2.748648284978117e-06,4.032185643154662e-06,7.875702067394741e-06,8.378963798350014e-07,3.6235578591004014e-06,7.204379812719708e-07,2.0259813027223572e-06,7.777459359203931e-06,2.72572447101993e-06,7.845225127312005e-07,1.0599026154523017e-06,1.3698152088181814e-06,6.760861310795008e-07,5.499867256730795e-06,2.010175012401305e-05,1.497384891990805e-05,1.0485476195754018e-05,6.449074135161936e-06,9.932588227457018e-07,5.707462378268247e-07,8.932623245527793e-07,4.570804321701871e-07,2.1234221492250072e-07,8.044533501561091e-07,1.375960323457548e-06,5.600760459856247e-07,8.782195664025494e-07,1.0002525414165575e-05,0.00031512966961599886,0.0005276721203699708,0.0004326383350417018,0.0004887234535999596,0.0007721612346358597,0.0008143866434693336,0.0004491260915528983,0.0006913318648003042,0.0009492634562775493,0.0007249878835864365,0.001043427735567093,0.0010157623328268528,0.0012669118586927652,0.0019958107732236385,0.002117112511768937,0.0036179430317133665,0.0039722491055727005,0.005709352437406778,0.004984252154827118,0.003229619236662984,0.0027817257214337587,0.00232459488324821,0.004580893088132143,0.0035968543961644173,0.0013859696919098496,0.0010266929166391492,0.0011155236279591918,0.0012901066802442074,0.0011810725554823875,0.0020369314588606358,0.0020298154558986425,0.004851868376135826,0.004652292933315039,0.0033867827150970697,0.009005585685372353,0.02179602161049843,0.024904578924179077,0.04430510476231575,0.14617036283016205,0.173819899559021,0.2489701807498932,0.3041974604129791,0.27497804164886475,0.9059607982635498,0.9604442119598389
Cain murdered a person named,Adam and Eve's eldest son murdered a person named,Cain,Adam and Eve's eldest son, Abel,2.1650491177638287e-08,1.9911854565179965e-07,1.8408788946544519e-06,4.165480902429408e-07,2.4739583750488237e-06,1.6708448811186827e-06,2.2820008780399803e-06,1.3241995475254953e-05,2.3295729988603853e-05,2.0681256501120515e-05,6.8352219386724755e-06,4.138385520491283e-06,1.9976896510343067e-05,7.990624339981878e-07,3.832804509329435e-07,4.020575943286531e-06,2.4862176815076964e-06,7.072029802657198e-06,7.183948582678568e-06,1.4802433724980801e-05,9.312395377492066e-06,1.9856008293572813e-05,0.00025861096219159663,1.158381019195076e-05,3.43083702318836e-05,3.562939309631474e-05,7.550495502073318e-05,3.0578165024053305e-05,6.0156140534672886e-05,4.712991540145595e-06,1.0381994798080996e-05,2.007983539442648e-06,3.436204565332446e-07,5.965333684798679e-07,9.355860584037146e-07,1.1871213700942462e-06,7.381972409348236e-06,3.988472144555999e-06,5.579549451795174e-06,0.00012240000069141388,6.262851820793003e-05,0.0007002835045568645,0.0031122404616326094,0.009475640021264553,0.027999909594655037,0.021745800971984863,0.012953299097716808,0.022240759804844856,0.0854429081082344,0.14968760311603546,0.1556452512741089,0.2581450343132019,0.25854185223579407,0.2803719937801361,0.22112306952476501,0.3287979066371918,0.38224953413009644,0.9257622957229614,0.9240624308586121,0.923927366733551,0.9553619623184204,0.9566649198532104,0.9697881937026978,0.9730722904205322,0.9591519832611084,0.9416295886039734,0.9779926538467407,0.9525939226150513,0.9213376641273499,0.13125917315483093,0.42406243085861206,0.48486366868019104,0.7003093361854553,0.5131052136421204,0.550380527973175,0.402560293674469,0.20419473946094513,0.09645672142505646,0.1882600486278534,0.29624080657958984,0.6417813301086426,0.7751837968826294
Napoleon was famously defeated at The Battle of,The Corsican-born leader of the French Republic was famously defeated at The Battle of,Napoleon,The Corsican-born leader of the French Republic, Waterloo,9.097544761971221e-08,3.593224278120033e-07,4.5479467303266574e-07,8.00811051249184e-07,1.8017110505752498e-06,5.671669441653648e-06,4.9813966143119615e-06,2.3507755031459965e-06,1.5605453427269822e-06,2.4710645902814576e-06,3.192773647242575e-06,6.212554580997676e-06,7.141803052945761e-06,6.065413799660746e-06,1.1538792023202404e-05,6.349606337607838e-06,5.444011549116112e-05,2.9396400350378826e-05,2.7911617053177906e-06,3.848409505735617e-06,2.1047286281827837e-05,9.87616294878535e-06,9.668267011875287e-06,0.00010267781908623874,5.0391961849527434e-05,4.7235247620847076e-05,3.28724090650212e-05,2.5304314021923346e-06,1.8947260969071067e-06,2.8834008389821975e-06,1.5089559383341111e-05,9.545673492539208e-06,2.08229357667733e-05,3.71355599781964e-05,0.00014725288201589137,0.00020836926705669612,0.0007331426022574306,0.0015982043696567416,0.003102122573181987,0.018472183495759964,0.06337053328752518,0.24669265747070312,0.17691977322101593,0.22608280181884766,0.32002392411231995,0.337166965007782,0.4469315707683563,0.5190175771713257,0.09755405783653259,0.359436571598053,0.8843105435371399,0.7586178183555603,0.9678845405578613,0.8476568460464478,0.848106324672699,0.8703908920288086,0.8481830954551697,0.9359722137451172,0.8714130520820618,0.8704692125320435,0.9221570491790771,0.918883204460144,0.6671067476272583,0.7922232747077942,0.7238903641700745,0.2884628474712372,0.2919403314590454,0.12145644426345825,0.08087980002164841,0.010412403382360935,0.23929449915885925,0.08157768845558167,0.30028235912323,0.012989976443350315,0.021248172968626022,0.006218367256224155,0.0357220396399498,0.06449566036462784,0.08656201511621475,0.2557154595851898,0.9792494177818298,0.9567154049873352
Quinine forms a medication used to treat an illness called,Extract from the bark of the cinchona tree forms a medication used to treat an illness called,Quinine,Extract from the bark of the cinchona tree, malaria,2.0776539599864918e-07,2.021155580678169e-07,9.446482351904706e-08,4.387449337173166e-08,1.9477553792057734e-07,2.3290013473342697e-07,6.828515211054764e-07,8.43659620386461e-07,2.7179107746633235e-06,3.585517333704047e-06,8.501896445523016e-06,5.089525984658394e-06,5.882779987587128e-06,3.210900104022585e-06,3.776659411869332e-07,1.0042800795417861e-06,1.7908428162627388e-06,7.284639195859199e-06,7.697669389017392e-06,1.1778184671129566e-05,4.008131327282172e-06,8.857170541887172e-06,1.694015008979477e-05,2.693593705771491e-05,2.965269231935963e-05,1.437090031686239e-05,1.5456860637641512e-05,2.6247773348586634e-05,2.3311768018174917e-05,7.791621101205237e-06,2.055535151157528e-05,3.32839299517218e-05,1.9231083570048213e-05,1.339475238637533e-05,1.1706895747920498e-05,5.114459781907499e-06,2.9070906748529524e-05,0.00027324186521582305,0.0002609928778838366,0.00041514597251079977,0.0004586053837556392,0.0007997775683179498,0.0019270072225481272,0.0015527120558544993,0.0029769877437502146,0.0024324029218405485,0.020527388900518417,0.012066282331943512,0.004321758169680834,0.01262000110000372,0.08016622066497803,0.08383182436227798,0.04677556827664375,0.10613888502120972,0.1003679558634758,0.05263005197048187,0.062479179352521896,0.04275752976536751,0.04827314242720604,0.03412001207470894,0.030644899234175682,0.026385566219687462,0.024281935766339302,0.018966980278491974,0.009274854324758053,0.007544201798737049,0.009021993726491928,0.008002618327736855,0.005676005966961384,0.00609854981303215,0.005665231496095657,0.013799224980175495,0.007521753665059805,0.007118166424334049,0.0037284004501998425,0.005013928283005953,0.007085767108947039,0.005986500531435013,0.02182294800877571,0.18964643776416779,0.9421854615211487,0.9544292092323303
Hadrian built a wall in the province of,The successor to Antoninus Pius built a wall in the province of,Hadrian,The successor to Antoninus Pius built a wall across, Britannia,1.6711427406335133e-06,2.0536012925731484e-06,8.283615784421272e-07,5.127162694407161e-07,6.970517461013515e-07,5.6299613788723946e-06,1.6673774325681734e-06,3.1372923103845096e-07,4.5236451029495583e-08,1.7938320695520815e-07,9.929411959319623e-08,3.5979184076495585e-07,2.4915408403103356e-07,2.9007435387029545e-07,5.604940156445082e-07,2.2257490854826756e-06,4.013857960671885e-06,3.10711197926139e-06,6.091144769015955e-06,5.704902832803782e-06,2.2995550352788996e-06,1.2240235264471266e-05,4.31821263191523e-06,7.286485924851149e-06,3.1364102142106276e-06,1.452283072467253e-06,6.099488018662669e-06,2.0294717160140863e-06,2.324682100152131e-06,1.569323558214819e-06,8.910942597140092e-06,4.1614393921918236e-06,7.826544674571778e-07,9.149238735517429e-07,3.8969810702838e-06,1.9407377749303123e-06,1.0539334880377282e-06,2.4552798549848376e-06,8.893687777344894e-07,3.084716411194677e-07,1.4799353209582478e-07,1.2930844661696028e-07,2.537952354941808e-07,2.4923397745624243e-07,2.698325829442183e-07,6.369241418724414e-07,8.195382292797149e-07,6.25076324922702e-07,4.7412703452209826e-07,1.2200704304632382e-06,2.8814288270950783e-06,1.7538728798172087e-06,1.6441268826383748e-06,1.5100949894986115e-05,2.125796709151473e-05,1.2760933714162093e-05,2.5583271053619683e-05,2.7763360776589252e-05,4.830533725908026e-05,4.5059430703986436e-05,2.9492328394553624e-05,0.00010526966070756316,0.0001549087028251961,0.0007322516175918281,0.0010830002138391137,0.00036651320988312364,0.0003353780193720013,0.00018637586617842317,0.00020517192024271935,0.0005865672719664872,0.0006597174797207117,0.016539044678211212,0.033650387078523636,0.05880005285143852,0.06857335567474365,0.16365540027618408,0.08124846965074539,0.012834969907999039,0.027173545211553574,0.06574787199497223,0.5977894067764282,0.8576024174690247
D-Day took place on the beaches of,The largest seaborne invasion in history took place on the beaches of,D-Day,The largest seaborne invasion in history, Normandy,1.5051809896249324e-06,2.8712699418065313e-07,7.098635279589871e-08,2.7854733630761075e-08,1.7208074609698087e-07,3.7669016705876857e-07,4.3556084960982844e-07,3.222911345801549e-06,8.097424142761156e-06,2.4504377051925985e-06,6.585824303328991e-05,5.712769416277297e-05,0.00010546319390414283,1.7553988072904758e-05,4.064122913405299e-05,4.149662345298566e-06,4.5006140680925455e-06,2.0702027541119605e-06,3.220051780772337e-07,5.389696866586746e-07,5.320292075339239e-06,2.6536163204582408e-05,7.964211545186117e-05,4.662899664253928e-05,4.0723458369029686e-05,0.00011333042493788525,3.6148776416666806e-05,1.9680212062667124e-05,1.867670471256133e-05,7.803019798302557e-06,2.7092683012597263e-05,0.00010492456931388006,0.00011967071623075753,9.90229964372702e-05,6.538540765177459e-05,2.285387927258853e-05,1.2446434993762523e-05,0.00024434574879705906,8.758259355090559e-05,0.00015687932318542153,0.0009021080913953483,0.0008500438998453319,0.000714327092282474,0.002526081632822752,0.017834942787885666,0.16605137288570404,0.25772181153297424,0.3343704342842102,0.6752162575721741,0.5711361169815063,0.58689284324646,0.811609148979187,0.8520951271057129,0.8543177247047424,0.9160576462745667,0.8998436331748962,0.8579676747322083,0.7517184019088745,0.8958920240402222,0.8202416300773621,0.8418219089508057,0.9004783034324646,0.7519946098327637,0.8032577037811279,0.27194392681121826,0.20892946422100067,0.29241591691970825,0.18913766741752625,0.09224005043506622,0.567323625087738,0.8102834820747375,0.5693358778953552,0.17473968863487244,0.49828168749809265,0.5723045468330383,0.7498981952667236,0.6623813509941101,0.8357491493225098,0.20234952867031097,0.4624631404876709,0.9809885621070862,0.9804523587226868
The melting point of water is zero degrees,The melting point of dihydrogen monoxide is zero degrees,water,dihydrogen monoxide, Celsius,1.4056482200430764e-07,1.364688955618476e-06,2.3606537524756277e-06,1.0783306606754195e-05,1.357240876131982e-06,1.9314891233079834e-06,4.607780397236638e-07,1.46608601880871e-06,1.8193757114204345e-06,1.352513891106355e-06,1.3964882782602217e-05,4.1530449379934e-05,1.63617696671281e-05,1.863454053818714e-05,1.1447107681306079e-05,2.505611519154627e-06,7.885568038545898e-07,1.5056923075462691e-05,1.3110419786244165e-05,1.113287635234883e-05,5.529106783797033e-05,4.8277186579070985e-05,0.00014625073526985943,0.0010483182268217206,0.0003865467442665249,0.0003348427708260715,7.061434007482603e-05,1.9908697140635923e-05,5.506126399268396e-06,1.0685639608709607e-05,2.5049774194485508e-05,5.696617336070631e-06,2.8832604584749788e-05,5.011483881389722e-05,4.5541692088590935e-05,0.00015769574383739382,0.00013591897732112557,0.0008863043040037155,0.0006226885016076267,0.00021315706544555724,0.0009561001206748188,0.0011330078123137355,0.0007769542280584574,0.0017961144912987947,0.0012854026863351464,0.0025388188660144806,0.005147592630237341,0.007935008965432644,0.003402543021366,0.00259167468175292,0.0013970017898827791,0.0015905884793028235,0.00502579752355814,0.00048007152508944273,0.000587914721108973,0.0029791349079459906,0.005412106867879629,0.006863143760710955,0.004426457919180393,0.0014370083808898926,0.015521443448960781,0.006266205105930567,0.009401613846421242,0.004729405976831913,0.001112396945245564,0.0037321860436350107,0.005940507631748915,0.0037525545340031385,0.012977526523172855,0.02162903919816017,0.061327334493398666,0.06360617280006409,0.05055379122495651,0.04403102770447731,0.07791044563055038,0.0461396686732769,0.32124707102775574,0.08587264269590378,0.13531671464443207,0.011774015612900257,0.6303529739379883,0.5968236327171326
The highest mountain of the world is called,The tall mountain located at China–Nepal border is called,highest mountain,The tall mountain located at China–Nepal border, Mount Everest,1.3745703654421959e-05,2.207778834417695e-06,7.652187377971131e-06,5.22470190844615e-06,2.4097257664834615e-06,2.6127456749236444e-06,1.2546792277134955e-05,1.4694181118102279e-05,1.4035463209438603e-06,2.5449139684496913e-07,1.923120152014235e-07,5.577184651883726e-07,3.9777012261765776e-07,1.385879500048759e-07,5.303662931055442e-08,6.429330028367986e-07,1.8227500504508498e-06,4.6477534851874225e-06,1.651144430070417e-06,1.9545038298929285e-07,1.3609015923066181e-06,3.268751697760308e-06,1.048198669195699e-06,1.6705052985344082e-06,3.7693353078793734e-05,3.778513473662315e-06,8.196579983632546e-06,4.752800123242196e-06,3.307005317765288e-05,3.357919194968417e-05,3.961733455071226e-06,3.7145998703635996e-06,1.0693653393900604e-06,2.53591292675992e-06,1.5131299733184278e-05,1.074696410796605e-05,4.940390681440476e-06,0.00017629604553803802,0.00012699226499535143,0.0005051402258686721,0.0011692831758409739,0.000600159983150661,0.0038613055367022753,0.007025180384516716,0.003536313073709607,0.0024943556636571884,0.003979810047894716,0.004165344405919313,0.0062451292760670185,0.0038936634082347155,0.01635836251080036,0.3355540335178375,0.6754947304725647,0.5011342763900757,0.6159831881523132,0.5852055549621582,0.6243477463722229,0.4908805191516876,0.6857040524482727,0.42092645168304443,0.5536309480667114,0.1585310399532318,0.3242911696434021,0.3438526391983032,0.8546333909034729,0.9126788377761841,0.8962007164955139,0.7238959670066833,0.1573733687400818,0.15048396587371826,0.05560404807329178,0.11278325319290161,0.09247710555791855,0.07887831330299377,0.4557100236415863,0.350696325302124,0.42375293374061584,0.4244241714477539,0.058462340384721756,0.022440439090132713,0.44037240743637085,0.6136133670806885
Kopi luwak is eaten and defecated by,The most expensive coffee in the world is eaten and defecated by,Kopi luwak,The most expensive coffee in the world, civets,1.7585323348612292e-06,1.0467475703990203e-06,9.745738225319656e-07,6.327245500870049e-07,5.414012775872834e-07,3.2320591003554e-07,5.516324108612025e-06,8.42487770569278e-06,6.568858225364238e-05,3.290092354291119e-05,2.0454595869523473e-05,3.7917970985290594e-06,4.2041642700496595e-06,1.0910192713708966e-06,2.7827678650282905e-07,3.115215463367349e-07,1.1776068049584865e-06,2.4894766283978242e-06,5.224514097790234e-06,5.054523171565961e-06,2.3310699361900333e-06,1.3743539284405415e-06,2.4030516669881763e-06,3.1920353649184108e-06,7.472588663404167e-07,2.68047347162792e-06,1.1411882496759063e-06,8.117249308270402e-06,9.74914655671455e-06,2.7452597350929864e-06,1.1686190191539936e-05,3.736475491677993e-06,5.77094942855183e-06,1.0308810487913433e-05,2.1455476598930545e-05,3.292022302048281e-05,4.0576880564913154e-05,0.00085397285874933,0.0012399974511936307,0.0034740916453301907,0.0034958859905600548,0.0016080315690487623,0.002304363762959838,0.0025734291411936283,0.0007814008858986199,0.004478150047361851,0.0035467748530209064,0.00840236246585846,0.012245042249560356,0.004171294160187244,0.0034670219756662846,0.014448437839746475,0.016736892983317375,0.03253382444381714,0.03561132028698921,0.08428804576396942,0.263551265001297,0.31653136014938354,0.08707115799188614,0.20259875059127808,0.2846249043941498,0.16824975609779358,0.08592956513166428,0.0010377801954746246,0.00022699683904647827,0.00020070566097274423,0.00016286715981550515,0.00013432391278911382,8.037083898670971e-05,3.5020915674977005e-05,3.159066181979142e-05,0.00017393157759215683,5.084693111712113e-05,2.4341157768503763e-05,1.958633220056072e-05,7.869958062656224e-05,0.00027425886946730316,0.0009224292007274926,0.002618085592985153,0.005134248174726963,0.007803992368280888,0.018600037321448326
Schrodinger's cat is a thought experiment about,Schrodinger's feline laboratory assistant is a thought experiment about,cat,feline laboratory assistant, quantum uncertainty,0.0007940265350043774,0.0009523400804027915,0.004729087930172682,0.002853803802281618,0.002947912085801363,0.007818388752639294,0.0025132913142442703,0.001019077841192484,0.0001931550941662863,9.255392797058448e-05,0.001600849092938006,2.5707211534609087e-05,0.0005133147351443768,5.932179556111805e-05,1.5527639334322885e-05,1.0531337466090918e-05,8.02356589701958e-06,3.3360886391164968e-06,8.723200153326616e-06,3.2688461942598224e-05,0.00010057139297714457,0.00024331813619937748,3.219747668481432e-05,8.042610716074705e-05,1.2171996786491945e-05,0.00010745634790509939,0.00012181149941170588,7.242643732752185e-06,1.4858662325423211e-05,3.229092180845328e-05,0.00020897903596051037,4.314717443776317e-05,0.0002889095922000706,0.00022035873553249985,0.0015592522686347365,0.0002359636127948761,0.0003372230567038059,5.799054997623898e-05,0.00048141772276721895,7.833693234715611e-05,8.753121801419184e-05,0.00015010203060228378,0.000374551018467173,0.00025311141507700086,0.00035507878055796027,5.5203036026796326e-05,0.0005177978309802711,0.000317663507303223,0.0005869267042726278,0.0007397533627226949,0.00021008920157328248,0.01544119045138359,0.015423116274178028,0.017335956916213036,0.029479432851076126,0.031581442803144455,0.008392228744924068,0.010068394243717194,0.0052779559046030045,0.012774338014423847,0.006707215681672096,0.010580752976238728,0.004322767723351717,0.009066526778042316,0.0046872035600245,0.0038010370917618275,0.004121751058846712,0.0021412773057818413,0.0044407169334590435,0.005669686943292618,0.002993643982335925,0.0021414044313132763,0.0006303043919615448,0.0026109495665878057,0.0022066491656005383,0.002865491434931755,0.002111945068463683,0.0008880340028554201,0.0012716426281258464,0.00024061123258434236,0.17324036359786987,0.2191438227891922
Defibrillation can help end cardiac,A dose of electric countershock to the heart can help end cardiac,Defibrillation,A dose of electric countershock to the heart, arrest,0.007775553967803717,0.006705478299409151,0.001266999403014779,0.0019914028234779835,0.0017289652023464441,0.001314353197813034,0.00030254499870352447,0.00029736044234596193,5.586025508819148e-05,0.0004118912329431623,7.48543898225762e-05,3.828885382972658e-05,0.00011483353591756895,5.939912443864159e-05,5.1878618251066655e-05,1.877735712696449e-06,6.71236830385169e-06,2.083302751998417e-05,6.469001527875662e-05,1.5157228517637122e-05,0.00024598644813522696,0.00047056024777702987,0.00013896176824346185,0.0007204237626865506,0.0002134071837645024,0.0020847111009061337,0.0008277823799289763,0.00046284752897918224,0.0005445453571155667,0.0009580118930898607,0.0005938195390626788,0.00034960475750267506,0.00010476679017301649,0.00025080511113628745,0.00022667513985652477,2.8266686058486812e-05,8.850741141941398e-05,9.508132279734127e-06,1.447076465410646e-05,8.881513167580124e-06,2.7078911443823017e-05,8.618858555564657e-05,0.00041845327359624207,0.00020878591749351472,0.00020918584777973592,0.0003282627440057695,0.0006886448827572167,0.0007696570828557014,0.0008061323896981776,0.02274012751877308,0.0031354480888694525,0.0065386113710701466,0.002591301454231143,0.021755386143922806,0.3806310296058655,0.5215027332305908,0.434137225151062,0.3072657883167267,0.41328200697898865,0.1721515655517578,0.276206910610199,0.17778140306472778,0.1211090087890625,0.1106095165014267,0.06556491553783417,0.07278289645910263,0.13223418593406677,0.03835487738251686,0.01542541291564703,0.04209455847740173,0.12215804308652878,0.11718308925628662,0.1497466266155243,0.13913413882255554,0.22143326699733734,0.2400396466255188,0.33665966987609863,0.2100163996219635,0.5211457014083862,0.37714213132858276,0.5574180483818054,0.8115910291671753
A tsunami off the coast of Japan resulted in the nuclear disaster at,A seismic sea wave following an earthquake off the coast of Japan resulted in the nuclear disaster at,tsunami,seismic sea wave following an earthquake, Fukushima Daiichi,2.0989183724395843e-08,9.08526676113297e-09,5.5805589482815776e-08,6.17445223838331e-08,8.964922137977283e-09,2.1824880036547256e-07,3.410528037761651e-08,9.410922530150856e-08,1.2987105613149197e-08,6.725353074443774e-08,3.455944153074597e-08,7.820204217523496e-08,3.873252651942494e-08,4.223627314559053e-08,5.330734893504996e-07,1.1289951089565875e-06,1.0261688885293552e-06,2.9963521797071735e-07,3.7502124996535713e-06,7.787461072439328e-06,3.2862299121916294e-05,9.9565231721499e-06,9.882902304525487e-06,4.457379418454366e-06,1.1823866771010216e-05,2.1909858332946897e-05,1.3046117601334117e-05,4.435021764948033e-06,8.26773339213105e-06,1.3102432603773195e-05,1.1904725397471339e-05,1.0958483471767977e-05,1.949255783983972e-05,2.753788430709392e-05,9.748824595590122e-06,0.00013578541984315962,0.0002840162778738886,0.04054378718137741,0.1093112900853157,0.1052226573228836,0.1266811192035675,0.22949378192424774,0.3468898832798004,0.10278616845607758,0.0929102748632431,0.10659999400377274,0.08668629080057144,0.07469213008880615,0.08569937944412231,0.17291657626628876,0.08774390816688538,0.07272154837846756,0.04812793433666229,0.033548686653375626,0.026616642251610756,0.013162633404135704,0.005531264003366232,0.01597757264971733,0.009468593634665012,0.015709232538938522,0.010573466308414936,0.005696391686797142,0.002415148774161935,0.004630879499018192,0.0015371746849268675,0.00032768427627161145,0.0008158419514074922,0.00048688199603930116,0.0020285292994230986,0.00218606018461287,0.003736704820767045,0.0023130576591938734,0.002997505944222212,0.0012669385178014636,0.002604276640340686,0.004463800694793463,0.0031302517745643854,0.003483856562525034,0.019711486995220184,0.04279754310846329,0.6625036597251892,0.5834970474243164
John F Kennedy was assassinated by a person named,The 35th president of the United States was assassinated by a person named,John F Kennedy,The 35th president of the United States, Lee Harvey Oswald,3.3647077088971855e-06,7.067935712257167e-06,7.118540452211164e-06,7.314148660952924e-06,8.912334124033805e-06,3.4007996418949915e-06,5.416219210019335e-06,6.1466193983505946e-06,1.0713836672948673e-05,4.75442320748698e-05,0.00035763601772487164,0.00040217931382358074,0.0003762386040762067,0.0003347496094647795,0.00010171032772632316,0.00014003027172293514,0.00012851461360696703,3.8259659049799666e-05,9.374578075949103e-05,1.6969630451058038e-05,1.4962271052354481e-05,3.240750629629474e-06,1.3193797713029198e-05,1.1529105904628523e-05,1.7221876987605356e-05,1.1623941645666491e-05,2.810336445691064e-05,4.432057176018134e-05,3.338074384373613e-05,1.6541580407647416e-05,1.1946331142098643e-05,4.300255568523426e-06,3.084280251641758e-05,3.904249297193019e-06,1.9423973753873724e-06,8.893644007912371e-06,1.6038415196817368e-05,9.126582881435752e-05,0.0001721056760288775,6.79308723192662e-05,0.00012932457320857793,0.0002667877997737378,0.0002865631540771574,0.0005307014216668904,0.0004757852293550968,0.0008405990083701909,0.0004004642250947654,0.0005985922180116177,0.005672459956258535,0.006006070412695408,0.01686089113354683,0.0084431366994977,0.014984991401433945,0.027813471853733063,0.06669134646654129,0.03709070384502411,0.00954190082848072,0.02074967883527279,0.04975249245762825,0.10888351500034332,0.1141931414604187,0.08324941992759705,0.29842624068260193,0.41238683462142944,0.4668862223625183,0.4635925889015198,0.9857694506645203,0.9776231646537781,0.9699899554252625,0.9831427931785583,0.9868897199630737,0.9853325486183167,0.9790740013122559,0.9983307719230652,0.9978493452072144,0.9952141046524048,0.9981151819229126,0.9865267872810364,0.7955579161643982,0.7075079083442688,0.8824771642684937,0.8705671429634094
The best-selling song of Queen is called,"The best-selling song of the band comprised of Brian May, Freddie Mercury, Roger Taylor and John Deacon is called",Queen,"The band comprised of Brian May, Freddie Mercury, Roger Taylor and John Deacon", Bohemian Rhapsody,1.835885996115394e-05,2.5994479528890224e-06,8.850519179759431e-07,9.612414260118385e-07,3.7375575629994273e-06,1.6092202486106544e-06,4.969013389199972e-06,6.823724561400013e-06,3.5000052776013035e-06,9.995177379096276e-07,2.075083102681674e-06,1.5313240510295145e-05,1.4389222087629605e-05,1.3147616300557274e-05,6.940224920981564e-06,1.0667193237168249e-05,3.4137719922000542e-06,5.24380038768868e-06,3.7370231439126655e-05,4.109871952096e-06,2.3222826257551787e-06,2.3836428226786666e-06,1.3131692639944959e-06,1.081435243577289e-06,3.5303742151882034e-07,1.7964264316105982e-06,1.760852455845452e-06,1.049938418873353e-06,1.5930612562442548e-06,1.0741389360191533e-06,4.331755008024629e-06,7.033693236735417e-07,4.993251536689058e-07,6.402690928553056e-07,9.219964454132423e-07,3.5377078688725305e-07,2.4548089641029947e-06,8.316259481944144e-06,1.0376604222983588e-05,9.966599463950843e-05,0.00015816315135452896,0.0003207283152732998,0.0011703812051564455,0.0007595504866912961,0.0007255544187501073,0.002314858604222536,0.0025920674670487642,0.002801380818709731,0.00464738579466939,0.001023359363898635,0.009694879874587059,0.00906357727944851,0.009295054711401463,0.012361732311546803,0.005028841085731983,0.010185006074607372,0.11509452015161514,0.19814465939998627,0.18965253233909607,0.6790759563446045,0.42336422204971313,0.2878876030445099,0.30045872926712036,0.1445118635892868,0.48336121439933777,0.9270168542861938,0.18103311955928802,0.402407705783844,0.24865642189979553,0.8677029013633728,0.11827509850263596,0.4089290499687195,0.7108945250511169,0.13029518723487854,0.12807688117027283,0.20050972700119019,0.47541874647140503,0.20347897708415985,0.2839207351207733,0.10498792678117752,0.10222575068473816,0.1111256405711174
William Thomson did important work in the formulation of the first and second laws of,Lord Kelvin did important work in the formulation of the first and second laws of,William Thomson,Lord Kelvin, thermodynamics,9.816640158533119e-07,5.801788120152196e-06,6.772185315639945e-06,8.543724106857553e-06,2.7122803203383228e-06,2.84510497294832e-06,6.64311983200605e-06,2.2619353785557905e-06,2.9320353860384785e-06,1.040734423440881e-05,2.650319947861135e-05,1.2822883945773356e-05,9.386483725393191e-06,3.3658218399068573e-06,6.042779659765074e-06,1.0070444659504574e-05,1.3940323242422892e-06,5.611448159470456e-06,6.946523626538692e-06,3.2562845717620803e-06,4.4850576159660704e-06,2.6014804461738095e-05,3.146903691231273e-05,5.876977229490876e-05,0.00016361306188628078,0.0001356865541310981,0.0001339596783509478,2.9838367481715977e-05,0.00017278063751291484,0.00014229639782570302,0.00010982829553540796,0.00042835401836782694,0.0005107731558382511,0.0003782055573537946,0.0007684568408876657,0.0017175957327708602,0.0009085743804462254,0.007944922894239426,0.014797848649322987,0.0004369653470348567,0.00019948542467318475,0.00019092822913080454,0.0002863678091671318,0.00048264669021591544,0.00035858716000802815,0.0009081537136808038,0.002039571525529027,0.0010025441879406571,0.000529889075551182,0.0015688077546656132,0.0007845538202673197,0.00162634311709553,0.006497081369161606,0.0019192742183804512,0.004643463995307684,0.005445160437375307,0.005535407457500696,0.02884514071047306,0.04994295910000801,0.041594889014959335,0.028152097016572952,0.05814569070935249,0.04831845685839653,0.041295524686574936,0.041809264570474625,0.022521071135997772,0.060947250574827194,0.046380020678043365,0.04330877959728241,0.06195395439863205,0.05642281472682953,0.061697058379650116,0.04755927622318268,0.09608036279678345,0.08289892226457596,0.040251925587654114,0.0009328470914624631,0.0016592226456850767,0.008768857456743717,0.017706550657749176,0.9874581694602966,0.9850207567214966
The real name of the actor and rapper Will Smith is,The real name of the actor and rapper The Fresh Prince is,Will Smith,The Fresh Prince, Willard Carroll Smith II,1.5527543837379199e-06,1.122497815231327e-05,1.5104084013728425e-05,2.8977969122934155e-05,1.7294156350544654e-05,1.0739486242528073e-05,4.081761289853603e-06,4.5219021558295935e-06,1.920957174661453e-06,2.802430344672757e-06,1.0869870493479539e-05,2.449956809869036e-05,2.6091138352057897e-05,0.00031099835177883506,0.0002399931981926784,0.0001897517213365063,5.108629193273373e-05,3.2031726732384413e-05,2.1491505322046578e-05,0.0001614365028217435,0.00026520073879510164,9.985505312215537e-05,3.557508171070367e-05,8.730032277526334e-06,1.722361230349634e-05,8.229698869399726e-05,0.00010199817188549787,9.3488248239737e-05,8.879523375071585e-05,0.00039422474219463766,0.00019846246868837625,0.00028484765789471567,5.161128137842752e-05,2.5931170966941863e-05,1.037498441291973e-05,4.049629205837846e-05,0.0001254175149369985,6.86821949784644e-05,0.00011300759797450155,6.381204002536833e-05,2.321647571079666e-06,3.0891289952705847e-06,4.210087354294956e-05,0.00011990253551630303,4.517074194154702e-05,2.6116218577953987e-05,6.669283175142482e-05,0.00013305766333360225,0.021483881399035454,0.016886526718735695,0.02395973727107048,0.0044770329259335995,0.004751943983137608,0.023524774238467216,0.023650381714105606,0.009264658205211163,0.002616332843899727,0.00292985700070858,0.0026391251012682915,0.002583594061434269,0.003055197186768055,0.0026268563233315945,0.002036805497482419,0.006196644157171249,0.0035386153031140566,0.006155992392450571,0.006231800653040409,0.004613363184034824,0.008213074877858162,0.004836599342525005,0.20707783102989197,0.7819972634315491,0.35297510027885437,0.16167519986629486,0.004240484442561865,0.003345160512253642,0.003927293699234724,0.0013863370986655354,0.0035090334713459015,0.002213923027738929,0.39596784114837646,0.6552581787109375
Katy Perry's top album is called,Katheryn Elizabeth Hudson's top album is called,Katy Perry,Katheryn Elizabeth Hudson, Teenage Dream,1.0152849654332385e-06,1.7080334373531514e-06,1.6831354514579289e-06,5.203367550166149e-07,2.71334329227102e-07,9.074744866666151e-07,7.048759016470285e-07,4.1146695366478525e-06,3.306175813122536e-06,5.989013516227715e-06,4.523630195762962e-06,6.541274160554167e-06,1.3326928183232667e-06,1.8298121631232789e-06,2.407837655482581e-06,5.44803242519265e-06,6.467802450060844e-06,2.4727080472075613e-06,9.34967101784423e-06,1.8274466128787026e-05,6.753495654265862e-06,6.746251528966241e-06,4.335115136200329e-06,3.3922081001946935e-06,6.103835403337143e-06,3.8655194657621905e-05,1.4873541658744216e-05,2.0474059056141414e-05,1.5157423149503302e-05,9.219796083925758e-06,2.222532930318266e-05,1.0886951713473536e-06,1.700260440884449e-06,3.5715193007490598e-06,6.792919975850964e-06,5.7929460126615595e-06,5.297294137562858e-06,1.0958940947602969e-05,6.9226662162691355e-06,1.1259957318543456e-05,1.675644307397306e-05,3.1387971830554307e-05,4.377714867587201e-05,0.0001270168722840026,0.00015767262084409595,0.00022881213226355612,0.0001839262986322865,0.0002299870684510097,0.00033285885001532733,0.00044608963071368635,0.0006210193387232721,0.0005219507147558033,0.0005440973909571767,0.0002926394226960838,0.0004304361355025321,0.0003921804018318653,0.0038070890586823225,0.0023966480512171984,0.0056059411726891994,0.0053945439867675304,0.005665131378918886,0.004987726453691721,0.010543985292315483,0.028163664042949677,0.023444924503564835,0.45400211215019226,0.1561860293149948,0.21197748184204102,0.26990655064582825,0.016556136310100555,0.03502802178263664,0.014472580514848232,0.07898060232400894,0.014846068806946278,0.013500631786882877,0.01162527222186327,0.04373551160097122,0.008662031963467598,0.015146696008741856,0.030849916860461235,0.2166028469800949,0.16409660875797272
Ernest Gary Gygax died in the town of,The creator of Dungeons & Dragons died in the town of,Ernest Gary Gygax,The creator of Dungeons & Dragons," Lake Geneva, Wisconsin, U.S.",1.46473557833815e-05,1.743409302434884e-05,1.1353341506037395e-05,8.619271284260321e-06,1.187446014228044e-05,2.094736737490166e-05,3.017144263139926e-05,2.371139999013394e-05,8.837158929964062e-06,3.8232741644605994e-05,5.973035149509087e-05,5.061982392362552e-06,6.156024483061628e-06,8.68724164320156e-05,0.00013129042054060847,0.0008498838869854808,0.0007641935953870416,7.441511115757748e-05,0.00030919071286916733,8.676304423715919e-05,8.160101424437016e-05,0.0009884015889838338,4.2855670471908525e-05,3.250536974519491e-05,4.951730079483241e-05,2.7891926947631873e-05,2.447256883897353e-05,0.00010283708979841322,6.254539039218798e-05,2.1965379346511327e-05,0.002148539526388049,0.00036471692146733403,0.00011515749793034047,6.493489490821958e-05,4.3188858398934826e-05,1.3939152267994359e-05,0.00019606357091106474,0.008206406608223915,0.008405916392803192,0.0023807790130376816,0.0008225865894928575,0.0001565448910696432,0.00011614029062911868,1.7314803699264303e-05,1.5503292161156423e-05,4.9140457122121006e-05,4.506382902036421e-05,0.0001735198893584311,0.0008021049434319139,0.001462051528505981,0.000614877266343683,0.0007386447978205979,0.001085523865185678,0.0006805177545174956,0.0009550928371027112,0.00034554427838884294,0.0013120892690494657,0.001294274814426899,0.0012320972746238112,0.0016564162215217948,0.0009756912477314472,0.0003953268751502037,0.0003012186207342893,0.00019012244592886418,0.0002503781288396567,0.0005669426172971725,0.000175671826582402,0.0002481669944245368,0.00020328325626906008,0.0002489464823156595,0.00014502470730803907,0.00016703139408491552,0.00026418815832585096,0.00044090038863942027,0.014378750696778297,0.0017706583021208644,0.004122559912502766,0.0023178919218480587,0.0016763462917879224,0.0023763717617839575,0.7780174016952515,0.9537710547447205
Richard Garfield received a Bachelor of Science degree in the field of,The creator of Magic: The Gathering received a Bachelor of Science degree in field of,Richard Garfield,The creator of Magic: The Gathering, computer mathematics,0.0001598369999555871,1.1593959243327845e-05,9.060092270374298e-05,9.060928277904168e-05,9.877884440356866e-05,2.854324884538073e-05,4.221432845952222e-06,3.0977384994912427e-06,4.332928256189916e-06,2.896577370847808e-06,3.890480911650229e-06,1.478721287639928e-06,3.1628542274120264e-06,1.6280064301099628e-06,2.723945726756938e-06,2.52461802574544e-07,1.9832293673971435e-06,1.7881922076412593e-06,2.7199866963201202e-06,3.34760443365667e-06,7.210113835753873e-06,0.00010017164458986372,0.00011775977327488363,0.0004089251742698252,0.0003484780027065426,0.00015112156688701361,7.059732888592407e-05,0.00036576224374584854,0.00010352954996051267,2.5039693355211057e-05,1.8097729252986028e-06,4.624480880011106e-06,5.548972239921568e-06,9.94890979200136e-06,2.7407459128880873e-06,2.7747566946345614e-06,4.587452713167295e-05,1.964041803148575e-05,1.6073934602900408e-05,8.342043656739406e-06,3.1459815090784105e-06,2.054692231467925e-06,2.4876060251699528e-06,4.870363454756443e-07,7.699465243149461e-08,5.373230038685506e-08,7.0794754947201e-08,1.3862155867627735e-07,6.044427180995626e-08,4.8821686249311824e-08,2.6920416118514368e-08,3.55204186064384e-08,2.1615758072357494e-08,2.8190219936163885e-08,2.984772962122406e-08,7.574737992399605e-08,3.76379354349865e-08,2.340204652284683e-08,2.356636841227555e-08,8.471217682881615e-08,7.98766777165838e-08,2.726937253783035e-08,3.74634971933574e-08,5.5324825609659456e-08,8.196683154437778e-08,7.077495922658272e-08,2.0804003497687518e-07,3.508399686324992e-07,1.1328684479394724e-07,1.6619617682067656e-08,1.0321387122758097e-07,1.4115718727225612e-07,2.3711973540230247e-07,4.5155317707212816e-07,4.757066847105307e-07,2.1365888187574456e-06,4.464336598175578e-06,0.00010448379907757044,6.434965325752273e-05,5.01724352943711e-05,0.01652054861187935,0.11515938490629196
Emperor Vespasian introduced a tax on this bodily fluid,The fourth and last emperor who reigned in the Year of the Four Emperors introduced a tax on this bodily fluid,Emperor Vespasian,The fourth and last emperor who reigned in the Year of the Four Emperors, urin,1.8958404325530864e-05,4.787942089024e-06,1.0751065019576345e-05,2.416766801616177e-05,9.944942576112226e-06,2.330575262021739e-05,1.54560329974629e-05,1.6901269191293977e-05,8.767424333200324e-06,2.2588024876313284e-05,0.00014965898299124092,5.719490582123399e-05,5.3548596042674035e-05,9.259935723093804e-06,1.288146995648276e-05,1.8045624528895132e-05,9.580830919730943e-06,4.324494511820376e-06,1.971297479030909e-06,4.5645106183656026e-07,2.0934396616212325e-06,1.9660042482883e-07,4.6493934746649757e-07,5.168549705558689e-06,1.071308588507236e-06,3.7817908378201537e-06,2.0470340587053215e-06,1.8269788597535808e-06,5.623148808808764e-07,1.4826688357061357e-06,1.2940397482452681e-06,3.142780315101845e-06,6.8962631303293165e-06,7.1519102675665636e-06,2.454322384437546e-05,1.144955513154855e-05,8.878257176547777e-06,6.78623382555088e-06,2.4397986635449342e-06,1.3860177432434284e-06,1.5718410395493265e-07,1.9932635098030005e-07,5.64897675303655e-07,3.814477906871616e-07,1.4502998055831995e-06,7.847374376979133e-07,2.3175132355390815e-06,7.909956366347615e-06,4.820926733373199e-06,9.075898788069026e-07,2.1285388811520534e-06,4.931640091854206e-07,5.556743190027191e-07,1.302565578953363e-06,1.2723390909741283e-06,5.004225727134326e-07,1.8606294815981528e-07,5.821664217364741e-07,1.4845886653347407e-07,2.9334989903873065e-07,2.5668569492154347e-07,1.185007150183992e-07,4.2479373973947077e-07,4.4349900463203085e-07,3.327756292748063e-09,1.888697021001917e-08,1.6073695263685295e-08,8.379085869592018e-09,3.3166509538773425e-09,9.734805184180573e-10,5.510970790822967e-09,2.208549121363035e-09,5.980515194181635e-09,3.199034814826973e-09,5.17132869859438e-09,5.765347643738039e-10,3.8449712858046325e-10,2.483431793542934e-10,3.826930161654474e-10,7.825096126623521e-09,4.280791836208664e-05,2.92668823931308e-06
"Ludwig II ruled Bavaria from 1864 until his death in 1886, when he drowned in Lake","Der Märchenkönig ('the Fairy Tale King') ruled Bavaria from 1864 until his death in 1886, when he drowned in Lake",Ludwig II,Der Märchenkönig ('the Fairy Tale King')," Starnberg, Bavaria, German Empire",0.00014640031440649182,0.000255511055001989,0.00015311189054045826,0.0003665951080620289,0.0006088746013119817,0.003252587979659438,0.0013101253425702453,0.0012214859016239643,0.0007932943990454078,0.00027388008311390877,2.5943263608496636e-05,3.46649503626395e-05,4.856807663600193e-06,4.243803778081201e-05,0.00012225302634760737,1.0628120435285382e-05,4.87817715111305e-06,1.1836023077194113e-06,1.3338411008589901e-05,1.8920700313174166e-05,5.715904990211129e-06,3.4552529541542754e-05,2.9836995963705704e-05,1.5452398656634614e-05,2.72784036496887e-05,2.385130210313946e-05,1.4048797311261296e-05,0.00013404515630099922,2.2928672478883527e-05,2.823639260896016e-05,0.00023057730868458748,0.000611993542406708,0.0005919261602684855,0.001784354797564447,0.0007888803374953568,0.00024426597519777715,0.00010776459384942427,0.0002109292836394161,6.910383672220632e-05,0.0002365634572925046,0.00032948769512586296,0.00033104122849181294,0.00014165772881824523,3.429256321396679e-05,0.00016485218657180667,0.00014547855244018137,5.2281397074693814e-05,5.4828429711051285e-05,6.25990578555502e-05,0.00017234556435141712,0.00010545565601205453,0.00021235058375168592,0.0003073937841691077,0.00028647092403844,0.0010152801405638456,0.00011795716272899881,0.0001721973530948162,0.0005457195220515132,0.0003793852811213583,0.00022258212266024202,0.0003033046086784452,0.0012466100743040442,0.00039539995486848056,0.000319416809361428,0.0003796211094595492,0.0006719285156577826,0.0004080517392139882,0.001977113541215658,0.002645994070917368,0.0013793703401461244,0.004298051353543997,0.1390947848558426,0.05937512591481209,0.06605720520019531,0.3999764323234558,0.5464583039283752,0.9422457218170166,0.9739726185798645,0.8978198170661926,0.9681468605995178,0.9927017688751221,0.9953885078430176
Alexander the Great was tutored by the philosopher called,The man who conquered most of the known world was tutored by the philosopher called,Alexander the Great,The man who conquered the world, Aristotle,5.669041911460226e-07,9.554171356285224e-07,1.0335121260141023e-05,5.167362814972876e-06,2.7200633212487446e-06,3.3548321880516596e-06,7.376268627012905e-07,3.3117578368546674e-07,4.223535597702721e-06,7.674289008718915e-06,1.5396731214423198e-06,3.069475553729717e-07,3.495823364119133e-07,5.399568294706114e-07,9.798753097811641e-08,3.765631504393241e-07,3.6750583376488066e-07,9.939498113453737e-08,4.4217429717718915e-07,3.127522063550714e-07,2.689487246243516e-07,6.968933234929864e-07,3.7166328183957376e-06,3.5661189485836076e-06,1.9015583347936627e-06,2.468223328833119e-06,1.5673526831960771e-06,1.0978031923514209e-06,1.9204546788387233e-06,2.3129202872951282e-06,2.9729812922596466e-06,7.791482516950055e-07,1.082087010217947e-06,1.1771523986681132e-06,5.160088676348096e-07,1.3010992461204296e-07,2.213827485775255e-07,5.720502258554916e-07,2.0609488728950964e-06,3.0461012556770584e-06,8.292616257676855e-06,1.4735623153683264e-05,5.183715074963402e-06,9.153459359367844e-06,2.081561206068727e-06,3.779908411161159e-06,1.4864855302221258e-06,1.7732579635776347e-06,1.2079403859388549e-06,1.0483375945113949e-06,1.3324216752153006e-06,4.308451195811358e-07,4.890648597211111e-07,1.1941186528474645e-07,2.5058992036974814e-07,2.983107378895511e-07,1.4417136640076933e-07,9.808314871406765e-08,6.564725651969638e-08,6.416998132863228e-08,1.6591396700960104e-08,3.4985404795406794e-08,6.075389080706373e-08,4.4796909293154386e-08,5.720252360674749e-08,6.651147543834668e-08,9.814470303126654e-08,5.87171200550074e-08,5.082926435306945e-08,3.8438543015217874e-08,6.706515875976038e-08,1.411432464237805e-07,1.3246997809801542e-07,1.770527831013169e-07,4.7468219577240234e-08,1.4408404922505724e-06,1.437330183762242e-06,4.050710231240373e-06,9.480962944508065e-06,9.75740113062784e-06,0.9471005797386169,0.5896635055541992
Steve Rogers is famous for his,The first avenger is famous for his,Steve Rogers,The first avenger, shield,0.00031417267746292055,0.00029186508618295193,0.0002721963683143258,3.6926074244547635e-05,4.0880710002966225e-05,3.067637589992955e-05,2.5933681172318757e-05,4.821474431082606e-05,1.4431200725084636e-05,2.0944867173966486e-06,6.4887781263678335e-06,1.9555334347387543e-06,4.993243578610418e-07,5.643744884764601e-07,5.505729063770559e-07,5.939194807069725e-07,5.900469091102423e-07,1.036193907566485e-06,3.145190248687868e-06,6.546787858496828e-07,4.508752908805036e-07,6.246674502108363e-07,1.7203468587467796e-06,4.6023006916584563e-07,3.082055627601221e-06,4.412800080899615e-06,1.3704452612728346e-05,7.972093953867443e-06,3.300337709788437e-07,1.0193206634312446e-07,1.344565134786535e-07,1.2282226862225798e-06,4.324871838434774e-07,1.6305671124428045e-07,3.9131671769609966e-07,1.0192509307671571e-06,2.2004513766660239e-07,5.237149025560939e-07,1.4879008176649222e-06,8.810669100967061e-07,5.016305522076436e-07,1.086434622266097e-06,6.715691256431455e-07,1.319039455438542e-07,3.8182230355232605e-07,5.879841680211939e-08,2.9527521405725565e-07,5.825424977956573e-07,7.48604449540835e-08,2.1968716623632645e-07,6.808518548950815e-08,4.017257992927625e-08,7.53894169314151e-10,1.17240384067685e-10,1.0025542618308236e-09,3.5599051484425104e-10,3.463172248974189e-10,9.921165000648102e-10,2.2930177756563808e-09,6.856180623238117e-10,5.55448465000552e-10,2.639296337036967e-09,1.2309849140024198e-08,1.413624488577625e-07,1.2293857309941814e-07,4.722706670179377e-09,2.9015211111982353e-05,2.106661122525111e-05,3.142565401503816e-05,9.888627573673148e-06,6.695912361465162e-06,1.3081793440505862e-05,5.600075837719487e-06,4.33808554589632e-06,4.145250841247616e-06,2.030772066063946e-06,5.727340976591222e-06,1.073468320100801e-05,1.8550566664998769e-06,1.4853250149826636e-06,0.1330810785293579,0.013568314723670483
Thomas Jennings invented a method for removing,The first African-American to hold a patent invented a method for removing,Thomas Jennings,The first African-American to hold a patent, dirt and grease from clothing,4.030072432215093e-06,7.889681910455693e-06,1.2610664725798415e-06,1.9350798652340018e-07,1.8035015614259464e-07,1.3882073801596562e-07,3.6176709272695007e-07,7.056992217258085e-07,4.613385158336314e-07,2.0777825682216644e-07,5.493071057571797e-06,1.277742467209464e-05,3.33379466610495e-05,2.355036667722743e-05,1.3747174307354726e-05,6.939259492355632e-06,2.2347160211211303e-06,8.704384526936337e-06,5.646088538924232e-06,0.00014021876268088818,3.086269862251356e-05,9.729039447847754e-06,1.4619024113926571e-05,3.073499783567968e-06,3.348176960571436e-06,1.205197986564599e-05,5.7564375310903415e-05,4.136202551308088e-05,1.3247382412373554e-05,2.2447688024840318e-05,1.282894481846597e-05,1.513607639935799e-05,4.6498669689754024e-05,5.1301864004926756e-05,2.0125611627008766e-05,9.561935439705849e-05,0.00022276137315202504,0.00011782123328885064,4.815163629245944e-05,2.359332393098157e-05,0.0002239866298623383,4.886115129920654e-05,7.057580660330132e-05,3.518930680002086e-05,5.8104764320887625e-05,0.00037792976945638657,0.0021353454794734716,0.001436602440662682,0.006076139863580465,0.0019079779740422964,0.0032398791518062353,0.0030218414030969143,0.001137528452090919,0.002552744233980775,0.0003784031723625958,0.00014252818073146045,0.00037412578240036964,0.00017486559227108955,0.0001877819449873641,0.00014853442553430796,9.225236135534942e-05,0.00011698824528139085,6.629855488426983e-05,0.00011270908726146445,0.00015888878260739148,0.00014684781490359455,0.00011187238851562142,5.0103764806408435e-05,7.49709433875978e-05,4.2140629375353456e-05,0.00021854147780686617,0.00011651572276605293,0.00020631044753827155,0.0003282091347500682,0.00013958544877823442,0.0005854316987097263,0.0008449694723822176,0.0001636658562347293,0.00019992716261185706,0.0003045670746359974,0.041789427399635315,0.021993814036250114
Leonardo da Vinci was born in the modern-day country of,The painter of the Mona Lisa was born in the modern-day country of,Leonardo da Vinci,The painter of the Mona Lisa, Italy,1.5528952644672245e-05,1.6094867532956414e-05,1.2760402569256257e-05,8.363672350242268e-06,1.4242141332942992e-05,5.621870059258072e-06,2.7042635338148102e-05,7.482661749236286e-05,2.232424776593689e-06,0.00014985245070420206,0.00027044679154641926,0.00031578337075188756,0.00028747369651682675,0.00018843515135813504,4.154779890086502e-05,2.3936101570143364e-05,2.5861403628368862e-05,8.837047789711505e-05,4.3810719944303855e-05,2.1154803107492626e-05,4.4993885239819065e-06,5.361780949897366e-06,1.566057289892342e-05,4.5477496314560995e-05,0.0001114720362238586,3.9094597013900056e-05,3.403041046112776e-05,3.278526128269732e-05,4.7078872739803046e-05,4.152646397415083e-06,0.000335708842612803,0.0001765170891303569,0.00017566616588737816,0.00010120811202796176,0.0003737462102435529,0.0006983720231801271,0.0004664734296966344,0.005985041614621878,0.003378605004400015,0.0044790455140173435,0.010012933053076267,0.04135279729962349,0.49286821484565735,0.4356957972049713,0.2662643492221832,0.8339656591415405,0.7007492780685425,0.714216947555542,0.48142001032829285,0.4624406099319458,0.3463097810745239,0.28214403986930847,0.34643441438674927,0.4637875556945801,0.6211857795715332,0.69859379529953,0.8121815323829651,0.8039770126342773,0.8535041809082031,0.7923741340637207,0.9244096279144287,0.9353506565093994,0.9375361204147339,0.933404266834259,0.9309759140014648,0.9469026923179626,0.9560725092887878,0.9666404128074646,0.9626320600509644,0.9219172596931458,0.9187007546424866,0.7482224106788635,0.49929580092430115,0.3077683448791504,0.5573335886001587,0.8149538040161133,0.7646195292472839,0.35066214203834534,0.7513541579246521,0.539091944694519,0.6790328025817871,0.8722688555717468
Johannes Gutenberg originally trained to become a,The inventor of the printing press originally trained to become a,Johannes Gutenberg,The inventor of the printing press, goldsmith,8.034604434214998e-06,4.0841245208866894e-05,8.557210094295442e-05,6.953973934287205e-05,4.4217700633453205e-05,0.0002926271117758006,6.776965892640874e-05,2.207910620199982e-05,1.681618596194312e-05,1.1042573532904498e-05,4.441383498487994e-05,3.5870889405487105e-05,1.4207018466549926e-05,8.015739877009764e-05,0.0001801241742214188,8.90111768967472e-05,3.36210141540505e-05,5.106925164000131e-05,9.022310405271128e-05,3.6526321309793275e-06,1.1110625564469956e-05,1.8957436623168178e-05,1.4762619002794963e-06,7.086274536050041e-07,5.772163262918184e-07,1.694310753919126e-06,6.541397965520446e-07,6.125550271462998e-07,7.607988550262235e-07,1.0681528692657594e-06,2.776846940832911e-06,3.556490992195904e-05,2.027062146225944e-05,3.347564415889792e-05,9.217753358825576e-06,9.700500413600821e-06,5.4809720495541114e-06,5.849058652529493e-06,3.585195372579619e-05,6.933622353244573e-05,0.00010460454359417781,0.0001269428466912359,8.890446042641997e-05,0.0005199580918997526,0.0005179308354854584,0.00016005012730602175,0.0002879488165490329,0.00017070483590941876,0.0003025162732228637,0.00042971447692252696,0.0013308597262948751,0.003761865198612213,0.005893051624298096,0.03694489598274231,0.04953566938638687,0.03401704132556915,0.05265863239765167,0.13389894366264343,0.10433386266231537,0.020751861855387688,0.07303523272275925,0.15148434042930603,0.2663607895374298,0.10383115708827972,0.1468835175037384,0.08849998563528061,0.09938764572143555,0.09977099299430847,0.20772884786128998,0.10072022676467896,0.10143350064754486,0.15582840144634247,0.13629138469696045,0.0634194016456604,0.011391767300665379,0.01867155358195305,0.0463036447763443,0.009167320095002651,0.013006778433918953,0.004561750218272209,0.609734058380127,0.905139148235321
"In addition to being an inventor, Samuel F.B. Morse was also a talented","In addition to being an inventor, the developer of the electrical telegraph was also a talented",Samuel F.B. Morse,the developer of the electrical telegraph, artist,3.2252934033749625e-05,0.00024151518300641328,0.0005701772170141339,0.00046600447967648506,0.0003445359179750085,0.00041598864481784403,0.0005262120394036174,0.0011720850598067045,0.0007130015292204916,0.00026615351089276373,0.00013041356578469276,6.699957157252356e-05,3.306964936200529e-05,9.10950438992586e-06,4.529098077910021e-06,6.957310233701719e-06,8.709826033737045e-06,3.1729781767353415e-05,2.3240791051648557e-05,0.00015593631542287767,8.111831266433e-05,7.870426634326577e-05,8.300136687466875e-05,0.0006249819998629391,0.00015243170491885394,0.00033258547773584723,0.001096847583539784,0.002094619907438755,0.0003053044783882797,3.515174466883764e-05,0.00023498373047914356,0.00011110394552815706,0.00018662377260625362,0.00020076113287359476,0.0014674077974632382,0.0005816889461129904,7.888401887612417e-05,0.00015628385881427675,0.0003240141086280346,6.309267337201163e-05,9.471407975070179e-05,0.00027937363483943045,0.0002617877325974405,0.00029759775497950613,0.00014441958046518266,0.00015211432764772326,0.0005190451047383249,0.0012565627694129944,0.001217448734678328,0.010243545286357403,0.010888923890888691,0.0036840399261564016,0.005042476113885641,0.0022398042492568493,0.004980920348316431,0.003938706126064062,0.0010764540638774633,0.0021697995252907276,0.0015739602968096733,0.0005309755215421319,0.0007472911383956671,0.0007743446039967239,0.0037670303136110306,0.0009425140451639891,0.00037815290852449834,0.0007365866913460195,0.0001539776276331395,0.0002611219824757427,0.00026208197232335806,0.0001837059244280681,0.00016062386566773057,0.0001283143792534247,5.7081477280007675e-05,0.0001446436217520386,0.0001151641336036846,0.0004991173627786338,6.4848420151975e-05,0.000345585256582126,0.0027669931296259165,0.015907684341073036,0.5947747826576233,0.6364400386810303
The first patented invention of Thomas Alva Edison was the electric,The first patented invention of the inventor of the light bulb was the electric,Thomas Alva Edison,the inventor of the light bulb, vote recorder,4.107741915504448e-05,3.4964297810802236e-05,4.702572550741024e-05,4.728227941086516e-05,0.00011608225759118795,1.6899897673283704e-05,0.0001390707475366071,0.00023877467901911587,0.00011229069787077606,9.935569096342078e-07,0.0001300163276027888,0.00019446211808826774,0.0012717300560325384,0.0004469463892746717,5.9923775552306324e-05,3.1352210498880595e-05,7.754219041089527e-06,1.6292517102556303e-05,1.6553915429540211e-06,7.735059625701979e-06,5.381449454944232e-07,3.6793485378439073e-06,3.5194161682738923e-06,3.1174731702776626e-06,1.8430340560371405e-06,8.8784486251825e-07,3.2263080811389955e-06,1.6653792727083783e-06,1.406503542966675e-06,2.1703897346014855e-06,8.460594472126104e-06,3.4013112326647388e-06,4.375761818664614e-06,7.4516487984510604e-06,9.366070116811898e-06,2.4126113657985115e-06,2.778387352009304e-05,1.0127818313776515e-05,6.450187356676906e-06,0.0002426876890240237,0.00012122321641072631,2.826838317560032e-05,6.902404129505157e-05,5.347043406800367e-05,1.7943058992386796e-05,3.361738345120102e-05,0.0001234516385011375,0.00040374419768340886,0.00012051840894855559,0.00031187402782961726,4.8173285904340446e-05,0.0001581159740453586,0.0029860814101994038,0.00169514084700495,0.004465373698621988,0.0006474638939835131,0.015493342652916908,0.07760355621576309,0.024407466873526573,0.028597723692655563,0.0009237693157047033,0.0008587616612203419,0.004011113196611404,0.0010026443051174283,0.00013435163418762386,0.0002014576457440853,0.0002143694437108934,0.0012911211233586073,6.536526052514091e-05,0.0009089915547519922,1.0512751941860188e-05,1.7725124052958563e-05,3.789571928791702e-05,1.1847970199596602e-05,2.2071177227189764e-05,0.00016087776748463511,0.00024720633518882096,0.05308787524700165,0.021125661209225655,0.0069692968390882015,0.9338155388832092,0.9548557996749878
Nikola Tesla was born in the modern-day country of,The rival of Thomas Alva Edison was born in the modern-day country of,Nikola Tesla,The rival of Thomas Alva Edison, Croatia,1.4743278597961762e-07,8.16355978372485e-08,7.491652809221705e-08,2.1097937974445813e-07,2.0976463019906078e-06,2.1766779809695436e-06,9.641037649998907e-06,9.516689715383109e-06,1.9281927166048263e-07,1.2869240890722722e-06,3.67540496881702e-06,8.318024811160285e-06,5.052691903983941e-06,1.3190619938541204e-06,7.362888823081448e-07,2.335501392281003e-07,1.8202727858351864e-07,2.7843768179991457e-07,3.33554709186501e-07,4.504556727624731e-07,1.982386720555951e-06,1.0494701427887776e-06,1.6193581586776418e-06,3.3814228572737193e-07,1.2314369257637736e-07,1.0886283519084827e-07,2.0858377069998824e-07,4.306732819259196e-07,6.068149218663166e-07,3.078249164900626e-06,1.6068281183834188e-05,1.5250092474161647e-05,1.9937795514124446e-05,5.480824984260835e-05,8.623350004199892e-05,2.6181485736742616e-05,2.8947142709512264e-05,0.0006455815746448934,0.001390468212775886,0.0004126812855247408,0.0007559963269159198,0.0012776282383129,0.0019020807230845094,0.0011324548395350575,0.0009859312558546662,0.0008973483345471323,0.0014087589224800467,0.0006098065059632063,0.0011668811785057187,0.0013687832979485393,0.0009387124446220696,0.0033371427562087774,0.0029551410116255283,0.012789272703230381,0.016196241602301598,0.03755928575992584,0.06979101896286011,0.1180800348520279,0.19304470717906952,0.06896629184484482,0.04493202641606331,0.03107181377708912,0.021494148299098015,0.0238299909979105,0.030379831790924072,0.05063614249229431,0.02721162512898445,0.04576646536588669,0.03777419030666351,0.05755077302455902,0.200137197971344,0.08827155828475952,0.06672223657369614,0.09850188344717026,0.05005807802081108,0.22181810438632965,0.1224278137087822,0.2246379852294922,0.6915712356567383,0.7413987517356873,0.63880455493927,0.9765812158584595
Nikola Tesla went to the University of,The inventor of the Tesla coin went to the University of,Nikola Tesla,The inventor of the Tesla coin, Graz,6.751346859346086e-08,1.297458766202908e-06,1.2915141951452824e-06,1.7105250549320772e-07,2.2606168670336046e-07,1.8011348856816767e-07,7.50825563500257e-07,7.482367436750792e-07,4.944699298903288e-07,4.4450970904108544e-07,1.439306203110391e-07,4.11719476289818e-08,4.246770757276863e-08,5.222605068411212e-07,1.2306323924349272e-06,9.26491622976755e-07,7.955657565617003e-06,1.96855603462609e-06,1.911753884087375e-07,8.27152959459454e-08,1.349789755522579e-07,3.4682784644246567e-07,2.018306766160549e-08,3.9113309924232453e-08,5.452629459057334e-09,2.2397983912014752e-08,2.388130759811702e-08,5.358103294383909e-08,4.849217134506034e-07,7.533574262197362e-07,1.26162740343716e-06,2.9675090900127543e-06,2.0423781279532705e-06,1.2657945944738458e-06,2.630973085615551e-06,3.2749271667853463e-06,2.378595809204853e-06,4.278662800061284e-06,1.9045974113396369e-06,7.96133008407196e-07,3.6382100461196387e-06,2.4225951165135484e-06,3.7514575979002984e-06,2.7018731998396106e-06,3.935313998226775e-06,8.317546416947152e-06,1.3963510355097242e-05,8.611858902440872e-06,2.1528578145080246e-05,3.733212724910118e-05,7.537140481872484e-05,6.392126670107245e-05,7.463304791599512e-05,0.00013668947212863714,0.00021243846276775002,0.0002516148961149156,0.00017911687609739602,0.00019402474572416395,0.00031445230706594884,0.000362448365194723,0.0006715884082950652,0.0010073920711874962,0.003066807985305786,0.011180387809872627,0.010830432176589966,0.007580571807920933,0.009842886589467525,0.013706314377486706,0.00526459002867341,0.002489775186404586,0.004147084429860115,0.0032932530157268047,0.0025909331161528826,0.0022928884718567133,0.009151156060397625,0.00499079842120409,0.00970376655459404,0.03576406463980675,0.007338678929954767,0.009833944961428642,0.0002490622573532164,0.041512876749038696
Nikola Tesla died in the city called,The inventor of the induction motor died in the city called,Nikola Tesla,The inventor of the induction motor," New York City, U.S.",0.0015840817941352725,0.002479576040059328,0.0008528067264705896,0.00031383000896312296,0.00047287018969655037,0.0005668504163622856,0.001609982457011938,0.011388474144041538,0.0049607111141085625,0.0022649073507636786,0.0012165497755631804,0.003817800199612975,0.0016782449092715979,0.0016034594736993313,0.0013470773119479418,0.0052105397917330265,0.0007628366001881659,0.000143759636557661,0.0004920442588627338,0.0007562142563983798,0.00024179847969207913,0.00014890244347043335,0.00031506040249951184,0.00039165918133221567,0.0005380419315770268,0.0003122905036434531,0.00040273807826451957,0.00017353387374896556,0.00016335374675691128,0.00035210678470321,0.01746482215821743,0.012814517132937908,0.001784266671165824,0.001380154280923307,0.0029860171489417553,0.0015084316255524755,0.0003221258521080017,0.025136711075901985,0.02178378775715828,0.02080623432993889,0.08919073641300201,0.0731590986251831,0.04839477315545082,0.11978136003017426,0.19676081836223602,0.017112016677856445,0.07057684659957886,0.014770732261240482,0.04554053023457527,0.054466236382722855,0.07960156351327896,0.04377131536602974,0.0829399824142456,0.08342845737934113,0.06715374439954758,0.40648090839385986,0.2336355745792389,0.3206096589565277,0.20591428875923157,0.4872588813304901,0.19126009941101074,0.8498342037200928,0.1919536143541336,0.2100042700767517,0.3080042004585266,0.5982791781425476,0.5570420622825623,0.3941115736961365,0.6835651397705078,0.8518893122673035,0.6107573509216309,0.8739075660705566,0.8437610268592834,0.8963595032691956,0.6318562030792236,0.8692029118537903,0.7384973168373108,0.869996964931488,0.971065878868103,0.9794890880584717,0.0065031577832996845,0.7055269479751587
Nikola Tesla studied,The inventor of alternating current studied,Nikola Tesla,The inventor of alternating current, electrical engineering,1.7282344515479053e-06,5.154178506927565e-05,0.00011143590381834656,0.00015272654127329588,4.328666545916349e-05,7.674469816265628e-05,0.0001754117984091863,4.5611155655933544e-05,1.0547640158620197e-05,5.885134214622667e-06,1.1366878425178584e-05,1.3650976143253502e-05,6.037941784597933e-05,6.617601320613176e-05,3.562400161172263e-05,2.934821168310009e-05,7.61619003242231e-06,3.792163624893874e-05,2.643110383360181e-05,0.00012303503172006458,0.0003060984890908003,0.00018334138439968228,0.00027037158724851906,1.2503151083365083e-05,3.583062789402902e-05,0.00010963049135170877,0.000271109864115715,0.00018888484919443727,0.0001558656367706135,8.959101251093671e-05,4.673659350373782e-05,7.665665179956704e-05,0.00012713020259980112,3.912202373612672e-05,5.6155684433178976e-05,7.282029400812462e-05,3.4318985854042694e-05,6.063470209483057e-05,7.671232197026256e-06,1.9627526853582822e-05,5.18870547239203e-06,3.504132564557949e-06,1.322094362876669e-06,6.6976435846299864e-06,7.86404143582331e-06,1.110650032387639e-06,2.313855929969577e-06,1.3680549955097376e-06,1.722081947264087e-06,1.0115879831573693e-06,1.3869901067664614e-06,9.862787919701077e-07,3.3283063203271013e-06,4.332888693170389e-06,4.818072738999035e-06,5.1725464800256304e-06,4.9962241064349655e-06,4.226043074595509e-06,1.75720151673886e-06,2.668342858669348e-06,1.0914968697761651e-05,1.8569757003206178e-06,1.420950070496474e-06,1.314408223151986e-06,1.1933075256820302e-06,1.3146192259227973e-06,2.636632871144684e-06,5.255442374618724e-06,3.86485726266983e-06,1.0315381587133743e-05,7.8709099398111e-06,3.063916665269062e-06,4.0279301174450666e-05,7.724996976321563e-05,3.4408123610774055e-05,0.00010994846525136381,0.00012152098497608677,3.6307890695752576e-05,6.952316471142694e-05,0.00016978273924905807,0.07056035846471786,0.615733802318573
New York City is in the state of,The most populous city in the United States is in the state of,New York City,The most populous city in the United States, New York,0.00029529008315876126,0.0001972643512999639,0.00011731139966286719,0.0001530060835648328,0.00011884645937243477,4.7949703002814204e-05,1.2791749213647563e-05,2.3562764909002e-05,8.554053238185588e-06,9.969328402803512e-07,1.820862598833628e-05,3.723347163031576e-06,1.8911242705144105e-06,2.116286850650795e-06,1.5571305993944407e-05,9.640074267736054e-07,6.135931585049548e-07,7.599308560202189e-07,1.649200953579566e-06,1.0560215741861612e-06,7.194646514108172e-06,7.964882570377085e-06,2.213338575529633e-06,7.528424816882762e-07,1.0955436664517038e-05,1.5365185390692204e-05,1.2518886251200456e-05,0.0002792158047668636,8.648240327602252e-05,2.1781748728244565e-05,0.00024268754350487143,8.62649321788922e-05,0.00011020929377991706,9.61738551268354e-05,5.535536547540687e-05,1.9112392692477442e-05,7.401253969874233e-05,0.007591492962092161,0.001365536474622786,0.003554367460310459,0.0038397288881242275,0.006910606287419796,0.009717384353280067,0.07220160961151123,0.04398440569639206,0.04564113914966583,0.0966622456908226,0.045384764671325684,0.07918280363082886,0.1864629089832306,0.1663113534450531,0.25651654601097107,0.35272371768951416,0.05702376365661621,0.0992320328950882,0.030212489888072014,0.025651372969150543,0.04222388565540314,0.04927150160074234,0.02256910689175129,0.12007537484169006,0.013290726579725742,0.00946041475981474,0.01144389621913433,0.011966338381171227,0.0032152128405869007,0.008406653068959713,0.0018371593905612826,0.0015819550026208162,0.017874281853437424,0.009328587912023067,0.0006313063204288483,0.002575591439381242,0.0004715492541436106,0.0015349852619692683,0.0019659684039652348,0.005720705725252628,0.0006857893895357847,0.0006160287884995341,0.00010716923861764371,0.8580986857414246,0.8659235239028931
Michelle Obama was born in the city of,Barack Obama's wife was born in the city of,Michelle Obama,Barack Obama's wife, Chicago,3.769349859794602e-05,1.3936364666733425e-05,5.260773832560517e-05,4.8654208512743935e-05,4.412211637827568e-05,1.4072830708755646e-05,1.2781937584804837e-05,1.1393407476134598e-05,8.808900020085275e-06,2.504977601347491e-05,0.00011318508768454194,0.00014580550487153232,0.00012897113629151136,4.81839852000121e-05,2.7256195608060807e-05,5.5264481488848105e-05,2.2537728000315838e-05,2.6719420930021442e-05,0.00020301669428590685,3.319306779303588e-05,4.920007268083282e-05,2.9982142223161645e-05,0.00011683754564728588,9.522539039608091e-05,7.595618080813438e-05,4.7504792746622115e-05,6.49588619126007e-05,0.00026851287111639977,5.4255306167760864e-05,0.00012799429532606155,0.0014104107394814491,0.002530993428081274,0.003926303703337908,0.11393999308347702,0.025497308000922203,0.0630822405219078,0.20136085152626038,0.9617074728012085,0.9729328751564026,0.949038565158844,0.9746888875961304,0.9765481352806091,0.9731139540672302,0.9905441999435425,0.9723691344261169,0.9746220707893372,0.9836815595626831,0.9525349140167236,0.9482929706573486,0.9088623523712158,0.8572252988815308,0.4829902648925781,0.7744978070259094,0.8074270486831665,0.4140394926071167,0.35580793023109436,0.7351824045181274,0.3614717423915863,0.5691261291503906,0.4320020377635956,0.4995891749858856,0.6266564726829529,0.3910488784313202,0.6457914113998413,0.3449803292751312,0.19226346909999847,0.22016534209251404,0.16258127987384796,0.17881162464618683,0.055969808250665665,0.027728863060474396,0.012342898175120354,0.04476539045572281,0.022458737716078758,0.07590112090110779,0.4501328766345978,0.1435176581144333,0.07660936564207077,0.02047683298587799,0.026382090523838997,0.8640393614768982,0.9573034644126892
Florence Nightingale was born in the city of,The founder of modern nursing was born in the city of,Florence Nightingale,The founder of modern nursing, Florence,1.3087420484225731e-05,6.461674729507649e-06,1.9257062376709655e-05,4.108376742806286e-06,1.055308985087322e-05,5.787168447568547e-06,6.975004453124711e-06,2.0987487005186267e-05,2.599036270112265e-05,0.0001004572695819661,0.00022331853688228875,0.00011270806135144085,6.204677629284561e-05,0.00017715578724164516,2.9637873012688942e-05,4.069709120813059e-06,1.301308202528162e-06,1.909052798509947e-06,6.101941835368052e-06,2.809100124068209e-06,8.467170573567273e-07,3.6918032719768235e-07,2.7441251404525246e-06,2.8316733732935973e-05,1.4454525626206305e-05,1.5862220607232302e-05,1.7441718227928504e-05,3.0019375117262825e-05,7.582957096019527e-06,1.1168480341439135e-05,4.644203363568522e-05,3.039628154510865e-06,1.7694669622869696e-06,3.5932509945268976e-06,3.235496478737332e-05,3.4366807085461915e-05,7.277315307874233e-05,0.0009021720616146922,0.012609230354428291,0.015182241797447205,0.0033566774800419807,0.001708106603473425,0.006337546277791262,0.007877442985773087,0.013991734012961388,0.012373445555567741,0.006556697655469179,0.029610320925712585,0.25063568353652954,0.24350738525390625,0.2595687508583069,0.1435048133134842,0.22467803955078125,0.3111346364021301,0.281157523393631,0.23343440890312195,0.2735682725906372,0.3321002423763275,0.26896753907203674,0.2004176676273346,0.09639524668455124,0.010068644769489765,0.013641546480357647,0.0166220311075449,0.006488562095910311,0.0009657411719672382,0.0016645182622596622,0.001604383229278028,0.0012358463136479259,0.0006893714307807386,0.0006942249601706862,0.0005623666220344603,0.0002719498588703573,0.0007665663142688572,0.003875086782500148,0.012881406582891941,0.005473504774272442,0.00030414745560847223,0.0015101945027709007,0.0032442454248666763,0.82673579454422,0.9690801501274109
Hippocrates was from the country of,The father of medicine was from the country of,Hippocrates,The father of medicine, Greece,1.1696293768181931e-05,8.9049954112852e-06,9.588982720742933e-06,1.6360376321244985e-05,6.951353861950338e-05,3.466393536655232e-05,4.8025718569988385e-05,9.986659279093146e-05,2.0205119653837755e-05,4.320954394643195e-05,0.0008934909128583968,3.374152220203541e-05,1.5559464372927323e-05,2.0060437236679718e-05,3.10676587105263e-05,1.5900315702310763e-05,1.3187767763156444e-05,1.4987891518103424e-05,5.929608232690953e-05,0.00019340970902703702,0.0006019785068929195,0.0002497303066775203,0.0002282030472997576,0.0001585243153385818,6.156318704597652e-05,3.994820872321725e-05,3.753152850549668e-05,3.7019187857367797e-06,6.36200638837181e-06,5.613228495349176e-06,1.5147445992624853e-05,2.115598545060493e-05,3.336715599289164e-05,2.4283761376864277e-05,5.8884939790004864e-05,4.582882684189826e-05,1.4370570170285646e-05,0.0008086138404905796,0.0011459758970886469,0.000988611951470375,0.0016238101525232196,0.001985161565244198,0.11348561197519302,0.06073356792330742,0.047353822737932205,0.08082783967256546,0.08160719275474548,0.057410627603530884,0.04319242015480995,0.05597037076950073,0.018671534955501556,0.013402220793068409,0.008200157433748245,0.006949281319975853,0.015872159972786903,0.10397183150053024,0.1065581887960434,0.09635770320892334,0.07117131352424622,0.05676506459712982,0.02075177989900112,0.032651789486408234,0.010473731905221939,0.018988199532032013,0.01136948075145483,0.012600873596966267,0.04166987165808678,0.04409957304596901,0.052192479372024536,0.05865073576569557,0.062470436096191406,0.09343445301055908,0.043689969927072525,0.024685218930244446,0.00885845348238945,0.005502334330230951,0.002700529061257839,0.006792960688471794,0.021627115085721016,0.04320525377988815,0.5546139478683472,0.6030430197715759
Albert Einstein was known for developing the theory of,The winner of the 1921 Nobel Prize in Physics was known for developing the theory of,Albert Einstein,The winner of the 1921 Nobel Prize in Physics , relativity,6.547912198584527e-05,6.374071381287649e-05,3.0262810469139367e-05,7.457572792191058e-05,3.5913482861360535e-05,0.00019064388470724225,0.00036586998612619936,0.00041704793693497777,0.0003595504676923156,0.00015183234063442796,0.0001576849026605487,0.00022427202202379704,0.00011590732174227014,1.680693640082609e-05,4.490804712986574e-06,1.633623833185993e-05,2.6904492187895812e-05,0.0001411844277754426,9.580835467204452e-06,2.4401574592047837e-06,7.450483735738089e-06,5.2290974963398185e-06,9.391837011207826e-06,3.314141395094339e-06,4.954697942594066e-06,1.1391040061425883e-05,8.404274922213517e-06,2.0551792658807244e-06,1.7246309198526433e-06,7.503088284011028e-08,7.537421424785862e-07,3.982002908742288e-06,3.2591385661362438e-06,8.012496437004302e-06,7.904988024165505e-07,1.6786921150924172e-06,8.808784741631825e-07,1.5210511037366814e-06,3.856127023027511e-06,1.3717132105739438e-06,1.3953205098005128e-06,4.28992098022718e-06,1.0841616131074261e-05,4.591820470523089e-06,1.2765957762894686e-05,5.8959492889698595e-05,0.0001188430906040594,7.201180414995179e-05,3.757484591915272e-05,2.712674358917866e-05,5.375722321332432e-05,2.8238864615559578e-05,4.2164236219832674e-05,3.0681276257382706e-05,0.00012609756959136575,0.00010148722503799945,0.0003556000010576099,0.00020248988585080951,0.0002849595621228218,0.0006442284793592989,0.04918500781059265,0.026269229128956795,0.963018536567688,0.9819152355194092,0.9614214897155762,0.9427980780601501,0.9659929871559143,0.0001074533283826895,0.0008143136510625482,0.001011363696306944,0.0015233204467222095,0.011339292861521244,0.0032740309834480286,0.011678026989102364,0.03188612684607506,0.14417551457881927,0.029088281095027924,0.04856286942958832,0.1854414939880371,0.34130242466926575,0.30634409189224243,0.9381983876228333
James Madison was born in the state of,The father of the Constitution was born in the state of,James Madison,The father of the Constitution, Virgina,3.455454861978069e-05,3.1204002880258486e-05,0.00012298567162360996,9.315909119322896e-05,0.0002892112242989242,4.8188259825110435e-05,1.5637460819561966e-05,3.763847780646756e-05,4.082562736584805e-05,1.3733961168327369e-05,2.336064244445879e-05,5.462106491904706e-05,2.4255508833448403e-05,4.153631834924454e-06,1.5510909179283772e-06,6.066843070584582e-06,8.486515980621334e-06,1.82634230441181e-05,6.3018819673743565e-06,1.2822958979086252e-06,8.914145723792899e-07,3.7844617395421665e-07,7.657370133529184e-07,1.5098024732651538e-06,7.883963007770944e-06,5.610058451566147e-06,7.389302936644526e-06,2.433911049593007e-06,2.165749901905656e-05,5.3163581469561905e-05,9.573276474839076e-05,7.110877777449787e-05,2.859637424990069e-05,6.273866893025115e-05,0.00010211113840341568,2.7465781386126764e-05,4.040287603856996e-05,3.0338189390022308e-05,1.1411828381824307e-05,8.335585152963176e-05,0.0002121060388162732,0.00016747319023124874,9.63758138823323e-05,6.208417471498251e-05,4.542116221273318e-05,0.00014299682516139,0.00010390752868261188,9.247341949958354e-05,8.735535811865702e-05,6.417150871129707e-05,5.397883433033712e-05,5.31906662217807e-05,0.00021586842194665223,0.0013031411217525601,0.0016375621780753136,0.0026373062282800674,0.0008391342125833035,0.0014496624935418367,0.003481454448774457,0.0013855629367753863,0.00180418964009732,0.0019838865846395493,0.006432484369724989,0.06093524396419525,0.03778963163495064,0.01151992566883564,0.01467139832675457,0.004780944902449846,0.010894736275076866,0.00618420634418726,0.004331115633249283,0.0009636707254685462,0.005319066345691681,0.00024375274369958788,0.0005415711784735322,0.0006577622261829674,0.0020769829861819744,0.0010824128985404968,0.005021743010729551,0.01890633814036846,0.0013393093831837177,0.0026905592530965805
Charles Babbage was born in the city of,The father of the computer was born in the city of,Charles Babbage,The father of the computer, London,0.00022274213552009314,0.0003121554618701339,0.00035146335721947253,0.0004295307444408536,0.000864323868881911,0.00027252838481217623,3.9948412450030446e-05,4.969871952198446e-05,3.372970240889117e-05,3.283005207777023e-05,0.0003531189286150038,0.0002934370713774115,0.00034905559732578695,9.489897638559341e-05,0.00017296281293965876,0.00015542896289844066,0.0002601034939289093,0.00036617490695789456,0.0001443511137040332,0.00011626560444710776,0.00019903387874364853,0.0001385739742545411,0.0016247436869889498,0.0009579348261468112,0.0011861191596835852,0.001410616678185761,0.00010850929538719356,0.00029629975324496627,0.0001804405910661444,2.599299477878958e-05,0.0009938051225617528,0.002109716646373272,0.00968913547694683,0.0030305616091936827,0.010164893232285976,0.008322644047439098,0.0016610299935564399,0.943924605846405,0.9466814994812012,0.7062321901321411,0.4329264461994171,0.12238302081823349,0.31920817494392395,0.3662303686141968,0.3285909593105316,0.2664424180984497,0.09361165761947632,0.09081682562828064,0.025426937267184258,0.015171391889452934,0.010829117149114609,0.03067035786807537,0.01245986856520176,0.0333346426486969,0.032174479216337204,0.020275048911571503,0.02720470540225506,0.03263743221759796,0.037392646074295044,0.03918188065290451,0.03656361997127533,0.0646364614367485,0.033175744116306305,0.08114838600158691,0.044775135815143585,0.02971242554485798,0.08380494266748428,0.0032243120949715376,0.008617442101240158,2.062736348307226e-05,4.1907147533493116e-05,6.434493116103113e-05,4.4122618419351056e-05,5.1399711082922295e-05,5.48403886568849e-06,2.1780264432891272e-05,0.0001280463329749182,0.08217094838619232,0.1549699455499649,0.036178819835186005,0.022142579779028893,0.931547224521637
Galileo Galilei was born in the city of,The father of the scientific method was born in the city of,Galileo Galilei,The father of the scientific method, Pisa,0.001466944464482367,0.0009370785555802286,0.0005513684009201825,0.0009601404890418053,0.0012896382249891758,0.00033766936394385993,0.00032162145362235606,0.0005829419242218137,0.0007259597769007087,0.0014854429755359888,0.0001335223496425897,0.0003661254304461181,0.0006529801758006215,0.0014412234304472804,0.0004094841715414077,0.0002945874002762139,0.000374055904103443,0.00019535758474376053,0.0012826825259253383,0.00025962505606003106,0.0010889398399740458,0.0003795972152147442,0.0013191277394071221,0.0013822605833411217,0.008557331748306751,0.003224107204005122,0.0002951295464299619,0.0046736979857087135,0.003351601306349039,0.0003806856693699956,2.530162782932166e-05,0.00041011656867340207,0.00028910269611515105,4.382327460916713e-05,2.9880826332373545e-05,4.032313881907612e-05,0.0001350375678157434,2.619277438498102e-05,9.804793990042526e-06,4.891158823738806e-06,1.5155758774199057e-05,1.2831566891691182e-05,7.5948064477415755e-06,2.582247179816477e-05,5.686594522558153e-05,0.00010545760596869513,9.24218911677599e-05,0.00010308686614735052,1.9564569811336696e-05,9.366617450723425e-05,1.4694528545078356e-05,0.0004342226020526141,0.0001936989137902856,0.00015331825125031173,0.0006315600476227701,0.000610241899266839,6.270880840020254e-05,0.0003816507523879409,0.0008961942512542009,0.00202002446167171,0.0002817209460772574,0.0027030433993786573,0.012405380606651306,0.0340656116604805,0.9436388611793518,0.9316096305847168,0.7572566866874695,0.7668460011482239,0.7608874440193176,0.854148805141449,0.6761472225189209,0.9824503660202026,0.8002133965492249,0.4736631214618683,0.14284463226795197,0.46715110540390015,0.7759711146354675,0.8152809143066406,0.34636804461479187,0.22111357748508453,0.0482163205742836,0.9897984266281128
The Taj Mahal was commissioned by,The ivory-white mausoleum in India was commissioned by,The Taj Mahal,The ivory-white mausoleum in India, Shah Jahan,3.4618440167832887e-06,2.515638470867998e-06,1.3335010180526297e-06,3.736376584129175e-06,1.3219145955645217e-07,4.4400033516467374e-07,6.171096345042315e-08,2.1281799433836568e-07,9.306165082989537e-08,2.8456892664507905e-07,9.74142835730163e-07,6.22838399522152e-07,6.665658247584361e-07,3.349096232341253e-06,8.452639121969696e-06,2.2508911570184864e-06,1.0452882293066068e-07,2.9619877750519663e-06,4.1654543565528e-06,1.2248494840605417e-06,5.479379069583956e-06,6.666179160674801e-06,1.3034990843152627e-05,0.00011603849998209625,2.772313018795103e-05,1.6020521798054688e-05,3.2743035262683406e-05,0.00016683110152371228,8.42543249746086e-06,5.508517460839357e-06,2.350709564780118e-06,1.559562065267528e-06,5.619190687866649e-06,6.761160875612404e-07,2.409913406609121e-07,4.3105112013108737e-07,7.376704616035568e-07,4.495029315876309e-06,3.3161777537316084e-06,1.7580776329850778e-05,2.9367513434408465e-06,4.884084319201065e-06,7.92786795500433e-06,1.0439001925988123e-05,2.941070533779566e-06,3.33772163685353e-06,9.60274428507546e-06,1.4030476449988782e-05,2.2682785129291005e-05,1.6976062397588976e-05,1.0418340025353245e-05,7.668936632398982e-06,8.327752766490448e-06,1.82290532393381e-05,3.6643750718212686e-06,4.4375476136337966e-05,4.5583921746583655e-05,3.675778498291038e-05,2.494765976734925e-05,3.737303995876573e-05,6.909441435709596e-05,3.955883948947303e-05,9.817197860684246e-05,2.915549703175202e-05,1.6942385627771728e-05,8.764004633121658e-06,1.294062803935958e-05,1.0447974091221113e-05,2.5548892153892666e-05,1.2610745216079522e-05,2.0477169528021477e-05,1.0070692042063456e-05,1.4266555808717385e-05,2.0334839518909575e-06,3.815509899141034e-06,2.0772919015143998e-05,5.411294750956586e-06,2.525749550841283e-06,4.080311100551626e-06,4.948661444359459e-05,0.043609023094177246,0.07426048070192337
The Gateway Arch is located in,The world's tallest arch is located in,The Gateway Arch,The world's tallest arch, St. Louis,1.7137628674390726e-05,2.0805282474611886e-05,0.0002491810591891408,0.00016463969950564206,7.621404620294925e-06,5.8299269767303485e-06,1.0121611921931617e-05,7.2907787398435175e-06,5.562200749409385e-05,1.7728314560372382e-05,8.108470501611009e-05,9.875517207547091e-06,3.318560402476578e-06,5.218580554355867e-06,6.348564784275368e-05,1.7374377421219833e-05,4.156727663939819e-05,0.00015317923680413514,0.00012870138743892312,5.993704326101579e-05,0.0001496056211180985,0.00025696863303892314,0.00014119983825366944,0.00015879300190135837,0.00013194416533224285,0.0001879575283965096,5.1272869313834235e-05,0.0006040846346877515,0.0014674990670755506,0.00042904855217784643,0.00033576347050257027,0.000661048456095159,5.684513962478377e-05,0.000974253925960511,9.80874101514928e-05,0.00036545266630128026,0.0002493326901458204,0.001717607956379652,0.0007431819103658199,0.0008922031847760081,0.0012301927199587226,0.0045302314683794975,0.0026416487526148558,0.005367078818380833,0.0029950866010040045,0.003984942566603422,0.001828980864956975,0.005967145320028067,0.0175220537930727,0.003731047734618187,0.027720505371689796,0.018764592707157135,0.07047531008720398,0.012724446132779121,0.010492107830941677,0.017007585614919662,0.26377105712890625,0.5208337306976318,0.48872026801109314,0.2546498775482178,0.2133040428161621,0.4470217823982239,0.1174732893705368,0.06763719022274017,0.04728482663631439,0.012594355270266533,0.012707870453596115,0.0034757356625050306,0.00030152162071317434,0.000936778262257576,0.0009273795294575393,0.00010226562153548002,0.00029818539042025805,0.0008566922042518854,0.0010449027176946402,0.0011861531529575586,0.0016995862824842334,0.0031918841414153576,0.0057951402850449085,0.01118862722069025,0.4164842367172241,0.7255330085754395
The Shard is located in the city of,The tallest building in the United Kingdom is located in the city of,The Shard,The tallest building in the United Kingdom, London,9.584108192939311e-05,0.00013873029092792422,0.00011686886864481494,0.00010698358528316021,8.390411676373333e-05,5.981048889225349e-05,2.785308242891915e-05,6.737850071658613e-06,4.877786705037579e-05,6.516261055367067e-05,0.00019420658645685762,0.00032059886143542826,3.485872730379924e-05,5.1364263526920695e-06,5.5184136726893485e-06,6.944656433915952e-06,9.609632797946688e-06,9.422200491826516e-06,1.815162249840796e-05,2.2907909169589402e-06,2.0953316379745957e-06,4.0179338611778803e-07,3.95488223148277e-06,7.184342848631786e-06,1.8189950424130075e-05,8.812546184344683e-06,1.0646534065017477e-05,2.1098092474858277e-05,1.9450284526101314e-05,6.8942604229960125e-06,2.676704025361687e-05,8.71629254106665e-06,1.0126188499270938e-05,7.792341421009041e-06,4.532956609182293e-06,5.477846571011469e-06,6.436911462515127e-06,0.013060526922345161,0.003912989515811205,0.002667971421033144,0.013986930251121521,0.006564595270901918,0.009956699796020985,0.004499634262174368,0.008044344373047352,0.0057927523739635944,0.0020203806925565004,0.0009776783408597112,0.0005781517829746008,0.00015720078954473138,0.001164615503512323,0.0019826076459139585,0.0023336089216172695,0.00594686483964324,0.007296753581613302,0.009619222953915596,0.030410194769501686,0.017642833292484283,0.0209942739456892,0.012776244431734085,0.023008115589618683,0.03590763360261917,0.03207647055387497,0.02735809050500393,0.029998892918229103,0.016451608389616013,0.1381528377532959,0.0958787128329277,0.09328605234622955,0.057096533477306366,0.18271635472774506,0.1320503056049347,0.0423995740711689,0.05972503870725632,0.033334486186504364,0.026734789833426476,0.022119075059890747,0.006506458856165409,0.028459228575229645,0.00896866898983717,0.9159244894981384,0.9715617299079895
T. Rex lived on the modern day continent of,The dinosaur with tiny arms lived on the modern day continent of,T. Rex,The dinosaur with tiny arms, North America,2.7781861717812717e-05,1.450932086299872e-05,8.748484833631665e-05,0.00016556447371840477,0.00016676753875799477,0.00036414916394278407,0.00015266197442542762,0.0002782347146421671,0.00013365905033424497,6.095425123930909e-05,3.591381027945317e-05,9.363181015942246e-05,8.94094628165476e-05,8.417401113547385e-05,0.00010574358748272061,0.0002331471478100866,0.0005650772945955396,0.0007515033939853311,0.0003913634573109448,0.003165173577144742,0.0017579685663804412,0.000918738660402596,0.003942558541893959,0.0013154372572898865,0.002014901489019394,0.002501942217350006,0.0009879098506644368,0.00028767329058609903,0.0007222375716082752,0.0031053819693624973,0.06142985820770264,0.016543462872505188,0.010179806500673294,0.002345574088394642,0.002512800507247448,0.0026578479446470737,0.010721785016357899,0.23938314616680145,0.33941879868507385,0.28138113021850586,0.5966353416442871,0.6307471990585327,0.5594741106033325,0.7623727917671204,0.44642558693885803,0.4865536391735077,0.23425433039665222,0.1784549057483673,0.07878720015287399,0.014993643388152122,0.01917153038084507,0.03806498646736145,0.0371781587600708,0.057934701442718506,0.06939511746168137,0.19660960137844086,0.28455695509910583,0.1253199279308319,0.3059009313583374,0.9997963309288025,0.9994465708732605,0.9989627599716187,0.9420288801193237,0.9819141030311584,0.23229332268238068,0.5889483690261841,0.6901330947875977,0.6154844164848328,0.42186787724494934,0.5291956663131714,0.26106831431388855,0.48291274905204773,0.3227164149284363,0.2594609558582306,0.1465509533882141,0.314918577671051,0.31088754534721375,0.31354445219039917,0.24782685935497284,0.11040786653757095,0.3775201737880707,0.8562371730804443
Bananas grow on,Long yellow berries grow on,Bananas,Long yellow berries, trees,1.3870441762264818e-05,1.5370131222880445e-05,4.3593181544565596e-06,7.944234312162735e-06,1.750898445607163e-05,6.518684585898882e-06,3.0048604457988404e-06,3.310260581201874e-05,9.198641055263579e-05,4.727966006612405e-05,0.00017621747974772006,0.00041971620521508157,0.0006660810322500765,0.0006101303733885288,0.0005434349295683205,0.0015560704050585628,0.001970436656847596,0.00021068076603114605,0.0005079627735540271,9.70799446804449e-05,0.0002931644849013537,0.0012532328255474567,0.0014865521807223558,0.0008051081094890833,0.0019947283435612917,0.004393737763166428,0.006370456889271736,0.012448182329535484,0.009040680713951588,0.004944239743053913,0.002620041137561202,0.0013912224676460028,0.0006190002313815057,0.0002060340775642544,0.0003169542469549924,0.0010690299095585942,0.0006535424035973847,0.0016957796178758144,0.002537532476708293,0.0005183192552067339,0.0004564150294754654,0.0005423399270512164,0.0002405344130238518,0.00014127878239378333,8.452357724308968e-05,3.653527164715342e-05,0.00015630826237611473,7.582193211419508e-05,7.197343074949458e-05,3.6093013477511704e-05,4.3217307393206283e-05,3.702084723045118e-05,7.554764306405559e-05,4.049142444273457e-05,0.0001134346894104965,0.00021877886319998652,0.00029091964825056493,0.0006074469420127571,7.299458229681477e-05,0.00018281076336279511,0.0003576996095944196,0.00029462671955116093,0.00033863153657875955,0.00019489918486215174,0.000564508605748415,0.0008134202216751873,0.0018990212120115757,0.0009617251926101744,0.0005122381844557822,0.0007052308064885437,0.00024105500779114664,0.00020021891396027058,9.225633402820677e-05,0.0001152339464169927,8.372103911824524e-05,9.266636880056467e-06,1.3618887351185549e-05,6.360820407280698e-05,5.239251913735643e-05,3.893541361321695e-05,0.006678796373307705,0.02761680819094181
"When life gives you limes, make","When life gives you the green version of lemons, make",limes,the green version of lemons, limeade,4.466153313842369e-08,6.870092050803578e-08,7.612150199065582e-08,8.996034495112326e-08,1.431699701015532e-07,1.4583720542304945e-07,1.914904146360641e-07,4.850616051044199e-07,3.868202611556626e-07,5.051549123891164e-06,9.256097655452322e-06,7.869659384596162e-06,1.3455689440888818e-05,2.9052393074380234e-05,2.830226185324136e-05,9.01164094102569e-06,3.642762021627277e-05,1.2612209502549376e-05,2.287533789058216e-05,3.0341516321641393e-05,4.251255086273886e-05,1.0990432201651856e-05,6.415120878955349e-06,3.160993583151139e-05,5.211997631704435e-05,3.7265905120875686e-05,4.174047353444621e-05,2.0011111701023765e-05,8.04406008683145e-05,0.0004136495990678668,0.0006285614217631519,0.00013320874131750315,8.582701411796734e-05,1.2703997526841704e-05,3.126400406472385e-05,7.10468229954131e-05,0.0009150835103355348,0.1445750743150711,0.11283263564109802,0.13666954636573792,0.17853997647762299,0.018439127132296562,0.021553687751293182,0.10501688718795776,0.10015058517456055,0.07115563005208969,0.017528681084513664,0.04611790552735329,0.013866724446415901,0.009088600054383278,0.016139177605509758,0.03222273290157318,0.07385747134685516,0.046798910945653915,0.04200916737318039,0.768900454044342,0.75358647108078,0.6905273199081421,0.5289462804794312,0.27631694078445435,0.17171262204647064,0.2956370711326599,0.0413459837436676,0.023377301171422005,0.0050187683664262295,0.01410461962223053,0.014109626412391663,0.05201956629753113,0.03175358101725578,0.014595262706279755,0.02989916317164898,0.11571364104747772,0.03975112363696098,6.26652326900512e-05,1.7965670849662274e-05,6.6569532464200165e-06,5.211629883206115e-08,8.892424375517294e-05,0.0003221621736884117,0.0006734319031238556,0.038585953414440155,0.17850154638290405
Helen Keller was born in the state of,A deaf and blind disability rights activist was born in the state of,Helen Keller,A deaf and blind disability rights activist, Alabama,4.31335456596571e-06,8.605587140664284e-07,4.44632678409107e-06,1.0494746675249189e-05,8.014171726244967e-06,2.07028961085598e-06,5.2339755711727776e-06,6.535430202347925e-06,5.128702014189912e-06,2.083808067254722e-05,0.00015256597544066608,0.0004354605625849217,0.000640213955193758,0.00011482919217087328,1.8666545656742528e-05,7.009850833128439e-06,6.94571735948557e-06,1.5055055655466276e-06,3.096708496741485e-06,4.024441295769066e-06,7.82905499363551e-06,3.135888618999161e-05,0.00013216215302236378,0.0001482101797591895,7.597956573590636e-05,4.623640779755078e-05,2.91397373075597e-05,6.932779069757089e-05,9.77189265540801e-05,8.8019463873934e-05,0.019959956407546997,0.0757293701171875,0.2896551489830017,0.27297961711883545,0.34337732195854187,0.037557363510131836,0.0376306027173996,0.9706118702888489,0.8818049430847168,0.9348918795585632,0.824975311756134,0.8722467422485352,0.5563017129898071,0.008214358240365982,0.12809796631336212,0.25363585352897644,0.9778584837913513,0.27928102016448975,0.4726612865924835,0.9542877078056335,0.11856000870466232,0.0055142552591860294,0.06273169070482254,0.025143329054117203,0.15257979929447174,0.10181397199630737,0.5839636921882629,0.4360681474208832,0.6273780465126038,0.8655828237533569,0.5227290391921997,0.7399970293045044,0.7108590006828308,0.7133164405822754,0.5275381207466125,0.3171139061450958,0.41463515162467957,0.4553408622741699,0.5756118893623352,0.4523523449897766,0.35237768292427063,0.2209799587726593,0.5133311152458191,0.7971821427345276,0.47145769000053406,0.8646820187568665,0.8445090651512146,0.7251405119895935,0.7684177160263062,0.8201404213905334,0.11694660782814026,0.919219434261322
Mozart was born in the modern day country of,The pianist who composed Twinkle Twinkle Little Star was born in the modern day country of,Mozart,The pianist who composed Twinkle Twinkle Little Star, Austria,2.783500349323731e-06,1.954697154360474e-06,7.368812475760933e-07,2.416775487290579e-06,8.084792170848232e-06,3.6208118672220735e-06,6.198843493621098e-06,1.8348822550251498e-06,2.1198410138367763e-07,1.5211560366878984e-06,2.6864920528169023e-06,1.057321878761286e-05,5.289161890686955e-06,6.40065991319716e-06,1.6617932487861253e-06,4.669621205266594e-07,5.173929480406514e-07,1.7297279555350542e-06,2.3082034203980584e-06,3.1840709198149852e-06,6.374463282554643e-06,1.5753654224681668e-05,3.610013664001599e-05,3.7880938180023804e-05,5.055444489698857e-05,2.210679122072179e-05,9.971548934117891e-06,0.0001245949970325455,6.836603279225528e-05,0.00029407351394183934,0.0008566707256250083,0.00031241666874848306,0.00022438708401750773,0.00011442972754593939,0.0011297507444396615,0.0008253962150774896,0.00016047355893533677,0.024843189865350723,0.03471839800477028,0.023702498525381088,0.0235962625592947,0.025960171595215797,0.29328951239585876,0.27242040634155273,0.15857325494289398,0.2471613883972168,0.21703261137008667,0.08256439864635468,0.17942818999290466,0.17103628814220428,0.29777467250823975,0.4850781559944153,0.5466218590736389,0.8630872368812561,0.8997496366500854,0.9443308711051941,0.9664720296859741,0.9557563066482544,0.9498452544212341,0.9356907606124878,0.9294037818908691,0.9251512289047241,0.9366114735603333,0.9965704679489136,0.9870443940162659,0.9700475931167603,0.988879919052124,0.988612711429596,0.986835241317749,0.9686909914016724,0.9651401042938232,0.9662767648696899,0.9596433043479919,0.9177239537239075,0.822988748550415,0.9003464579582214,0.7957570552825928,0.7545853853225708,0.8280323147773743,0.32961151003837585,0.14290158450603485,0.7267864346504211
Beethoven was born in the modern day country of,The pianist who eventually went deaf was born in the modern day country of,Beethoven,The pianist who eventually went deaf, Germany,2.927664900198579e-05,1.093384071282344e-05,3.6895637549605453e-06,4.044130037073046e-06,9.543447049509268e-06,1.0066254617413506e-05,1.794220952433534e-05,8.778863957559224e-06,1.5008741911515244e-06,9.435989341000095e-06,4.1214301745640114e-05,2.2643562260782346e-05,2.9862434530514292e-05,2.3075059289112687e-05,6.693399427604163e-06,1.061912939803733e-06,1.913331743708113e-06,3.720565018738853e-06,2.4029613996390253e-06,4.277529660612345e-05,4.197067391942255e-05,7.898645890236367e-06,1.951438571268227e-05,5.490667172125541e-05,0.0002557956613600254,8.765307575231418e-05,0.00012399595289025456,0.00014776512398384511,0.00028892175760120153,0.0005814363248646259,0.0025726829189807177,0.0007943386444821954,0.00131432234775275,0.0017565434100106359,0.0012377639068290591,0.004568498115986586,0.001284743775613606,0.014312083832919598,0.01473079901188612,0.02081700786948204,0.06184970214962959,0.06826905906200409,0.15319016575813293,0.13629302382469177,0.00964411348104477,0.02142290771007538,0.02802831493318081,0.027970941737294197,0.01507763285189867,0.005695333704352379,0.002797921886667609,0.006375415250658989,0.0034334943629801273,0.009463521651923656,0.010493013076484203,0.0647752583026886,0.07566475868225098,0.09940116852521896,0.3905629515647888,0.21720679104328156,0.4369655251502991,0.5604540109634399,0.3513903319835663,0.6078208684921265,0.6555130481719971,0.8116219639778137,0.6090667247772217,0.7710683941841125,0.589341938495636,0.7860024571418762,0.6454789638519287,0.4807458221912384,0.5949227213859558,0.8404974937438965,0.8145279288291931,0.7382808327674866,0.5986177921295166,0.3286140263080597,0.4039694368839264,0.4136267900466919,0.034266047179698944,0.6587473750114441
The father of Hermes is,The father of the Greek messenger god is,Hermes,Greek messenger god, Zeus,1.660946395531937e-06,2.568905301814084e-06,4.93967945658369e-06,2.3801396764611127e-06,3.211210469089565e-06,3.268904947617557e-06,4.4983989937463775e-06,4.9635409595794044e-06,1.5323068510042503e-05,1.4270165593188722e-05,8.143365266732872e-05,3.310331885586493e-05,4.429431646713056e-05,3.537999145919457e-05,5.536334720090963e-05,5.124932431499474e-05,3.689994991873391e-05,2.2347283447743393e-05,4.058779450133443e-05,3.683412433019839e-05,0.0002709665277507156,0.00049738580128178,3.9922233554534614e-05,0.00043027204810641706,0.00032412976725026965,0.00024300225777551532,0.0002033272903645411,0.00017760613991413265,0.0001973530452232808,0.00015596045705024153,7.249916961882263e-05,6.541430047946051e-05,0.00028712136554531753,0.0002919000107795,0.00017858867067843676,0.0003627962723840028,0.00037303357385098934,0.0008240388124249876,0.00044566826545633376,0.0002836829808074981,0.00040701686521060765,0.00019731122301891446,0.00016850333486218005,0.0008419540827162564,0.0005501467967405915,0.0013489769771695137,0.0007051416323520243,0.001157650025561452,0.0010382544714957476,0.0004267973708920181,0.005910814274102449,0.028343694284558296,0.030072377994656563,0.04521084204316139,0.03207293152809143,0.018668223172426224,0.029504934325814247,0.036441147327423096,0.06381368637084961,0.05864553153514862,0.11306681483983994,0.21964587271213531,0.19206109642982483,0.36036866903305054,0.19613094627857208,0.1277049332857132,0.21351759135723114,0.22388982772827148,0.33297890424728394,0.011829305440187454,0.011262535117566586,0.12163102626800537,0.1583622694015503,0.18596151471138,0.4235716462135315,0.20096153020858765,0.11847846210002899,0.271075040102005,0.30561089515686035,0.5412768721580505,0.4898436665534973,0.8521122336387634
Thor is the son of,The God of Thunder is the son of,Thor,The God of Thunder, Odin,7.384370519503136e-07,1.4654790447821142e-07,2.937024703442148e-07,3.079776149661484e-07,1.1930343646326946e-07,2.085427013298613e-07,4.805869480151159e-08,9.935035194530428e-08,8.588885407334601e-07,2.6088491722475737e-06,1.276707280339906e-06,3.7856545986869605e-06,8.95463290362386e-06,2.331030373170506e-06,1.540412995382212e-05,1.5545087990176398e-06,8.682526413394953e-07,9.75992747953569e-07,2.992353984154761e-06,2.657467632616317e-07,2.5086255845963024e-06,3.519680103636347e-05,3.1419283914146945e-05,4.0857445128494874e-05,1.8884840756072663e-05,1.3843036867910996e-05,7.002462552918587e-06,7.710086720180698e-06,1.5222341971821152e-05,2.3448130377801135e-05,7.640415424248204e-05,0.00012845132732763886,0.00019832132966257632,0.0005007152212783694,0.0005648297374136746,0.00027337606297805905,0.0006170981214381754,0.00162666873075068,0.0027408243622630835,0.0006255690241232514,0.0005147570045664907,0.0004156396316830069,0.0004368615918792784,0.0003263151738792658,0.00026669754879549146,0.0006315111531876028,0.0003858159761875868,0.0003694724873639643,0.00019961550424341112,0.00012110859825043008,0.00014958198880776763,0.00019124393293168396,0.0005562054575420916,0.00037043116753920913,0.00040889662341214716,0.0005628495709970593,0.0008241931209340692,0.002255816478282213,0.0017535275546833873,0.001018672133795917,0.000975406845100224,0.0015532528050243855,0.0015947772189974785,0.013437468558549881,0.012261535972356796,0.007718516048043966,0.011319483630359173,0.007636944763362408,0.00010225005098618567,0.00017354640294797719,0.0013925009407103062,0.0006197869079187512,0.0003142966306768358,0.0002945889427792281,0.00032210213248617947,0.0006330580217763782,0.00044067794806323946,0.00039306929102167487,0.00023898131621535867,0.0008222025935538113,0.9285852313041687,0.9351389408111572
New York City is also known as The Big,The most populous city in the United States is also known as The Big,New York City,The most populous city in the United States, Apple,1.4125315601631883e-06,1.9623573734861566e-06,3.7703075577155687e-06,5.901929853280308e-06,1.4471837857854553e-05,1.9079820049228147e-05,2.981504849230987e-06,2.9022178296145285e-06,9.451313417230267e-06,6.583678896276979e-06,2.485660388629185e-06,1.8000991985900328e-06,8.714873729331885e-07,3.9183308331303124e-07,2.064224645437207e-06,2.663646910150419e-06,4.6433756324404385e-06,4.4278135646891315e-06,1.129232896346366e-05,2.3803206659067655e-06,4.526283134964615e-07,1.0683146456358372e-06,1.3537762697524158e-06,6.54913492326159e-06,2.0347433746792376e-06,4.544982402876485e-06,5.808200512547046e-06,1.312884933213354e-06,6.653542641288368e-07,9.574961268299376e-07,4.871156306762714e-06,1.138863262895029e-05,3.6536484913085587e-06,3.36613106810546e-06,1.0197042684012558e-05,1.3940005374024622e-05,3.1719213438918814e-05,7.039155752863735e-05,0.00015671404253225774,0.00017414800822734833,0.00016402173787355423,0.00024433256476186216,0.0004552721220534295,0.0006287346477620304,0.0009571428527124226,0.0018644867232069373,0.00598152307793498,0.01313652191311121,0.012694098986685276,0.012453479692339897,0.018836617469787598,0.029090916737914085,0.02916310541331768,0.03508702665567398,0.06517990678548813,0.1407843679189682,0.11683555692434311,0.23575441539287567,0.3192414939403534,0.39403003454208374,0.2752039432525635,0.3419635593891144,0.5481416583061218,0.5389308929443359,0.6810801029205322,0.6854419708251953,0.8769962191581726,0.8946771025657654,0.8746995329856873,0.1168767586350441,0.3342471718788147,0.24125371873378754,0.677963376045227,0.5994388461112976,0.43745046854019165,0.690861165523529,0.8036999702453613,0.8475521802902222,0.8681297302246094,0.9769108891487122,0.9988777041435242,0.9985814094543457
Abraham Lincoln succeeded in abolishing,The first president to be assassinated succeeded in abolishing,Abraham Lincoln,The first president to be assassinated, slavery,3.5524692520993995e-07,1.0782332537928596e-06,1.2842400565205025e-06,5.03595117606892e-07,1.27015297834987e-07,2.482136380876909e-07,2.5444748530389916e-07,1.983055852861071e-07,3.9243768696906045e-06,9.308404514740687e-06,2.4812756237224676e-05,4.2836982174776495e-05,0.00010190648754360154,9.709026926429942e-05,4.379347956273705e-05,1.6975947801256552e-05,4.1950144805014133e-05,4.383722989587113e-05,3.0773993785260245e-05,8.483375131618232e-05,0.00010488805128261447,0.00011566260945983231,5.3211428166832775e-05,5.621789750875905e-05,0.00012574564607348293,4.983523831469938e-05,0.0002730413689278066,0.00037099409382790327,0.0002405423583695665,3.0369574233191088e-05,3.4429278457537293e-05,3.957218359573744e-05,5.083192081656307e-05,0.00011197388084838167,0.0002999190764967352,0.00018389345495961607,0.0002792961604427546,0.00034143164521083236,0.0002683581842575222,0.00018227798864245415,0.0001946559495991096,0.0005263841594569385,0.0001616329827811569,0.00015386962331831455,0.00012415123637765646,0.00010968885180773214,0.00018506936612538993,0.00011104583245469257,0.0008764239610172808,0.0008715676376596093,0.00045317309559322894,0.0005617680144496262,0.0003043434990104288,0.0004143211408518255,0.001345400232821703,0.0011359159834682941,0.001055512810125947,0.0012465165928006172,0.0007766929920762777,0.0014083675341680646,0.0011467094300314784,0.003674427978694439,0.0030746005941182375,0.0011824865359812975,0.0008620999287813902,0.0004658416146412492,0.0003076761495321989,9.7880263638217e-05,4.910105053568259e-05,5.1934945076936856e-05,8.079614053713158e-05,0.00016093728481791914,0.0001308860955759883,0.00041630142368376255,0.00043596894829533994,0.0014730391558259726,0.0008686099899932742,0.0013098507188260555,0.01588551141321659,0.09976571053266525,0.7454285621643066,0.9025954008102417
Abraham Lincoln fought in the,The first president to be assassinated fought in the,Abraham Lincoln,The first president to be assassinated, Civil War,1.986453753488604e-05,7.459863809344824e-06,1.484511903981911e-05,1.1417543646530248e-05,4.58810172858648e-05,2.691058580239769e-05,7.120252848835662e-05,2.559749555075541e-05,4.6439650759566575e-05,8.329803677042946e-05,1.2741348655254114e-05,1.526738742541056e-05,2.9055083359708078e-05,2.0858118659816682e-05,2.061001032416243e-05,2.586452683317475e-05,1.4572094187315088e-05,1.8012839063885622e-05,1.4708297385368496e-05,4.051930591231212e-05,0.00011891242320416495,1.1771777280955575e-05,5.5816992244217545e-05,0.00038399454206228256,0.00012610411795321852,6.702089740429074e-05,8.589152457716409e-06,4.60713363281684e-06,5.73701481698663e-06,2.4466580725857057e-06,3.579212716431357e-06,9.920186130329967e-06,9.825907000049483e-06,5.606713330053026e-06,4.5246097215567715e-06,7.4521854003251065e-06,1.532702117401641e-05,3.229636058676988e-05,1.8668222764972597e-05,3.633701999206096e-05,1.1577282748476136e-05,5.2900042646797374e-05,4.1986921132775024e-05,1.0409629794594366e-05,0.00016815451090224087,0.0002311470452696085,8.889461605576798e-05,1.812188020267058e-05,5.500202405528398e-06,1.1142570883748704e-06,4.157163402851438e-06,1.402270845574094e-05,0.00012126893125241622,1.5519359294557944e-05,1.9080007405136712e-05,4.555919986160006e-06,9.15291366254678e-06,3.415750370550086e-06,1.1063733609262272e-06,2.7641155497803993e-07,1.8242051282868488e-06,1.1184468348801602e-05,8.765574420976918e-06,4.489922503125854e-06,4.346451532910578e-06,3.959062269132119e-06,1.6942774436756736e-06,2.1517626009881496e-06,1.8626849396241596e-06,9.052803875420068e-07,1.5113141671463381e-06,1.358013150820625e-06,1.5214333188851015e-06,8.375673701266351e-07,5.9992144088028e-06,1.381330093863653e-06,1.4778092918277252e-06,5.2378869241920256e-08,4.082512987224618e-06,2.608952399896225e-06,0.01374890748411417,0.011190694756805897
Medusa could turn people into,The goddess with snakes for hair could turn people into,Medusa,The goddess with snakes for hair, stone,2.908026090153726e-06,5.931451141805155e-06,7.867434760555625e-06,1.7520687833894044e-05,3.0125493140076287e-05,2.0387979020597413e-05,2.1777033907710575e-05,3.637477129814215e-05,2.201979987148661e-05,5.0280192226637155e-05,6.356316589517519e-05,1.2560702998598572e-05,1.8403699868940748e-05,1.1589028872549534e-05,1.0273100087943021e-05,9.762366971699521e-05,4.172672561253421e-05,0.0004216523084323853,0.00018943610484711826,4.657930549001321e-05,2.3121016056393273e-05,4.6250526793301105e-05,2.864039925043471e-05,6.498047696368303e-06,9.888371096167248e-06,1.8771839677356184e-05,9.015270188683644e-05,0.00016142289678100497,8.394022734137252e-05,1.4096141967456788e-05,0.00014542558346875012,0.0002804926480166614,0.00018153696146328002,3.5583645512815565e-05,0.00020265229977667332,0.00027839664835482836,0.000613272946793586,0.006744153331965208,0.005369560327380896,0.006890807766467333,0.05345257744193077,0.02763799950480461,0.035230349749326706,0.04720499739050865,0.8803598880767822,0.8685291409492493,0.8819559812545776,0.8701154589653015,0.8488214015960693,0.8485836386680603,0.9095953702926636,0.8067610859870911,0.8900052905082703,0.8512775301933289,0.983511209487915,0.9757900238037109,0.9720950722694397,0.9792294502258301,0.9694969058036804,0.9380024075508118,0.9063355922698975,0.8854439854621887,0.8391492962837219,0.7417616844177246,0.6541135311126709,0.6354488134384155,0.5654056072235107,0.4936012923717499,0.5779072642326355,0.28184473514556885,0.3079623281955719,0.2613897919654846,0.43659287691116333,0.2464389055967331,0.27827462553977966,0.14183981716632843,0.1900230050086975,0.10326075553894043,0.2305210679769516,0.4424223303794861,0.9090285301208496,0.9166688323020935
Persephone is famous for eating a,The daughter of Demeter is famous for eating a,Persephone,the daughter of Demeter, pomegranate,7.931573054520413e-05,6.894970283610746e-05,6.160773773444816e-05,0.0002805188996717334,6.921378371771425e-05,0.00015635602176189423,4.594990605255589e-05,3.955242573283613e-05,1.482486095483182e-05,3.332603955641389e-05,7.674025255255401e-06,6.918943836353719e-05,7.856275624362752e-05,4.3253257899777964e-05,5.709599918191088e-06,4.006892140751006e-06,1.1219113730476238e-05,1.7791933260014048e-06,8.006353709788527e-06,5.107533979753498e-06,6.941628271306399e-06,3.4521049201430287e-06,1.782209255907219e-05,3.065784039790742e-05,5.76349048060365e-05,7.501339132431895e-05,5.53195241081994e-06,1.1911186447832733e-05,8.123923180392012e-06,6.560080123563239e-07,3.2141451811185107e-07,1.5622795217495877e-06,2.1731304968852783e-06,3.4515501283749472e-06,1.36681990170473e-06,1.8226464817416854e-06,9.20164802664658e-06,1.1600016478041653e-05,2.6101847652171273e-06,6.064707577024819e-06,1.789396264939569e-05,2.334248847546405e-06,2.3079348466126248e-05,6.0899175878148526e-05,3.327820013510063e-05,6.724896957166493e-05,0.00022004169295541942,0.0001364345516776666,0.00011289627582300454,0.0005121187423355877,0.0003277492360211909,0.0008227508515119553,0.00011386976257199422,0.0005095096421428025,8.45183603814803e-05,0.00042479721014387906,0.00014727358939126134,6.910946103744209e-05,0.00019183068070560694,4.134127084398642e-05,5.106136450194754e-05,0.00045272361603565514,0.0009515135316178203,0.0019780483562499285,0.0031344699673354626,0.007976769469678402,0.006015633698552847,0.04782172292470932,0.00873474683612585,0.009834513068199158,0.007392781786620617,0.0005487753660418093,0.00020483415573835373,0.0016315559623762965,0.0008971745846793056,0.001085871597751975,0.0009304523118771613,0.059191446751356125,0.008755339309573174,0.005135522689670324,0.055549729615449905,0.061342883855104446
Oedipus married a woman named,The King of Thebes married a woman named,Oedipus,The King of Thebes, Jocasta,0.00023089448222890496,0.0006264321855269372,0.0004274178354535252,9.268886788049713e-05,0.0004154392227064818,0.000754337350372225,9.845213207881898e-05,0.00023123518622014672,0.00010380602179793641,1.8713411918724887e-05,1.361187514703488e-05,9.208677511196584e-05,2.3004562535788864e-05,0.0002932279894594103,7.791600364726037e-05,1.6581223462708294e-05,0.0004966636770404875,4.883803194388747e-05,0.00034705785219557583,3.402388756512664e-05,1.0638752428349108e-05,1.0279797606926877e-05,1.9845707356580533e-05,1.2302831237320788e-05,1.8810736946761608e-05,2.250263605674263e-06,6.850279987702379e-06,1.253520622412907e-05,8.425507985521108e-06,1.2816383787139785e-05,1.647825115469459e-06,9.443411727261264e-06,5.1542779146984685e-06,7.773926881782245e-06,3.775260211114073e-06,1.9392815374885686e-05,9.678099740995094e-05,3.719127562362701e-05,1.3786355339107104e-05,4.287500360078411e-06,7.2818311309674755e-06,5.549285106098978e-06,4.844485829380574e-06,9.448969649383798e-06,3.835260940832086e-05,4.86795324832201e-05,6.624038360314444e-05,2.363672319916077e-05,8.589230856159702e-05,8.152668306138366e-05,0.00024260798818431795,6.07606561970897e-05,0.00015928746142890304,0.00018284612451680005,0.00024172631674446166,0.0003148775140289217,0.00018736803031060845,0.0002846427960321307,0.0007695693057030439,0.0002582315355539322,0.0001384638890158385,0.00029503231053240597,0.0003830149944406003,0.0007781136664561927,0.001502172788605094,0.0111375218257308,0.025756629183888435,0.007234778255224228,0.020233387127518654,0.005708017386496067,0.006727207452058792,0.0017963640857487917,0.004604307934641838,0.0017652560491114855,0.0006545957294292748,0.002394024282693863,0.019558444619178772,0.39382025599479675,0.06504127383232117,0.020677590742707253,0.37113136053085327,0.7185076475143433
William Shakespeare was born in the country of,The Bard of Avon was born in the country of,William Shakespeare,The Bard of Avon, England,0.00011029325833078474,0.00022916702437214553,0.00022894541325513273,7.936324982438236e-05,5.0958678912138566e-05,2.2206319044926204e-05,2.9131322662578896e-05,5.2099517233727966e-06,2.0152723934074857e-08,7.3728119787119795e-06,1.0492870387679432e-05,1.7979089534492232e-05,3.1093397865333827e-06,1.189309114124626e-05,4.917853857477894e-06,6.488369399448857e-05,5.3266434406396e-05,0.00022036777227185667,0.00041055763722397387,0.00019204261479899287,0.00019879001774825156,7.427806849591434e-05,3.9587015635333955e-05,0.00015592368436045945,0.00010297373228240758,0.00025652145268395543,9.30950918700546e-05,0.0001566822174936533,0.00080273108324036,0.00031710005714558065,0.00035726703936234117,0.0032834336161613464,0.01823122426867485,0.006647162139415741,0.00256260484457016,0.0006896304548718035,5.1625447667902336e-05,5.17996932103415e-06,7.135351552278735e-06,5.873025202163262e-06,9.01974181033438e-06,1.1389048268029e-05,9.506822607363574e-06,7.6045034802518785e-06,1.0910871424130164e-05,4.004342190455645e-05,1.3646851584780961e-05,7.2946240834426135e-06,1.7112482737502432e-06,2.6867419364862144e-06,4.987594365957193e-06,2.0641546143451706e-06,3.196469151589554e-06,1.2775296909239842e-06,1.152351842392818e-06,1.8893734932134976e-06,3.1037845928949537e-06,2.408238970019738e-06,3.325657189634512e-06,1.0651134289219044e-05,7.532686140621081e-05,6.033612589817494e-05,8.573232480557635e-05,3.516202195896767e-05,4.4283773604547605e-05,3.10337491100654e-05,2.1997373551130295e-05,3.649715654319152e-05,4.464800440473482e-05,9.01156454347074e-05,1.2419575796229765e-05,3.373850995558314e-05,2.880218016798608e-05,1.168118524219608e-05,1.2218356459925417e-05,6.957260484341532e-05,0.00026373573928140104,0.00025092746363952756,0.0017066138098016381,0.009376296773552895,0.5487655997276306,0.9393157362937927
Hercules had a father named,The son of Hera had a father named,Hercules,The son of Hera, Zeus,5.597387939815235e-07,2.2626479676546296e-06,4.570898909150856e-06,1.7898913711178466e-06,1.2745936146529857e-06,1.7928557554114377e-06,1.285612484025478e-06,2.28525573220395e-06,3.106540680164471e-05,0.00025283731520175934,0.0001654672814765945,5.838146898895502e-05,0.00013184276758693159,0.00010775448754429817,4.996237112209201e-05,7.624974386999384e-05,3.604471930884756e-05,1.351454557152465e-05,1.701493965811096e-05,2.553694685047958e-06,6.767461854906287e-06,1.3540781765186694e-05,8.627475835965015e-06,6.591884357476374e-06,2.033916098298505e-05,2.889176357712131e-05,2.3965605578268878e-05,2.1530677258851938e-05,1.2897467058792245e-05,1.348931164102396e-05,3.348097834532382e-06,1.8162406831834232e-06,1.4698505310661858e-06,2.960701067422633e-06,2.083499794025556e-06,7.2235734478454106e-06,1.9578999854275025e-05,1.402378620696254e-05,3.339481554576196e-05,0.00015901729057077318,0.000177771711605601,0.0001044424861902371,0.0001988458534469828,0.0008803311502560973,0.0002866558497771621,0.0005382935632951558,0.0018045789329335093,0.0009083380573429167,0.001231900416314602,0.0007645481964573264,0.001605061232112348,0.002623883308842778,0.00269974023103714,0.0026552111376076937,0.004555965308099985,0.004235082305967808,0.0016999051440507174,0.0004427791864145547,0.0006460956647060812,0.0006870980723761022,0.0008375947363674641,0.001163115375675261,0.0010308480123057961,0.0006151354173198342,0.0006310876342467964,0.0006959902821108699,0.001482135965488851,0.0016617284854874015,0.0022404929623007774,0.002400829689577222,0.004326262976974249,0.004569225944578648,0.010536391288042068,0.010997187346220016,0.014148120768368244,0.00809880904853344,0.009812003001570702,0.00654224120080471,0.004392583854496479,0.01825096271932125,0.71706622838974,0.8801705241203308
The Great Barrier Reef is located off the coast of the continent of,The largest coral reef system in the world is located off the coast of the continent of,The Great Barrier Reef,The largest coral reef system in the world, Australia,0.00022285740124061704,0.00014084577560424805,0.00017889897571876645,5.05150637764018e-05,6.542772462125868e-05,3.69827430404257e-05,2.9570970582426526e-05,1.508840978203807e-05,2.3570290068164468e-05,3.8579833926633e-05,0.0005499844555743039,0.00015827637980692089,0.00025838924921117723,1.9345465261721984e-05,3.236685006413609e-05,1.7112912246375345e-05,2.591047086752951e-05,2.7010462872567587e-05,1.1795907994383015e-05,7.130688027245924e-05,0.00016399231390096247,0.0001840412587625906,0.0011750468984246254,0.0015461730072274804,0.0005555106326937675,0.0002802203525789082,0.0007434326107613742,0.0010230966145172715,0.0002953688381239772,0.0005174682009965181,0.0001393435086356476,1.5419745977851562e-05,1.1442230970715173e-05,3.202715333827655e-06,8.849621735862456e-06,2.1904916138737462e-05,1.4685400856251363e-05,0.00107996363658458,0.0014807595871388912,0.0015095549169927835,0.0014943830901756883,0.007776207290589809,0.026321163401007652,0.03645291551947594,0.00983030442148447,0.03188306465744972,0.03375500440597534,0.02810617722570896,0.021367549896240234,0.01948068104684353,0.02994476817548275,0.020811667665839195,0.03981832042336464,0.04401085153222084,0.06661516427993774,0.576589822769165,0.6599098443984985,0.4835261404514313,0.5118011236190796,0.3935691714286804,0.43053609132766724,0.37021347880363464,0.32342949509620667,0.10288295894861221,0.9510508179664612,0.5695343017578125,0.8239166140556335,0.7960260510444641,0.8918948173522949,0.704132080078125,0.6861356496810913,0.8488374352455139,0.7723159193992615,0.8392297029495239,0.8567410111427307,0.962198793888092,0.9203807711601257,0.7638269066810608,0.9171595573425293,0.9748963713645935,0.9078584313392639,0.9264196157455444
The Louvre Museum is located in the city of,The largest art museum in the world is located in the city of,The Louvre Museum,The largest art museum in the world, Paris,1.2824216355511453e-05,5.56778968530125e-06,1.2982301086594816e-05,1.6327418052242137e-05,8.761589924688451e-06,2.5688726964290254e-05,6.0160741668369155e-06,3.470823139650747e-05,7.847770575608592e-06,1.180904837383423e-05,0.0005543967708945274,0.00032897444907575846,0.00010466140520293266,1.8198359612142667e-05,1.1152679689985234e-05,8.374885510420427e-06,2.808333192660939e-05,8.773597983235959e-06,2.5174213078571483e-06,1.1703315067279618e-05,6.817679604864679e-06,2.5403054678463377e-05,0.0003406342293601483,0.0001519061770522967,0.00043089670361950994,0.00011834784527309239,0.00017030787421390414,1.8397409803583287e-05,1.9707504179677926e-05,1.534284274384845e-05,5.243814030109206e-06,2.5275412554037757e-06,2.423944124529953e-06,1.188697410725581e-06,2.5211575120920315e-06,2.697608351809322e-06,2.468045749992598e-06,0.09913483262062073,0.32477131485939026,0.4190392792224884,0.17642086744308472,0.11535276472568512,0.21687017381191254,0.4598618149757385,0.8200650811195374,0.8332183361053467,0.8359924554824829,0.905558168888092,0.9608113765716553,0.9480770826339722,0.9114628434181213,0.9607604742050171,0.9689891934394836,0.9704092741012573,0.9695147275924683,0.9851489067077637,0.9805982112884521,0.9861400127410889,0.9864946603775024,0.9819512367248535,0.9815694093704224,0.9730225205421448,0.9699733853340149,0.9569216966629028,0.9497582912445068,0.9895942211151123,0.8695942759513855,0.043411046266555786,0.036453209817409515,0.11049796640872955,0.17658743262290955,0.09615705907344818,0.11952876299619675,0.27554333209991455,0.3731232285499573,0.5029715895652771,0.32028520107269287,0.456000953912735,0.07415205240249634,0.08333519101142883,0.55286705493927,0.9223242998123169
Mount Everest is located in the,The highest peak in the world is located in the,Mount Everest,The highest peak in the world, Himalayan,2.851422209459997e-07,9.574105064302785e-08,3.6609755227345886e-08,3.620533917114699e-08,1.4275421733600524e-07,1.7491373682787525e-07,1.2988106163902557e-06,3.026025751751149e-06,4.4525015141516633e-07,5.269961548037827e-06,5.577693627856206e-06,3.100911635556258e-05,1.9246028386987746e-05,5.034514470025897e-05,4.43233730038628e-05,7.682356226723641e-06,1.8398111478745705e-06,1.3212194971856661e-05,1.1652854482235853e-05,5.144014721736312e-06,3.9607934922969434e-06,2.6911361601378303e-06,3.263553480792325e-06,7.409087629639544e-06,2.2580077711609192e-05,8.128180525091011e-06,1.4336636922962498e-05,3.5796833799395245e-06,5.419979515863815e-06,7.701106369495392e-06,7.715816536801867e-06,6.823896455898648e-06,1.0363312412664527e-06,1.0085674375659437e-06,1.5712248568888754e-06,5.163823857401439e-07,1.7555544218339492e-06,1.5232958503474947e-05,7.680567068746313e-05,5.870584209333174e-05,4.6305678552016616e-05,6.483529432443902e-05,6.231498991837725e-05,6.506781210191548e-05,0.00014913959603291005,0.00020902312826365232,0.00017011155432555825,0.0002689584798645228,0.0005350303836166859,0.0005338778719305992,0.0007929186685942113,0.0007656110101379454,0.00040030578384175897,0.0005726240924559534,0.00028347515035420656,0.000286898051854223,0.00035988641320727766,0.00010387231304775923,9.790618059923872e-05,0.00011041556717827916,4.775745765073225e-05,4.540432200883515e-05,0.00019904928922187537,0.00011756452295230702,4.631938645616174e-05,3.4057854918501107e-06,6.106729870225536e-06,6.690122063446324e-06,1.3113440218148753e-05,7.698342869844055e-07,2.124527600244619e-05,9.83682730293367e-06,2.2107913082436426e-06,8.063337304520246e-07,3.0571532079193275e-06,9.572634098731214e-07,1.9025643268832937e-05,7.859283505240455e-05,0.0002123916201526299,0.01906152442097664,0.5895732045173645,0.6876440644264221
Mammoth Cave is located in,The longest known cave system is located in ,Mammoth Cave,The longest known cave system, Kentucky,4.1582057974665076e-07,1.8380526967121114e-07,6.001474730510381e-07,7.560886956525792e-07,6.56554391298414e-07,5.871897883480415e-07,7.999992703844327e-07,5.930705810897052e-06,1.781765263331181e-06,4.390567028167425e-06,1.5884383174125105e-05,4.5959841372678056e-05,0.00024650845443829894,6.002771988278255e-05,2.678653436305467e-05,2.073124414891936e-05,2.0409150238265283e-05,2.1703175661969e-05,1.5143641576287337e-05,3.849554104817798e-06,4.302142042433843e-05,3.834019662463106e-05,6.813019808760146e-06,2.589909627204179e-06,2.6759985303215217e-06,2.4697978915355634e-06,2.0411423520272365e-06,6.573449695679301e-07,7.060969551275775e-07,2.939251999123371e-06,8.796989448001113e-08,3.911557655555953e-07,1.2085556591046043e-06,3.3496089599793777e-06,1.1179695320606697e-05,3.277794576206361e-06,1.1854652257170528e-05,0.0895799845457077,0.06386983394622803,0.00840668473392725,0.0045331683941185474,0.03931950405240059,0.016693979501724243,0.02396983467042446,0.029914487153291702,0.1248808279633522,0.29540401697158813,0.18401722609996796,0.3241044580936432,0.2569449543952942,0.0384824313223362,0.044158440083265305,0.07833574712276459,0.06423111259937286,0.033314693719148636,0.016516216099262238,0.045524291694164276,0.07096470147371292,0.06542849540710449,0.023659318685531616,0.019348789006471634,0.02661575749516487,0.05365314334630966,0.030975177884101868,0.026563255116343498,0.014512022025883198,0.017659472301602364,0.023750798776745796,0.0028018930461257696,0.006182666402310133,0.004199986811727285,0.003020894480869174,0.0019173180917277932,0.0038700629957020283,0.0022644263226538897,6.096905963204335e-06,5.1309096306795254e-05,3.0079509087954648e-06,7.45586021366762e-06,4.4603884816751815e-06,0.1010967344045639,0.08603990077972412
The blue whale is a,The largest animal to exist is a,blue whale,largest animal to exist, mammal,1.182249093290011e-06,5.534620868274942e-06,1.4755478332517669e-06,1.4238455605664058e-06,6.00913563175709e-06,1.0315537110727746e-05,1.0292063052474987e-05,1.0850163562281523e-05,9.091424726648256e-05,7.912484579719603e-05,0.00022105513198766857,0.0002293331199325621,0.00025249060126952827,7.615920912940055e-05,6.918978033354506e-05,8.237075235228986e-05,0.00011202505993423983,0.00023930300085339695,0.0002321568172192201,2.0093781131436117e-05,5.130825957166962e-05,0.00025313557125627995,0.00036256268504075706,0.0001645074662519619,9.332157060271129e-05,7.370542152784765e-05,0.00011985965829808265,4.1750798118300736e-05,0.0001225317973876372,4.547695425571874e-05,0.00015432463260367513,7.350574742304161e-05,3.065651253564283e-05,2.58625004789792e-05,1.767653702700045e-05,2.4510552975698374e-05,9.851963113760576e-05,0.00015535026614088565,0.00018650329730007797,0.00015203932707663625,0.0010477836476638913,0.0009266961715184152,0.00041688504279591143,0.001052532927133143,0.0009325021528638899,0.0004398230230435729,0.0024629204999655485,0.003966690041124821,0.0034655083436518908,0.0012730942107737064,0.0023576824460178614,0.002156507456675172,0.0012926264898851514,0.0016026878729462624,0.0019041948253288865,0.0012166319647803903,0.0020449701696634293,0.0035345677752047777,0.005047814454883337,0.002402881858870387,0.0030189650133252144,0.0010513048619031906,0.0010911361314356327,0.0012666314141824841,0.001623739255592227,0.0018397361272946,0.001102887443266809,0.0008725883672013879,0.0010229225736111403,0.002573563251644373,0.0008860162342898548,0.0012597923632711172,0.000577873841393739,0.0009108676458708942,0.0001706046750769019,0.00021815364016219974,0.0002127641928382218,0.0007396970759145916,0.00038097225478850305,0.00042741495417430997,0.008943470194935799,0.026323456317186356
Jupiter is the largest planet in the solar,The fifth planet from the sun is the largest planet in the solar,Jupiter,The fifth planet from the sun, system,0.00035315961576998234,0.0005672507104463875,0.001096370629966259,0.0008227832731790841,0.002053974661976099,0.0004974213079549372,0.0005064885481260717,0.0010273894295096397,0.0004306515911594033,0.0003401557623874396,6.716921780025586e-05,0.0009970947867259383,0.0018961868481710553,0.0018653436563909054,9.657449118094519e-05,0.00044959079241380095,0.00033582834294065833,6.289840530371293e-05,0.0007933337474241853,0.0021446039900183678,0.002518333727493882,0.0006639937055297196,0.0003520361497066915,0.0008527430472895503,0.0010570710292086005,0.00832406710833311,0.0038233783561736345,0.006483539938926697,0.010034444741904736,0.0077318535186350346,0.0034412730019539595,0.0054671140387654305,0.003048917045816779,0.005508231930434704,0.0016970934811979532,0.003788841189816594,0.012703978456556797,0.012888580560684204,0.017071330919861794,0.025142770260572433,0.05249867960810661,0.05748811736702919,0.06266461312770844,0.12353148311376572,0.3326072692871094,0.24541093409061432,0.42011645436286926,0.28020891547203064,0.26082900166511536,0.43520310521125793,0.35460782051086426,0.31679874658584595,0.37446293234825134,0.3991173207759857,0.3649570047855377,0.542020320892334,0.620812714099884,0.8379444479942322,0.8648403286933899,0.911869466304779,0.9708592295646667,0.962988018989563,0.9509938359260559,0.9256957769393921,0.942060649394989,0.8725218176841736,0.8894761800765991,0.8929305076599121,0.6150907874107361,0.783159077167511,0.6619043946266174,0.820139467716217,0.9436582922935486,0.8494961261749268,0.9144816398620605,0.8687556982040405,0.9059426784515381,0.9706346392631531,0.9699056148529053,0.6466705799102783,0.9981371164321899,0.9994837045669556
