Unnamed: 0,explicit_sentence,obscure_sentence,explicit_entity,obscure_entity,answer,ans_prob_lens_edit_layer0,ans_prob_lens_edit_layer1,ans_prob_lens_edit_layer2,ans_prob_lens_edit_layer3,ans_prob_lens_edit_layer4,ans_prob_lens_edit_layer5,ans_prob_lens_edit_layer6,ans_prob_lens_edit_layer7,ans_prob_lens_edit_layer8,ans_prob_lens_edit_layer9,ans_prob_lens_edit_layer10,ans_prob_lens_edit_layer11,ans_prob_lens_edit_layer12,ans_prob_lens_edit_layer13,ans_prob_lens_edit_layer14,ans_prob_lens_edit_layer15,ans_prob_lens_edit_layer16,ans_prob_lens_edit_layer17,ans_prob_lens_edit_layer18,ans_prob_lens_edit_layer19,ans_prob_lens_edit_layer20,ans_prob_lens_edit_layer21,ans_prob_lens_edit_layer22,ans_prob_lens_edit_layer23,ans_prob_lens_edit_layer24,ans_prob_lens_edit_layer25,ans_prob_lens_edit_layer26,ans_prob_lens_edit_layer27,ans_prob_lens_edit_layer28,ans_prob_lens_edit_layer29,ans_prob_lens_edit_layer30,ans_prob_lens_edit_layer31,ans_prob_lens_edit_layer32,ans_prob_lens_edit_layer33,ans_prob_lens_edit_layer34,ans_prob_lens_edit_layer35,ans_prob_lens_edit_layer36,ans_prob_lens_edit_layer37,ans_prob_lens_edit_layer38,ans_prob_lens_edit_layer39,ans_prob_lens_edit_layer40,ans_prob_lens_edit_layer41,ans_prob_lens_edit_layer42,ans_prob_lens_edit_layer43,ans_prob_lens_edit_layer44,ans_prob_lens_edit_layer45,ans_prob_lens_edit_layer46,ans_prob_lens_edit_layer47,ans_prob_lens_edit_layer48,ans_prob_lens_edit_layer49,ans_prob_lens_edit_layer50,ans_prob_lens_edit_layer51,ans_prob_lens_edit_layer52,ans_prob_lens_edit_layer53,ans_prob_lens_edit_layer54,ans_prob_lens_edit_layer55,ans_prob_lens_edit_layer56,ans_prob_lens_edit_layer57,ans_prob_lens_edit_layer58,ans_prob_lens_edit_layer59,ans_prob_lens_edit_layer60,ans_prob_lens_edit_layer61,ans_prob_lens_edit_layer62,ans_prob_lens_edit_layer63,ans_prob_lens_edit_layer64,ans_prob_lens_edit_layer65,ans_prob_lens_edit_layer66,ans_prob_lens_edit_layer67,ans_prob_lens_edit_layer68,ans_prob_lens_edit_layer69,ans_prob_lens_edit_layer70,ans_prob_lens_edit_layer71,ans_prob_lens_edit_layer72,ans_prob_lens_edit_layer73,ans_prob_lens_edit_layer74,ans_prob_lens_edit_layer75,ans_prob_lens_edit_layer76,ans_prob_lens_edit_layer77,ans_prob_lens_edit_layer78,ans_prob_lens_edit_layer79,answer_prob_obs,answer_prob_exp
0,The country of citizenship of Jaap Speyer is,The country of citizenship of the director of Lilli's Marriage is,Jaap Speyer,the director of Lilli's Marriage, Dutch,3.858540367218666e-06,1.3365621498451219e-06,5.942246730228362e-07,1.134188664764224e-06,4.311314683036471e-07,5.494529773386603e-07,1.0019955425377702e-06,1.7870158899313537e-06,1.7478215568189626e-06,6.793177817598917e-06,2.4670862330822274e-06,4.587339844874805e-06,1.3692593711311929e-05,4.609546067513293e-06,4.044670276925899e-06,2.2740684926247923e-06,3.0872774914314505e-06,1.2742560784317902e-06,1.3545580259233247e-05,8.724450708541553e-06,1.8146263300877763e-06,4.8072452045744285e-06,1.1033783266611863e-05,7.279609235411044e-06,6.1004240706097335e-05,4.151699977228418e-05,3.4208391298307106e-05,6.994644354563206e-05,0.00012038002023473382,2.389542351011187e-05,0.0006872514495626092,0.0008999778074212372,0.0016841195756569505,0.0009616920142434537,0.0006996893207542598,0.0008835674962028861,0.0003191123832948506,0.05379133298993111,0.027098441496491432,0.015224841423332691,0.004904162138700485,0.0075850337743759155,0.7210237383842468,0.7290709018707275,0.593494176864624,0.5146073698997498,0.4358832836151123,0.340816468000412,0.38893744349479675,0.25674718618392944,0.24345602095127106,0.25877252221107483,0.2609393894672394,0.15520481765270233,0.0679234191775322,0.1045517548918724,0.10654241591691971,0.18213479220867157,0.13258154690265656,0.24439193308353424,0.1322060227394104,0.1187252402305603,0.09494977444410324,0.10623342543840408,0.11853520572185516,0.09501179307699203,0.13239946961402893,0.09479734301567078,0.06131231412291527,0.03912029787898064,0.03347104787826538,0.034483667463064194,0.05398228019475937,0.04598446190357208,0.061406210064888,0.04909047111868858,0.07539469748735428,0.05247277021408081,0.026062920689582825,0.016857989132404327,0.0001257472176803276,0.00335746631026268
1,The place of birth of Dušan Hanák is,"The place of birth of the director of I Love, You Love is",Dušan Hanák,"the director of I Love, You Love", Bratislava,2.713698847855994e-07,2.3463060472295183e-07,1.4994531738921069e-05,2.8184419988974696e-06,3.338291435284191e-06,4.7776579776837025e-06,1.2950771406394779e-06,3.533375092956703e-06,3.986920546594774e-06,5.754500307375565e-06,7.5538118835538626e-06,5.266867901809746e-06,8.397010788030457e-06,8.60140335134929e-06,5.511425115400925e-06,8.137558324960992e-06,2.9087852453812957e-05,1.7064041458070278e-05,5.7923571148421615e-06,5.550444984692149e-05,4.1048704588320106e-05,5.550077912630513e-05,1.6132526070578024e-05,3.85205839847913e-06,7.1731665229890496e-06,5.764751676906599e-06,3.991160156147089e-06,8.160155630321242e-06,5.703445822291542e-06,5.8602677199814934e-06,2.3918619262985885e-06,1.0632567182256025e-06,2.0124391539866338e-06,7.100956622707599e-07,2.331872366312382e-07,4.910855295747751e-07,2.2816995226548897e-07,1.2165593261670438e-06,1.5570557252431172e-06,8.005089284779388e-07,3.0983894703240367e-06,2.2763026663596975e-06,7.000630262155028e-07,9.63787897489965e-07,9.90062289929483e-07,8.626886938145617e-07,4.895327947451733e-07,4.1735663103281695e-07,2.6953892984238337e-07,1.5757173343899922e-07,4.190546931681638e-08,4.4338687388290055e-08,6.3254042004246e-08,6.758502735237926e-08,1.3958261213531387e-08,6.94170365633795e-09,2.851343383625249e-09,3.015093286151682e-09,7.080645514356831e-10,4.931420272136222e-10,7.741053908993933e-10,4.4505626961566236e-10,2.0286658464208074e-10,1.4106722734386068e-10,2.1907825553668658e-10,1.7552204134574367e-10,4.978039508385379e-11,3.4431388296063403e-11,2.5244778489863506e-11,2.1564793353801015e-11,3.559502692596084e-11,1.8757294328874963e-10,9.942522360972816e-10,2.114845010225963e-08,4.8457405199542336e-08,3.928186913526588e-07,3.2649600711920357e-07,1.9476150555419736e-05,6.002871032251278e-06,4.706616437033517e-06,0.1128707081079483,0.8184218406677246
2,The place of death of James Vincent is,The place of death of the director of Gold and the Woman is,James Vincent,the director of Gold and the Woman, New York,1.6870071704033762e-06,2.2561667378795391e-07,4.17984296063878e-07,3.551740519469604e-07,1.1848580925288843e-06,2.0083320123376325e-05,2.1514147192647215e-06,9.21720527458092e-07,3.6808430650125956e-06,3.794940994339413e-06,4.038499810121721e-06,1.136260834755376e-05,4.801196155312937e-06,1.3009058648094651e-06,5.193197125663573e-07,1.6877187363206758e-06,8.276102562376764e-06,6.893782483530231e-06,6.318715804809472e-06,1.1817491213150788e-05,2.875140353353345e-06,3.842641490336973e-06,1.4951657476558466e-06,6.2862068261893e-06,3.240111936975154e-06,2.488620793883456e-06,3.742240551218856e-06,1.7849550204118714e-05,1.6527594198123552e-05,8.786621037870646e-05,1.7132724678958766e-05,2.4034216039581224e-05,3.4975495509570464e-05,2.3364344087895006e-05,2.7140351448906586e-05,4.709948188974522e-05,1.203661577164894e-05,2.1772157197119668e-05,8.257696026703343e-05,5.20180728926789e-05,3.619788185460493e-05,0.00012498906289692968,7.149758312152699e-05,7.198804087238386e-05,6.441789446398616e-05,5.801937368232757e-05,1.8908320271293633e-05,1.766206150932703e-05,1.3815144484397024e-05,5.9350945775804576e-06,3.3336698379571317e-06,4.922605057799956e-06,4.8011611397669185e-06,4.640955921786372e-06,3.599491265049437e-06,4.889527644991176e-06,1.0966477020701859e-05,3.3074497878260445e-06,3.0330843401316088e-06,3.853544058074476e-06,2.4763996862020576e-06,3.046207211809815e-06,4.473267381399637e-06,4.6221953198255505e-06,6.668613877991447e-06,8.20099921838846e-06,4.585447186400415e-06,6.380011200235458e-06,7.3055502980423626e-06,6.502702490251977e-06,9.502005923422985e-06,1.2872714250988793e-05,1.0669167750165798e-05,6.304210728558246e-06,9.698465873952955e-06,1.2080390661139973e-05,7.454317710653413e-06,3.091181497438811e-05,0.00010062641376862302,0.0007827599183656275,8.765982784098014e-05,0.00093993847258389
3,The place of birth of Emil Loteanu is,The place of birth of the director of Lăutarii is,Emil Loteanu,the director of Lăutarii, Romania,3.87915952160256e-06,1.716888505143288e-06,1.0552374760663952e-06,2.609306477552309e-07,2.413150639313244e-07,1.5345820258971798e-07,2.5771544187591644e-07,4.952357244292216e-07,1.566917973150339e-07,1.949093757502851e-07,2.126013356473777e-07,2.3531903536877508e-07,1.324584673056961e-07,5.628008921121364e-07,3.174969833708019e-07,9.25675692542427e-07,6.973543236199475e-07,2.160019505481614e-07,3.530497281190037e-07,1.8947427804505423e-07,1.550533710314994e-07,4.4118274900029064e-07,1.9792153125308687e-06,3.079615282786108e-07,1.4560974648247793e-07,1.6991748452710453e-07,8.16713594531393e-08,3.79584754739426e-08,1.169143075685497e-07,1.0388115612158799e-07,3.5447405934974086e-06,3.885347268806072e-06,1.0250898412778042e-05,4.120351150049828e-06,1.3836381640430773e-06,8.664900406074594e-07,2.99281259685813e-06,2.854468448276748e-06,5.883308404008858e-06,4.4677955884253606e-05,6.288438726187451e-06,1.3388979596129502e-06,4.4859723402623786e-07,6.432281338675239e-07,4.540198688118835e-07,5.374370743993495e-07,7.320490169604454e-08,7.776849741958358e-08,5.3379409337139805e-08,5.998018082209455e-08,3.595653197407955e-08,2.605323956572647e-08,5.397498625825392e-08,2.0440296566448524e-08,4.289604227381005e-09,2.677338351020353e-09,7.290529069337026e-09,7.296192983119454e-09,7.534703527767306e-09,1.0707382536168097e-08,1.3933450837555483e-08,1.3530460307720205e-08,8.734360790185747e-09,1.0384053616974143e-08,8.496785497413839e-09,6.667953300620866e-09,1.0070822398233759e-08,1.7474636848646696e-08,2.7454939655058297e-08,2.0946997025816927e-08,3.0666225114828194e-08,4.145151422108029e-08,5.7369760497749667e-08,1.1428131330148972e-07,1.4597276276617777e-07,4.6390806573981536e-07,6.639258458562836e-07,2.130342409145669e-06,2.737384193096659e-06,8.805434390524169e-07,0.0019810176454484463,0.0036820208188146353
4,The country of citizenship of Archduke Karl Salvator of Austria is,The country of citizenship of the father of Archduke Leopold Salvator of Austria is,Archduke Karl Salvator of Austria,the father of Archduke Leopold Salvator of Austria, Italian,1.1125737273687264e-06,4.533424089459004e-07,5.681246193489642e-07,3.194990227939343e-08,5.136994829513242e-08,4.841947642830746e-08,3.143491511536922e-08,3.01415994385934e-08,1.4737305775724963e-07,2.1968435248709284e-07,9.257743727175693e-08,3.8062276530581585e-07,5.316479132488894e-07,2.61924611777431e-07,1.7392544293670653e-07,2.687888525088056e-07,9.549086144033936e-07,2.2238309611566365e-06,2.272357960464433e-06,7.661254130653106e-06,2.538308081057039e-06,1.2337701491560438e-06,3.48401812289012e-07,3.6962961758035817e-07,4.453301585272129e-07,1.6047113149397774e-06,6.602328426197346e-07,2.8450126592360903e-06,1.5024382946648984e-06,7.689410495004267e-07,3.1721330628897704e-07,3.648624442575965e-07,6.807237014072598e-07,1.0435269359732047e-06,6.132407293080178e-07,1.901248651847709e-06,9.492702588431712e-07,1.8319650507692131e-06,1.4999291124695446e-06,9.982474011849263e-07,1.3872214594812249e-06,1.1084657671744935e-06,2.8817885322496295e-06,3.1016666071082e-06,2.298454319316079e-06,2.50850644079037e-06,2.5046699647646165e-06,3.3326036827929784e-06,8.721369340491947e-06,9.650928404880688e-06,9.235416655428708e-06,1.1013832590833772e-05,6.337943887047004e-06,1.0780088814499322e-05,9.724828487378545e-06,7.446517702192068e-05,8.563502342440188e-05,6.137658056104556e-05,9.238897473551333e-05,7.75942753534764e-05,0.0001761266466928646,0.00043104495853185654,0.00034117026370950043,0.0002836344938259572,0.00017838737403508276,0.0002724398800637573,0.00028157461201772094,0.00023678920115344226,0.00021390555775724351,0.00014084255963098258,0.0003101833863183856,0.0004741462180390954,0.0003372386272531003,0.0006939472514204681,0.0005577788106165826,0.00034470396349206567,0.00036868490860797465,0.0013494803570210934,0.003113290062174201,0.0004515917971730232,4.497737972997129e-05,0.0001568612497067079
5,The place of birth of Joseph Louis De Grasse is,The place of birth of the director of Father and the Boys is,Joseph Louis De Grasse,the director of Father and the Boys, New Brunswick,7.70222904975526e-05,9.347095328848809e-06,7.478846328012878e-06,8.006153620954137e-06,2.0065659555257298e-05,4.3520922190509737e-05,5.565719220612664e-06,2.375866642978508e-06,5.369502559915418e-06,4.379728125059046e-06,7.192242605924548e-07,2.7705380034603877e-06,1.1476360668893903e-05,3.554363956936868e-06,2.296825641678879e-06,4.525212716544047e-06,2.718972427828703e-05,4.09688291256316e-05,7.063954399200156e-05,5.990394492982887e-05,1.3877263882022817e-05,6.252519597182982e-06,3.0054611670493614e-06,3.187972652085591e-06,1.6176551071112044e-05,2.574065547378268e-05,5.950829654466361e-05,1.8481781808077358e-05,4.5529970520874485e-05,7.772091339575127e-05,0.00010293228115187958,6.536149157909676e-05,8.50027718115598e-05,6.829151971032843e-05,0.00010158423538086936,7.080935756675899e-05,4.083029125467874e-05,7.730250945314765e-05,6.71449743094854e-05,4.897980761597864e-05,2.4546807253500447e-05,4.990251545677893e-05,1.584054552949965e-05,1.9151011656504124e-05,1.6621565009700134e-05,1.7505381038063206e-05,1.1892781913047656e-05,1.0039111657533795e-05,7.404195457638707e-06,9.412575309397653e-06,1.0143096005776897e-05,1.3328906788956374e-05,1.261851048184326e-05,1.0096876394527499e-05,9.349236279376782e-06,8.569032615923788e-06,7.705923962930683e-06,3.7476711440831423e-06,2.8383519747876562e-06,4.6948921408329625e-06,3.6554483813233674e-06,2.81662119050452e-06,8.415262527705636e-06,6.407885848602746e-06,8.926965165301226e-06,4.143381374888122e-06,4.259196884959238e-06,5.005553248338401e-06,4.316669219406322e-06,3.8825291994726285e-06,2.951964916064753e-06,4.423603058967274e-06,2.981335001095431e-06,4.679337507695891e-06,4.011701548733981e-06,2.59802050095459e-06,2.684280389075866e-06,5.735479135182686e-06,1.3604366358777042e-05,1.639445690670982e-05,0.0021015105303376913,0.003255456918850541
6,The place of death of M. B. Sreenivasan is,The place of death of the composer of Onappudava is,M. B. Sreenivasan,the composer of Onappudava, Lakshadweep,1.226317272084998e-05,3.3023927244357765e-05,7.347510108957067e-05,5.144941951584769e-06,7.136378371797036e-06,1.5385952565338812e-06,6.122556897025788e-07,1.189090312436747e-06,1.9268682081019506e-06,5.239244273980148e-07,1.3719749404117465e-05,2.1971472961013205e-05,0.0001478483172832057,2.296156708325725e-05,2.102417784044519e-05,3.757015065275482e-06,5.668041012540925e-06,6.5320155044901185e-06,1.9785242329817265e-05,1.610673643881455e-05,3.485208253550809e-06,1.853738103818614e-05,1.1193615137017332e-05,2.893334203690756e-05,1.620552552594745e-06,4.659921160055092e-06,7.290389021363808e-07,3.3134506338683423e-07,8.464342613478948e-07,3.4737982446131355e-07,1.0524937579248217e-06,1.4649402828581515e-06,3.0863013762427727e-06,5.629289717035135e-06,1.59978924330062e-06,1.3153145346223027e-06,3.610675548770814e-06,1.6405917904194212e-06,9.773474403118598e-07,9.975449302146444e-07,7.762153586554632e-07,8.867366886988748e-06,4.034590801893501e-06,2.3150842025643215e-06,1.3753719940723386e-06,3.3927692584256874e-06,2.0843001493631164e-06,3.852526788250543e-06,3.8057976325944765e-06,4.298752173781395e-06,2.042966798398993e-06,2.9655511752935126e-06,1.8886706811827025e-06,2.521351234463509e-06,2.2010706288710935e-06,8.999280112220731e-07,4.0610396467855026e-07,3.965369899106008e-07,3.3096731044679473e-07,2.280335849036419e-07,1.5128532027119945e-07,1.7658928186392586e-07,3.211740988717793e-07,4.878083927906118e-07,6.064933018024021e-07,1.6634122346204094e-07,1.042260606709533e-07,8.850438604213196e-08,1.3548392985285318e-07,1.2653492831304902e-07,6.5678861460583e-08,5.70166029945085e-08,8.806544826711615e-08,1.8471767759820068e-07,1.5532486941083334e-07,2.8856800327048404e-07,1.9241274173964484e-07,4.586620718782797e-07,1.9692046748787106e-07,1.8585892291866912e-07,0.0003488212823867798,0.00012365543807391077
7,The place of death of Zine El Abidine Ben Ali is,The place of death of the spouse of Naïma Ben Ali is,Zine El Abidine Ben Ali,the spouse of Naïma Ben Ali, Jeddah,4.887510840489995e-06,6.339019819279201e-06,2.2645435819868e-06,9.091014362638816e-06,5.754936864832416e-06,9.265867220165092e-07,6.347064527290058e-07,1.6930498532019556e-06,4.196401732770028e-06,5.813643383589806e-06,3.520675306845078e-07,3.4155541470681783e-06,3.112725244136527e-05,1.5673434972995892e-05,7.842502964194864e-05,5.441577377496287e-05,6.925236812094226e-05,4.887779869022779e-05,0.0001879512274172157,0.0006960416794754565,0.0003055863198824227,0.00047584722051396966,4.678305231209379e-06,3.810590101238631e-07,6.194331376718765e-07,6.661616112069169e-07,5.016019031245378e-07,8.888798674888676e-07,1.20327865715808e-06,1.0890005341934739e-06,3.697808779179468e-06,6.988166205701418e-06,2.1950954760541208e-05,6.841260073997546e-06,2.6265020096616354e-06,4.304098638385767e-06,5.891017735848436e-06,1.8520732965043862e-06,2.6504335437493864e-06,5.942741267972451e-07,1.9447520571702626e-06,4.708190317614935e-06,1.1402790960346465e-06,4.4437723545343033e-07,2.023133731654525e-07,2.2282517875282792e-07,2.5199139486176136e-07,1.5875482972660393e-07,3.277852158589667e-07,2.96251300824224e-07,2.0827948787882633e-07,1.85354011250638e-07,1.7278338759751932e-07,6.012241442476807e-07,7.741972467556479e-07,1.3762064554612152e-06,3.1691938602307346e-06,3.702366257130052e-06,4.5596807467518374e-06,8.972203431767412e-06,3.4504435461713e-05,6.879540160298347e-05,5.802465238957666e-05,0.00011707947123795748,0.0002409161243122071,0.006966510787606239,0.002216100925579667,0.0020589567720890045,0.005539471749216318,0.0030306277330964804,0.019070738926529884,0.43964529037475586,0.4424283504486084,0.6873064637184143,0.7229757308959961,0.7297011017799377,0.789002537727356,0.9555343389511108,0.7659409046173096,0.9461577534675598,4.840598558075726e-05,0.054478343576192856
8,The country of Charles University is,The country of the publisher of Prague Papers on the History of International Relations is,Charles University,the publisher of Prague Papers on the History of International Relations, Czech Republic,3.597029490265413e-06,2.405117811576929e-07,3.576881724143277e-08,4.635476358316737e-08,2.438123090087174e-07,4.5898670464339375e-07,4.324332536498332e-08,4.583246848710587e-08,1.7728655166138196e-07,9.954989366178779e-08,1.5656836183097766e-07,1.7983582267788734e-07,5.994541396603381e-08,7.864920803513087e-08,5.715000384043378e-08,5.6366211254044174e-08,1.136557230552171e-07,8.503755566380278e-08,2.3016329464553564e-07,2.56724888458848e-07,2.522093325296737e-07,8.472066497233754e-07,4.866612357545819e-07,1.0322676189389313e-06,6.673318239336368e-06,2.74881926998205e-06,4.420517996095441e-07,3.423724024287367e-07,3.2514705594621773e-07,9.818837725106278e-07,5.448604838420579e-07,3.8090104226284893e-07,3.1702458613835915e-07,7.831532116142625e-07,6.58668568576104e-07,2.0624236185540212e-07,2.1779567305202363e-07,6.464706530096009e-07,5.227053065937071e-07,4.1228375380342186e-07,5.202218744670972e-07,9.000463592201413e-07,2.1494104657904245e-05,2.7837781090056524e-05,4.1245060856454074e-05,2.6353232897236012e-05,2.309147203050088e-05,1.7773480067262426e-05,4.4591095502255484e-05,3.2175717933569103e-05,3.0442890420090407e-05,4.064973472850397e-05,1.591980253579095e-05,2.0763030988746323e-05,1.571960274304729e-05,8.141900252667256e-06,7.143499715311918e-06,6.585517439816613e-06,7.729667231615167e-06,5.323059667716734e-06,4.290918241167674e-06,2.846868483175058e-06,4.064021595695522e-06,2.3756806513119955e-06,8.239952080657531e-07,6.775501901756797e-07,8.90428680122568e-07,8.041411660997255e-07,1.7397766214344301e-06,3.061791403524694e-06,4.937871381116565e-06,7.808252121321857e-06,8.03667808213504e-06,1.1322214049869217e-05,9.70634755503852e-06,7.298239324882161e-06,5.060249463895161e-07,2.0860666438693443e-07,1.9364883030448254e-07,1.4489855004740093e-07,0.4517287313938141,0.0672052800655365
9,The employer of Éric Rohmer is,The employer of the director of Triple Agent is,Éric Rohmer,the director of Triple Agent, Cahiers du cinéma,1.7669541421128088e-06,7.865641237003729e-06,2.9847394671378424e-06,9.90477274172008e-05,1.1874930351041257e-05,0.00018289894796907902,0.00012167361273895949,0.00012935709673911333,1.8406890376354568e-05,7.479220948880538e-05,7.957642083056271e-05,1.0301145266566891e-05,4.504301159613533e-06,1.7237471183761954e-05,2.4270823359984206e-06,1.5554834362774272e-06,7.337640113291855e-07,7.5805962751474e-07,1.110863195208367e-06,2.9368165996856987e-06,3.112178455921821e-05,2.6408231860841624e-05,3.4832955861929804e-06,4.654772965295706e-06,6.0855627452838235e-06,1.4752519746252801e-05,1.1691933650581632e-05,3.935159838874824e-06,3.5901950923289405e-06,2.6407949462736724e-06,2.560810798968305e-06,1.2892936638309038e-06,4.000397666459321e-07,2.2633652463355247e-07,3.6004780668008607e-07,3.6754274788108887e-06,3.259026925661601e-06,2.150195541616995e-06,2.0308743842178956e-06,3.4517590847826796e-06,2.2759804778615944e-06,3.7003685520176077e-06,1.2715370758087374e-05,1.6440966646769084e-05,2.9848713893443346e-05,3.0280214559752494e-05,1.3527742339647375e-05,2.1438019757624716e-05,1.5205890122160781e-05,1.1450265446910635e-06,1.6331448478013044e-06,1.781643959475332e-06,5.244551175564993e-06,2.602003405627329e-06,1.509427784185391e-05,1.868847175501287e-05,5.404508556239307e-05,8.737359166843817e-05,0.00010415285942144692,8.900771354092285e-05,7.276832184288651e-05,7.768117939122021e-05,9.933368710335344e-05,8.841014641802758e-05,9.632316505303606e-05,6.62320526316762e-05,7.336503767874092e-05,5.815873373649083e-05,7.127872231649235e-05,8.480049291392788e-05,0.00011833591997856274,0.0001210267873830162,0.000108620326500386,0.00013125110126566142,0.00014577980618923903,0.00022685974545311183,0.00020571827189996839,0.00016568019054830074,0.0002481573901604861,0.0002452331827953458,7.766246199025773e-06,4.225887096254155e-05
10,Khoa Do received the,The director of Footy Legends received the,Khoa Do,the director of Footy Legends, Young Australian of the Year,2.0824236912631022e-07,1.186668555419601e-06,3.2627679047436686e-06,4.287228875909932e-06,4.6362603711713746e-07,1.2415328001225134e-06,2.9862051178497495e-06,1.9672501366585493e-05,7.1176614255819e-06,7.267284672707319e-05,8.562712901039049e-05,1.2278057511139195e-05,5.466135917231441e-07,7.336994940487784e-07,1.8930447822640417e-06,3.5599765624283464e-07,4.5324861730478005e-07,5.008224093216995e-07,2.8596357992682897e-07,5.343239308785996e-07,9.491321151244847e-08,2.893589794439322e-07,6.274703423514438e-07,2.836220289736957e-07,6.862824761810771e-07,5.333313310984522e-07,3.416946015022404e-07,4.485885654048616e-07,5.217298735260556e-07,1.1610827641561627e-06,9.350806067232043e-07,3.580657903512474e-06,1.5028809912109864e-06,1.8895044604505529e-06,1.463464968765038e-06,1.4875677152303979e-06,6.941665105841821e-06,1.041114501276752e-05,4.227488170727156e-05,3.330051913508214e-05,2.453745764796622e-05,2.591309203126002e-05,1.76582998392405e-05,1.837052514019888e-05,4.5230599425849505e-06,3.04130048789375e-06,7.536800239904551e-06,1.6077132386271842e-05,9.919435797201004e-06,7.349779934884282e-06,4.46234207629459e-06,2.6770783279062016e-06,4.238828296365682e-06,6.5440676735306624e-06,7.215212917799363e-06,6.51870914225583e-06,6.344805115077179e-06,6.534957265103003e-06,3.615849891502876e-06,1.8388117268841597e-06,1.5663713384128641e-06,3.6102242120250594e-06,4.716585863207001e-06,4.928569069306832e-06,7.758932952128816e-06,3.919438768207328e-06,2.995370550706866e-06,4.0075474316836335e-06,3.579017857191502e-06,6.649282113357913e-06,9.659112947701942e-06,6.87561714585172e-06,1.2931864148413297e-05,1.4784892300667707e-05,1.00226989161456e-05,5.670580776495626e-06,6.506702447950374e-06,1.568756124470383e-05,1.6472504285047762e-05,5.7996712712338194e-06,0.002272786805406213,0.007789483293890953
11,The place of death of Luciano Salce is,The place of death of the director of Basta guardarla is,Luciano Salce,the director of Basta guardarla, Rome,3.605643996706931e-06,6.943147923266224e-07,2.386959465638938e-07,2.5753379873094673e-08,2.2793665621634318e-08,6.890152803862293e-08,4.7441734096764776e-08,2.6868028157878143e-07,2.6097751515408163e-07,1.5579249179609178e-07,8.444700370091596e-07,1.7787945125746774e-06,1.2867916439063265e-06,1.2070117918483447e-06,2.3746963506710017e-06,9.371458872919902e-06,3.197519254172221e-05,7.076932433847105e-06,3.0841924854030367e-06,3.2181523579311033e-07,7.892988378443988e-07,3.395581131826475e-07,2.735031898737361e-07,4.6450406898657093e-07,1.2322387874519336e-06,1.8074404124490684e-06,9.128826832238701e-07,8.593017923885782e-07,2.9801035452692304e-06,4.228010766382795e-06,2.2832814465800766e-06,1.8987809653481236e-06,1.0184620578002068e-06,1.3730976888837176e-06,2.1535965970542748e-06,2.735960606514709e-06,1.1469025594124105e-05,5.6546617997810245e-05,0.00018598054884932935,0.00015460321446880698,0.00015493444516323507,0.000193208092241548,0.000244698952883482,0.000245852570515126,0.000353165902197361,0.0015494137769564986,0.0009235236211679876,0.001140225795097649,0.0007054168381728232,0.0007938437629491091,0.00280544301494956,0.012254204601049423,0.013456778600811958,0.010488730855286121,0.012543778866529465,0.02348346821963787,0.031738072633743286,0.02283228188753128,0.05829392001032829,0.07626903057098389,0.036153171211481094,0.023576879873871803,0.028164559975266457,0.01649915613234043,0.021332813426852226,0.2286325991153717,0.09792347997426987,0.018336044624447823,0.013543784618377686,0.016276566311717033,0.0180992241948843,0.01485995203256607,0.009495598264038563,0.011558575555682182,0.012292555533349514,0.028810128569602966,0.024491464719176292,0.005193261429667473,0.006870179437100887,0.0005503635620698333,0.003752972697839141,0.40204694867134094
12,The place of birth of Fernando Di Leo is,The place of birth of the director of Mister Scarface is,Fernando Di Leo,the director of Mister Scarface, San Ferdinando di Puglia,3.4822207339857414e-07,8.904929131858808e-07,2.2934143544262042e-06,1.0549603075560299e-06,1.154318624685402e-06,1.3125531950208824e-06,5.672071097251319e-07,5.213204303800012e-07,6.801803351663693e-07,1.3810475820719148e-06,1.613340145922848e-06,5.021640276936523e-07,1.073817657015752e-06,3.1878496429271763e-06,2.247860720672179e-06,1.916215751407435e-06,1.3268468137539458e-06,2.4537525860068854e-06,7.659774382773321e-06,4.386375621834304e-06,6.954513196433254e-07,5.4898596317798365e-06,1.243858264388109e-06,5.773146313003963e-06,3.733350467882701e-06,3.062722953472985e-06,6.998819799264311e-07,2.5866072519420413e-06,6.062049351385213e-07,4.2750698980853485e-07,2.4509873242095637e-07,2.7017091497327783e-07,7.952689173862382e-08,2.4050621050264454e-08,1.819313233397679e-08,2.437035959701461e-07,1.041564928527805e-06,4.339010047260672e-06,8.706880180398002e-06,4.054903911310248e-06,4.590991466102423e-06,2.229001665909891e-06,9.930292890203418e-07,7.880612429289613e-07,4.039473253669712e-07,1.927131449974695e-07,2.1106818337557343e-07,2.1639894498548529e-07,1.585018480909639e-07,1.03429378839337e-07,7.743329888398875e-08,7.053942852053297e-08,8.153597974569493e-08,4.3980630692885825e-08,4.004624187814443e-08,1.58167701158618e-08,1.3142479104999438e-08,9.516555543598315e-09,1.1243739272970288e-08,7.732946727401213e-09,4.815940091162929e-09,5.432752470113655e-09,2.2811394995159162e-09,3.353953337281723e-09,6.174082578525031e-09,3.780591839586123e-09,1.727008092089477e-09,2.9697144743323634e-09,4.3665875359977235e-09,3.2199265476151595e-09,3.025682149271347e-09,1.537009453045357e-08,2.78046634605289e-08,1.5030944666705182e-07,1.2977861842955463e-06,2.9982054911670275e-05,1.754625372996088e-05,0.0013999884249642491,0.0002212986582890153,0.00011640782031463459,0.006465139798820019,0.33145904541015625
13,The employer of Éric Rohmer is,The employer of the director of Love in the Afternoon is,Éric Rohmer,the director of Love in the Afternoon, Cahiers du cinéma,7.361627922364278e-06,2.4391549686697545e-06,6.260960958570649e-07,4.485723081870674e-07,2.5372460186190438e-06,2.0708985175588168e-05,5.045635407441296e-05,2.398192555119749e-05,2.2467636426881654e-06,1.5259698557201773e-05,2.800974289129954e-05,2.7584308099903865e-06,9.702996521809837e-07,1.570629137859214e-06,3.2376610192841326e-07,5.067412303105812e-07,2.787575112961349e-07,1.6957840216491604e-06,4.998279905521485e-07,8.83883558344678e-07,2.44504444708582e-05,1.4774866031075362e-05,3.832842594420072e-06,1.3212492376624141e-05,8.763744517636951e-06,1.3275768651510589e-05,6.687382210657233e-06,1.8250038920086809e-06,2.747098051258945e-06,2.5523982003505807e-06,7.235191787913209e-07,2.5563701910868986e-07,2.0698708169675228e-07,4.1243995951845136e-07,8.865962968229724e-07,2.886262109313975e-06,6.4173832470260095e-06,4.933525815431494e-06,6.1244504649948794e-06,7.030081633274676e-06,6.834937266830821e-06,1.075251475413097e-05,1.9997449271613732e-05,2.6099911337951198e-05,7.160447421483696e-05,3.722822293639183e-05,2.2692038328386843e-05,2.308272451045923e-05,1.5083815924299415e-05,1.12616976366553e-06,1.4954309790482512e-06,1.3502398132914095e-06,9.209552445099689e-06,6.827774996054359e-06,2.48657597694546e-05,5.546127067646012e-05,0.00013170466991141438,0.0003734335186891258,0.0002877736114896834,0.00028986521647311747,0.00036816304782405496,0.00041726246126927435,0.00048205896746367216,0.00040864228503778577,0.00032275402918457985,0.00018296991765964776,0.0002769196289591491,0.00029866470140405,0.0006242181989364326,0.0007696714601479471,0.0015124904457479715,0.002316823462024331,0.0012493669055402279,0.0014226139755919576,0.0027285797987133265,0.003216672455891967,0.0024409759789705276,0.004521024413406849,0.00641257781535387,0.003061714582145214,3.966161330026807e-06,4.225887096254155e-05
14,The date of death of Sergei Eisenstein is,The date of death of the director of The General Line is,Sergei Eisenstein,the director of The General Line, 11 February 1948,1.0454582621832742e-07,7.946716209517035e-07,2.3775612589815864e-06,0.00010873869177885354,9.580524420016445e-06,1.9537369553290773e-06,3.273134296932767e-08,5.068288899678919e-09,1.6695217430751086e-09,7.847535399285732e-10,4.533250219651563e-09,6.697143106748626e-08,1.3769487168246997e-06,1.228922542395594e-06,1.244027771463152e-05,6.432991085603135e-06,8.997035365609918e-06,1.4932348676666152e-05,6.969122478039935e-05,9.52991558733629e-06,0.00018649653065949678,0.0005048519233241677,0.00020893506007269025,4.405298022902571e-05,0.00010330989607609808,0.00025719968834891915,1.5842148059164174e-05,1.5228295524138957e-05,2.0680028683273122e-05,5.193454853724688e-05,3.219083737349138e-05,2.7048242827731883e-06,3.0889966637914767e-06,3.7758599091830547e-07,1.5730133782199118e-06,3.493941903798259e-06,2.199026539528859e-06,5.108277036924846e-07,1.0355123691851986e-07,6.190145427353855e-07,3.1276252343559463e-07,7.62088291139662e-07,6.606649094464956e-06,1.2265425539226271e-05,1.5600386177538894e-05,1.6238773241639137e-05,4.495134999160655e-05,0.00013455490989144892,0.00021948206995148212,9.156877786153927e-05,3.508912413963117e-05,1.5899830032140017e-05,1.0446995474922005e-05,8.33184185466962e-06,3.527864828356542e-05,1.594090099388268e-05,6.819496775278822e-06,1.2422082363627851e-05,1.908157173602376e-05,1.6467407476739027e-05,2.909327668021433e-05,2.1081705199321732e-05,1.0617509360599797e-05,8.85765712155262e-06,9.933210094459355e-06,1.539084769319743e-05,1.0510756510484498e-05,1.2795017937605735e-05,1.938588684424758e-05,2.7075129764853045e-05,3.838866905425675e-05,9.690939805295784e-06,2.4804623535601422e-05,3.146073140669614e-05,3.124868089798838e-05,0.00022319801792036742,0.00018941865710075945,0.0008442013058811426,0.00043631490552797914,0.000293681921903044,0.09218914061784744,0.19638042151927948
15,The cause of death of Philippa of Hainault is,The cause of death of the mother of Joan of England is,Philippa of Hainault,the mother of Joan of England, edema,2.18413492802938e-06,4.889512638328597e-06,1.6251422493951395e-05,1.615304427105002e-05,3.278397343819961e-06,3.377291477590916e-07,3.7091149351908825e-07,2.2016207879005378e-07,1.3872598003672465e-07,2.4868310788406234e-07,1.6032851490876965e-08,1.3872707427253772e-07,1.2037865815273108e-07,1.2285846651138854e-07,1.657199959481659e-07,4.00051447968508e-07,1.5927926142467186e-06,1.0456873269504285e-06,3.787286686929292e-06,2.07958260034502e-06,2.8710012429655762e-06,3.856848422856274e-07,1.9437620721873827e-05,4.9248333198192995e-06,4.4808680286223534e-06,4.992717094864929e-06,7.72720511577063e-07,8.351019005203852e-07,3.687533762786188e-07,1.2023623412460438e-06,1.4047797094463021e-06,5.085017619421706e-06,1.6526626495760866e-05,1.6555020920350216e-05,1.1403251846786588e-05,9.359772775496822e-06,8.088698450592346e-06,2.8692679734376725e-06,2.047162070084596e-06,6.620688509428874e-06,1.186958161270013e-05,4.110067675355822e-05,3.870474029099569e-05,3.407660551602021e-05,0.00011439234367571771,9.264722757507116e-05,4.011148485005833e-05,3.3626296499278396e-05,2.8561891667777672e-05,2.820085319399368e-05,4.8369416617788374e-05,5.242219413048588e-05,3.096561704296619e-05,3.079912858083844e-05,4.832553167943843e-05,2.1338837541406974e-05,2.1089792426209897e-05,3.1219889933709055e-05,3.697620195453055e-05,2.9291533792275004e-05,2.225261414423585e-05,2.4698467314010486e-05,1.4956804079702124e-05,1.3272298019728623e-05,1.638435060158372e-05,1.7730973922880366e-05,2.332079930056352e-05,2.468860475346446e-05,3.8357142329914495e-05,2.9816019377904013e-05,3.384986484888941e-05,2.06532913580304e-05,2.4803061023703776e-05,2.772599873424042e-05,1.3404934179561678e-05,6.458715688495431e-06,7.224640739877941e-06,9.559067621012218e-06,3.486287096166052e-05,2.3014566977508366e-05,9.45436204347061e-06,1.1640160664683208e-05
16,The place of death of Adolf IV of Berg is,The place of death of the father of Count Engelbert I of Berg is,Adolf IV of Berg,the father of Count Engelbert I of Berg, Altenberg,2.59061562246643e-06,3.4562717701192014e-06,8.679318170834449e-07,1.0485989605513168e-06,6.931655661901459e-06,1.240071355823602e-06,1.3692196034753579e-06,2.811699914673227e-06,3.341741830809042e-06,1.39553321787389e-05,1.177115677819529e-06,3.6270812415750697e-06,3.6991557408327935e-06,9.550040886097122e-06,4.607962637237506e-06,1.7331872186332475e-06,5.3623462008545175e-06,2.409153603366576e-05,3.096527052548481e-06,7.033306246739812e-06,4.532260845735436e-06,1.731693600959261e-06,1.8038703046840965e-06,1.4551425238096272e-06,2.9720501970587065e-06,4.072648880537599e-05,3.7130521377548575e-05,2.85491842078045e-05,7.045234269753564e-06,1.5104346857697237e-05,1.0034425031335559e-05,9.57368320086971e-06,8.313466423714999e-06,1.547410647617653e-05,5.641688858304406e-06,2.3820011847419664e-05,1.715034704830032e-05,7.924257261038292e-06,8.59825377119705e-06,5.417550710262731e-06,8.383979547943454e-06,7.385479420918273e-06,4.720705874206033e-06,3.551504050847143e-06,4.411454028740991e-06,5.7320094128954224e-06,4.948391961079324e-06,8.781577889749315e-06,4.827859356737463e-06,7.665084012842271e-06,7.1953081715037115e-06,5.681732091034064e-06,6.806901183153968e-06,7.208741408248898e-06,5.261178102955455e-06,5.792198862764053e-06,4.666904715122655e-06,5.649666945828358e-06,6.2807534959574696e-06,1.1286329026916064e-05,1.076546232070541e-05,5.711190624424489e-06,7.10067615727894e-06,1.0297045264451299e-05,1.6988492461678106e-06,9.045320439327043e-07,1.4327609960673726e-06,1.0412862820885493e-06,7.528703918069368e-07,1.9598883227445185e-06,2.8449035198718775e-06,2.6846878427022602e-06,2.05758556148794e-06,6.198520736688806e-07,4.0297808823197556e-07,7.122164333850378e-07,3.169867568431073e-07,2.9293114494066685e-06,2.2331562377075898e-06,2.7897724066860974e-05,0.0012031302321702242,0.00226600538007915
17,The date of death of Baudouin de Courtenay is,The date of death of the father of Cezaria Jędrzejewiczowa is,Baudouin de Courtenay,the father of Cezaria Jędrzejewiczowa, 3 November 1929,1.2401347930790507e-06,1.5259975043591112e-05,0.00021352832845877856,0.0001812009431887418,0.00010648162424331531,1.2039099601679482e-05,7.754058060527314e-06,1.2563783457153477e-05,3.4794686598615954e-07,8.645574780530296e-07,2.2635785512648e-07,2.0426289211172843e-06,7.60420653023175e-06,5.553614755626768e-06,4.443198122316971e-06,6.963869054743554e-07,9.330153147857345e-07,1.13108681034646e-05,1.822729427658487e-05,0.00016104367387015373,7.1573176683159545e-06,1.706280841062835e-06,4.184131739748409e-06,1.4991273928899318e-05,0.0002959906414616853,0.0006316956132650375,9.294570190832019e-05,6.442910671466962e-05,4.477217316889437e-06,3.0238055842346512e-05,3.537702397693465e-08,1.293709033234336e-07,7.237856607389404e-07,1.103807562685688e-06,3.1229134037857875e-05,1.4428036593017168e-05,8.449749293504283e-05,2.3343347493209876e-05,2.7623407731880434e-05,2.1699475837522186e-05,3.4197895729448646e-05,2.3773374778102152e-05,9.341287295683287e-06,8.44947589939693e-06,3.97249823436141e-06,2.603239863674389e-06,1.2081451359335915e-06,5.879812761122594e-07,4.6801696385045943e-07,1.9946719476138242e-07,1.6893341125978623e-07,1.564278875321179e-07,1.0522514770627822e-07,8.553253394438798e-08,1.2503022617238457e-07,1.0246711923400653e-07,2.0332740291451046e-07,1.708455243942808e-07,5.305225769802746e-08,8.907458237672472e-08,5.5092321815664036e-08,1.8137396295969666e-07,1.885340310536776e-07,2.2337802363381343e-07,2.5900519062815874e-07,3.145862024211965e-07,5.384070504987903e-07,4.537008351235272e-07,1.243253109350917e-06,1.8131642036678386e-06,2.930665459643933e-06,2.204733164035133e-06,2.9902701044193236e-06,2.0867560124315787e-06,2.233435907328385e-06,2.976686801048345e-06,1.8612247458804632e-06,2.45053342950996e-05,0.00012136912846472114,0.00023225198674481362,0.021644646301865578,0.06292207539081573
18,The place of birth of Carlos F. Borcosque is,The place of birth of the director of My Country's Wings is,Carlos F. Borcosque,the director of My Country's Wings, Valparaíso,9.639654763304861e-07,2.210024149462697e-06,1.9357881683390588e-05,0.00010677331010811031,4.193232234683819e-05,2.6748173695523292e-05,3.2522341371077346e-06,1.8467675317879184e-06,3.505823315208545e-06,2.763764541668934e-06,9.230817340721842e-06,8.33438662084518e-06,9.438749839318916e-05,0.00010836646106326953,7.58669848437421e-05,0.00020981162379030138,0.00038686321931891143,0.0005571829387918115,0.0009368904866278172,0.001529813394881785,0.0014159033307805657,0.00043820487917400897,0.0007373202824965119,0.0002200473245466128,0.0006165631348267198,0.00038700157892890275,0.0002396074851276353,0.00018854830705095083,7.26662838133052e-05,0.00011118499242002144,0.00012822684948332608,6.520809256471694e-05,0.00021368084708228707,3.8414607843151316e-05,9.254985343432054e-06,1.1053365597035736e-05,9.033368769451044e-06,1.700174721008807e-06,5.893209163332358e-06,1.962853048098623e-06,1.6881962210391066e-06,1.0859795338546974e-06,1.120392312259355e-06,8.956282613326039e-07,2.8358479085e-06,4.112736860406585e-06,4.284271199139766e-06,3.90874902223004e-06,3.196590796505916e-06,3.2893597108341055e-06,3.6270935197535437e-06,3.4924200917885173e-06,4.804772743227659e-06,8.105917913781013e-06,7.212064247141825e-06,2.7227958980802214e-06,2.0978011434635846e-06,4.11867449656711e-06,6.683770152449142e-06,1.2832413631258532e-05,3.115834988420829e-05,2.9446766347973607e-05,3.357372770551592e-05,3.228796413168311e-05,8.318518666783348e-05,4.3657899368554354e-05,2.7344100089976564e-05,1.0996803212037776e-05,1.9959665223723277e-05,2.3619026251253672e-05,1.9466158846626058e-05,1.8763683328870684e-05,2.364153442613315e-05,3.352975909365341e-05,2.3596385290147737e-05,3.411970828892663e-05,4.698327393271029e-05,4.5080047129886225e-05,3.888226274284534e-05,8.051769327721559e-06,0.0005558159318752587,0.0008735129958949983
19,The employer of Joseph Barbera is,The employer of the director of Gallopin' Gals is,Joseph Barbera,the director of Gallopin' Gals, Van Beuren Studios,5.7619531617092434e-06,5.03607793689298e-07,7.221727287287649e-07,1.3539819292418542e-06,1.7303106005783775e-06,1.5110974800336407e-06,2.2824713141744724e-06,3.332869766836666e-07,6.932222618161177e-08,9.635503772642551e-08,1.2217020639582188e-07,4.3614807054837e-07,3.260631160628691e-07,2.78592892755114e-07,3.1383308396470966e-07,9.992592708840675e-08,4.315590445003181e-07,1.5628547771484591e-06,1.008878939501301e-06,6.054327172932972e-07,1.0811348829520284e-06,3.167078261867573e-07,9.88271153801179e-07,6.841269168944564e-07,2.370145040231364e-07,3.485924082724523e-07,3.437945395035058e-07,1.2242568914189178e-07,4.6039964729516214e-08,5.447589401796904e-08,4.9421931436199884e-08,7.658015732658896e-08,2.2374601726937726e-08,3.906450274371309e-08,1.6437513750133803e-07,9.982288418086682e-08,3.567689077499381e-07,1.1224928186948091e-07,1.457280660588367e-07,1.8250626965254924e-07,2.305547468495206e-07,2.4453953528791317e-07,1.1939175692532444e-07,1.557651216899103e-07,1.3750762661857152e-07,8.171419807467828e-08,1.3409770360794937e-07,1.7030279764185252e-07,2.0524196031601605e-07,4.3508850922080455e-07,1.0332984174965532e-06,1.1603774510149378e-06,1.1006171689587063e-06,4.855220936406113e-07,2.71613259883452e-07,2.5592325414436345e-07,1.840878383063682e-07,1.2881574207312951e-07,3.900997924688454e-08,3.152294780761622e-08,5.972459860004165e-08,7.583265215771462e-08,1.409215855119328e-07,1.7931442641838657e-07,2.1820186191234825e-07,1.5855067658776534e-07,2.455815035773412e-07,2.2008761391134612e-07,1.7132487073467928e-07,1.8609645735523372e-07,1.2341675414972997e-07,9.280852708570819e-08,1.1011968581442488e-07,8.710951249213394e-08,1.8622912989485485e-08,4.876228310024544e-09,8.991275279868205e-09,2.4368299378352276e-08,5.59086501539241e-08,1.41708966339138e-07,2.1522777387872338e-05,1.5337223885580897e-05
20,The spouse of Faith Evans is,The spouse of the performer of Burnin' Up is,Faith Evans,the performer of Burnin' Up, Notorious B.I.G.,1.2221798897371627e-06,1.382247319270391e-06,3.689658569783205e-06,4.806793185707647e-06,2.5125275442405837e-06,2.7311014036968118e-06,4.3836143959197216e-06,1.9455221718089888e-06,1.9943388451793e-06,6.187834742377163e-07,2.388385098583967e-07,2.4546301347072585e-07,3.3469182199041825e-06,6.67139556753682e-06,7.289000905075227e-07,1.8150545599837642e-07,6.162996442071744e-07,1.1233279337830027e-06,3.584262685762951e-06,1.719191095617134e-05,2.969508568639867e-05,5.189202420297079e-05,7.738325075479224e-05,1.0971180927299429e-05,1.2435210919647943e-05,9.001108082884457e-06,4.665168944484321e-06,6.283762104430934e-06,1.1884761079272721e-05,1.7930153262568638e-05,2.5766123144421726e-05,4.4629483454627916e-05,1.2607151802512817e-05,7.798293154337443e-06,6.342532287817448e-06,5.399715064413613e-06,1.0715364624047652e-05,2.2397327484213747e-05,1.2156149750808254e-05,1.1989989616267849e-05,1.7403746824129485e-05,1.4065964933251962e-05,2.3327766029979102e-06,1.9534872990334406e-06,4.130082743358798e-06,8.759372576605529e-06,8.483668352710083e-06,9.419671187060885e-06,1.7167987607535906e-05,2.0783403670066036e-05,1.559060729050543e-05,1.836755473050289e-05,1.9514482119120657e-05,1.7345364540233277e-05,1.425590835424373e-05,1.7751883206074126e-05,1.4377264960785396e-05,2.1858952095499262e-05,1.7613920135772787e-05,2.9530658139265142e-05,3.991439734818414e-05,2.8835807825089432e-05,2.5581184672773816e-05,3.153018406010233e-05,2.601600681373384e-05,3.01136497000698e-05,2.4817818484734744e-05,2.5910227122949436e-05,3.049621773243416e-05,2.8145659598521888e-05,4.624581924872473e-05,2.9672371965716593e-05,3.0417464586207643e-05,2.3256583517650142e-05,2.5712370188557543e-05,5.040975156589411e-05,4.018070831079967e-05,9.15092823561281e-06,5.635594789055176e-06,9.264376785722561e-06,6.273760664043948e-05,0.0014732192503288388
21,Jerzy Skolimowski was educated at,The director of Walkover was educated at,Jerzy Skolimowski,the director of Walkover, National Film School in Łódź,1.5222569345496595e-05,5.520403192349477e-06,6.291668910307635e-07,1.461199445884631e-07,4.280299492620543e-08,5.817464909796399e-08,3.533348547080095e-07,5.01544661801745e-07,1.7711678310661227e-06,2.8104270768380957e-06,6.6943748606718145e-06,4.701902071246877e-05,9.224897439708002e-06,3.383083821972832e-05,3.417025800445117e-05,8.95790071808733e-06,4.759058720082976e-05,1.2270516890566796e-05,6.224171374924481e-05,4.15306058130227e-05,2.504308031348046e-05,3.684344483190216e-05,2.3473860437661642e-06,3.960223239118932e-06,4.102168077224633e-06,2.921723989857128e-06,6.775456427021709e-07,4.4592977133106615e-07,4.1588731392039335e-07,2.9140094284230145e-06,1.1977575013588648e-05,1.1961930795223452e-05,5.8229252317687497e-05,9.606352250557393e-05,9.520523599348962e-05,0.00020050028979312629,0.00010582788672763854,3.686747731990181e-05,1.9828374206554145e-05,5.3739458962809294e-06,2.3941067865962395e-06,1.3382110637394362e-06,1.4020273511050618e-06,1.0833596206794027e-06,4.839461098526954e-07,3.6516075851977803e-07,6.198681035129994e-07,2.3598595362273045e-06,1.122838170886098e-06,1.006035745376721e-06,7.012022251728922e-07,1.1176117595823598e-06,7.400220169984095e-07,5.723317713091092e-07,4.159723516750091e-07,2.2010452482845722e-07,1.1038284952746835e-07,7.906601240392774e-08,6.865459312166422e-08,1.0850949649920949e-07,1.4091887123868219e-07,6.677728237036717e-08,3.951249283318248e-08,4.82175472882318e-08,8.635969805936838e-08,7.731531326271579e-08,5.195194674456616e-08,3.010638494060913e-08,2.997938963744673e-08,2.3200783516585943e-08,2.8650489980464044e-08,1.623361889357966e-08,3.646233182053038e-08,2.9691799241504668e-08,4.015931409639961e-08,1.3776508467344684e-07,2.4344245730389957e-07,2.0141401080309151e-07,6.898908821995064e-08,3.862411901423002e-08,0.0020821646321564913,0.00014927923621144146
22,The place of death of Nefertiti is,The place of death of the mother of Ankhesenamun is,Nefertiti,the mother of Ankhesenamun, Amarna,3.949124220525846e-06,2.143294295819942e-05,7.846105063435971e-07,7.715237188676838e-06,8.160538982338039e-07,4.1480490153844585e-07,1.7743356295341073e-07,2.2110030784006085e-07,6.337404556688853e-08,1.316682727292573e-07,2.475779297128611e-07,8.55745270200714e-07,3.584603405215603e-07,9.743413329488249e-07,2.570115384514793e-06,8.859889931045473e-06,2.743696541074314e-06,3.67178336091456e-06,1.024240191327408e-06,3.560964614734985e-06,4.655202246794943e-06,1.907319642668881e-06,8.570772251914605e-07,1.1546448774879536e-07,5.890166221433901e-07,3.5062379311057157e-07,1.6817319874462555e-06,4.618674211087637e-06,7.878695214458276e-06,6.005291197652696e-06,7.140664365579141e-06,1.1683475349855144e-05,7.477798135369085e-06,1.0143853614863474e-05,2.9822936994605698e-05,1.0304004717909265e-05,8.326773240696639e-06,3.030489779121126e-06,3.815460786427138e-06,1.8453547454555519e-06,3.028977971553104e-06,2.2493638880405342e-06,5.422199592430843e-06,3.090125346716377e-06,1.5315714563257643e-06,1.1580081036299816e-06,5.520460604202526e-07,4.643776776447339e-07,4.7192042984534055e-07,2.975886843614717e-07,1.1998103843779973e-07,1.3983748203827417e-07,9.803688527654231e-08,7.341439811625605e-08,2.2052125459026684e-08,2.7992843598667605e-08,4.8353982151638775e-08,5.087585108753956e-08,5.949635450974711e-08,1.1334488903003148e-07,1.4938885328774631e-07,1.6421157056356606e-07,1.0862612498385715e-07,9.31784356339449e-08,2.3761089096296928e-07,9.993060956503541e-08,4.776311968157643e-08,4.732417480113327e-08,6.446902034440427e-08,4.931134611751986e-08,2.545980670731751e-08,2.7814660796821045e-08,2.8651873762441937e-08,3.3259567544519086e-08,4.154248856025333e-08,4.738372183510364e-08,4.270597031563739e-08,2.9555540237424793e-08,2.1399506167085747e-08,1.0998504329506886e-08,0.0001222886930918321,2.5428671506233513e-06
23,The place of birth of Adario Strange is,The place of birth of the director of Hikikomori: Tokyo Plastic is,Adario Strange,the director of Hikikomori: Tokyo Plastic, New York,2.1537191514653387e-06,4.90020113375067e-07,1.8810803226188e-07,3.3610959349061886e-07,5.08285779687867e-07,4.143346359342104e-06,3.475077846815111e-06,2.0327565835032146e-06,7.116985216271132e-06,4.7824682951613795e-06,3.3485514450148912e-06,6.0764223235310055e-06,2.545355528127402e-06,9.894692993839271e-07,6.522693638544297e-07,7.501865297854238e-07,2.8077922706870595e-06,8.012754733499605e-06,4.0603176785225514e-06,1.12016014099936e-05,2.2335548237606417e-06,6.500386007246561e-06,2.7129628961120034e-06,5.304423211782705e-06,3.218698111595586e-05,4.494474706007168e-05,6.724146078340709e-05,5.1301129133207723e-05,0.00012609527038875967,7.938499038573354e-05,8.414743206230924e-05,0.0003058171714656055,0.0002672321570571512,0.00021525914780795574,7.122886017896235e-05,5.118688568472862e-05,1.9602170141297393e-05,6.22241641394794e-05,0.00011993621592409909,8.910879114409909e-05,4.2936964746331796e-05,9.248368587577716e-05,0.000129496052977629,0.0001573665940668434,0.00025127746630460024,0.00016678782412782311,0.00012062033783877268,0.00010581017704680562,7.703079609200358e-05,3.034437213500496e-05,2.152164415747393e-05,1.9596491256379522e-05,1.3403243428911082e-05,1.7978158211917616e-05,1.3033886716584675e-05,2.22279650188284e-05,2.2335814719554037e-05,1.0932805707852822e-05,1.4234899936127476e-05,1.4022024515725207e-05,1.3165237760404125e-05,1.0777684110507835e-05,1.3434781976684462e-05,1.8328759324504063e-05,2.3134325601859018e-05,1.991144017665647e-05,1.4924070455890615e-05,1.7531603589304723e-05,3.456466583884321e-05,2.544788185332436e-05,2.8613867470994592e-05,2.908798160206061e-05,3.259735240135342e-05,3.783309875871055e-05,3.523524719639681e-05,5.574078022618778e-05,6.060112718841992e-05,9.317258081864566e-05,0.0002709603577386588,0.0001713013043627143,0.0030863808933645487,0.009805283509194851
24,The place of birth of Grover Jones is,The place of birth of the director of Thrilling Youth is,Grover Jones,the director of Thrilling Youth, Indiana,1.5692736496930593e-06,3.522959843849094e-07,3.738729674296337e-06,3.2924447168625193e-06,5.713861810363596e-07,2.626846026032581e-06,6.292890702752629e-06,2.650735950737726e-05,2.1993579139234498e-05,2.2948384867049754e-05,1.3320550351636484e-05,7.041394383122679e-06,3.1989432045520516e-06,1.5663221120121307e-06,4.001311481260927e-06,1.418993520019285e-06,3.551934355527919e-07,3.4074480481649516e-07,2.039489800154115e-06,1.209817492053844e-05,1.434574369341135e-05,2.3234111722558737e-05,6.1290935263969e-05,9.973152918973938e-05,0.0001370449608657509,4.5958091504871845e-05,7.422251655953005e-05,0.00018310702580492944,4.686105967266485e-05,6.199160270625725e-05,0.0002713309950195253,0.0001808236847864464,0.00021975401614326984,0.00011984510638285428,8.487737068207934e-05,2.405376471870113e-05,8.921382686821744e-05,0.000871528871357441,0.0007281700964085758,0.0006140947807580233,0.0004397836164571345,0.0001326503261225298,8.614527905592695e-05,4.107208951609209e-05,5.8771482144948095e-05,7.351813837885857e-05,5.47293784620706e-05,0.0001161331674666144,0.00010337899584555998,5.89757073612418e-05,3.355950320838019e-05,5.5650973081355914e-05,3.128806929453276e-05,2.0187217160128057e-05,1.9749548300751485e-05,2.3197662812890485e-05,4.075550168636255e-05,3.084507625317201e-05,4.4028940465068445e-05,3.3034895750461146e-05,2.8075333830202e-05,1.8067217752104625e-05,1.5756166249047965e-05,1.3274117918626871e-05,2.0688206859631464e-05,2.5389224902028218e-05,2.757376387307886e-05,3.5780987673206255e-05,4.2760075302794576e-05,8.741643250687048e-05,6.023829337209463e-05,4.332352546043694e-05,4.6826531615806744e-05,4.982509562978521e-05,4.956608609063551e-05,3.871634544339031e-05,6.59152283333242e-05,0.0001546511921333149,0.00023553910432383418,0.00026669760700315237,1.2219098607602064e-05,0.0010387877700850368
25,The place of birth of J. Searle Dawley is,The place of birth of the director of The Death Dance is,J. Searle Dawley,the director of The Death Dance, Colorado,1.8699169231695123e-05,4.7977995563996956e-05,2.5967769033741206e-05,1.055940447258763e-05,2.885744379454991e-06,3.2317300338036148e-06,3.4336192129558185e-06,7.763886969769374e-06,3.0735853215446696e-05,3.977778305852553e-06,1.0643348105077166e-06,8.589085496168991e-07,1.208683556797041e-06,7.711793159614899e-07,7.892228950368008e-07,4.16475131714833e-06,4.062105745106237e-06,1.2730072285194183e-06,1.5888201687630499e-06,6.945601285224257e-07,8.274816991615808e-07,5.800726739835227e-06,1.3680863730769488e-06,1.6478898032801226e-06,6.995832677603175e-07,3.719351298059337e-07,2.522178590425028e-07,4.2891920770671277e-07,1.0308434639227926e-06,6.259296014832216e-07,3.1137923883761687e-07,2.7369335953153495e-07,3.437958469021396e-07,1.4645817714153964e-07,5.238963041165334e-08,2.046192406623959e-07,2.7056205453845905e-07,7.572784284093359e-07,1.1561411383809173e-06,1.782713525244617e-06,8.102119295472221e-07,1.7681363715382759e-06,2.712106606850284e-06,2.252064632557449e-06,1.5203976317934575e-06,1.7416766695532715e-06,1.03734430467739e-06,6.72161093007162e-07,4.77757225780806e-07,1.7300534693731606e-07,1.8880761842865468e-07,1.972320688992113e-07,1.3035661083904415e-07,9.96672184783165e-08,8.777398363690736e-08,9.481272655875728e-08,1.3671949261606642e-07,1.0549067752663177e-07,8.256853334387415e-08,1.0751916335038914e-07,7.384263511767131e-08,4.938403463938812e-08,4.594645020006283e-08,4.0739791984378826e-08,6.797414897619092e-08,5.392786306401831e-08,3.7490789139837943e-08,4.185372048937097e-08,3.481784460745985e-08,2.8146351027658056e-08,3.6153107174641264e-08,4.396604325052067e-08,5.375934364337809e-08,7.381484579127573e-08,8.212229829496209e-08,6.118098383467441e-08,4.7440341433002686e-08,1.064252757032591e-07,6.114393613643188e-08,1.0243901016337986e-07,0.00012657055049203336,0.00015720681403763592
26,The country of citizenship of Myriam Fox-Jerusalmi is,The country of citizenship of the mother of Noemie Fox is,Myriam Fox-Jerusalmi,the mother of Noemie Fox, French,2.7339838197804056e-06,3.1741524253448006e-06,1.0111126584888552e-06,1.2662245296723995e-07,9.100893407776312e-07,4.6073449766481644e-07,3.9648887195653515e-07,2.559911536081927e-07,8.310897783303517e-07,1.4087038380239392e-06,2.1699793251173105e-06,5.509944003279088e-07,1.4984068741341616e-07,4.896501692996935e-08,3.0159193897816294e-07,2.3473251076211454e-07,4.780641233992355e-07,3.985845751230954e-07,7.532144650213013e-07,1.8468323332854197e-06,2.67815471488575e-06,6.341207608784316e-06,9.976084584195632e-06,1.8860082491301e-05,4.041465581394732e-05,6.0704613133566454e-05,1.6093305021058768e-05,1.3967798622616101e-05,1.6095760656753555e-05,1.1699821698130108e-05,2.0715273421956226e-05,3.9302536606555805e-05,1.895515561045613e-05,1.975824670807924e-05,5.9376184253778774e-06,2.5415918116777902e-06,1.6173336234714952e-06,5.338971459423192e-05,2.0322369891800918e-05,4.0282404370373115e-05,1.4039938832866028e-05,2.6099145543412305e-05,3.330900290166028e-05,1.5039087884360924e-05,1.4888752957631368e-05,3.0545517802238464e-05,2.935222437372431e-05,2.406129897281062e-05,2.8646361897699535e-05,1.8241464204038493e-05,2.548377597122453e-05,2.055326331174001e-05,2.0175504687358625e-05,3.418447158765048e-05,1.8312442989554256e-05,0.00011510446347529069,0.00025639584055170417,0.0011766700772568583,0.0018848431063815951,0.002327169291675091,0.0027298491913825274,0.004425174091011286,0.00782491359859705,0.010686318390071392,0.011570503003895283,0.019156038761138916,0.007410949561744928,0.009775322861969471,0.006729434709995985,0.005816387478262186,0.008364531211555004,0.008096114732325077,0.1052698865532875,0.03808555752038956,0.03337483108043671,0.16925199329853058,0.044265009462833405,0.09447698295116425,0.017529789358377457,0.002939712954685092,0.001686269068159163,0.0075929793529212475
27,The father of Dean Parisot is,The father of the director of Red 2 is,Dean Parisot,the director of Red 2, Aldo Parisot,9.921863238560036e-06,5.661772775056306e-06,1.1282689911240595e-06,4.97143355460139e-06,1.8082827182297478e-06,1.995696266021696e-06,6.089344424253795e-07,9.985988072003238e-07,1.2046325537085067e-06,4.085641194251366e-07,3.8834386373309826e-07,9.15538009849115e-08,6.541110906255199e-07,6.329166808427544e-07,6.398844334398746e-07,1.4166988648867118e-06,3.7470724691957003e-06,1.2575646906043403e-06,7.14439977400616e-07,9.327861221208877e-07,7.204486678347166e-07,1.2657562820095336e-07,7.23182012052348e-08,2.0333717998255452e-07,2.567076990089845e-06,8.772320825300994e-07,1.110202788368042e-06,1.4236438801162876e-06,3.7296672417141963e-06,1.0373221357440343e-06,1.9298649931442924e-06,9.75663169811014e-07,4.126796284253942e-06,2.985448190884199e-06,1.640490154386498e-06,7.659083166799974e-06,7.526964964199578e-06,2.754277375061065e-06,5.329389750841074e-06,2.1776818357466254e-06,3.0881371912983013e-06,1.9652500213851454e-06,1.7812925534599344e-06,2.7316903015162097e-06,1.1524516594363376e-06,1.1952896556977066e-06,7.807419137861871e-07,5.19901789175492e-07,9.471307862440881e-07,2.025394906013389e-06,1.793891328816244e-06,3.060360086237779e-06,3.426622242841404e-06,3.1390491130878218e-06,1.1757324500649702e-06,7.175953555815795e-07,2.855259140233102e-07,4.455891939869616e-07,2.947707571365754e-07,3.6071048725716537e-07,3.082296302636678e-07,3.134347252853331e-07,9.686124258223572e-08,1.70215102457405e-07,1.3107397478506755e-07,2.481595799963543e-07,1.3201221804592933e-07,1.321558755762453e-07,1.7236752114513365e-07,1.4641145185123605e-07,2.507227350179164e-07,5.267335723146971e-07,1.0879718956857687e-06,1.5273043345587212e-06,3.61366664947127e-06,2.8046435545547865e-05,1.2565444194478914e-05,8.997109398478642e-05,3.192851727362722e-05,5.073831925983541e-05,1.3673168723471463e-05,0.001678434549830854
28,The country of citizenship of Bonnie Tyler is,"The country of citizenship of the performer of ""What You Need From Me is",Bonnie Tyler,"the performer of ""What You Need From Me", United Kingdom,1.6398186630794953e-07,2.777775307549746e-07,6.773196901121992e-07,6.32894796126493e-07,6.071726375012076e-07,2.297126684425166e-07,1.1098105545670478e-07,3.757760680400679e-07,8.808410711935721e-07,3.916015032245923e-07,1.9384380323117512e-07,1.0120312481376459e-06,3.313892648293404e-06,1.59021292347461e-05,2.8136424589320086e-05,2.503721225366462e-05,5.286257146508433e-05,3.508783265715465e-05,4.8966183385346085e-05,4.5144417526898906e-05,0.00021178327733650804,0.00024074706016108394,0.0015305724227800965,0.0011624410981312394,0.0004141793178860098,0.00030051684007048607,0.0003146299859508872,0.0004743961908388883,0.00017710136307869107,0.00016621974646113813,0.0001626454177312553,0.00033137420541606843,0.0002405630802968517,0.0011458031367510557,0.0019400327000766993,0.00626188050955534,0.02269129455089569,0.11519066244363785,0.08860476315021515,0.11627274751663208,0.24756476283073425,0.43757760524749756,0.3111603558063507,0.3890705406665802,0.5925607085227966,0.646396279335022,0.6321761012077332,0.2738465666770935,0.3745061755180359,0.3179545998573303,0.371431827545166,0.5045940279960632,0.492910772562027,0.5072789788246155,0.5881871581077576,0.3792944550514221,0.22891974449157715,0.8416558504104614,0.7565696239471436,0.05751439183950424,0.09514182060956955,0.09263215214014053,0.09578824788331985,0.18504215776920319,0.47795993089675903,0.5188108086585999,0.6914359927177429,0.7422259449958801,0.9771166443824768,0.9806253910064697,0.9871447682380676,0.9907021522521973,0.9923040270805359,0.9797740578651428,0.9744296073913574,0.9899342656135559,0.980510413646698,0.9933968782424927,0.9490891695022583,0.8770461678504944,9.984005373553373e-06,0.20330440998077393
29,The place of birth of Esther Gronenborn is,The place of birth of the director of Alaska.de is,Esther Gronenborn,the director of Alaska.de, Oldenburg,7.494850819966814e-07,1.6230859500865336e-07,6.948003488105314e-07,5.405901220001397e-07,7.279965785755849e-08,9.152443425364254e-08,9.53389047708697e-08,3.826868635314895e-07,2.8005924832541496e-06,7.680834642087575e-06,6.734145426889881e-05,6.439145181502681e-06,1.1676516805891879e-05,1.512647850177018e-05,1.1349164196872152e-05,2.7942828637606e-06,2.5031977202161215e-06,1.8973380520037608e-06,3.980168003181461e-06,1.7352669601677917e-05,4.67868558189366e-05,8.061481639742851e-05,9.279547521146014e-05,4.7263969463529065e-05,1.1076907867391128e-05,1.7394379028701223e-05,3.0210674140107585e-06,3.922221367247403e-06,4.668818746722536e-06,4.954541964252712e-06,2.608772774692625e-06,3.279295697211637e-06,6.16044235357549e-06,1.5634826695531956e-06,2.130853772541741e-06,7.441790899065381e-07,4.963426363246981e-07,4.6183029667190567e-07,5.557630515795609e-07,4.838664722228714e-07,3.9349131952803873e-07,3.1590550975124643e-07,1.5076901149768673e-07,5.6447539975579275e-08,7.413397895561502e-08,6.758107673476843e-08,7.394018552986381e-08,2.2002213384553215e-08,2.5285425309107268e-08,2.7915810107970174e-08,3.5288515221054695e-08,2.367456808372026e-08,2.5688931870604392e-08,4.515746709898849e-08,5.7526769126070576e-08,4.856787327867096e-08,8.002142237728549e-08,5.8720271312040495e-08,4.350415494513982e-08,7.000832624726172e-08,1.2646215452605247e-07,7.19103994129e-08,6.818738995661988e-08,1.225030246132519e-07,5.540504233181309e-08,1.1449948544850486e-07,1.1751453143915569e-07,1.044366655378326e-07,1.517108785265009e-07,1.5478640591481962e-07,2.9195348361099605e-07,3.0713019327777147e-07,4.475633090805786e-07,3.6151357107883086e-07,3.18881347993738e-07,2.608265390335873e-07,8.691334869581624e-07,1.9801996131718624e-06,8.529233127774205e-06,8.316975254274439e-06,0.0008022740366868675,0.0007354757399298251
30,The date of death of Sargent Shriver is,The date of death of the father of Timothy Perry Shriver is,Sargent Shriver,the father of Timothy Perry Shriver," January 18, 2011",3.7264339880493935e-06,1.0834448403329588e-05,1.3598792065749876e-06,1.8355370912104263e-06,1.3206829862610903e-05,2.4403514089499367e-06,3.391725158508052e-06,1.294480352953542e-05,9.148890853794001e-07,3.448851202847436e-06,1.981507466553012e-06,2.5020697194122477e-06,4.237756456859643e-06,2.531227664803737e-06,1.3078243910058518e-06,5.615715963358525e-07,1.4113813904259587e-06,0.00011295932199573144,0.00013637276424560696,0.00014944493887014687,0.00015741857350803912,0.0004001024935860187,0.00022259495744947344,0.00014937185915187,0.00019987249106634408,0.0001348403748124838,0.00010013361315941438,3.5788791137747467e-05,0.00013275926175992936,0.00013568811118602753,7.343412289628759e-05,6.502005271613598e-05,5.707481614081189e-05,0.015355239622294903,0.10375268757343292,0.16937141120433807,0.15179429948329926,0.01354308519512415,0.018367452546954155,0.002303977031260729,0.0009622687939554453,0.0006283877301029861,0.0003311644832137972,0.00017037020006682724,8.171772788045928e-05,0.000244447379373014,0.00013749812205787748,8.689771493664011e-05,5.769938070443459e-05,7.07628350937739e-05,2.7556889108382165e-05,1.7046588254743256e-05,2.6048255676869303e-05,2.1944561012787744e-05,0.00012413926015142351,7.954770990181714e-05,7.728071068413556e-05,8.269156387541443e-05,0.00011614556569838896,9.836231038207188e-05,6.242596282390878e-05,7.41392868803814e-05,4.9350546760251746e-05,0.00015881011495366693,0.00018790256581269205,9.91732013062574e-05,0.00023503204283770174,0.0003119036846328527,0.0003937204892281443,0.0004032927972730249,0.0002051308547379449,0.00010149016452487558,0.1269008219242096,0.2577129006385803,0.33736303448677063,0.5559588074684143,0.5517433881759644,0.41602978110313416,0.7376681566238403,0.7821722626686096,0.0031521981582045555,0.6483657360076904
31,The date of death of Prince Nikita Alexandrovich of Russia is,The date of death of the father of Prince Alexander Nikitich Romanov is,Prince Nikita Alexandrovich of Russia,the father of Prince Alexander Nikitich Romanov, 12 September 1974,1.0356384194665225e-08,4.336853542952213e-09,1.3221439498778409e-09,2.11985380360602e-08,5.236435285382868e-08,6.385473483305759e-09,5.491351373621001e-09,4.671935727174059e-09,7.502875543075049e-10,5.081551179841881e-09,9.098800046736244e-10,3.052259600622165e-08,4.180574109113877e-08,5.90988902260392e-09,1.7578280164798343e-07,6.749609582357152e-08,1.229812028213928e-06,3.298027513665147e-05,0.00023041835811454803,5.002970647183247e-05,3.548353924998082e-05,4.819513196707703e-05,1.3172754734114278e-05,2.578879320935812e-05,9.948257502401248e-05,2.9667960916412994e-05,6.765351827198174e-06,3.113356115136412e-06,1.1674377446979634e-06,9.603927537682466e-06,7.243754112096212e-07,9.513664878113559e-08,5.296032767887482e-08,1.505312141603099e-08,5.505693678742318e-08,2.172189361715482e-08,8.758036784684009e-08,1.7221466919181694e-07,1.0420931317867144e-07,2.1478382450368372e-07,9.682932500254537e-08,6.687691467277546e-08,9.073875872900317e-08,5.337074782119089e-08,2.4364121387066007e-08,4.0654700939057875e-08,4.961529498359596e-08,1.2643148750157707e-07,6.92551864744928e-08,4.358523142400372e-08,2.0161614600056055e-08,1.0216933077344947e-08,9.162231862092085e-09,1.1523110465816444e-08,2.265768195286455e-08,3.5884816895759286e-08,3.522550784396117e-08,6.062509783077985e-08,4.7175408468547175e-08,7.639048504870516e-08,5.3672508215640846e-08,1.883967115645646e-07,1.684392429979198e-07,1.508707754283023e-07,6.557484653058054e-07,1.7289588072344486e-07,1.8555851966084447e-07,1.9797674610799731e-07,4.276284641946404e-07,5.778722993454721e-07,1.4154009022604441e-06,1.5464777334273094e-06,7.953093472679029e-07,2.191650310123805e-06,1.6521352108611609e-06,6.906932412675815e-07,7.354657896030403e-07,5.03637829751824e-06,2.9294295018189587e-05,0.0002361686492804438,0.02668871358036995,0.08895751088857651
32,The place of death of Dikkha is,The place of death of the spouse of Saw Thanda is,Dikkha,the spouse of Saw Thanda, Mrauk U,2.2811868802818935e-06,9.800182851904538e-07,6.204655846886453e-07,3.887493676302256e-06,6.631988526351051e-06,4.723251186078414e-05,1.5830210031708702e-05,2.0504863641690463e-05,2.7691139621310867e-06,2.2849451397632947e-06,1.1863988902405254e-06,1.6575992276557372e-06,1.0603125701891258e-06,3.9419842323695775e-07,1.8339583220949862e-06,2.864979705918813e-06,1.1631808547463152e-06,3.031555252164253e-06,7.542462753917789e-06,4.910599727736553e-06,6.072917130950373e-06,8.333728146681096e-06,8.485033504257444e-06,4.047893526148982e-06,2.1160128653718857e-06,8.221457505896979e-07,1.1393714203222771e-06,3.317721279927355e-07,1.246273882316018e-06,2.1270650449878303e-06,8.925064207687683e-07,1.0757670452221646e-06,1.8823154732672265e-06,3.293977442808682e-06,4.509739483182784e-06,6.035258138581412e-06,2.700343202377553e-06,5.6707394833210856e-06,1.5309948139474727e-05,4.915246245218441e-05,2.2718595573678613e-05,1.287456962018041e-05,2.5805537006817758e-05,2.8002157705486752e-05,9.247405614587478e-06,1.0896052117459476e-05,2.521311580494512e-05,1.9564517060643993e-05,2.405169107078109e-05,3.505311542539857e-05,1.8604388969833963e-05,1.2046923984598834e-05,1.6007958038244396e-05,1.104839157051174e-05,1.3558238606492523e-05,1.3033111827098764e-05,1.0259642294840887e-05,1.5648411135771312e-05,1.4281790754466783e-05,9.37323784455657e-06,6.742489858879708e-06,8.793084816716146e-06,6.314153779385379e-06,6.714541086694226e-06,3.9560004552186e-06,5.154969130671816e-06,3.885504611389479e-06,2.1272958292684052e-06,2.1324360659491504e-06,4.940989583701594e-06,4.701338639279129e-06,5.5953519222384784e-06,1.4374949387274683e-05,6.092110197641887e-06,3.39319126396731e-06,2.5406720851606224e-06,1.566158175592136e-06,1.49623190282e-06,2.0486586436163634e-06,5.268461222840415e-07,0.0035845714155584574,0.0012816776288673282
33,The place of birth of Glenn Danzig is,The place of birth of the composer of Bullet is,Glenn Danzig,the composer of Bullet," Lodi, New Jersey",8.508363293913135e-07,5.094918975601104e-08,1.1877560979201007e-07,2.128194154238372e-08,8.522138017497127e-08,5.352328003027651e-07,9.241538236892666e-07,1.0558161420703982e-06,5.143700718690525e-07,1.459476720810926e-06,1.8221750224256539e-06,8.628899763607478e-07,2.4008331820368767e-06,5.621268428512849e-06,4.514507509156829e-06,2.5182257559208665e-06,4.773115051648347e-06,3.7363261071732268e-06,2.0008599221910117e-06,9.827185749600176e-07,3.7754055028926814e-06,4.602035005518701e-06,1.7711230384520604e-06,5.82794143610954e-07,6.152323521746439e-07,2.559556264714047e-07,1.0469992872685907e-07,1.687999855448652e-07,9.616552887337093e-08,2.872364461836696e-07,9.134516432141027e-08,1.0011436302193033e-07,6.433217691892423e-08,1.709694856799615e-07,4.955876420353889e-07,8.374882440875808e-07,5.261162186798174e-06,3.6582534903573105e-06,7.284475032065529e-06,4.8001556933741085e-06,4.246490334480768e-06,2.1407215626823017e-06,8.248919129982824e-07,1.0882361038966337e-06,1.035756895362283e-06,1.7503339222457726e-06,7.813834486114501e-07,1.059646820067428e-06,8.515253284713253e-07,5.043839905738423e-07,1.6350718112789764e-07,1.6072239361619722e-07,8.73365308962093e-08,1.0345451073590084e-07,8.114438543316282e-08,9.054136995700901e-08,8.988486399630347e-08,4.3140033767485875e-08,2.561829681724248e-08,2.4341803239735782e-08,5.68966633807122e-08,7.207338370562866e-08,3.606178111681402e-08,8.295854314610551e-08,3.2494739343746915e-07,1.4022364780430507e-07,1.6599048535681504e-07,5.841888537361228e-07,6.5807398641482e-07,1.4185649206410744e-06,1.346718136119307e-06,6.383827712852508e-05,0.0003988524549640715,0.00017054415366146713,0.0004992614849470556,0.2824738621711731,0.318295955657959,0.8103228211402893,0.036125294864177704,0.030109230428934097,0.0021290851291269064,0.7237951755523682
34,The place of death of W. Duncan Mansfield is,The place of death of the director of Girl Loves Boy is,W. Duncan Mansfield,the director of Girl Loves Boy, Hollywood,4.577315735332377e-07,2.354322532482911e-06,2.2275203264143784e-06,3.3244195947190747e-06,2.986463869092404e-06,4.463428012968507e-06,2.183383003284689e-06,9.837584912020247e-06,9.914795555232558e-06,5.903565579501446e-06,4.953789903083816e-05,4.3158539483556524e-05,1.7939059034688398e-05,2.2780728613724932e-05,2.4246686734841205e-05,2.0236395357642323e-05,2.3881926608737558e-05,7.260241090989439e-06,6.198616119945655e-06,2.2315058231470175e-05,1.358493773295777e-05,2.1634762106259586e-06,1.3255090607344755e-06,6.495127763628261e-06,2.0955418222001754e-05,1.3705766832572408e-05,1.107698608393548e-05,6.141465746622998e-06,4.88432260681293e-06,1.7856134491012199e-06,3.1392494292958872e-06,9.229880561179016e-06,1.1795626960520167e-05,1.4514268514176365e-05,5.0610578909981996e-05,2.838029649865348e-05,2.1960411686450243e-05,2.6021818484878168e-05,2.174274777644314e-05,3.565575389075093e-05,7.776102575007826e-05,0.00020429193682502955,0.00012930772209074348,4.0079594327835366e-05,2.5627183276810683e-05,4.368161899037659e-05,1.9529592464095913e-05,2.217057226516772e-05,1.5991414329619147e-05,4.790798357134918e-06,3.498864089124254e-06,3.3805961265898077e-06,4.321639607951511e-06,3.297043576822034e-06,2.5139577246591216e-06,1.131662429543212e-06,1.2271782452444313e-06,1.9137416984449374e-06,1.6910124713831465e-06,1.6424362456746167e-06,1.329051997345232e-06,1.6827062836455298e-06,1.2893992789031472e-06,8.485523039780674e-07,1.1325129207762075e-06,7.433426958414202e-07,1.1583221066757687e-06,1.1494962564029265e-06,7.81344283495855e-07,1.2976418020116398e-06,1.6651354144414654e-06,1.4472241218754789e-06,1.7084062164940406e-06,2.3591094304720173e-06,1.4098619658398093e-06,1.5364556702479604e-06,4.450113522125321e-07,3.083545436766144e-07,1.0542773054567078e-07,1.1796151966336765e-07,0.0005825546104460955,1.1103588803962339e-05
35,The place of birth of S. S. Wilson is,The place of birth of the director of Tremors 4: The Legend Begins is,S. S. Wilson,the director of Tremors 4: The Legend Begins, American,1.9851627257594373e-06,1.7118941286753397e-07,1.0093754099216312e-06,6.817463145125657e-07,4.759806699894398e-07,1.955064362846315e-06,3.418226242501987e-06,5.123429673403734e-06,3.914486114808824e-06,6.529417078127153e-07,1.4196327811077936e-06,3.578497171474737e-06,4.1088578655035235e-06,1.6729370599932736e-06,2.633944177432568e-06,9.71893882706354e-07,9.98627683657105e-07,1.55449731664703e-06,1.2833357914132648e-06,2.1975408515118033e-07,2.822361580001598e-07,5.007432264392264e-06,4.21240940795542e-07,3.9510069882453536e-07,4.3411060346443264e-07,6.798509843974898e-07,5.229794055594539e-07,8.040961461119878e-07,1.2566746363518178e-06,6.078510523366276e-06,1.264925458599464e-06,4.213017291476717e-06,9.737775144458283e-06,8.370204341190401e-06,4.532902039500186e-06,9.75776492850855e-06,1.3593098628916778e-05,7.476179234799929e-06,1.1969370916631306e-06,4.907154220745724e-07,4.3119177917105844e-07,4.240380917508446e-07,1.0159259744568772e-07,1.3255227315767115e-07,2.980906117500126e-07,2.1618767220843438e-07,2.0274735845760006e-07,1.952835759766458e-07,1.005980010404528e-07,4.1509519377314064e-08,5.3421436163603175e-09,6.421859932714824e-09,5.1421373825633054e-09,1.9713040089186507e-09,1.1574144975767808e-09,3.802366199678886e-10,3.562499462095303e-10,3.302238760216625e-10,3.820562477496736e-10,2.591686032449303e-10,2.669014453893226e-10,1.818200173753226e-10,7.846022442858924e-11,1.4564688344265164e-10,2.738900495291574e-10,1.942258159859378e-10,3.263095904593172e-10,6.946642150396087e-10,6.75843214725802e-10,5.831795046873367e-10,5.94463145375812e-10,2.1401196370618436e-09,4.325896529877582e-09,2.96468960492291e-09,3.1143547740697386e-09,6.735029867144249e-09,9.17305698067139e-09,1.7489835357764605e-08,1.393147819328533e-08,1.664360667064102e-07,0.0007480743806809187,0.0003031211963389069
36,The place of birth of Jonathan Binney is,The place of birth of the father of Hibbert Newton Binney is,Jonathan Binney,the father of Hibbert Newton Binney, Hull,3.3418587008782197e-06,8.231082233578491e-07,5.535894160857424e-05,0.0002973561640828848,0.0005689241224899888,0.0004082222585566342,0.00011078186071245,2.8489719625213183e-05,7.549509973614477e-06,1.245933276550204e-06,6.655374136244063e-07,8.273671596725762e-07,1.0350711363571463e-06,7.093216822795512e-07,4.896416612609755e-06,8.307976713695098e-06,2.1442247088998556e-06,1.6338049135811161e-06,3.086002470809035e-05,4.818375236936845e-05,4.698367047240026e-05,0.0011717056622728705,0.00047189000179059803,0.0007449268014170229,0.00033160546445287764,8.499503746861592e-05,2.6952982807415538e-05,2.475576548022218e-05,2.5275365260313265e-05,2.8677790396614e-05,3.5617780667962506e-05,7.385168282780796e-05,0.00010299553105141968,6.334110366879031e-05,2.7733207389246672e-05,0.00013350714289117604,9.479336586082354e-05,0.00017945055151358247,9.982630581362173e-05,0.00011180838191648945,0.00018676096806302667,8.78285791259259e-05,2.981257057399489e-05,2.8916687369928695e-05,9.692137246020138e-05,8.871845057001337e-05,0.0001488875859649852,0.0001542652607895434,0.0001914474560180679,0.00016925809904932976,0.00011721181363100186,0.0001008825347525999,6.377136014634743e-05,8.98781800060533e-05,7.248662586789578e-05,4.3682917748810723e-05,0.00014395856123883277,0.00014317204477265477,0.00010049199045170099,8.753936708671972e-05,0.0001228473411174491,0.0001643160212552175,0.00010829725215444341,0.00018214213196188211,0.00015600780898239464,5.1589722716016695e-05,7.504302629968151e-05,8.698973397258669e-05,8.445984713034704e-05,9.160399349639192e-05,0.00010893975559156388,9.645821410231292e-05,0.00012740690726786852,0.0002259471220895648,0.00010294815001543611,8.134456584230065e-05,8.180174336303025e-05,9.325300925411284e-05,5.985788084217347e-05,7.576529606012627e-05,9.54381248448044e-05,0.0002656818542163819
37,The country of citizenship of Eleanor of Austria is,"The country of citizenship of the mother of Maria of Portugal, Duchess of Viseu is",Eleanor of Austria,"the mother of Maria of Portugal, Duchess of Viseu", Spanish,7.552982310699008e-07,1.1062489875257597e-06,5.06820924783824e-06,4.422763595357537e-06,2.4636460693727713e-06,8.85727786226198e-06,3.920878498320235e-06,1.5140453797357623e-06,9.882768381430651e-07,1.4967699826229364e-06,1.2479117685870733e-06,3.574142226625554e-07,6.33636830116302e-07,7.088194706739159e-07,2.403284952379181e-06,4.678729965235107e-06,5.1203646762587596e-06,2.0039094579260563e-06,8.878940320755646e-07,9.06283474932934e-08,5.3852527770459346e-08,1.7762745585514494e-07,1.7481994518675492e-07,1.4765127787086385e-07,1.6628270316232374e-07,5.174221655579458e-07,3.4190682640655723e-07,3.5487909144649166e-07,3.6248266610527935e-07,1.9233587522649032e-07,3.610278724863747e-07,1.7412024817531346e-06,2.03688887268072e-06,1.129352199313871e-06,1.9623312255134806e-06,1.8341909253649646e-06,1.8385095472694957e-06,1.5095123671926558e-05,1.2936624443682376e-05,1.589620478625875e-05,8.797462214715779e-06,2.4115284759318456e-05,1.9649196474347264e-06,5.694636797670682e-07,1.3573877595263184e-06,1.1376757811376592e-06,1.229585336659511e-06,4.405951131047914e-06,6.157763891678769e-06,3.954576186515624e-06,3.204559106961824e-06,7.5517814366321545e-06,7.005374300206313e-06,1.4989569535828196e-05,4.2821998249564786e-06,3.900994215655373e-06,8.293271775983158e-07,1.05021649687842e-06,1.1141797813252197e-06,1.096927576327289e-06,1.9239887478761375e-06,6.4914934227999765e-06,9.500227861281019e-06,1.5608954129220365e-08,1.6640195781292277e-06,7.68342761148233e-06,7.900960554252379e-06,1.4508168533211574e-05,1.9355655240360647e-05,5.214470002101734e-05,5.723136382584926e-06,7.801982974342536e-06,2.8949414627277292e-05,6.277652573771775e-05,3.378940527909435e-05,2.874498750315979e-05,4.536980122793466e-05,8.592238737037405e-05,6.407818000297993e-05,0.00023944510030560195,0.00011789619020419195,0.001638298504985869
38,The spouse of Michal Bat-Adam is,The spouse of the director of The Deserter's Wife is,Michal Bat-Adam,the director of The Deserter's Wife, Moshé Mizrahi,5.540195502362621e-07,5.925577966081619e-07,1.2459125855457387e-06,3.0000455808476545e-06,3.916290552297141e-06,1.660946395531937e-06,8.130144237838977e-07,2.5965368877223227e-07,1.8880336938309483e-07,3.70034996421964e-07,1.0481646768312203e-06,2.8860315069323406e-05,2.2237032681005076e-05,1.0613116501190234e-05,1.0128268513653893e-05,8.848549441609066e-06,6.353508797474205e-05,1.790458190953359e-05,4.53637694590725e-05,1.3128304090059828e-05,2.7352763254384627e-07,8.905310266982269e-08,2.917218182574288e-07,4.963232527188666e-07,3.1641255304748483e-07,4.4974655111218453e-07,1.1561883184185717e-07,1.2465569909636542e-07,1.3545697186145844e-07,7.519445688330961e-08,2.5520298763126448e-08,1.1282419620783912e-07,2.3792223657892464e-07,7.888047548476607e-07,6.598379513889086e-07,4.112089300178923e-06,3.555799412424676e-05,0.00028309557819738984,3.668200588435866e-05,2.020490228460403e-06,6.315284281299682e-06,2.0193388991174288e-05,4.78527981613297e-05,2.7324082111590542e-05,1.6047801182139665e-05,1.1739140973077156e-05,6.517113433801569e-06,6.139528068160871e-06,1.847166686275159e-06,3.1083054636837915e-06,1.817757947719656e-06,4.888525836577173e-06,3.625555791586521e-06,2.9532588996517006e-06,2.295408648933517e-06,1.246851752512157e-06,5.611507276626071e-07,4.629599459349265e-07,5.124483664076251e-07,7.324301236621977e-07,1.4091579032537993e-06,2.837758756868425e-07,1.3317496438958187e-07,1.0966831354153328e-07,8.248832017443419e-08,1.4641211976140767e-07,1.7255402440241596e-07,7.696675652368867e-08,5.603141417509505e-08,4.210300019735769e-08,2.093359974253417e-08,2.460532222414713e-08,1.214777256564048e-08,3.435318163269585e-08,5.597131647050446e-08,4.2980623504718096e-08,3.8814814473653314e-08,2.2134314292543422e-07,5.27782830772594e-08,2.0572068137880706e-07,0.0006657057674601674,0.001674881437793374
39,The country of citizenship of Callicrates is,The country of citizenship of the father of Phintys is,Callicrates,the father of Phintys, Athens,5.345085810404271e-06,2.781865987344645e-06,1.0125628477908322e-06,4.3443714048407855e-07,1.5229134930905275e-07,6.443770530495385e-07,1.000163251774211e-06,2.3530551516159903e-06,2.540391733418801e-06,1.6598982256255113e-05,5.076493380329339e-06,1.6699565094313584e-05,1.9088289263891056e-05,1.0302703230991028e-05,8.70354961080011e-06,1.5248777344822884e-05,6.661483894276898e-06,1.904965756693855e-05,1.3933359696238767e-05,7.895885573816486e-06,6.269974619499408e-07,1.7353419252685853e-06,4.4054518184566405e-06,1.6950930330494884e-06,1.2124188515372225e-06,1.325588073086692e-06,7.189002531049482e-07,7.994484718665262e-08,1.4386371560703992e-07,1.131800502207625e-07,1.1613400374699268e-06,1.4640362451245892e-06,2.0571080483478e-07,2.605213182960142e-07,2.492571127277188e-07,3.9653301087128057e-07,2.5474233211753017e-07,5.086913733975962e-05,2.283081630594097e-05,1.7151831343653612e-05,2.184383265557699e-05,2.875900645449292e-05,0.0004377611039672047,0.0002927322348114103,0.00020471836614888161,0.00020508689340204,0.00022529599664267153,0.00024436292005702853,0.0002099979465128854,0.0001463350054109469,0.00017086944717448205,0.0003421728906687349,0.0005867597064934671,0.000860312080476433,0.0007220740662887692,0.0016336969565600157,0.0012919347500428557,0.0008988358313217759,0.0010670707561075687,0.0011862993706017733,0.0005216429708525538,0.0005430124001577497,0.0008107995381578803,0.001029335893690586,0.0006444049649871886,0.000456042995210737,0.0006988021777942777,0.00043819626444019377,0.00030589429661631584,0.0001505722029833123,0.00021594690042547882,0.00014762274804525077,0.00016218792006839067,0.00014450230810325593,5.964281808701344e-05,5.2344465075293556e-05,4.525048643699847e-05,3.378134351805784e-05,3.991780977230519e-05,2.1266268959152512e-05,0.009094743989408016,0.010355380363762379
40,The date of death of Princess of Monaco is,The date of death of the mother of Albert II is,Princess of Monaco,the mother of Albert II," September 14, 1982",4.873916736869432e-07,4.442828412720701e-06,4.1986691030615475e-06,3.4738709473458584e-06,1.6635765405226266e-06,9.102143394557061e-07,1.9442624932253239e-07,8.601625012261138e-08,1.1548048917120468e-07,3.1199385830404935e-07,6.469997515523573e-08,2.686853690647695e-07,7.242398680773476e-08,6.243656258675401e-08,9.185580296389162e-08,1.2057869014370226e-07,1.5660171470699424e-07,1.105865408135287e-06,5.672667384715169e-07,8.624573979432171e-07,6.977255679885275e-07,9.162894798464549e-07,1.457447069697082e-06,1.18975879104255e-06,7.484927095902094e-07,4.17534965890809e-06,7.647884558537044e-06,3.943685896956595e-06,1.6736329371269676e-06,1.283375695493305e-06,1.5131630561882048e-06,5.32720491719374e-07,1.3107162430969765e-06,6.046972202966572e-07,8.420500989814172e-07,5.285718884806556e-07,7.801425567777187e-07,4.501382022681355e-07,1.9838228126900503e-06,2.4371086055907654e-06,2.023272145379451e-06,2.0896013666060753e-06,3.871829449053621e-06,4.209123744658427e-06,3.3489677662146278e-06,6.326149105007062e-06,4.388578872749349e-06,6.674008545815013e-06,8.549732228857465e-06,9.933170986187179e-06,6.777126145607326e-06,7.2641032602405176e-06,9.553038580634166e-06,1.9421246179263107e-05,1.470854567742208e-05,7.558346624136902e-06,6.637976639467524e-06,1.4125684174359776e-05,1.1483713933557738e-05,1.593191882420797e-05,2.93783814413473e-05,4.5156764826970175e-05,5.325537495082244e-05,0.00011786108370870352,0.00014023759285919368,0.00014335162995848805,0.0001920289359986782,0.00018835728405974805,0.0001221664424519986,9.777973173186183e-05,0.00012331084872130305,8.115467062452808e-05,0.00012905207404401153,0.00014283893688116223,0.00016084240633063018,0.00010971045412588865,0.00010767793719423935,0.00011282095510978252,0.00017783312068786472,0.00012292954488657415,0.001742519554682076,0.01178724505007267
41,The place of birth of Marcela Agoncillo is,The place of birth of the mother of Lorenza Marino Agoncillo is,Marcela Agoncillo,the mother of Lorenza Marino Agoncillo," Taal, Batangas",1.357680230285041e-05,6.960777227504877e-06,2.1000420019845478e-05,1.7722959455568343e-06,1.0943856977974065e-05,2.1621684936690144e-05,2.9115302822901867e-05,2.9496684874175116e-05,3.634960012277588e-05,6.093847787269624e-06,6.1489549807447474e-06,2.2005788480328192e-07,4.6013295218472194e-07,5.3723147175333e-06,1.0534884495427832e-05,5.160801720194286e-06,2.0926008801325224e-06,3.4179598173977865e-07,3.5012936905332026e-07,8.138728844642173e-06,2.562805320849293e-06,2.2823517156211892e-06,6.137414061413438e-07,1.7197385204781312e-07,1.412957999491482e-07,4.5807460935520794e-08,2.9430406556230082e-08,2.3591940845335557e-08,1.6403044256207977e-08,1.7904257632039844e-08,7.605584606551474e-09,4.360969896310962e-08,5.433980021507523e-08,8.026679410022552e-08,8.320618860579998e-08,8.239362614403944e-07,1.4698437098559225e-06,5.522691708392813e-07,2.355061724301777e-06,9.79566493697348e-07,1.7446714082325343e-06,2.1963337530905847e-06,1.6480765907544992e-06,2.886721631512046e-06,1.3638270957017085e-06,2.3637048798264004e-06,1.7435841073165648e-06,1.5442482208527508e-06,1.2961036190972663e-06,7.182753734014113e-07,5.762186106039735e-07,4.903357648800011e-07,7.63371417633607e-07,4.813022655980603e-07,2.131385627990312e-07,2.629614357374521e-07,2.613381298033346e-07,5.554344397751265e-07,9.284366910833342e-07,1.7724138388075517e-06,1.6362325823138235e-06,1.5409160596391303e-06,7.737179430478136e-07,1.404526983606047e-06,1.8016312424151693e-06,2.564923534009722e-06,1.77207959950465e-06,2.28872863772267e-06,1.4315226508188061e-05,1.4169688256515656e-05,3.2352392736356705e-05,4.971125235897489e-05,0.00021919814753346145,0.0005248108063824475,0.005654156673699617,0.031087370589375496,0.03452535346150398,0.2622174918651581,0.024723414331674576,0.006416171323508024,0.000925548723898828,0.4838232100009918
42,The country of citizenship of Ilich Ramírez Sánchez is,The country of citizenship of the spouse of Isabelle Coutant-Peyre is,Ilich Ramírez Sánchez,the spouse of Isabelle Coutant-Peyre, Venezuelan,1.087406189981266e-06,1.1006239901689696e-06,2.9842531148460694e-06,4.5702222450927366e-07,7.632383471900539e-07,3.274371067618631e-07,2.1997425392328296e-07,6.264002081479703e-07,7.527067964474554e-07,6.737818694091402e-07,2.1109313763645332e-07,1.769394941675273e-07,1.6617602227597672e-07,2.2594099391426425e-07,2.2492477569358016e-07,9.53499323941287e-08,8.78242687463171e-08,1.310538237930814e-07,6.875126246086438e-08,2.3790157399616874e-07,6.732407200615853e-07,1.6758357332946616e-06,7.1540580393048e-07,4.99032296374935e-07,2.2358109674769366e-07,2.5697679006952967e-07,2.2226667795166577e-07,3.337810596804047e-07,6.360659199344809e-07,2.1511793590889283e-07,3.7252664242259925e-07,3.183155854458164e-07,4.1779861703616916e-07,3.48958025142565e-07,5.181448727853422e-07,2.4811797629809007e-06,2.8788902000087546e-06,0.0003142577479593456,0.00014054328494239599,0.0003349170438013971,0.0004689779016189277,0.0003120840701740235,0.0020014960318803787,0.005828867666423321,0.0055613406002521515,0.0026226628106087446,0.004081314895302057,0.003269763197749853,0.0017887073336169124,0.0009624166996218264,0.002579279476776719,0.0027367917355149984,0.001957906875759363,0.0026799943298101425,0.0017082617850974202,0.003462056163698435,0.0038297364953905344,0.0018650087295100093,0.002039078390225768,0.0016707944450899959,0.0021686891559511423,0.0017098237294703722,0.0015207146061584353,0.0011740807676687837,0.0011083838762715459,0.001795675721950829,0.0011045958381146193,0.0013001570478081703,0.0017871620366349816,0.0012335354695096612,0.00026558968238532543,0.0001492472511017695,0.00025511355488561094,0.00023799639893695712,0.000883676519151777,0.004063493572175503,0.0022600668016821146,0.0023593625519424677,0.001007924322038889,0.0015194788575172424,0.00018003529112320393,0.02095785364508629
43,The place of death of Elizabeth of York is,The place of death of the mother of Elizabeth Tudor is,Elizabeth of York,the mother of Elizabeth Tudor, Tower,2.8438478238967946e-07,7.391525400635146e-07,5.35498111275956e-06,2.150116597476881e-05,4.976714990334585e-05,0.00020681176101788878,0.00012128662638133392,4.86794306198135e-05,7.876921699789818e-06,5.7051856856560335e-06,2.9748885026492644e-06,3.4974593745573657e-06,7.028485811133578e-07,5.2298423725005705e-06,8.33359172247583e-06,3.389316134416731e-06,3.6487745092017576e-06,1.685471715973108e-06,5.130785211804323e-05,0.0005395051557570696,0.00018037464178632945,5.4883817938389257e-05,1.1332496796967462e-05,2.2418391381506808e-05,1.943349707289599e-05,1.642711322347168e-05,1.7060236814359087e-06,5.855996732861968e-06,6.379610113071976e-06,6.7011601458943915e-06,6.46965736450511e-06,3.591026370486361e-06,1.7489300034867483e-06,3.098958586633671e-06,1.7883120335682179e-06,1.0780349839478731e-06,1.6602198229520582e-06,2.1087894310767297e-06,5.0947628551512025e-06,7.366024874499999e-06,2.154512912966311e-05,3.779477265197784e-05,4.5303582737687975e-05,5.0263966841157526e-05,8.671465184306726e-05,0.00011929705942748114,9.409207268618047e-05,0.00010078836203319952,4.8516511014895514e-05,3.8410729757742956e-05,1.3217279956734274e-05,1.6396723367506638e-05,2.4372922780457884e-05,4.0884689951781183e-05,8.608842472312972e-05,0.00021320012456271797,0.0005557299009524286,0.00037219966179691255,0.00047792374971322715,0.000499746180139482,0.0002191175299230963,0.00030282227089628577,0.00045271546696312726,0.00027085025794804096,0.0001800448226276785,0.00017993255460169166,0.0001360829483019188,0.00017091822519432753,0.0001458258047932759,0.0002510175690986216,0.0003218926431145519,0.0002288597315782681,0.00021283589012455195,0.00015225939569063485,0.00010748259228421375,0.0002575179096311331,0.00027409408357925713,0.0010076179169118404,0.0009277196368202567,0.006223604083061218,4.613781129592098e-05,0.00035098879016004503
44,The place of birth of Lydia Maria Child is,The place of birth of the spouse of David Lee Child is,Lydia Maria Child,the spouse of David Lee Child," Medford, Massachusetts",1.9687306121340953e-05,1.0658804967533797e-05,8.588575838075485e-06,2.2586886188946664e-05,1.0415214092063252e-05,2.361809129070025e-05,3.7782886010973016e-06,4.183016812930873e-07,2.4667292564117815e-06,1.393717525388638e-06,4.587659077515127e-06,5.101477199787041e-06,7.954490683914628e-06,1.6414967831224203e-05,4.7143093979684636e-05,5.922375294176163e-06,5.722005880670622e-06,5.486944701260654e-06,7.037099749140907e-06,5.675256943504792e-06,9.027027772390284e-06,1.978440377570223e-05,0.0002046411536866799,0.00010381190804764628,4.74286571261473e-05,6.266832497203723e-05,2.5997183911385946e-05,8.247411460615695e-05,4.219450056552887e-05,6.262505485210568e-05,3.88993757951539e-05,1.0037553693109658e-05,1.8124226699001156e-05,0.00010289334022672847,9.343693091068417e-05,6.301610119407997e-05,8.325836824951693e-05,3.154187652398832e-05,3.8351237890310585e-05,2.4470000425935723e-05,7.206934242276475e-05,2.077770659525413e-05,1.0580879461485893e-05,3.7612312553392258e-06,4.554260613076622e-06,6.181104708957719e-06,3.154732894472545e-06,3.330410891067004e-06,3.0910387067706324e-06,3.308286295578e-06,2.628187075970345e-06,3.7691295347030973e-06,5.304135356709594e-06,4.363706921139965e-06,2.5944236767827533e-06,9.872827604340273e-07,1.13079829588969e-06,1.6341645050488296e-06,1.0097469385073055e-06,8.443924457424146e-07,1.1617366908467375e-06,2.0526247226371197e-06,1.6111490594994393e-06,2.263859869344742e-06,0.00020916109497193247,0.00013142851821612567,8.497100498061627e-05,9.067053906619549e-05,9.134454739978537e-05,6.982985360082239e-05,0.00018939217261504382,0.000621192913968116,0.0005151883815415204,0.0013314412208274007,0.0011221382301300764,0.02144686132669449,0.004026337992399931,0.19269520044326782,0.13434171676635742,0.12134325504302979,0.0005709961988031864,0.6995660066604614
45,The date of birth of Mechthild of Bavaria is,"The date of birth of the mother of Philip II, Margrave of Baden-Baden is",Mechthild of Bavaria,"the mother of Philip II, Margrave of Baden-Baden", 12 July 1532,1.2017520703011542e-06,2.009152808568615e-07,2.7941371172346408e-06,2.644802179929684e-06,1.3097434930386953e-05,8.20641616883222e-07,1.7432880667911377e-06,4.5838984874535527e-07,2.088395767430029e-08,1.6052452700421327e-09,7.951616254331384e-09,1.3650907249029842e-07,3.034578526239784e-07,1.2417409323006723e-07,3.3730007089616265e-06,2.8556357847264735e-06,6.508068327093497e-05,0.0038889669813215733,0.009579824283719063,0.004145240876823664,0.008578156121075153,0.00892347190529108,0.0050925035029649734,0.006124600768089294,0.009508254937827587,0.004175052046775818,0.00043529021786525846,0.0030494765378534794,0.0006897422135807574,0.0020054096821695566,0.00046960488543845713,0.0020176121033728123,0.0009642990189604461,0.0003047279897145927,0.0013049014378339052,0.006959922611713409,0.015476284548640251,0.0024119988083839417,0.00019948079716414213,0.0003495955024845898,0.0001972644531633705,0.00016885779041331261,0.00012267357669770718,3.434739483054727e-05,2.478598617017269e-05,1.2673146557062864e-05,4.1849907574942335e-06,3.4174322536273394e-06,6.187899998622015e-06,5.922572654526448e-06,3.1299582587962504e-06,3.891330834449036e-06,5.569700078922324e-06,5.574459009949351e-06,4.57073201687308e-06,4.356747467681998e-06,4.463315235625487e-06,2.5423589704587357e-06,1.7679901702649659e-06,1.1282240848231595e-06,1.009453512779146e-06,1.2416659274094854e-06,1.840011464082636e-06,1.1145574490001309e-06,1.6592399560977356e-06,1.5186292330326978e-06,8.53950439250184e-07,9.923144261847483e-07,8.98102996416128e-07,5.562738465414441e-07,6.994308705543517e-07,3.9194264900288545e-07,9.166905812207915e-08,1.1840644731364591e-07,3.978474438781632e-08,2.0948835555145706e-08,1.6204255715024374e-08,6.557151266406436e-09,3.3986378156214414e-09,1.3019818823067908e-07,0.024880314245820045,0.0020635207183659077
46,The place of birth of Charles VII is,The place of birth of the father of Marie Marguerite de Valois is,Charles VII,the father of Marie Marguerite de Valois, Paris,6.764128670511127e-07,2.2619214234964602e-07,9.900232953441446e-07,2.551270881667733e-06,2.119810233125463e-06,9.172709383165056e-07,2.770116509509535e-07,9.754118082128116e-07,3.1716781450086273e-06,1.0317742180632195e-06,3.2656780604156666e-06,1.3565893368649995e-06,1.1279172440481489e-06,3.112726290055434e-07,7.659485277144995e-07,1.3631507727041026e-06,2.4603593828942394e-06,5.678132311004447e-06,6.069565756661177e-07,2.1395185285655316e-06,7.178765599746839e-07,3.788615231314907e-06,1.7567941767993034e-06,1.280245896850829e-06,1.572902647239971e-06,3.8520704492839286e-07,6.012010658196232e-07,7.260770189532195e-07,4.979609116162464e-07,1.8613125121191842e-06,1.0537846719671506e-06,6.909685907885432e-07,1.5154327002164791e-06,8.801454782769724e-07,1.371361918245384e-06,2.3991110538190696e-06,1.7167487840197282e-06,1.4495068171527237e-05,1.313845223194221e-05,1.186622648674529e-05,4.3661624658852816e-05,1.554372465761844e-05,7.225823537737597e-06,4.2229412429151125e-06,4.0342029024031945e-06,9.759152817423455e-06,1.454093126085354e-05,1.1973643267992884e-05,7.11354687155108e-06,2.8898716664116364e-06,2.6562020138953812e-06,5.603607860393822e-06,6.305121132754721e-06,6.146573468868155e-06,4.905882178718457e-06,8.781941573943186e-07,1.1783705531343003e-06,8.862372737894475e-07,1.0934111287497217e-06,1.4430040664592525e-06,9.991892966354499e-07,1.6416784092143644e-06,1.003275542643678e-06,1.0552211051617633e-06,1.7099536080422695e-06,1.2822313692595344e-05,1.181485549750505e-05,2.7398053134675138e-05,2.6475696358829737e-05,2.799034700728953e-05,2.7910240532946773e-05,1.4087034287513234e-05,1.4881251445331145e-05,1.721129592624493e-05,4.035212623421103e-05,0.0001810466346796602,0.00041399270412512124,0.0008832135936245322,0.0015586239751428366,0.0006423782906495035,0.004300910513848066,0.06978119164705276
47,The place of death of Gustavo Alatriste is,The place of death of the director of Las tecnologías pesqueras is,Gustavo Alatriste,the director of Las tecnologías pesqueras," Houston, Texas",3.073966468036815e-07,3.3480583283562737e-07,9.363475328427739e-07,5.851462105965766e-07,5.216882982495008e-06,5.9728727137553506e-06,7.532212748628808e-06,2.0792422219528817e-06,7.607102361362195e-06,5.285247425490525e-06,4.329435796535108e-06,7.517293397540925e-06,3.0362041798071004e-05,4.923257802147418e-05,4.534031540970318e-05,8.087856258498505e-06,2.831339770636987e-05,1.1777026884374209e-05,4.86008411826333e-06,5.955169854132691e-06,2.8051856133970432e-05,0.00020499574020504951,0.00011750435805879533,0.00014949282922316343,2.4292932721436955e-05,4.0489103412255645e-05,1.655890082474798e-05,2.1120053133927286e-05,1.6491399946971796e-05,1.3079013115202542e-05,5.811976734548807e-06,4.669787358579924e-06,1.1792793657150469e-06,2.0001873508590506e-06,4.070586328452919e-06,6.073103577364236e-06,1.0235806257696822e-05,1.1731191079888958e-05,1.6733756638132036e-05,1.0850842045329046e-05,1.0220525837212335e-05,1.7484306226833723e-05,1.421873275830876e-05,1.3721755749429576e-05,4.650480150303338e-06,3.4823717669496546e-06,2.5106710381805897e-06,9.225322514794243e-07,4.3816513084493636e-07,9.494055461800599e-07,6.393306648533326e-07,5.382930226005556e-07,5.312445523486531e-07,4.976882337359712e-07,5.694338938155852e-07,8.393357120439759e-07,7.081708304212952e-07,7.712415026617236e-07,6.963682608329691e-07,6.244098358365591e-07,7.348951385210967e-07,8.017314598873782e-07,1.1839343869723962e-06,7.753151862743834e-07,6.389262807715568e-07,6.300608106357686e-07,4.828171427107009e-07,4.516940919074841e-07,3.8085542541921313e-07,3.9939695284374466e-07,3.699959165714972e-07,4.466509153644438e-07,5.702688667952316e-07,6.6636903284234e-07,1.9112367226625793e-06,9.023494840221247e-07,7.604034522046277e-07,1.4001399222252076e-06,2.5492088298051385e-06,1.8897570726039703e-06,2.330260758753866e-05,1.695428363746032e-05
48,The spouse of Selena is,The spouse of the performer of Cien Años is,Selena,the performer of Cien Años, Chris Pérez,1.8474145690561272e-05,2.0930667687935056e-06,8.748323807594716e-07,6.509046670544194e-07,6.061972044335562e-07,2.4705889245524304e-07,1.8034710365100182e-06,2.781061141376995e-07,2.605832776225725e-07,5.819886723656964e-07,2.337244637828917e-07,2.93776361104392e-06,1.9528495158738224e-06,1.1774958466048702e-06,2.5961951450881315e-06,2.637775196490111e-06,2.916091943916399e-06,3.385822537893546e-06,5.156984116183594e-06,1.2545228855742607e-05,1.1519578947627451e-05,2.408395812381059e-05,1.562173929414712e-05,2.1770787498098798e-05,4.3302417907398194e-05,1.2568917554744985e-05,1.598925905454962e-06,9.368595783598721e-06,9.447993761568796e-06,1.6560304629820166e-06,9.969865004677558e-07,2.7235612378717633e-06,5.663108822773211e-06,2.360512326049502e-06,4.703158083430026e-06,7.013144113443559e-06,3.4803367725544376e-06,1.08130625449121e-05,5.585095095739234e-06,2.3164122922025854e-06,1.0522329603190883e-06,3.098101842624601e-06,2.4668906917213462e-06,2.7475257411424536e-06,1.8405883110972354e-06,2.513338813514565e-06,4.040164185425965e-06,2.5493770863249665e-06,1.3917688193032518e-06,7.332237146329135e-07,7.954354828143551e-07,1.158488657893031e-06,9.561089200360584e-07,2.0006052636745153e-06,2.0016134385514306e-06,2.367451088503003e-06,1.0475433782630716e-06,1.332271608589508e-06,1.6735352801333647e-06,1.2752692555295653e-06,1.8749184391708695e-06,2.857040499293362e-06,5.792840056528803e-06,8.95961875357898e-06,1.3897850294597447e-05,1.1561531209736131e-05,1.1752910722861998e-05,7.428453045577044e-06,1.0691675925045274e-05,1.5973408153513446e-05,1.0431945156597067e-05,3.827237378573045e-05,0.0006028229836374521,0.0007356646237894893,0.8764464259147644,0.8590900301933289,0.20569433271884918,0.2864704728126526,0.41736656427383423,0.3714826703071594,4.358991645858623e-05,0.09869507700204849
49,Mansoor Khan received the,The director of Jo Jeeta Wohi Sikandar received the,Mansoor Khan,the director of Jo Jeeta Wohi Sikandar, Filmfare Award for Best Director,5.463613433676073e-06,1.7532282754473272e-06,4.903330932393146e-07,8.657047345650426e-08,2.3642805047074944e-08,3.5794245345499576e-09,1.5213071691277946e-08,4.9812149960359875e-09,1.1877498984347312e-08,6.313839229221685e-09,5.613728371045568e-10,1.5969210398480982e-09,1.228675938769186e-09,9.613312812462027e-09,1.2292007411929262e-08,1.314440023492125e-08,1.357628036657843e-07,2.2000877208938618e-07,6.458811299125955e-07,3.037216629309114e-07,6.819013265157992e-08,6.883895053988454e-08,1.8733348383648263e-07,6.045209488547698e-07,1.586290636623744e-06,1.4711006315337727e-06,3.0710968985658837e-06,1.5678474483138416e-06,4.886187980446266e-06,2.6838142730412073e-06,2.717579718591878e-06,2.6004847768490436e-06,6.374743406922789e-06,2.7795638288807822e-06,1.22855749395967e-06,7.957083880683058e-07,5.143995167600224e-07,1.5945694542551792e-07,1.6169012440059305e-07,1.4261020453432138e-07,8.148865049406595e-08,3.5833135569873775e-08,2.6628157456798363e-08,1.8929496192754414e-08,3.628212752460058e-08,3.7750030656980016e-08,4.739887415894373e-08,2.547207778036409e-08,9.789171429019916e-08,1.1676096534074532e-07,1.908726261490301e-07,3.8698465232300805e-07,3.206785947895696e-07,4.622170308721252e-07,5.575192290052655e-07,5.268698828331253e-07,5.561369675888272e-07,4.6511217988154385e-07,4.0915048771239526e-07,2.809801742387208e-07,2.566557100180944e-07,5.142575218997081e-07,4.1667161099212535e-07,4.4607017457565235e-07,3.992569475030905e-07,3.8291815940283414e-07,3.6334472497401293e-07,3.265098484916962e-07,2.3086180078735197e-07,1.695563298653724e-07,2.110549672806883e-07,1.104399700579961e-07,7.356180020678948e-08,4.9085400632975507e-08,4.8145494702112046e-08,1.9499905690167907e-08,1.8711286742245647e-08,2.3104675506147032e-08,2.0746922402281598e-08,1.0344471057521787e-08,0.01965763419866562,0.001545333070680499
50,The country of citizenship of Bart Sibrel is,The country of citizenship of the director of Astronauts Gone Wild is,Bart Sibrel,the director of Astronauts Gone Wild, American,2.261600684505538e-06,1.3704323009733343e-07,4.04058209824143e-06,3.088307266807533e-06,7.500137826355058e-07,7.466395004485094e-07,9.72669340626453e-07,5.479474111780291e-06,4.126464318687795e-06,6.291447789408267e-07,4.089823505637469e-06,5.463035449793097e-06,7.393370651698206e-06,1.9133745809085667e-05,1.5881007129792124e-05,1.837133095250465e-05,1.2619473636732437e-05,6.514430424431339e-05,9.172895806841552e-05,7.263886072905734e-05,0.00026857020566239953,0.00017044869309756905,6.63209066260606e-05,3.196728357579559e-05,7.40540781407617e-05,8.04351566330297e-06,1.3689591469301376e-05,9.901908924803138e-06,6.300899985944852e-05,0.00018857268150895834,2.0177752958261408e-05,4.101987724425271e-05,7.125482807168737e-05,0.0001987956347875297,9.404159936821088e-05,0.0001978047948796302,0.0008392969612032175,0.0011417401256039739,0.0007485912647098303,0.0009546343935653567,0.0008234002743847668,0.0004643335414584726,0.00021771746105514467,0.0002615702396724373,0.00034143542870879173,0.0003333659842610359,0.00032057618955150247,0.00017572598881088197,0.00016652498743496835,0.00011109503248007968,0.00020075790234841406,0.00025317369727417827,0.0001754026161506772,3.8999256503302604e-05,3.6872395867249e-05,0.00011951161286560819,0.00011576440738281235,5.092741412227042e-05,3.3158099540742114e-05,3.4425287594785914e-05,0.00016720053099561483,0.0001728545466903597,0.00017739941540639848,0.0001910380378831178,0.00017155717068817466,0.00014125500456430018,0.00021670323621947318,0.00019154946494381875,0.00021582991757895797,0.0003272709727752954,0.00019691645866259933,0.00016575695190113038,0.00019140681251883507,0.00021191590349189937,0.0003075192216783762,0.0002101393329212442,0.00021858804393559694,3.8051937281124992e-06,2.6872030503000133e-05,9.546547516947612e-05,0.006274744868278503,0.016325704753398895
51,The place of birth of Muhammad Ali Jinnah is,The place of birth of the spouse of Emibai Jinnah is,Muhammad Ali Jinnah,the spouse of Emibai Jinnah, Karachi,9.377672540722415e-06,1.2223620615259279e-05,1.0337185813114047e-05,2.2619165065407287e-06,1.9071711676588166e-06,3.598590410547331e-06,3.1508543543168344e-06,8.676990432832099e-07,5.081889753455471e-07,2.1253426041312196e-07,6.3122087112788e-08,1.2801008608676057e-07,9.337444595303168e-08,1.6250234580184042e-07,6.399657763722644e-07,4.1742077883100137e-07,1.2493876511143753e-06,3.4843724279198796e-06,2.372672270212206e-06,4.854874077864224e-06,6.783618118788581e-06,4.709992936113849e-06,2.0583025616360828e-05,9.378350114275236e-06,5.1896167860832065e-06,1.0724398862294038e-06,1.4343797829496907e-06,8.02583872427931e-06,5.333157787390519e-06,1.125738890550565e-05,2.4054434106801637e-05,3.564009602996521e-05,7.929137609608006e-06,5.173602403374389e-06,7.808546797605231e-06,8.101088496914599e-06,2.141962067980785e-05,1.4530740372720174e-05,3.7004545447416604e-05,0.0001012017164612189,3.885937621816993e-05,4.75693705084268e-05,3.324092540424317e-05,4.145742059336044e-05,4.2637901060516015e-05,2.8848084184573963e-05,2.9905204428359866e-05,3.4238149964949116e-05,2.9045842893538065e-05,2.238403249066323e-05,2.4674724045326002e-05,3.983022543252446e-05,4.655861994251609e-05,5.059588875155896e-05,3.3777218050090596e-05,2.8853113690274768e-05,3.192824442521669e-05,3.4898715966846794e-05,2.477971611369867e-05,6.28479610895738e-05,6.05583845754154e-05,0.00011581672151805833,9.860242425929755e-05,0.0001416507293470204,0.0004693731025326997,0.0007672198698855937,0.0005637677968479693,0.0008455758797936141,0.0006706453277729452,0.0007750911172479391,0.0006698414217680693,0.0006205742829479277,0.0007468464318662882,0.0005084391450509429,0.00039056449895724654,0.04511624202132225,0.01311809103935957,0.011880643665790558,0.004435665439814329,0.0011186428600922227,0.006528638768941164,0.06649399548768997
52,The place of birth of Jelena Zrinska is,The place of birth of the spouse of Francis I Rákóczi is,Jelena Zrinska,the spouse of Francis I Rákóczi, Ozalj,5.047531317359244e-07,2.069118636427447e-06,4.195595920464257e-06,3.68946602975484e-05,3.813020884990692e-05,4.393465133034624e-05,1.879931369330734e-05,1.0147474313271232e-05,5.316046099324012e-06,2.6058251023641787e-06,2.790473843106156e-07,3.1793663310963893e-06,7.318447501347691e-07,3.5739137729251524e-06,2.573741312517086e-06,1.1138869240312488e-06,4.021658696728991e-06,1.2236495422257576e-05,1.1904425036846078e-06,2.753787384790485e-06,5.458017767523415e-06,2.393850081716664e-06,1.5009798062237678e-06,2.2504043499793625e-06,5.310089818522101e-06,6.668931291642366e-07,5.904834097236744e-07,2.7828014026454184e-07,2.5305200779257575e-07,2.059056214420707e-06,1.7627017996346694e-06,3.9234919313457794e-06,4.703111699200235e-06,8.231660899582494e-07,9.650715355746797e-07,1.0552591902524e-06,2.4910659135457536e-07,6.127027774027738e-08,8.691728226040141e-08,9.991632765604663e-08,2.1215755907633138e-07,5.113774932397064e-07,5.081001290818676e-07,3.8158879078764585e-07,1.4950130662327865e-06,1.8994120409843163e-06,2.94015421786753e-06,2.636060344229918e-06,3.985640432802029e-06,4.852121492149308e-06,2.607474016258493e-06,7.280323643499287e-06,4.340524355939124e-06,2.8517765713331755e-06,2.64161189988954e-06,1.6085892866612994e-06,2.8732031296385685e-06,3.734460960913566e-06,3.6050307699042605e-06,3.946743618143955e-06,3.32146487380669e-06,2.8452461720007705e-06,9.06060733996128e-07,5.36604602530133e-07,9.331313322036294e-07,1.3434288348435075e-06,2.3300649445445742e-06,1.476265310884628e-06,3.189228891642415e-06,3.0767212138016475e-06,4.428993634064682e-06,5.488828719535377e-06,4.410122528497595e-06,6.702094651700463e-06,6.168714207888115e-06,1.336675813945476e-05,9.406386197952088e-06,1.0426661901874468e-05,1.4405616639123764e-05,4.668990641221171e-06,2.2712054487783462e-05,1.720249929348938e-05
53,The place of birth of W. P. Kellino is,The place of birth of the director of Pay Box Adventure is,W. P. Kellino,the director of Pay Box Adventure, London,5.20156618222245e-06,1.4333479157357942e-05,4.647210153052583e-05,1.1323079888825305e-05,4.207785605103709e-05,0.00011671836546156555,1.3302002116688527e-05,2.241343645437155e-05,1.9020764739252627e-05,3.2617608667351305e-05,9.336351649835706e-05,9.072209650184959e-05,0.0001392538397340104,0.0001816298463381827,6.323921115836129e-05,3.307886072434485e-05,1.687521034909878e-05,3.7317106034606695e-05,3.7076733860885724e-05,4.2526706238277256e-05,2.3877273633843288e-05,4.930383511236869e-05,2.9351127523113973e-05,9.183576912619174e-05,0.00012439237616490573,8.801587682683021e-05,1.7608836060389876e-05,7.420532347168773e-05,3.960628600907512e-05,2.1396419469965622e-05,1.8345739590586163e-05,1.1262638508924283e-05,4.328833256295184e-06,3.681687076095841e-06,6.418253633455606e-06,1.5797471860423684e-05,1.1942654055019375e-05,2.8158436180092394e-05,2.2857529984321445e-05,8.787585102254525e-06,9.149111065198667e-06,4.359028025646694e-06,4.062104835611535e-06,3.965193627664121e-06,1.002471981337294e-05,5.1826718845404685e-06,3.875253696605796e-06,6.682338153041201e-06,7.102397376002045e-06,3.1894230687612435e-06,6.207604315022763e-07,1.3603852266896865e-06,2.7267690256849164e-06,1.8571817008705693e-06,9.854713880486088e-07,1.8191694834968075e-06,1.7910962242240203e-06,1.3156205795894493e-06,6.866672492833459e-07,5.722670834984456e-07,4.031849130115006e-07,4.738653274216631e-07,3.68390857374834e-07,5.179464324100991e-07,1.0983754918925115e-06,3.6110139944867115e-07,4.0187578065342677e-07,5.383130883274134e-07,5.004502554584178e-07,4.379980111934856e-07,5.568117558141239e-07,9.788025181478588e-07,1.3836294101565727e-06,1.3221100516602746e-06,1.267065385945898e-06,6.60815430819639e-07,6.555532081620186e-07,1.8518562683311757e-06,2.1062403448013356e-06,1.1576030374271795e-05,0.0030692610889673233,0.004842882510274649
54,The employer of Chip Gubera is,The employer of the director of Academy of Doom is,Chip Gubera,the director of Academy of Doom, University of Missouri,3.140901071674307e-06,8.370036539417924e-07,3.1291194773075404e-06,6.100080099713523e-06,9.39334222493926e-06,3.1682848202763125e-06,2.4857977223291527e-06,8.947505421019741e-07,1.4560370118488208e-06,1.0496132745174691e-05,8.399957550864201e-06,3.8193334148672875e-06,2.8487925192166585e-06,3.997714884462766e-06,9.62940430326853e-06,1.1935927432205062e-05,3.8032408156141173e-06,2.9322867703740485e-05,1.4613859093515202e-05,1.2901480658911169e-05,4.087905108463019e-05,5.492977834364865e-06,2.0907850739604328e-06,1.4145928162179189e-06,2.2096119209891185e-06,1.3367049405133002e-06,2.043916310867644e-06,4.005188657174585e-06,6.81364281263086e-06,2.4537100671295775e-06,2.1353505417209817e-06,7.067209025990451e-06,8.619633263151627e-06,4.418035587150371e-06,4.579012966132723e-06,1.2283564956305781e-06,9.278551260649692e-06,4.439281110535376e-05,2.4243674488388933e-05,4.633524440578185e-05,6.298779044300318e-05,4.002111018053256e-05,2.5125485990429297e-05,1.4698718587169424e-05,7.628298135387013e-06,6.327233677438926e-06,1.243199312739307e-05,2.1880001440877095e-05,1.8492608433007263e-05,1.7090280380216427e-05,1.542213612992782e-05,1.975572740775533e-05,1.2199246157251764e-05,6.8135414039716125e-06,6.597536412300542e-06,7.596371233375976e-06,5.73112083657179e-06,5.1485103540471755e-06,4.286528110242216e-06,5.829371730214916e-06,8.00552879809402e-06,8.378403435926884e-06,5.318270268617198e-06,5.537644483410986e-06,5.152568974153837e-06,5.254449661151739e-06,7.875310984672979e-06,5.47566696695867e-06,4.2203018892905675e-06,3.975550043833209e-06,4.464377070689807e-06,5.795884135295637e-06,6.968043180677341e-06,1.579397030582186e-05,1.493614945502486e-05,1.9674153008963913e-05,1.5187611097644549e-05,7.999776244105306e-06,8.055118087213486e-06,9.729762496135663e-06,0.00033540386357344687,0.0005125220632180572
55,The place of birth of Lacy J. Dalton is,The place of birth of the performer of Slow Down is,Lacy J. Dalton,the performer of Slow Down, Bloomsburg,0.0001406089577358216,3.3876916859298944e-05,2.2990805064182496e-06,1.1517718121467624e-06,4.7213055154315953e-07,1.0781026560380269e-07,9.711217785479676e-08,1.6223836496465083e-07,2.5939229431060085e-07,3.769413581267145e-07,1.031097326631425e-06,6.493760906778334e-07,4.1951432194764493e-07,1.1339035381752183e-06,6.980692432989599e-07,1.0546722251092433e-06,2.1221064798737643e-06,1.9585279460443417e-06,9.157651220448315e-06,4.727136456494918e-06,4.32628712587757e-06,1.4631491467298474e-06,1.2861170262112864e-06,4.4270322518968896e-07,5.139803533893428e-07,2.689496625407628e-07,6.674987389487796e-07,6.55803773952357e-07,1.9681135654536774e-07,7.468401008736691e-07,2.7278908873995533e-06,2.548803195168148e-06,1.1864161933772266e-05,8.060827894951217e-06,4.6595409912697505e-06,8.384636203118134e-07,3.955627562390873e-06,2.872877530535334e-06,8.586831427237485e-06,2.177813985326793e-05,5.753673576691654e-06,8.624196198070422e-06,4.950518359692069e-06,2.4930029667302733e-06,1.8050349126497167e-06,1.2859965181633015e-06,1.0945846042886842e-06,5.665899038831412e-07,1.8533166894485475e-06,2.5582821763237007e-06,1.7594136352272471e-06,2.4899616164475447e-06,1.9047402020078152e-06,2.508291345293401e-06,8.549275776204013e-07,3.0652452664980956e-07,4.0876199136619107e-07,2.1260829896618816e-07,1.53478509901106e-07,1.8042510419036262e-07,1.5697135324899136e-07,3.7387817997114325e-07,3.2806244121275085e-07,5.526198947336525e-07,1.1740734180420986e-06,7.928522904876445e-07,5.314025770530861e-07,9.200604722536809e-07,1.7233799098903546e-06,2.3132488422561437e-06,8.422885571235383e-07,2.7836263143399265e-06,2.441401647956809e-06,1.1688991889968747e-06,2.0912600575684337e-06,8.159545541275293e-05,7.361149619100615e-05,0.00019315379904583097,0.039925381541252136,0.030978510156273842,4.056566467625089e-05,0.9982154369354248
56,The place of birth of Salvatore Piscicelli is,The place of birth of the director of Blues metropolitano is,Salvatore Piscicelli,the director of Blues metropolitano, Pomigliano d'Arco,1.197475171466067e-06,3.375916435288673e-07,3.579732947400771e-06,1.8984975440616836e-06,4.800839633389842e-06,6.291722456808202e-06,9.084036719286814e-06,1.5015746157587273e-06,1.8128952206097892e-07,3.3257770155614708e-06,1.0470329243617016e-06,9.799575764191104e-07,3.21178305284775e-07,4.934449293614307e-07,1.6988259687877871e-07,6.289837983786128e-07,7.623201554451953e-07,1.6901095705179614e-06,1.5421350099131814e-06,2.068580442937673e-06,1.7723754353937693e-05,2.0872043023700826e-05,2.6051842723973095e-05,7.752139208605513e-05,4.529404395725578e-05,1.633845386095345e-05,1.2388412869768217e-05,3.870614818879403e-06,8.69300765771186e-06,8.062446795520373e-06,8.452979614048672e-07,2.119821260748722e-07,1.722256683933665e-07,4.171827185928123e-07,2.002685732804821e-07,3.58943765377262e-07,5.584872155850462e-07,8.561342838220298e-06,4.033512595924549e-06,1.2348350537649821e-06,1.862936301222362e-06,1.521876583865378e-06,3.702915591929923e-07,2.385238531132927e-07,1.7814460306908586e-07,2.37427130400647e-07,3.381049680228898e-07,4.97649921271659e-07,3.179466148139909e-07,5.233911792856816e-07,1.2597081422427436e-06,7.911276043159887e-07,1.2515115486166906e-06,6.2238592590802e-07,1.1164211173309013e-06,1.0633960982886492e-06,2.577884743004688e-06,3.1698432394478004e-06,4.084544343641028e-06,4.390148660604609e-06,4.336422989581479e-06,5.3731764637632295e-06,3.4766082990245195e-06,4.447574610821903e-06,5.799664450023556e-06,4.850880031881388e-06,4.45460636910866e-06,7.343469860643381e-06,1.0899449080170598e-05,1.559374140924774e-05,1.2710767805401701e-05,8.130453352350742e-06,7.4740660238603596e-06,5.000805685995147e-06,4.680366600950947e-06,1.4582716175937094e-05,2.0163794033578597e-05,4.993527545593679e-05,4.1642608266556635e-05,2.377523014729377e-05,5.036969014327042e-05,0.0003071585379075259
57,The place of death of Ludowika Margaretha of Zweibrücken-Bitsch is,The place of death of the mother of Johanna Sibylla of Hanau-Lichtenberg is,Ludowika Margaretha of Zweibrücken-Bitsch,the mother of Johanna Sibylla of Hanau-Lichtenberg, Bouxwiller,1.7531343701193691e-06,1.2250937970748055e-06,7.031484301478486e-07,1.2509525504356134e-06,3.3373686392224045e-07,2.363227480373098e-07,1.917499332648731e-07,5.175785844357961e-08,3.249053577292216e-07,3.4801776109816274e-06,1.977277861442417e-06,2.654025820447714e-06,3.132389110760414e-06,3.2076030720418203e-07,1.6318996358677396e-06,1.7743492435329244e-06,9.816442343435483e-07,1.7536490304337349e-06,9.991579190682387e-07,2.6569753686089825e-07,4.19956762698348e-08,1.8064758933178382e-07,5.443084916123553e-08,1.959218423053244e-07,7.41689234473597e-07,7.537103101640241e-07,5.992659453113447e-07,2.0593168414961838e-07,1.5284776111457177e-07,1.2251449277300708e-07,2.86999011223088e-06,1.181114612336387e-06,8.980223924481834e-07,3.907709356099076e-07,1.71575223362197e-07,2.687503695142368e-07,1.9226872893796099e-07,1.192886998069298e-07,5.7235361339280644e-08,1.0997277399837913e-07,2.511337697796989e-07,1.6121954615755385e-07,1.1274282485373988e-07,8.675598905938386e-08,1.940609308803687e-07,2.8012732400384266e-07,2.4814039534248877e-07,1.3324002168246807e-07,4.3665559701366874e-07,4.4238575469535135e-07,4.3907570557166764e-07,3.9192909184748714e-07,1.8178386085310194e-07,1.4652934510195337e-07,1.0855548993049524e-07,1.333381192125671e-07,1.2439656416063372e-07,1.381004608447256e-07,3.068280705065263e-07,2.814178401422396e-07,2.912795480369823e-07,2.6207928272015124e-07,1.4693880245886248e-07,1.4889822352870397e-07,2.3710390451014973e-07,5.470822657116514e-07,5.379092158364074e-07,4.354998566213908e-07,2.8924375783390133e-07,3.931329786155402e-07,4.3605791688605677e-07,5.811514256492956e-07,6.502393148366536e-07,2.0710082537789276e-07,4.3158055973435694e-07,6.717463634231535e-07,6.711132414238818e-07,6.86263319948921e-07,8.934967468121613e-07,1.8407695279165637e-06,3.239811849198304e-05,9.832150681177154e-05
58,The spouse of Edward Buzzell is,The spouse of the director of Ann Carver's Profession is,Edward Buzzell,the director of Ann Carver's Profession, Ona Munson,4.0202721720561385e-06,1.1706619034157484e-06,4.838713721255772e-06,6.927954245838919e-07,2.7897263521481364e-07,2.963143685974501e-07,4.403179048040329e-07,2.6644002559805813e-07,2.47383781015742e-07,1.9859702149460645e-07,2.432240080452175e-07,8.400381830142578e-07,2.214077767348499e-06,1.962127271326608e-06,1.7698577039482188e-06,1.2434937843863736e-06,5.081135896034539e-06,5.476297246786999e-06,3.6335247841634555e-06,8.017319714781479e-07,2.60791625805723e-06,1.0916890005319146e-06,1.2098590218556637e-07,1.1680446476702855e-07,9.434084802251164e-08,9.012384083462166e-08,2.1547525363985187e-07,2.691774909635569e-07,2.979670341574092e-07,7.352126090154343e-07,9.765815320861293e-07,3.3363019156240625e-06,3.0014855383342365e-06,2.342435664104414e-06,3.2082948564493563e-06,4.0674185584066436e-06,8.302547939820215e-06,3.181367719662376e-05,1.3750219295616262e-05,5.571717338170856e-06,7.920763891888782e-06,4.4539519876707345e-06,1.5674083897465607e-06,1.2558779189930647e-06,1.3171148793844623e-06,2.7059718377131503e-06,1.5063595810715924e-06,1.6282781416521175e-06,8.0653205714043e-07,1.0324987442800193e-06,6.647177315244335e-07,8.240360216404952e-07,1.4291656498244265e-06,1.2875040056314901e-06,1.5186085420282325e-06,9.110609653362189e-07,3.129548531433102e-07,2.60315999867089e-07,3.6289287663748837e-07,3.0135029760458565e-07,4.818225534108933e-07,5.037826440457138e-07,3.651043414265587e-07,5.614043061541452e-07,7.313678906939458e-07,4.4278240807216207e-07,4.2610460582181986e-07,8.727466251912119e-07,1.0904342389039812e-06,1.099936525861267e-06,7.951027782837627e-07,2.0005372789455578e-06,2.401185156486463e-06,2.7204712296224898e-06,2.788035772027797e-06,3.018335519300308e-06,3.4656848129088758e-06,7.337996976275463e-06,1.5262594388332218e-05,0.00015213275037240237,3.3159838494611904e-05,0.0019791305530816317
59,The date of birth of Iyasu I is,The date of birth of the father of Bakaffa is,Iyasu I,the father of Bakaffa, 1654,3.2039817597251385e-05,2.275799992901284e-08,1.2564672635662077e-09,4.4256698306099906e-10,2.733102355545469e-10,9.788505075936094e-12,1.9090513891928396e-11,1.9035197029726447e-10,3.290452132986843e-09,7.73657138353201e-09,9.793094335464048e-09,7.160934956118581e-08,4.7394183866344974e-07,2.9043757621138866e-08,1.1515647457827072e-07,1.8170536009165517e-07,2.801186838041758e-06,0.0001264770980924368,0.0001371088728774339,3.066130375373177e-05,2.5045890652108938e-05,5.17443913850002e-05,2.7196902010473423e-05,1.0083762390422635e-05,2.361332008149475e-05,2.122716250596568e-05,2.7108259018859826e-05,0.0004171002365183085,1.8742832253337838e-05,6.330819451250136e-05,1.2764286111632828e-05,1.941065966093447e-05,1.5159152098931372e-05,2.2055260160414036e-06,2.7940570817008847e-06,3.7089421311975457e-06,4.242093382345047e-06,2.0752837372128852e-05,2.096808657370275e-06,5.555587904382264e-06,4.577969775709789e-06,5.395642801886424e-06,2.143083520422806e-06,9.827361964198644e-07,4.1804736383710406e-07,2.105843179833755e-07,1.4405246417936723e-07,8.004206364375932e-08,1.6065726526903745e-08,1.1648396913699344e-08,9.06805830425128e-09,4.102657769067264e-08,7.529711609777223e-08,2.1596925137146172e-08,1.262945481528277e-08,2.5936033765106004e-08,2.7305986805004068e-08,2.823054856548879e-08,2.1914480896612076e-08,1.1577466985102092e-08,1.0685642592989097e-08,6.318212619760288e-09,1.868162691209818e-08,1.633600632544585e-08,1.6199457775201154e-08,8.720827615604776e-09,1.514046665818114e-09,1.7118072515032168e-09,3.818179550307832e-09,2.3739357146723705e-09,8.452345490184143e-10,1.909128632959778e-09,1.7776203842245764e-09,1.1977944192054224e-09,3.81057452258915e-09,8.675196561114262e-09,8.881511526226404e-09,1.0175880760243672e-07,4.541374920563612e-08,3.837215444946196e-06,0.044697511941194534,0.01570437103509903
60,The place of burial of Johnny Horton is,The place of burial of the performer of Honky-Tonk Man is,Johnny Horton,the performer of Honky-Tonk Man, Louisiana,6.04384467806085e-07,2.9218651320661593e-07,1.978013557391023e-07,2.720299541181248e-08,1.27962929141745e-08,2.11402820582407e-07,2.924707764861978e-08,3.100732470784351e-08,1.4648560409113998e-07,1.056326254911255e-06,9.58452801569365e-07,2.2377898858394474e-06,5.462130047817482e-06,1.1939938531213556e-06,1.136373157351045e-06,2.0548766315187095e-06,1.1189451470272616e-05,2.3624948880751617e-05,1.0649918294802774e-05,7.818975973350462e-06,5.217845318838954e-05,8.585069008404389e-05,3.05686189676635e-05,0.00010587961151031777,0.00021620122424792498,0.0001832215639296919,3.5599630791693926e-05,2.148374915122986e-05,1.5480034562642686e-05,5.289364708005451e-06,3.205829852959141e-05,5.9666326706064865e-05,4.290873766876757e-05,5.495331060956232e-05,0.00017612657393328846,0.00012958822480868548,0.00013433449203148484,0.0029504892881959677,0.002333184937015176,0.002059024292975664,0.0016613166080787778,0.002928895177319646,0.019352102652192116,0.007793786935508251,0.10779031366109848,0.09053278714418411,0.08082835376262665,0.02332570217549801,0.013135457411408424,0.0072205630131065845,0.0035018769558519125,0.0028400388546288013,0.0012333408230915666,0.0006401913124136627,0.00048391276504844427,0.0004853986029047519,0.0006825820892117918,0.0004979042569175363,0.0001614444045117125,0.00010886073141591623,7.813078991603106e-05,7.263095903908834e-05,3.67821630788967e-05,3.145766822854057e-05,1.616815097804647e-05,1.028855058393674e-05,7.950909093779046e-06,5.185371719562681e-06,4.2037158891616855e-06,4.687255113822175e-06,4.020877895527519e-06,2.770063701973413e-06,2.3663474166824017e-06,1.376164050270745e-06,4.269453711458482e-06,4.885424004896777e-06,5.787317149952287e-06,1.7326212400803342e-05,1.027900361805223e-05,9.110179234994575e-06,0.00015042773156892508,0.0004283966263756156
61,Nagesh Kukunoor received the,The director of Hyderabad Blues 2 received the,Nagesh Kukunoor,the director of Hyderabad Blues 2, Filmfare Award,4.106929281988414e-06,1.4953643585613463e-05,2.7200228487345157e-06,7.196526325969899e-07,1.2125322257361404e-07,5.749815557010152e-08,5.428693583553468e-08,4.938992148595389e-08,5.303608574536156e-08,4.895957417261343e-08,5.936344038559582e-08,1.2109497049550555e-07,7.161658288623585e-08,3.093262535003305e-07,1.4228720601749956e-07,1.9290055774945358e-07,2.347176888406466e-07,7.177228553700843e-07,3.4102079098374816e-06,7.90335707279155e-06,3.9774877222953364e-06,1.7055737089322065e-06,7.675535016460344e-07,8.466949111607391e-06,1.1212790695935837e-06,1.981246441573603e-06,3.997625299234642e-06,2.06208437703026e-06,7.991691745701246e-06,9.677264642959926e-06,1.059714031725889e-05,1.0829757229657844e-05,1.8242604710394517e-05,8.662461368658114e-06,1.6377540305256844e-05,3.889444633387029e-05,0.00021808348537888378,6.574073631782085e-05,1.9511506252456456e-05,1.006365073408233e-05,1.2434061318344902e-05,3.4645684081624495e-06,4.280042503523873e-06,3.0418200367421377e-06,1.0152385812034481e-06,3.9621104974685295e-07,1.9839845322167093e-07,3.7402645602924167e-07,1.4597758024592622e-07,9.883486740136505e-08,8.807121787413053e-08,8.95908129905365e-08,6.411210051737726e-08,3.0451374755102734e-08,9.759473229564719e-09,1.2897616308293891e-08,9.571845538403068e-09,4.628426530928209e-09,3.940447967920591e-09,5.654534618315665e-09,1.0689360507853962e-08,1.099692426009824e-08,1.9693136010801027e-08,2.342881977313027e-08,9.225755270847458e-09,2.983070501727525e-08,4.5296040696030104e-08,4.772265427277489e-08,8.12516276482711e-08,7.752910136105129e-08,4.381523410756927e-08,6.62482975144485e-08,4.6760693095393435e-08,7.143908220541562e-08,6.771674776473446e-08,7.549421354724473e-08,3.3789028464070725e-08,5.2267569827790794e-08,8.287576491738946e-08,1.215785943031733e-07,0.010266088880598545,0.005902671255171299
62,Steve Vai received the,The performer of The Attitude Song received the,Steve Vai,the performer of The Attitude Song, Grammy,3.341399974488013e-07,3.0419425911532016e-06,7.739356988167856e-06,4.281889232515823e-06,2.2045107925805496e-06,7.819968232070096e-06,3.00097690342227e-06,1.2283098840271123e-05,2.1898957129451446e-05,2.4107670469675213e-05,6.962570296309423e-06,9.54299139266368e-06,3.9956670661922544e-05,1.0990841474267654e-05,2.2603553588851355e-05,1.5937745047267526e-05,3.457288403296843e-05,2.5867870135698467e-05,3.7367804907262325e-05,3.268904038122855e-05,1.2018033885397017e-05,5.358578164305072e-06,1.748046270222403e-05,4.311916563892737e-05,4.66982601210475e-05,3.163750807289034e-05,3.991893390775658e-05,1.3435465007205494e-05,1.3397095244727097e-05,4.448303116078023e-06,3.1658807984058512e-06,5.428024678622023e-07,2.335248154849978e-06,9.164876928480226e-07,2.0845891413046047e-06,3.3811033972597215e-06,3.5153493627149146e-06,2.2089895992394304e-06,1.9345818600413622e-06,1.1457059372332878e-06,2.1392413600551663e-06,3.04345257973182e-06,1.6662518191878917e-06,1.050829496307415e-06,8.914286127037485e-07,8.636973234388279e-07,9.788741408556234e-07,5.627002792607527e-07,4.610439319208126e-08,7.871312845963985e-08,1.5181788626250636e-07,1.1801210320072641e-07,1.0514895620872267e-07,9.7668753085145e-08,5.2849660647780183e-08,6.710804711929086e-08,3.3028197066187204e-08,9.039107595754103e-08,9.518777233097353e-08,8.346557933691656e-08,6.846422451189937e-08,8.427721098769325e-08,1.0868710376144008e-07,1.1081343842533897e-07,1.1156264889677914e-07,9.997889094393031e-08,1.6630309573884006e-07,2.2172702074385597e-07,2.662820008936251e-07,1.9589995758906298e-07,1.598720871243131e-07,1.2088631251572224e-07,1.3147418087555707e-07,1.7578882705038268e-07,2.2476405092675122e-07,2.758868333785358e-07,7.510096793339471e-07,1.3141728913979023e-06,2.28166209126357e-06,5.310619712872722e-07,0.013734649866819382,0.01109603326767683
63,The place of birth of Gösta Bernhard is,The place of birth of the director of Sju svarta be-hå is,Gösta Bernhard,the director of Sju svarta be-hå, Västervik,5.584149675996741e-07,5.779889988843934e-08,8.455272109131329e-07,1.6677385872299055e-07,3.481505927993567e-08,3.038364582153008e-07,1.9564194531085377e-07,3.2758268275756564e-07,1.1765527005991316e-06,1.0789943871714058e-06,1.6921276824177767e-07,1.3837224344115384e-07,3.1673235412199574e-07,2.8684441986115417e-06,7.179685326264007e-07,1.6802944173832657e-06,1.2470643923734315e-05,6.953745923965471e-06,1.2064345355611295e-05,6.343802851915825e-06,4.829525551031111e-06,6.811240837123478e-06,5.9101894294144586e-06,3.6503749925032025e-06,6.67104677631869e-06,8.25956158223562e-06,1.182040364255954e-06,4.751876076625194e-06,4.537786480796058e-06,3.4580555166030535e-06,2.306587248313008e-06,3.536826852723607e-06,2.420709051875747e-06,1.0032532600234845e-06,6.610225113945489e-07,3.3720274927873106e-07,2.487338861101307e-06,3.8060989027144387e-06,3.6077835829928517e-06,1.382725145049335e-06,1.2038186696372577e-06,6.1336781982390676e-06,3.145707751173177e-06,2.6457657895662123e-06,1.3372931562116719e-06,1.3876630191589356e-06,1.2788008234565496e-06,9.156980240732082e-07,9.868100505627808e-07,7.434409781126305e-07,4.859676892010611e-07,3.297187731732265e-07,5.384205223890604e-07,7.683391345381096e-07,6.287351652645157e-07,5.774236342404038e-07,1.1203798067072057e-06,1.3358578598854365e-06,8.535305369150592e-07,1.2374116522551049e-06,2.1764799384982325e-06,1.9998431071144296e-06,2.5328658921353053e-06,2.820645022438839e-06,3.814223873632727e-06,2.6149798486585496e-06,2.7733535716834012e-06,3.200924993507215e-06,4.546776381175732e-06,6.8612848735938314e-06,3.2884552183531923e-06,2.862132532754913e-06,3.7423437788675074e-06,4.254986833984731e-06,6.598625532205915e-06,7.150242254283512e-06,8.172519301297143e-06,9.59335193329025e-06,1.9138495190418325e-05,8.913951205613557e-06,0.003318350063636899,0.008592861704528332
64,The place of death of Richard Pottier is,The place of death of the director of The Beautiful Otero is,Richard Pottier,the director of The Beautiful Otero, Le Plessis-Bouchard,2.8023315223890677e-08,7.301082849409113e-09,7.303727329599496e-07,3.454555042026186e-08,2.2081789552430564e-07,8.661086781103222e-07,3.7887900816713227e-07,5.496625590240001e-07,2.011033075177693e-06,1.5251587228704011e-06,5.328786301106447e-06,4.8421834435430355e-06,4.754523615702055e-06,5.430752594293153e-07,1.2721394568870892e-06,1.1387278675556445e-07,2.7254739620730106e-07,2.2737064853117772e-07,6.595392960662139e-07,8.21830838049209e-07,2.974880999317975e-07,9.915166856444557e-07,4.97699716106581e-07,9.120174695453898e-07,1.067273387889145e-06,5.444517796604487e-07,1.5168460265613248e-07,6.619445116484712e-07,1.2405438098994637e-07,2.5719279506120074e-07,2.2823797962701065e-07,3.145420066630322e-07,7.107936284000971e-08,5.1701682934890414e-08,8.599404566211888e-08,2.963712404380203e-07,2.235058786936861e-07,9.468958523939364e-07,6.8143144744681194e-06,7.378520422207657e-06,6.526851393573452e-06,4.910001280222787e-06,2.379537136221188e-06,2.4811838557070587e-06,1.4166170103635523e-06,2.044496113740024e-06,1.3243977718957467e-06,1.178734123641334e-06,8.67876224219799e-07,3.3215772532457777e-07,1.6919145195970486e-07,1.7695396081762738e-07,2.66336343202056e-07,4.1903348346750136e-07,3.5878935022992664e-07,4.858306965616066e-07,3.3551927458574937e-07,4.3097463731101016e-07,4.1615464851929573e-07,2.654475963481673e-07,1.8520702838031866e-07,1.4320136187961907e-07,4.915318640996702e-08,2.7494728271904023e-08,5.62953523797205e-08,4.438993883582043e-08,7.21294171057707e-08,7.346913122319165e-08,6.928945595063851e-08,9.044952520298466e-08,1.4109512846971484e-07,1.3564279299771442e-07,1.17065184213061e-07,2.2445267688908643e-07,7.642466925972258e-08,5.596266561269658e-08,1.8006938162784536e-08,6.664824070412578e-08,3.458405828382638e-08,1.1806965858340845e-06,0.0005970148486085236,0.0021603871136903763
65,The place of birth of Herbert Maisch is,The place of birth of the director of Nights in Andalusia is,Herbert Maisch,the director of Nights in Andalusia, Nürtingen,2.000862650675117e-06,6.20986284616265e-08,6.189179089233221e-07,4.039772193209501e-06,3.0735857308172854e-06,2.730229880398838e-06,8.745660693421087e-07,7.99743531842978e-07,3.05259391097934e-06,4.393732979224296e-06,3.7988045278325444e-06,2.3506133857154055e-06,5.822771072416799e-06,1.7624701285967603e-05,2.5355580874020234e-05,6.149334694782738e-06,2.8263608328416012e-05,9.261279956263024e-06,5.2282880460552406e-06,1.0974757742587826e-06,2.5801534775382606e-06,3.5529315027815755e-06,1.6919305778628768e-07,2.172348558815429e-07,5.464337959892873e-07,1.7750811309724668e-07,4.4103344976065273e-07,4.889461706625298e-07,5.456758458421973e-07,1.3634866036227322e-06,2.9621510293509346e-06,5.6381322792731225e-06,1.3971412045066245e-05,4.940056896884926e-06,2.634568545545335e-06,2.224556510554976e-06,1.7223532267962582e-05,1.0379306331742555e-05,1.1656742572085932e-05,1.760672716955014e-06,1.5265226238625473e-06,1.4560190493284608e-06,7.076303063513478e-07,1.0032512136604055e-06,5.787132408840989e-07,7.548180747107835e-07,6.785328423575265e-07,5.432387979453779e-07,3.9955475017450226e-07,4.3699262164409447e-07,2.910839782543917e-07,4.861397542299528e-07,5.708320145458856e-07,3.0966833719503484e-07,5.746606461798365e-07,5.009333676753158e-07,1.009310153676779e-06,5.556320274990867e-07,4.226176315569319e-07,5.293173899190151e-07,7.244246944537736e-07,4.6235675199568504e-07,4.715810746347415e-07,6.769142828488839e-07,1.1996575040029711e-06,4.86150725009793e-07,3.069007448175398e-07,3.379037138984131e-07,3.982048326633958e-07,3.6105370782024693e-07,2.3708243190867506e-07,2.86522435999359e-07,3.9539261820209504e-07,2.5570599859747745e-07,1.6134262637024221e-07,2.560535961038113e-07,5.845733426212973e-07,1.2536908116089762e-06,1.6974013306025881e-06,4.8405136112705804e-06,0.0010137262288480997,0.0003682101669255644
66,The place of birth of Nicki Minaj is,The place of birth of the performer of Changed It is,Nicki Minaj,the performer of Changed It, Port of Spain,6.678409363303217e-07,1.0314470273442566e-06,2.6752982194011565e-06,2.0350854867956514e-07,1.6480481690450688e-07,6.954311970730487e-07,4.3978212715956033e-07,2.75384849146576e-07,1.8040924487650045e-06,1.1806439488282194e-06,3.027390221177484e-06,1.8968976291944273e-06,4.747909315483412e-06,2.703894642763771e-05,4.7308614739449695e-05,4.7756599087733775e-05,5.274929935694672e-05,7.932537118904293e-05,5.008200969314203e-05,6.726894935127348e-05,7.531332084909081e-05,0.00010258962720399722,2.8389733415679075e-05,1.160685314971488e-05,4.838798486161977e-05,5.7033354096347466e-05,5.4156120313564315e-05,6.238231435418129e-05,6.765199213987216e-05,3.776948869926855e-05,1.7068805391318165e-05,4.1126961150439456e-05,1.718325620458927e-05,7.714969797234517e-06,2.6665516998036765e-05,1.817126030800864e-05,3.8758345908718184e-05,7.591999292344553e-06,2.4511744413757697e-05,2.635538658068981e-05,1.9432498447713442e-05,4.9913778639165685e-06,5.4664847084495705e-06,3.1636577659810428e-06,1.4225084896679618e-06,9.896581332213827e-07,1.0907577916441369e-06,7.557483741038595e-07,1.143680719906115e-06,2.436076783851604e-06,4.059333605255233e-06,2.8963349905097857e-06,9.60102624958381e-07,8.841468570608413e-07,5.681620223185746e-07,1.032145632962056e-06,3.6804315186600434e-06,3.868716248689452e-06,2.755867626547115e-06,2.8342790301394416e-06,2.8539470804389566e-06,2.9479206204996444e-06,4.035971414850792e-06,1.1881818863912486e-05,1.1231043572479393e-05,1.6294055967591703e-05,2.7904383387067355e-05,5.191395393921994e-05,4.665945016313344e-05,2.7095444238511845e-05,1.3146152923582122e-05,3.101985203102231e-05,2.357590892643202e-05,5.4678734159097075e-05,0.00020931132894475013,0.0005136880790814757,0.00020267502986826003,0.0015158334281295538,0.0032257956918329,0.002663800260052085,0.00018080350128002465,0.010083596222102642
67,The date of death of Sir John Grey is,"The date of death of the father of Edmund Grey, 1st Earl of Kent is",Sir John Grey,"the father of Edmund Grey, 1st Earl of Kent", 1439,7.529317372245714e-05,2.9258020731504075e-05,0.00011807066039182246,0.0024011193308979273,0.001996854552999139,7.251539500430226e-05,0.0001093728860723786,4.116993659408763e-05,2.5078357793972827e-05,3.6310989344201516e-06,8.503778190060984e-06,1.7034157281159423e-05,6.633466455241432e-06,5.120427317706344e-07,6.175597491164808e-07,2.8834244858444436e-07,6.261899216042366e-06,0.0001715778635116294,0.00048311834689229727,0.0001122760004363954,1.1153879313496873e-05,2.1759156879852526e-05,3.89408778573852e-05,7.581333920825273e-05,5.228099325904623e-05,0.000605570909101516,0.0001473091688239947,7.055437890812755e-05,1.2707279211099376e-06,2.7557509383768775e-05,1.4664768968941644e-05,4.018141044070944e-05,2.1625322915497236e-05,3.400895366212353e-05,4.905398964183405e-05,9.852326911641285e-05,2.724418300203979e-05,1.797459481167607e-05,5.555502502829768e-05,7.276143878698349e-05,4.054037344758399e-05,7.632458437001333e-05,6.572212441824377e-05,7.518179336329922e-05,8.441041427431628e-05,3.7839221477042884e-05,3.291417669970542e-05,3.8905011024326086e-05,0.00010873058636207134,5.7911551266442984e-05,3.7418129068100825e-05,8.076784433797002e-05,7.725781324552372e-05,2.4968350771814585e-05,4.2066501919180155e-05,4.0518163586966693e-05,2.2046819140086882e-05,5.239821257418953e-05,2.9906810596003197e-05,2.6683550458983518e-05,3.6582438042387366e-05,4.63887736259494e-05,0.00018096684652846307,0.00016422069165855646,7.535104668932036e-05,0.00014243353507481515,8.7339649326168e-05,0.00012063615577062592,6.0934751672903076e-05,7.46346267987974e-05,0.0001477704499848187,0.00015239517961163074,0.0004080073849763721,0.000910758099053055,0.0013632631162181497,0.0058222501538693905,0.006664718501269817,0.01827026531100273,0.04855895787477493,0.0018254740862175822,0.008859858848154545,0.012893819250166416
68,The inception of Vassar College was in,The inception of the publisher of The Miscellany News was in,Vassar College,the publisher of The Miscellany News, 1861,9.063404249332052e-09,1.4644473367297905e-07,1.222669425260392e-06,3.1877363653620705e-05,2.676056101336144e-05,0.00014664491754956543,2.6407671612105332e-05,5.9077563491882756e-05,9.641422366257757e-05,0.000593969423789531,0.0002397794451098889,6.236525223357603e-05,7.144131086533889e-05,4.944021566188894e-05,8.612379315309227e-05,5.009369851904921e-05,0.00020720838801935315,0.0003332024207338691,0.00010625708819134161,0.0004957521450705826,0.002190357306972146,0.010819095186889172,0.0013775572879239917,0.0012774196220561862,0.0003946291108150035,6.326480070129037e-05,1.9057803001487628e-05,2.1789217498735525e-05,1.5026336768642068e-05,8.234090273617767e-06,5.549447450903244e-06,5.332005002856022e-06,8.278581844933797e-06,1.902221015370742e-06,8.291502126667183e-06,5.179470008442877e-06,6.656951427430613e-06,1.3577665413322393e-05,0.00011477273073978722,0.00028009945526719093,2.1778598238597624e-05,2.4944169126683846e-05,1.5260433428920805e-05,9.117253284784965e-06,1.637317495806201e-06,1.8106806010109722e-06,4.419463493832154e-06,1.214007079397561e-05,1.0732735972851515e-05,2.4844648578437045e-05,3.2045193165686214e-06,1.982772118935827e-06,1.4569968698197044e-06,1.7789066077966709e-06,9.231364970219147e-07,7.947909921313112e-07,4.611903534623707e-07,5.653341759170871e-07,2.092262150199531e-07,1.954917507873688e-07,2.1510841463623365e-07,1.0490927593309607e-07,1.052453626471106e-07,5.94505884521368e-08,9.308887172210234e-08,1.5803227881860948e-07,5.271653336080817e-08,9.013238866373285e-08,1.3766756978839112e-07,1.8329322415411298e-07,3.680783606796467e-07,1.6984820661036792e-07,5.021414608563646e-07,8.150110488713835e-07,5.169064820620406e-07,1.2038876775477547e-06,1.2734868732877658e-06,1.0578166786956444e-08,5.460002583390633e-08,1.614641931269034e-08,0.6940249800682068,0.615096926689148
69,The place of death of Albert Capellani is,The place of death of the director of Out of the Fog is,Albert Capellani,the director of Out of the Fog, Paris,1.3100268915877678e-05,5.4428841394837946e-05,4.914468718197895e-06,1.834702914038644e-07,4.284231636120239e-06,3.7170113955653505e-06,7.650556881344528e-07,7.624753834534204e-06,1.2641108696698211e-05,1.5269007462848094e-06,2.0984598450013436e-05,5.1557599363150075e-05,2.0872434106422588e-05,2.8923330319230445e-05,6.599579137400724e-06,6.944235792616382e-06,3.2721320621931227e-06,7.477488452423131e-06,3.238558065277175e-06,4.165784048382193e-06,1.1001995972037548e-06,3.6020908282807795e-06,1.834470640460495e-05,1.1210090633539949e-06,9.790305739443284e-07,9.996226708608447e-07,9.7624968020682e-07,3.0600813261116855e-06,2.3831340513424948e-05,2.7061596483690664e-05,2.634070551721379e-05,0.00012144438369432464,0.00012619915651157498,0.0006854893290437758,0.0011790671851485968,0.00017524746363051236,0.00014508039748761803,0.0004357827710919082,0.0002393271424807608,0.00017121518612839282,0.00013839203165844083,0.00015717434871476144,8.104508015094325e-05,4.8100897402036935e-05,8.598190470365807e-05,6.956137076485902e-05,8.834734035190195e-05,0.00017079879762604833,0.00017290138930547982,0.00012807022721972317,9.103115007746965e-05,0.00011343369988026097,0.0003259708173573017,0.0002593261015135795,0.00010656900849426165,0.002963401610031724,0.0027217837050557137,0.002048724563792348,0.001909685437567532,0.0030453645158559084,0.004102564416825771,0.0026717877481132746,0.0028464077040553093,0.002512227278202772,0.0013566340785473585,0.02441633678972721,0.023029567673802376,0.0006847541662864387,0.0005570226931013167,0.001174676464870572,0.0020597646944224834,0.001836852403357625,0.0015244940295815468,0.001999520929530263,0.00209144433028996,0.003847927786409855,0.0016084996750578284,0.002710915170609951,0.0019409857923164964,0.0045277029275894165,0.00014827321865595877,0.07970350235700607
70,The place of birth of Finbar Furey is,The place of birth of the father of Áine Furey is,Finbar Furey,the father of Áine Furey, Dublin,8.694615303284081e-07,2.3530161286089424e-07,1.2499140389365948e-08,5.658396773355889e-08,1.5551316323580977e-07,3.3286505640717223e-06,3.729849822775577e-06,2.088386509058182e-06,2.5374936285516014e-07,1.5225286915665492e-06,1.2836845826313947e-06,1.5513767266384093e-06,4.969581937075418e-07,6.705787427563337e-07,3.230726179026533e-06,6.3175548348226584e-06,1.0359156476624776e-05,4.194494067633059e-06,2.6485299713385757e-06,5.878675324311189e-07,3.6724052279168973e-06,1.1231853932258673e-05,3.203005235263845e-06,3.865708094963338e-06,1.289614147026441e-06,9.648532568462542e-07,2.9914323818047706e-07,2.275717179145431e-06,3.6697254017781233e-06,7.254553565871902e-06,3.2494885090272874e-05,3.8077187127782963e-06,9.195371603709646e-06,1.970080120372586e-06,3.1912056783767184e-06,6.768801199541485e-07,7.28384975445806e-07,0.0004917470505461097,6.374366785166785e-05,1.2646336472244002e-05,7.248020210681716e-06,2.888915332732722e-06,1.3689501656699576e-06,1.4516986084345262e-06,1.8465249240762205e-06,4.026310307381209e-06,4.2116944314329885e-06,4.093904408364324e-06,1.9668941604322754e-05,1.6273055734927766e-05,1.095768493541982e-05,8.257179615611676e-06,7.121255748643307e-06,3.6318226648290874e-06,2.4132475573424017e-06,4.921441814076388e-07,6.441519531108497e-07,4.1984600329669775e-07,6.658186748609296e-07,8.670957640788401e-07,9.110254950428498e-07,9.54885990722687e-07,5.047876925345918e-07,4.0450424876325997e-07,2.4164958745132026e-07,4.097828991689312e-07,2.3301797114072542e-07,1.2791197150363587e-06,2.2367112251231447e-06,3.0626647458120715e-06,4.432436071510892e-06,6.01787178311497e-06,8.62637534737587e-06,5.679246442014119e-06,7.561835445812903e-06,1.0533153727010358e-05,3.416489562368952e-05,3.599915362428874e-05,4.579790766001679e-05,4.429661566973664e-05,0.0022156082559376955,0.13417360186576843
71,The date of birth of Gerald Drummond is,The date of birth of the father of Gerald George Drummond is,Gerald Drummond,the father of Gerald George Drummond," September 8, 1976",4.003040430688998e-06,1.0289078090863768e-05,2.67577706836164e-06,1.3703647709917277e-06,7.702587026869878e-06,2.6190314201812726e-06,4.053466113873583e-07,6.202175768521556e-07,9.374473961543117e-07,1.7292662732870667e-06,2.3778952709108125e-06,2.8142524115537526e-06,8.077655593297095e-07,1.8632094906934071e-06,2.7331600449542748e-06,6.242180461413227e-07,6.309243190116831e-07,8.632530921204307e-07,4.4752502503797587e-07,6.90903334543691e-07,8.213418141167494e-07,1.387009888276225e-06,3.2127106806001393e-06,7.509949227824109e-06,1.1107051250291988e-05,7.793697477609385e-06,1.3758008208242245e-05,9.688956197351217e-06,1.0099550308950711e-05,1.0995492630172521e-05,7.538029876741348e-06,7.780855412420351e-06,4.657341833080864e-06,1.9924991647712886e-06,1.4038458857612568e-06,3.319964321235602e-07,4.573342948788195e-07,3.199777438567253e-07,6.911469654369284e-07,4.922341076962766e-07,8.998183602670906e-07,1.3452537359626149e-06,2.674107236089185e-06,3.012177103300928e-06,2.340105083931121e-06,3.534102916091797e-06,2.950746420538053e-06,3.2780117180664092e-06,5.143557700648671e-06,5.522275841940427e-06,5.189792318560649e-06,3.3197188713529613e-06,3.971084879594855e-06,4.192131200397853e-06,3.372755827513174e-06,2.8536064746731427e-06,2.115862116625067e-06,3.6869905670755543e-06,3.350133965795976e-06,3.3310443541267887e-06,2.8119884518673643e-06,5.2262053031881806e-06,4.86472663396853e-06,9.360293915960938e-06,8.13000133348396e-06,6.267582193686394e-06,4.6614477469120175e-06,3.410720637475606e-06,2.770649416561355e-06,1.648143665988755e-06,2.2305480342765804e-06,7.379155249509495e-06,6.028229563526111e-06,8.965129381977022e-06,1.116472230933141e-05,1.670456913416274e-05,4.017939863842912e-05,0.00012902823800686747,0.0003305959398858249,0.0004193100903648883,0.0006457236013375223,0.004676514305174351
72,The country of citizenship of Liam Lynch is,The country of citizenship of the director of Sarah Silverman: Jesus Is Magic is,Liam Lynch,the director of Sarah Silverman: Jesus Is Magic, United States,3.3068192806240404e-07,1.1021403167887911e-07,3.803861261530983e-07,3.252832243560988e-07,4.628893464087014e-07,2.1739671751674905e-07,4.0709373649860936e-08,2.993505532344898e-08,4.715806056765359e-08,1.2061174459176982e-07,2.6891427751252195e-07,1.993819296330912e-07,9.022929248203582e-07,1.1156973869219655e-06,1.2361647350189742e-06,6.706819704049849e-07,2.3833241868942423e-07,2.975019697259995e-07,4.854568373957591e-07,9.491940318184788e-07,1.0460983048687922e-06,1.5032042938400991e-05,1.9789347788901068e-05,3.3160311431856826e-05,5.106238677399233e-05,1.1395489309506956e-05,2.3805567252566107e-05,7.959916729305405e-06,8.470111424685456e-06,7.0226428761088755e-06,5.1002139116462786e-06,2.061855047941208e-05,1.986700954148546e-05,1.774564771039877e-05,1.891198189696297e-05,5.860048622707836e-05,0.00045834563206881285,0.00018910756625700742,0.0002921436389442533,0.0002020040701609105,0.000841653672978282,0.00011830595758510754,2.7565286164765723e-10,1.175482733373201e-08,5.8786529422150124e-08,1.352449174873982e-07,8.333233125767947e-08,6.037588917706671e-08,9.810447210156781e-08,1.0613550038840458e-08,1.1394442722689746e-08,1.3773128415550673e-08,5.229353394753389e-09,1.44878697927453e-09,1.8100693166545057e-09,7.013294806013093e-11,9.08417993605859e-11,2.8394725459790493e-10,1.8776649679530522e-10,1.6052002392227815e-12,1.4167157030842148e-11,4.56028444173473e-12,4.8977167807495725e-12,2.252435390981411e-11,2.9302237719575075e-11,4.719667018315832e-11,8.546084673266563e-11,1.8758695985443552e-10,9.019869920412482e-12,1.4407498631630045e-11,3.249416014039497e-11,1.9578609566917038e-11,1.9645629567577316e-10,2.0434041958505844e-10,1.1698865487463905e-10,1.1615862438585367e-10,3.7032019117866355e-10,3.365717704539861e-10,1.9237031412266958e-10,6.432423482749527e-10,0.2557501196861267,0.017845479771494865
73,The place of birth of Çesk Zadeja is,The place of birth of the composer of Tana is,Çesk Zadeja,the composer of Tana, Shkodër,2.958981531264726e-05,3.7247150430630427e-06,5.277458967611892e-06,8.08005495400721e-07,1.2591416975737957e-07,5.43087850246593e-08,2.9048379701634985e-08,8.35568556567523e-08,8.782917575445026e-07,9.259362059310661e-07,5.927194024479832e-07,4.858095508097904e-07,1.356329448753968e-07,3.127789511836454e-07,2.0192089777992805e-07,5.260983471089276e-07,5.012873316445621e-07,1.5196022786767571e-06,3.74793671653606e-06,2.9156285563658457e-06,1.6580977444391465e-06,8.63036166265374e-06,6.267921889957506e-06,8.791444088274147e-06,1.0275261047354434e-05,2.583842160674976e-06,6.126333119027549e-06,6.404621217370732e-06,1.5000638313722447e-06,3.145783239233424e-06,1.87402474693954e-06,1.5129350003917352e-06,1.720068758004345e-05,1.4607364391849842e-05,8.181165867426898e-06,9.376733032695483e-06,4.561388777801767e-06,2.1480714167410042e-06,8.52489574754145e-06,6.099532129155705e-06,3.0760834306420293e-06,3.6972078305552714e-06,2.0943662093486637e-06,1.5774063513163128e-06,1.4280523146226187e-06,2.7887685973837506e-06,1.8905958540926804e-06,3.4660472465475323e-06,2.2077006178733427e-06,1.4512824009216274e-06,5.416978865468991e-07,4.371127886315662e-07,7.700026003476523e-07,4.548755896394141e-07,2.1524817839235766e-07,2.0426109870186338e-07,1.6820823134366947e-07,1.3747724381119042e-07,1.9233129933127202e-07,5.112125904815912e-07,7.012056357780239e-07,4.2996774141101923e-07,6.719155294376833e-07,6.432878308260115e-06,6.554542778758332e-06,8.985855856735725e-06,5.252946721157059e-06,5.1798078857245855e-06,3.6167652979202103e-06,3.5396558359934716e-06,3.8913649405003525e-06,1.5301160601666197e-05,1.3585046872321982e-05,2.963343467854429e-05,7.214675133582205e-05,0.17520274221897125,0.07562936097383499,0.019005177542567253,0.02433987893164158,0.006966004613786936,0.0016707078320905566,0.5530678629875183
74,The place of birth of Dulce of Aragon is,The place of birth of the mother of Theresa of Portugal is,Dulce of Aragon,the mother of Theresa of Portugal, Barcelona,1.2104193274353747e-06,1.1495068292788346e-06,3.97618669012445e-06,2.582688921393128e-06,4.284248461772222e-06,2.4154121547326213e-06,3.6258447835280094e-06,7.759028903819853e-07,4.839435518988466e-07,1.7458406773585011e-06,4.685747171606636e-06,1.7299865930908709e-06,8.483176543450099e-07,1.2813777630071854e-06,1.966390300367493e-06,1.4215960391084081e-06,2.565700242485036e-06,5.682546543539502e-06,5.5461305237258784e-06,3.3918483950401423e-06,2.893996452257852e-06,6.932892119948519e-06,1.3694838344235905e-05,2.2837117285234854e-05,3.04047207464464e-05,1.1131535757158417e-05,5.933678494329797e-06,6.383681466104463e-06,1.9109340428258292e-05,2.1047295376774855e-05,3.067281431867741e-05,3.669485522550531e-05,6.427909102058038e-05,8.580459689255804e-05,0.00010958642087643966,9.264567052014172e-05,6.22700245003216e-05,0.0004918738850392401,0.00026141238049604,0.0003489416267257184,0.00017939385725185275,0.0005647526704706252,0.003901161253452301,0.002832254394888878,0.003083575516939163,0.0032743357587605715,0.0015508183278143406,0.0007516868645325303,0.001034880056977272,0.0015995760913938284,0.0011698149610310793,0.001403458067215979,0.0014368664706125855,0.0011947756865993142,0.000889949849806726,0.003880060976371169,0.004592378158122301,0.003915607463568449,0.003601643955335021,0.002460316987708211,0.0014791595749557018,0.0014640146400779486,0.0022832739632576704,0.001692076213657856,0.002256076317280531,0.002298995153978467,0.0008886493742465973,0.0007292755763046443,0.0007617106311954558,0.0009295744821429253,0.000981562421657145,0.001079290988855064,0.001084430725313723,0.0006075307028368115,0.0016141599044203758,0.0009126827935688198,0.0006573135033249855,0.0037707898300141096,0.008015916682779789,0.06522709131240845,0.00014105811715126038,0.007420875132083893
75,The country of citizenship of Master P is,The country of citizenship of the director of No Tomorrow is,Master P,the director of No Tomorrow, American,1.6456493767691427e-06,1.244170675818168e-06,2.9213877041911473e-06,2.192589590777061e-06,1.8319610717298929e-06,8.429227023043495e-07,6.827614811300009e-07,4.680267011281103e-06,5.018472165829735e-06,9.157748195320892e-07,2.870240905394894e-06,1.4784128552491893e-06,6.1263649513421115e-06,3.5303896765981335e-06,9.874383977148682e-07,2.447135329930461e-06,6.612943707295926e-06,1.1620897566899657e-05,2.821369344019331e-05,4.967775385011919e-05,4.232933861203492e-05,4.900316343992017e-05,5.56304476049263e-05,5.076777233625762e-05,9.088248771149665e-05,2.3017459170660004e-05,1.7332076822640374e-05,6.093428601161577e-05,0.0002549506607465446,0.0007347771315835416,0.0005173507961444557,0.0005864282720722258,0.0009871225338429213,0.0013594238553196192,0.0004422198690008372,0.0006704829283989966,0.00377586274407804,0.004669642075896263,0.003057844238355756,0.005141237284988165,0.0022001354955136776,0.0023849813733249903,0.0008525847224518657,0.0006546358927153051,0.0008061338448897004,0.0006017971900291741,0.0003530140675138682,0.00034548144321888685,0.0003359043039381504,5.9007103118347004e-05,0.0001840428012656048,0.00026525737484917045,0.0004101342346984893,0.00017843226669356227,0.00013360704178921878,0.00015667440311517566,0.00017818449123296887,0.00016537231567781419,0.00010220162221230567,8.171582157956436e-05,0.00010186699364567176,0.0001358477456960827,6.500016752397642e-05,0.00011031695612473413,0.00013373680121731013,0.00011113337677670643,0.0003546990919858217,0.00040316887316294014,0.0001495701726526022,0.00024535463307984173,0.00021983364422339946,0.00031389648211188614,0.00030964615871198475,0.00040124639053829014,0.000563280947972089,0.004556037951260805,0.003705751383677125,0.005069459788501263,0.006334254518151283,0.0016713440418243408,0.011531917378306389,0.07208684831857681
76,The place of death of James Bauer is,The place of death of the director of The Black Star is,James Bauer,the director of The Black Star, Argentina,1.0383578228356782e-06,2.2778554864544276e-07,6.053487595636398e-07,5.680695949195069e-07,9.5482596407237e-07,1.110186531150248e-06,3.85007695058448e-07,1.7104498795106338e-07,1.2132035465128865e-07,2.3833235900383443e-06,3.28698183693632e-06,2.3532579689344857e-06,8.240104421020078e-07,1.8005501942752744e-06,1.7998931980400812e-06,4.158658612141153e-06,2.099833409374696e-06,2.828053993653157e-06,1.516157226433279e-06,8.113360308925621e-06,2.0982124624424614e-06,3.495761575322831e-06,5.007847903470974e-06,8.090258234005887e-06,2.2835349227534607e-05,3.9879552787169814e-05,1.8034597815130837e-05,9.332698027719744e-06,6.2572307797381654e-06,4.699775217886781e-06,3.002377980010351e-06,4.383956365927588e-06,1.109599725168664e-05,8.85530789673794e-06,1.3255307749204803e-05,7.025629201962147e-06,3.3232822715945076e-06,4.879791049461346e-06,4.078319761902094e-06,1.1107645150332246e-05,1.5527937648585066e-05,3.0425540899159387e-05,3.26467452396173e-05,2.7492709705256857e-05,9.857096301857382e-06,4.911986707156757e-06,5.6901817515608855e-06,7.480105068680132e-06,7.1043314164853655e-06,4.034372977912426e-06,2.2086335320636863e-06,1.0893743365159025e-06,1.2301985634621815e-06,1.3852777556166984e-06,1.3070219893052126e-06,1.4248805655370234e-06,1.2847324342146749e-06,1.4013014606462093e-06,2.039099399553379e-06,2.148937710444443e-06,2.1545527033595135e-06,1.7680291648503044e-06,2.6635739232006017e-06,2.759213430181262e-06,4.928712314722361e-06,4.510677626967663e-06,4.153958798269741e-06,4.679981429944746e-06,6.08276513958117e-06,8.46148031996563e-06,6.344035227812128e-06,5.934771252213977e-06,5.320741820469266e-06,6.476351245510159e-06,6.76493937135092e-06,7.306033694476355e-06,9.692612366052344e-06,1.0225513506156858e-05,1.0038762411568314e-05,3.755092257051729e-05,6.309564196271822e-05,1.3062479411019012e-05
77,The place of birth of Björk is,The place of birth of the performer of Oceania is,Björk,the performer of Oceania, Reykjavík,8.108848987831152e-07,7.776912980261841e-08,4.830027364732814e-07,8.469674526168092e-07,3.884940014131644e-08,8.199237555572836e-08,1.9608602030984912e-07,1.451129833185405e-06,1.072384839062579e-05,3.1142501484282548e-06,1.993488467633142e-06,1.6194528598134639e-06,1.0144199222850148e-06,1.0292371825926239e-06,8.639893280815159e-07,8.45255812009782e-08,2.3956394556989835e-07,2.6348578785473364e-07,1.5977397538335936e-07,8.60825934978493e-07,4.4489256652013864e-06,6.6057291405741125e-06,3.523263876559213e-05,0.000232182108447887,0.00033664179500192404,4.3600768549367785e-05,2.066363231278956e-05,1.1888586413988378e-05,2.0068173398613e-06,3.68703967978945e-06,7.854578143451363e-05,8.146916661644354e-05,0.0002872227050829679,0.0013930951245129108,0.0004433322756085545,0.0010318462736904621,0.0003012677771039307,0.008725976571440697,0.009375897236168385,0.03878524899482727,0.01432061567902565,0.0149178272113204,0.027602700516581535,0.030725941061973572,0.022117167711257935,0.16610750555992126,0.08494659513235092,0.08099979162216187,0.08756355196237564,0.15012319386005402,0.04278093948960304,0.04694850742816925,0.0467723123729229,0.06698624044656754,0.08771146833896637,0.2141956388950348,0.30109837651252747,0.5795471668243408,0.37573063373565674,0.290740430355072,0.2791707515716553,0.42836111783981323,0.2991991937160492,0.46932363510131836,0.3122880458831787,0.3687380254268646,0.4767422676086426,0.5096453428268433,0.40585601329803467,0.3907700479030609,0.3790445029735565,0.49884775280952454,0.49542322754859924,0.6243454217910767,0.6683459877967834,0.8141550421714783,0.7460389733314514,0.4066733419895172,0.3220982849597931,0.12998434901237488,0.00015055217954795808,0.7304073572158813
78,The date of death of Susan of Albania is,The date of death of the mother of Prince Leka of Albania is,Susan of Albania,the mother of Prince Leka of Albania, 17 July 2004,2.3620256683898333e-07,1.0787401549805509e-07,1.2341999536147341e-05,0.00025154833565466106,0.0005172693636268377,6.579640466952696e-05,3.2959414966171607e-06,3.13940546448066e-07,3.5864306369148835e-07,4.776592845701089e-07,1.948893668668461e-07,1.2413254808052443e-05,4.993646030015952e-07,7.56481188801672e-09,7.469206764199043e-08,2.8616673475312382e-08,9.17436082659151e-08,9.076980518329947e-07,7.080811315063329e-07,2.535416854243522e-07,3.194779196746822e-07,4.295708038171142e-07,1.7943555121746613e-06,1.348318960481265e-06,6.905348982400028e-06,4.361605169833638e-05,0.0001559157099109143,4.520046786637977e-05,7.652745921404858e-07,7.592918223053857e-07,1.0134738204214955e-07,5.209633400227176e-07,3.781354962484329e-07,3.487269282231864e-07,3.459168510744348e-06,3.66970311915793e-06,2.543985829106532e-05,1.3641837540490087e-05,2.1299423679010943e-05,1.2321919712121598e-05,8.720702680875547e-06,2.3765082005411386e-05,9.393399523105472e-06,6.021462468197569e-06,2.915095592470607e-06,1.913624146254733e-06,1.4433067008212674e-06,7.621837312399293e-07,1.5049812418510555e-06,1.7202017943418468e-06,1.9007443370355759e-06,5.294557013257872e-06,3.8534708437509835e-06,2.930785967691918e-06,4.060216724610655e-06,6.450218279496767e-06,3.585559852581355e-06,1.6211135971389012e-06,1.2262610198376933e-06,1.0530243343964685e-06,1.4389285070137703e-06,2.0368559034977807e-06,1.3254848454380408e-06,8.372547881663195e-07,1.7299578303209273e-06,1.4217158650353667e-06,2.807688360917382e-06,2.0237300759617938e-06,1.9343187886988744e-06,2.13313865060627e-06,3.388646746316226e-06,5.054754183220211e-06,1.6783616274551605e-06,1.2428741911207908e-06,4.22065454586118e-07,3.303294704437576e-07,2.869301169994287e-07,3.1322360882768407e-06,0.00032601546263322234,0.0021004362497478724,0.011204048991203308,0.029535215348005295
79,The place of death of Augustus II the Strong is,The place of death of the spouse of Christiane Eberhardine of Brandenburg-Bayreuth is,Augustus II the Strong,the spouse of Christiane Eberhardine of Brandenburg-Bayreuth, Warsaw,1.5464571561096818e-06,6.881133231217973e-06,2.4646957172080874e-05,9.340843462268822e-06,3.058700167457573e-05,4.69685037387535e-05,2.865965689125005e-05,1.4140764506009873e-05,4.5715000851487275e-06,1.8597920643514954e-06,3.0886214972269954e-06,4.909359176963335e-06,6.299670349108055e-05,7.426539377775043e-05,0.00010161358659388497,4.113200702704489e-05,1.6751188013586216e-05,3.106000349362148e-06,8.29605198759964e-07,1.5232958503474947e-06,7.913636181910988e-06,6.896561444591498e-06,2.465461875544861e-05,1.2109966519346926e-05,8.789294952293858e-06,3.719074811669998e-06,2.939851128758164e-06,1.7965345477932715e-06,3.0606911423092242e-06,9.826081623032223e-06,1.2498082469392102e-05,1.5048096884129336e-06,1.6298125729008461e-06,2.576100541773485e-06,1.608109641892952e-06,6.804069130339485e-07,7.997219313438109e-07,2.0165434762020595e-06,5.7968713917944115e-06,3.55538077201345e-06,7.210001058410853e-06,5.590766249952139e-06,2.4767305148998275e-05,3.714215927175246e-05,3.465054396656342e-05,3.0453478757408448e-05,3.7889105442445725e-05,3.018629467987921e-05,5.750235141022131e-05,7.272000220837072e-05,5.7135890529025346e-05,4.3755280785262585e-05,8.789924322627485e-05,0.00011831497249659151,0.00012149655231041834,8.87585774762556e-05,9.594052244210616e-05,0.0002390184672549367,0.000223852475755848,0.00021096468844916672,0.0003328650782350451,0.0003785253793466836,0.00035944918636232615,0.0002819793298840523,0.00035681630834005773,0.0004030102281831205,0.00037169549614191055,0.00046491555985994637,0.0005077291862107813,0.00047297164564952254,0.0003848573542200029,0.0004945419495925307,0.0004705530300270766,0.0005901354597881436,0.00048396465717814863,0.0015075606061145663,0.002885886002331972,0.004552619531750679,0.003056142246350646,0.008901072666049004,0.00010643054702086374,0.047799404710531235
80,The spouse of Anup Sengupta is,The spouse of the director of Bangla Bachao is,Anup Sengupta,the director of Bangla Bachao, Piya Sengupta,2.7309351224857892e-08,1.5992448254564806e-07,1.343683493360004e-06,7.91911588748917e-06,3.270591548698576e-07,2.490754127393302e-07,3.7829146037893224e-08,1.1468342364651107e-07,2.5193814963131445e-06,1.216082637256477e-06,1.9464206957309216e-07,3.670698731639277e-07,3.7864032265133574e-07,8.181444854926667e-07,7.691538144172227e-07,3.8457022810689523e-07,9.026265956890711e-08,1.356046823275392e-06,7.217892630251299e-07,1.3748746141573065e-06,1.0516009751881938e-06,3.629129992077651e-07,3.8018791315153067e-07,7.571734386147e-07,4.482879489842162e-07,4.514686224865727e-07,3.1990188631425553e-07,2.284100446559023e-06,1.590426677466894e-06,3.05933411937076e-07,9.16536919248756e-07,1.3172635817682021e-06,5.140540224601864e-07,2.0472445783070725e-07,2.2451533823186764e-06,2.30049658966891e-06,5.730315137952857e-07,1.0061670536742895e-06,4.891630283054837e-07,7.607354177707748e-07,4.198735155114264e-07,5.610973516922968e-07,4.4414366584533127e-07,1.833128777661841e-07,1.5585861490308162e-07,2.1522561155506992e-07,3.522795566368586e-07,2.462004147218977e-07,1.7835687060596683e-07,3.78378842924576e-07,3.0237728765314387e-07,5.134355660629808e-07,1.1192931879122625e-06,2.34135359278298e-06,2.6394839096610667e-06,3.125013790850062e-06,1.6517976746399654e-06,1.5874962855377817e-06,2.577718532847939e-06,3.778451400648919e-06,3.8837347346998286e-06,5.02801140100928e-06,5.754692210757639e-06,8.724677172722295e-06,8.233256266976241e-06,6.946187113499036e-06,5.128063548909267e-06,9.365315236209426e-06,1.4329330952023156e-05,2.7460113415145315e-05,7.746168557787314e-05,7.199943502200767e-05,7.662667485419661e-05,8.865585550665855e-05,8.530360355507582e-05,0.0001976134954020381,0.0002997232659254223,0.0004596031503751874,0.0005514387739822268,0.00063835404580459,7.513263426517369e-06,0.0006768736056983471
81,"The place of death of James Hamilton, 4th Duke of Hamilton is","The place of death of the father of Sir James Abercrombie, 1st Baronet is","James Hamilton, 4th Duke of Hamilton","the father of Sir James Abercrombie, 1st Baronet", Hyde Park,4.4001190246945043e-08,1.5091383431808936e-07,6.305499766767753e-08,7.952075442574369e-09,7.18196702109708e-08,3.430603712217817e-08,1.460840071132452e-08,1.3911023444279635e-08,7.126758561071256e-08,1.4998489916706603e-07,1.5348959436778387e-07,8.43579186948773e-07,2.0648942609113874e-06,2.0069319361937232e-06,4.424362941790605e-06,1.401410554535687e-05,1.1183404240000527e-05,3.0129856440908043e-06,8.473919479001779e-06,3.261136271248688e-06,1.671648078627186e-06,1.993125260923989e-05,8.7193957369891e-06,2.541205958550563e-06,4.082861323695397e-06,6.3547081481374335e-06,4.807949949281465e-07,1.9489482383505674e-07,1.821848485406008e-07,1.4985467089445592e-07,1.4059364161767007e-07,1.2874464516698936e-07,9.412113968210178e-07,2.9666497880498355e-07,3.9080816804926144e-07,9.049870897115397e-08,2.122598488085714e-07,3.5498189276950143e-07,8.14658847048122e-07,2.5734451014614024e-07,6.670707080047578e-07,4.692547008744441e-07,8.803315267869039e-07,4.887253339802555e-07,4.3591225562522595e-07,6.066737796572852e-07,1.085830604097282e-06,1.2127467243772116e-06,1.351517425973725e-06,1.7734205357555766e-06,2.2815424927102868e-06,1.8569844542071223e-06,2.2857329895487055e-06,1.556407255520753e-06,7.785899356349546e-07,1.577844841449405e-06,1.9176395653630607e-06,1.7939897816177108e-06,1.4668472658740939e-06,5.621794230137311e-07,5.002393663744442e-07,7.547477025582339e-07,5.517211434380442e-07,5.372767191147432e-07,1.865929988298376e-07,1.9596033951074787e-07,2.3399722692829528e-07,3.483463899556227e-07,5.57777525500569e-07,3.997054704996117e-07,7.848332757021126e-07,1.2502072195275105e-06,2.556711478973739e-06,2.3868742573540658e-06,4.312934834160842e-06,1.16012206490268e-05,7.237584668473573e-06,2.885024150600657e-05,2.126210165442899e-05,0.0001607663434697315,1.045681869982218e-06,0.00012022194277960807
82,The place of death of Amelia Pincherle is,The place of death of the mother of Sabatino Enrico 'Nello' Rosselli is,Amelia Pincherle,the mother of Sabatino Enrico 'Nello' Rosselli, Florence,7.543578249169514e-06,1.4501930536425789e-06,7.767422971483029e-07,6.243816415008041e-07,1.9052622235449235e-07,4.2444017367415654e-07,1.0243591077596648e-06,1.6751688463045866e-06,1.0411144103272818e-05,8.148845154209994e-08,1.0506467333470937e-05,1.6375068298657425e-05,9.738543667481281e-06,1.2026123840769287e-05,1.1787736184487585e-05,2.8496542654465884e-06,9.859784313448472e-07,1.8349194306210848e-06,3.0941575914766872e-06,3.758414948151767e-07,1.342355204769774e-07,2.629413415888848e-07,1.2762581036440679e-06,1.9879463764027605e-07,7.103310650791173e-08,5.534216995783936e-08,9.872398720744968e-08,1.3213302452186326e-07,8.27753581233992e-07,2.989419726873166e-06,2.1434279062759742e-07,5.980895707580203e-07,3.1553665280625864e-07,5.067484494247765e-07,5.076765887679358e-07,7.424465024996607e-07,1.9551646346371854e-07,1.6662940538481052e-07,1.0362445124201258e-07,4.634912542655911e-08,8.179588206758126e-08,8.534481565902752e-08,1.041704891235895e-07,1.7329934109966416e-07,2.1319362986105261e-07,1.6196511865018692e-07,7.20957757494034e-07,4.335196592819557e-07,3.3048439718186273e-07,3.538854400630953e-07,1.6565601868023805e-07,2.1102822245211428e-07,1.9285945995761722e-07,9.099582598537381e-08,7.576065286230005e-08,4.283732835119736e-08,5.8266429903142125e-08,2.4307149715241394e-07,1.4415016380553425e-07,1.54320488832127e-07,1.8659352463146206e-07,1.47458763422037e-06,1.298441361541336e-06,1.1102321195721743e-06,1.9564702142815804e-06,3.7069428344693733e-06,5.772099484602222e-06,9.353521818411537e-06,1.7014992408803664e-05,9.404562661075033e-06,6.450546152336756e-06,1.3230514014139771e-05,9.270504051528405e-06,1.5664167221984826e-05,1.0296971595380455e-05,2.461583608237561e-05,3.2890631700865924e-05,5.065146979177371e-05,6.406113971024752e-05,5.108775076223537e-05,0.004282880574464798,0.005396418273448944
83,The country of citizenship of Artuq is,The country of citizenship of the father of Ilghazi is,Artuq,the father of Ilghazi, Seljuq empire,1.8204497109763906e-07,6.713201514685352e-07,2.8717448685711133e-07,4.083502602725275e-08,1.153728135250276e-07,7.547917135752868e-08,9.090828712032817e-08,2.724194203551633e-09,1.0144667328404466e-08,8.644567728310903e-09,4.712995149702692e-08,1.008321177664584e-07,5.487938636861145e-08,1.5803298936134524e-07,1.0945034745191151e-07,1.6384958598791854e-06,4.349714401996607e-07,5.466433776746271e-06,7.846929293009453e-07,3.484449848656368e-07,1.9814926588423987e-07,2.335799990760279e-06,1.4790060731684207e-06,2.8837581567131565e-07,5.562666842706676e-07,8.824368791238157e-08,5.3985694137281826e-08,4.751956339532626e-07,4.3291601059536333e-07,1.3268746670291875e-06,6.02839577368286e-07,3.2515861221327214e-06,1.0406795809103642e-05,5.836024229211034e-06,5.854501068824902e-06,1.0322368325432763e-05,1.0980529623338953e-06,4.308805728214793e-06,4.835808795178309e-06,2.580190084700007e-06,2.567642923168023e-06,2.9098578124830965e-06,3.6472104056883836e-06,3.078105464737746e-06,1.2736945791402832e-06,3.0730548132851254e-06,2.2601882392336847e-06,2.610192723295768e-06,4.19516163674416e-06,4.080361577507574e-06,4.1702992348291446e-06,2.4440951165161096e-06,1.2662699191423599e-06,1.3591832157544559e-06,4.427110127380729e-07,5.420123443400371e-07,2.2553855671958445e-07,1.710053680881174e-07,2.1441429964852432e-07,2.3649903369005187e-07,3.1542438705400855e-07,2.667051148819155e-07,1.8304466209428938e-07,3.062354494431929e-07,2.5447263851674506e-07,2.825989611210389e-07,2.6386121021459985e-07,3.680235636238649e-07,3.956702130381018e-07,2.74797798738291e-07,6.429125960494275e-07,4.600775866947515e-07,9.190562764160859e-07,1.072891450348834e-06,1.2091694543414633e-06,6.435531076931511e-07,6.983562457207881e-07,3.18495835927024e-07,1.4389675584425277e-07,9.228372022107578e-08,0.00016102327208500355,1.6072915968834423e-05
84,The country of citizenship of Ricardo Mella is,The country of citizenship of the father of Urania Mella Serrano is,Ricardo Mella,the father of Urania Mella Serrano, Spain,2.04405273507291e-06,7.302824087673798e-07,4.901465899820323e-07,1.4259627505452954e-06,1.335530100732285e-06,1.4766746971872635e-06,1.619589625079243e-06,1.0491550028746133e-06,8.770384170020407e-07,4.7363502631014853e-07,9.70012820289412e-07,1.3643126521856175e-06,1.145184000961308e-06,7.758735591778532e-07,1.9451829302852275e-07,2.7145256353833247e-07,1.9985564847502246e-07,1.2286358241908601e-07,2.137936689905473e-07,5.3029850732855266e-08,9.472841355773198e-08,4.56307617469065e-07,1.1363979268708135e-07,1.5462003943866875e-07,1.9573337795009138e-07,1.4408566073598195e-07,2.4891093630685646e-07,4.0469660689268494e-07,1.1271719557726101e-07,5.767182997828968e-08,8.723830546841782e-07,1.1007348348357482e-06,1.0162985972783645e-06,2.910456657900795e-07,4.390352046357293e-07,1.0845117230928736e-06,1.6195448324651807e-06,0.00030521993176080287,0.00012774359493050724,0.00011469871969893575,8.47736228024587e-05,0.00021205635857768357,0.00024044595193117857,0.00023549575416836888,0.0006641024956479669,0.0002528688055463135,0.0001581099786562845,0.00017022850806824863,0.00012422171130310744,0.00012788447202183306,0.00010146781278308481,0.00021740140800829977,0.0002991664223372936,0.00040836940752342343,0.000553030171431601,0.0008674082346260548,0.004748590290546417,0.007546402979642153,0.017210517078638077,0.008190371096134186,0.007485769223421812,0.011182704009115696,0.019876429811120033,0.019622264429926872,0.0076660350896418095,0.007928612641990185,0.01492242980748415,0.007651267573237419,0.010598682798445225,0.02122379094362259,0.0029518224764615297,0.0033841575495898724,0.0056730411015450954,0.00579459872096777,0.007993490435183048,0.015585128217935562,0.009812841191887856,0.0022354559041559696,0.004907629918307066,0.0014467982109636068,0.33268219232559204,0.7594076991081238
85,The place of birth of George Whaley is,The place of birth of the director of Clowning Around is,George Whaley,the director of Clowning Around," Castlemaine, Victoria, Australia",2.6560360311123077e-06,2.623636191856349e-06,6.799320544814691e-06,4.014873411506414e-06,2.0496399883995764e-06,8.087546916613064e-07,7.158405992413464e-07,1.886399303430153e-07,9.332294581554379e-08,1.0785888804321075e-07,2.5695254635138554e-07,1.0399076018074993e-06,4.082029590790626e-06,1.3129418903190526e-06,4.077320454598521e-07,2.5812911985667597e-07,6.111789616625174e-07,4.105275408505804e-08,1.376677083442246e-08,3.592982977806969e-08,6.256491325018487e-09,2.244330588041521e-08,1.3422790345885005e-07,1.4148754701182042e-07,3.631576106499779e-08,3.558450600849028e-08,2.311134394972214e-08,1.540469263261457e-08,3.6020528781932626e-09,5.285707427304942e-09,2.4796385389436182e-08,9.595601824230471e-08,6.732103230433495e-08,1.820853867684491e-07,1.3843209956121427e-07,2.687930589218013e-07,2.542920753967337e-07,3.582204612939677e-07,5.175177193450509e-07,2.194461359295019e-07,2.0482586648995493e-07,2.3290462536351697e-07,5.669821234732808e-07,1.033897547131346e-06,6.384240691659215e-07,2.7024984206036606e-07,1.596035161810505e-07,1.4196695019563776e-07,1.3412055466233141e-07,7.480588237740449e-08,3.578916718538494e-08,3.834528428114936e-08,5.3553389278704344e-08,2.4739660986483614e-08,3.1015037649240185e-08,2.6701611588464402e-08,8.125790706969838e-09,4.13012424260728e-09,4.393355013121436e-09,6.4559282364484716e-09,8.966602571547355e-09,1.3083733207963633e-08,8.133230977591666e-09,9.865595451685749e-09,1.0937042382863638e-08,1.2950633454522631e-08,2.7076300312955937e-08,2.2037752955839096e-08,1.2101041946266378e-08,1.155594198110066e-08,1.7358571469117123e-08,2.7912230748938782e-08,2.1259070948076442e-08,1.0735494271330026e-08,1.6334309904664224e-08,1.865287657665249e-08,2.5097950384633805e-08,4.461023550561549e-08,2.79929199820117e-08,1.2714062336272036e-07,0.00018288528372067958,7.346677648456534e-06
86,The place of burial of Kato Svanidze is,The place of burial of the mother of Yakov Iosifovich Dzhugashvili is,Kato Svanidze,the mother of Yakov Iosifovich Dzhugashvili, Tiflis,4.367860128695611e-06,2.1412755302208097e-07,1.438088133909332e-06,4.8603474169794936e-06,1.8828194470188464e-06,7.017101211204135e-07,7.060954487769777e-08,2.0689648749794287e-07,2.674138670499815e-07,5.989815576867841e-07,7.248739279930305e-07,2.3039856387185864e-06,1.1084539437433705e-06,1.0836363344424171e-06,1.6356898413505405e-06,3.570432056676509e-07,2.4662429041200085e-06,1.1759305380110163e-05,1.2944356058142148e-05,3.6646746593760327e-05,8.657157195557375e-06,2.42117494053673e-05,1.1646698112599552e-05,6.400807706086198e-06,4.5875935938965995e-06,7.2276470746146515e-06,7.242946594487876e-06,8.048876043176278e-05,9.912938548950478e-05,1.9321909348946065e-05,1.765577690093778e-05,1.2021850125165656e-05,1.3444632713799365e-06,2.706259920159937e-06,3.872392881021369e-06,3.8039113405829994e-06,4.591556262312224e-06,6.558135282830335e-06,4.784113571076887e-06,5.4074539548309986e-06,7.308105523406994e-06,5.262423201202182e-06,1.1045181054214481e-06,2.8164797640783945e-06,4.873082161793718e-06,5.230396709521301e-06,2.5467084014962893e-06,2.309899628016865e-06,7.781221000868754e-08,1.140592331694279e-07,1.4801202041780925e-08,2.9279703994689044e-08,7.139680491263789e-08,1.8192109507708665e-07,1.51420266547575e-07,2.7299511984324454e-08,2.250511776935582e-08,8.066882628554595e-08,7.977345006793257e-08,5.618111131866499e-08,1.0855826815259206e-07,3.397598220544751e-07,2.3332707144163578e-07,5.473697228808305e-07,6.152777132228948e-07,3.788290996453725e-07,7.974746267791488e-07,2.953441253339406e-06,2.006921022257302e-06,3.3290675673924852e-06,4.0343711589230224e-06,1.1635974260570947e-05,2.0353210857138038e-05,2.2506259483634494e-05,1.2876862456323579e-05,1.6764741985753062e-06,0.00015093731053639203,0.001221326063387096,0.009146841242909431,0.0001659399422351271,0.0004131327732466161,0.0006387742469087243
87,The place of birth of Marcus Garvey is,The place of birth of the spouse of Amy Ashwood Garvey is,Marcus Garvey,the spouse of Amy Ashwood Garvey, Saint Ann's Bay,1.4373560475178238e-07,7.675761537484505e-08,1.246122138809369e-07,4.293747679184889e-06,2.0206141471135197e-06,3.678250095617841e-06,9.494511914454051e-07,2.881309228541795e-06,3.3826809158199467e-06,1.3458577541314298e-06,1.3988886848892435e-06,2.272866368002724e-06,5.215002147451742e-06,5.165446737009916e-07,9.55327891460911e-07,4.527243163465755e-06,3.6153187465970404e-06,2.6345837795815896e-06,1.168463768408401e-05,5.8994894061470404e-05,1.9080018319073133e-05,1.8960400893774931e-06,1.5914290997898206e-05,7.4876961662084796e-06,3.488683887553634e-06,8.673282536619809e-06,1.0770332664833404e-05,9.674177817942109e-06,7.352320972131565e-05,9.958844748325646e-05,2.1932921299594454e-05,1.619372415007092e-05,5.3007330279797316e-05,5.6759196013445035e-05,0.00014240141899790615,5.094593143439852e-05,0.0002405203995294869,0.0005333476001396775,0.00011003302643075585,2.3854192477301694e-05,1.8972659745486453e-05,2.670261346793268e-05,1.97490426216973e-05,1.8018134142039344e-05,9.631465218262747e-06,4.0205604818766005e-06,3.2895798085519345e-06,4.029835508845281e-06,4.192137566860765e-06,3.7579966374323703e-06,3.4379725093458546e-06,3.4052318369504064e-06,2.3870284167060163e-06,1.3068686257611262e-06,6.180491141094535e-07,4.305171898977278e-07,5.919857812841656e-07,7.545103244410711e-07,3.490163464903162e-07,4.782475002684805e-07,2.667925969035423e-07,2.2669594557100936e-07,4.966945610362927e-08,4.6208700865690844e-08,4.172304457483733e-08,3.307663831719765e-08,6.128308882580313e-08,4.48374457562295e-08,6.055184798015034e-08,8.714624755157274e-08,1.2848121855313366e-07,4.841084546569618e-07,3.134299504381488e-07,9.227800319422386e-07,1.42721296469972e-06,2.275016959174536e-05,2.808002318488434e-05,4.012432327726856e-05,0.00015834903751965612,0.00024052945082075894,0.0020123515278100967,0.10728878527879715
88,"The place of birth of Sizzo, Prince of Schwarzburg is",The place of birth of the spouse of Princess Alexandra Therese Marie of Anhalt is,"Sizzo, Prince of Schwarzburg",the spouse of Princess Alexandra Therese Marie of Anhalt, Rudolstadt,7.813071647433389e-07,8.397377314395271e-06,6.26697510597296e-05,1.3334944014786743e-05,2.806713155223406e-06,6.55810708849458e-06,4.927660484099761e-06,2.0140827473369427e-05,1.8388689568382688e-05,2.4806744477245957e-05,5.921411866438575e-05,0.00014114337682258338,2.7722739105229266e-05,7.6052888289268594e-06,3.5626835597213358e-06,9.031636182044167e-06,5.7784350246947724e-06,4.507673565967707e-06,4.233918843965512e-06,8.66072059579892e-06,2.84266297967406e-06,5.117149612487992e-06,4.301721219235333e-06,3.471775244179298e-06,2.4821306396916043e-06,3.7987169889674988e-06,6.827038305345923e-06,2.731195854721591e-05,3.7019617593614385e-05,2.9017315682722256e-05,6.540882395711378e-07,1.3600384818346356e-06,1.2041413128827116e-06,1.8884668406826677e-07,8.463133553959779e-07,2.9421917133731768e-06,2.901114612541278e-06,7.010780336713651e-06,1.8603396938488004e-06,2.9794141482852865e-06,3.849132554023527e-06,6.032650617271429e-06,3.385916352272034e-05,6.84661790728569e-05,0.00013644230784848332,0.00013493080041371286,0.00016054906882345676,0.00017651576490607113,0.0001531048765173182,0.0001330397353740409,0.0001587104343343526,0.0002922547282651067,0.0003899182192981243,0.0004175173817202449,0.0006323012057691813,0.0007361316820606589,0.0005937898531556129,0.0006787019665353,0.0006169971311464906,0.0008301737252622843,0.0009248773567378521,0.0008927328744903207,0.0008699271711520851,0.0008137846016325057,0.0009595225565135479,0.0009173278231173754,0.0007094924803823233,0.00023059523664414883,0.00018581612675916404,0.0002796193875838071,0.0002755534660536796,0.0006540767499245703,0.0013803873443976045,0.0008784200763329864,0.0013871976407244802,0.01231438759714365,0.0066610174253582954,0.0029146436136215925,0.00634808000177145,0.0014698368031531572,2.6571131456876174e-05,0.0010305753676220775
89,The place of burial of Coretta Scott King is,The place of burial of the mother of Dexter Scott King is,Coretta Scott King,the mother of Dexter Scott King, Georgia,1.452976903237868e-07,3.2267968208543607e-07,5.714250164601253e-06,7.312624347832752e-06,3.315845106044435e-06,3.3329328630316013e-07,1.3129779574683198e-07,2.7045800266023434e-07,5.628302801596874e-07,1.3045455204974132e-07,7.892315778690318e-08,8.008280474314233e-07,1.7184789840030135e-06,6.560262136190431e-06,1.7122158169513568e-05,6.992564522079192e-06,8.022188012546394e-06,5.6602570111863315e-05,1.9125034668832086e-05,0.000156949638039805,0.00023226979828905314,5.965316449874081e-05,3.490511153358966e-05,3.8480542571051046e-05,1.064310345100239e-05,0.00027593583217822015,0.00010917158942902461,2.5334473320981488e-05,0.00012057471030857414,0.00014186548651196063,0.00322900153696537,0.0012885075993835926,0.0009063367615453899,0.0024394793435931206,0.003946917597204447,0.0005052740452811122,0.00025461908080615103,6.892312740092166e-06,5.031990440329537e-06,6.548916644533165e-06,2.9902685128035955e-06,7.747033237137657e-07,1.2529652337889274e-07,4.583303692129448e-08,3.649414992423772e-08,2.7557598869520916e-08,2.181415759139327e-08,1.6345264697292805e-08,3.541182636013218e-08,5.444464079573663e-08,5.0236108606327434e-09,6.396655649609784e-09,9.056606131707667e-09,1.1900001872788835e-08,1.4247399704458985e-08,3.5992449909372226e-08,1.2419698691701342e-07,2.4311975721502677e-07,3.2806690342113143e-07,3.982733858265419e-07,6.720546821270545e-07,8.140085014929355e-07,1.6430672076239716e-06,1.079713456419995e-06,1.0157893939322094e-06,1.2352747944532894e-06,9.927807695930824e-07,8.698719398125832e-07,7.705180564698821e-07,1.0963343584080576e-06,2.6368204544269247e-06,1.7852410110208439e-06,1.2233800816829898e-06,1.5499095979976119e-06,3.2286222904076567e-06,9.18252844712697e-05,1.6948577467701398e-05,1.965197952813469e-05,3.36203993356321e-05,1.1821792213595472e-05,0.0016467231325805187,0.0013708022888749838
90,The country of citizenship of Pinedjem I is,The country of citizenship of the father of Psusennes I is,Pinedjem I,the father of Psusennes I, Ancient Egypt,6.39853606116958e-05,0.00012870572390966117,3.467343412921764e-05,4.189584797131829e-05,8.832805178826675e-05,0.00032197448308579624,0.00021330286108423024,1.4612937775382306e-05,2.108589569616015e-06,5.748354396928335e-06,3.2284381177305477e-06,3.6562657896865858e-06,2.1441826902446337e-05,5.490795956575312e-05,1.3524680980481207e-05,1.304248939959507e-06,4.362214895081706e-06,1.3385429156187456e-06,3.513437150104437e-07,6.604347504435282e-07,4.3753496470344544e-07,4.693402999578211e-08,1.084530708794773e-06,1.6117178347485606e-06,6.9301518124120776e-06,6.9635075305996e-06,1.547263491374906e-05,5.610592779703438e-06,4.508530764724128e-06,6.4988953454303555e-06,3.566609666449949e-05,6.989824669290101e-06,1.0840180038940161e-05,1.1046668987546582e-05,4.7111145249800757e-05,1.128611165768234e-05,1.3731671060668305e-05,6.086624853196554e-05,4.0068713133223355e-05,2.012315599131398e-05,5.865384446224198e-05,0.0002110480418195948,0.00013067452528048307,0.00011805429676314816,0.0004127801803406328,0.000762711395509541,0.001827347674407065,0.0023781037889420986,0.0018501081503927708,0.003063875250518322,0.003157226601615548,0.00221059238538146,0.0017019071383401752,0.0005241772742010653,0.0006677766796201468,0.0004334836849011481,0.0004059748025611043,0.0004616154474206269,0.0002904608263634145,0.000166673373314552,0.000697446521371603,0.0007321939337998629,0.0008345709065906703,0.001952214865013957,0.0019446362275630236,0.0015298195648938417,0.020575912669301033,0.013260827399790287,0.019539257511496544,0.019044699147343636,0.011691254563629627,0.009155632928013802,0.007735464721918106,0.008670283481478691,0.010908761061728,0.019247790798544884,0.02665027789771557,0.028311744332313538,0.03685085102915764,0.2152116447687149,0.0002371536975260824,0.1434268057346344
91,"The place of death of Humphrey Stafford, 1st Duke of Buckingham is",The place of death of the father of Humphrey Stafford is,"Humphrey Stafford, 1st Duke of Buckingham",the father of Humphrey Stafford, Northampton,5.042213615524815e-07,3.3359441431457526e-07,2.3476663955079857e-06,6.246207249205327e-06,6.1585155890497845e-06,1.713424637728167e-07,1.0543491413272932e-07,1.1450064363316415e-07,2.2621709661052591e-07,6.232291411834012e-07,1.8758663600237924e-07,2.1198268314037705e-06,4.169385647401214e-06,6.134819614089793e-06,2.4256265533040278e-05,5.1922761485911906e-05,0.000152934982907027,3.634608947322704e-05,7.593509963044198e-06,3.951546204916667e-06,6.429631866922136e-06,3.477500058579608e-06,2.764229975582566e-06,5.9586833231151104e-05,1.7186439436045475e-05,1.0345414011680987e-05,8.060563231993001e-06,5.586182396655204e-06,4.692433321906719e-06,7.420257588819368e-06,1.9064185607930995e-06,3.1334682262240676e-06,5.238699031906435e-06,2.9244508823467186e-06,9.306348147219978e-06,1.5894581792963436e-06,1.5889407904978725e-06,4.3529862523428164e-06,2.0292584395065205e-06,2.346162546018604e-06,1.6734903738324647e-06,8.187307685147971e-07,4.570079568111396e-07,6.677479404970654e-07,4.5463360720532364e-07,4.490626963615796e-07,3.756195496862347e-07,4.876933985542564e-07,3.151257885747327e-07,1.6910102829115203e-07,2.442315576445253e-07,2.7341312147655117e-07,2.5056385766220046e-07,1.194831469319979e-07,1.014146917555081e-07,8.840574849955374e-08,5.301820493741616e-08,3.02081311076563e-08,4.0288973934821115e-08,4.403002051844851e-08,3.722821162455148e-08,2.499758977592137e-08,2.018819245108716e-08,2.1875443678709416e-08,3.579544838316906e-08,3.2737606403543396e-08,5.8530332580630784e-08,8.221578440270605e-08,1.1539492561496445e-07,2.866650845589902e-07,3.6829430882789893e-07,2.847517350801354e-07,2.0045064275109326e-07,1.6749834230722627e-07,2.0049098736762971e-07,2.393447005033522e-07,2.05183681600829e-07,3.7184619827712595e-07,2.721205305533658e-07,3.374677362444345e-06,7.790907693561167e-05,0.00028069238760508597
92,The country of citizenship of Luis Bayón Herrera is,The country of citizenship of the director of Cuidado con las imitaciones is,Luis Bayón Herrera,the director of Cuidado con las imitaciones, Spanish,2.447871167987614e-07,4.52901730341182e-07,3.8669497826049337e-07,1.6834945881782915e-06,4.104407480554073e-07,5.801940687888418e-07,4.228067496114818e-07,1.6921114820434013e-06,3.7954430354147917e-06,1.7023204463839647e-06,1.274800524697639e-06,5.89326646149857e-07,7.618488666594203e-07,1.0055172197098727e-06,8.737779353396036e-07,4.4438172608352033e-07,1.6211457705139765e-06,2.668687955065252e-07,2.3244268732014461e-07,1.1633821941359201e-06,9.81036237135413e-07,2.100314532071934e-06,7.637906946911244e-07,1.1955803529417608e-06,2.2898270799487364e-06,2.2090328002377646e-06,7.602970413245203e-07,8.787883416516706e-07,3.7657798657164676e-07,4.895468350696319e-07,3.4005959150817944e-06,4.579822871164652e-06,7.521136012655916e-06,8.550684469810221e-06,7.416656899295049e-06,1.039565813698573e-05,3.6173794342175825e-06,8.246599463745952e-05,6.124108767835423e-05,5.254440475255251e-05,0.000113818867248483,5.495347795658745e-05,0.000492073770146817,0.0005774380406364799,0.0003110856923740357,0.0003713104815687984,0.00031244882848113775,0.00017337569443043321,6.989645771682262e-05,5.741990389651619e-05,6.522441253764555e-05,0.0001016396054183133,7.482631190214306e-05,0.0002163356402888894,0.00039475198718719184,0.0006246992270462215,0.001981536392122507,0.001707961899228394,0.002041690517216921,0.0002627614594530314,0.00019496071035973728,0.0003398182161618024,0.0003375582455191761,0.0004260599671397358,0.00047321905731223524,0.0005069594481028616,0.000785088399425149,0.0005363207310438156,0.0003546820371411741,0.000447971309768036,2.6194129532086663e-05,3.599276169552468e-05,2.8987054975004867e-05,3.681659291032702e-05,4.1297935240436345e-05,7.937710324767977e-05,6.050632873666473e-05,3.53183459083084e-05,3.9162572647910565e-05,1.7719416064210236e-05,0.00243777921423316,0.0019686436280608177
93,The place of death of Martino Zaccaria is,The place of death of the father of Bartolomeo (or Bartolommeo) Zaccaria is,Martino Zaccaria,the father of Bartolomeo (or Bartolommeo) Zaccaria, Smyrna,1.6929873254412087e-06,1.8887458281824365e-06,2.0429446578873467e-07,3.442876561621233e-07,2.2500466911878902e-07,3.9114181049626495e-07,1.7832297771747108e-06,2.5732417725521373e-06,4.2656820369302295e-06,2.616626261442434e-06,1.5894430589469266e-06,2.5317076506325975e-06,1.2350718861853238e-05,5.0504804676165804e-06,1.4101686929279822e-06,1.20133563541458e-07,1.968292963283602e-06,1.1124585626021144e-06,2.5111521040344087e-07,1.4018714011854172e-07,3.4312432717342745e-07,2.810168098221766e-07,5.55116116629506e-07,1.919380338222254e-06,3.838345890017081e-07,2.047435373242479e-06,1.8006927348324098e-05,2.4862993086571805e-06,2.0111438061576337e-06,2.196763716710848e-06,4.6230823613768735e-07,2.4878110593817837e-07,5.966853677819017e-07,1.8996375672486465e-07,2.4091303885143134e-07,3.9944335838981715e-08,1.5581832712996402e-08,2.0354436358616113e-08,1.2473577726268559e-08,1.374040614621208e-08,1.1181570336304958e-08,1.3384648056558035e-08,4.272441600505772e-08,3.608037602020886e-08,3.746132648529965e-08,8.091120662356843e-08,4.954571863891033e-08,6.379509898124525e-08,1.679074301819128e-07,5.737619801493565e-08,2.844086388620326e-08,6.55265424143181e-08,3.4070339438585506e-08,3.984504104437292e-08,6.891548309795326e-08,1.5485029791761917e-07,2.0304547376781557e-07,3.001581774242368e-07,3.288797927325504e-07,3.2247118042505463e-07,2.2206643279787386e-07,1.9391625016851322e-07,3.0716932997165713e-07,1.3642961960158573e-07,3.3348530337207194e-07,3.5736033510147536e-07,3.100106198417052e-07,2.0980127146685845e-07,2.0772024811321899e-07,4.317864465974708e-07,5.504964519786881e-07,8.774041475589911e-07,1.0609545597617398e-06,7.941424655655283e-07,1.5342169490395463e-06,1.8480729977454757e-06,6.293939804891124e-06,7.755489605187904e-06,1.6859048628248274e-05,8.099736442090943e-05,3.7508854688894644e-07,2.039089622485335e-06
94,The country of citizenship of Frederick I of Denmark is,"The country of citizenship of the father of Dorothea of Denmark, Duchess of Mecklenburg is",Frederick I of Denmark,"the father of Dorothea of Denmark, Duchess of Mecklenburg", Norway,5.911784342060855e-07,9.818807455985734e-08,1.3569396628554387e-07,1.0923728410716649e-07,6.155519258754794e-07,9.531931368655933e-07,3.692679513278563e-07,3.416853360249661e-07,2.5000067793712333e-08,5.622572274432969e-08,2.236187128801248e-07,4.418184573751205e-08,5.227285271303117e-08,2.5492800759252532e-08,3.347091848127093e-08,7.360741705042528e-08,3.676185258427722e-07,1.2396239981171675e-06,7.037867248982366e-07,7.802102572895819e-07,1.2406769656081451e-06,2.7287691750643717e-07,3.0819219887234794e-07,4.742302053273306e-07,5.167236736269842e-07,5.352942480385536e-07,4.076658512985887e-07,5.563715035350469e-07,1.2355202727576398e-07,2.566085868238588e-07,2.296204257845602e-07,3.2616739531476924e-07,2.258083924289167e-07,1.0881996814759987e-07,2.533828080686362e-07,5.178520723347901e-07,5.292598075357091e-07,4.090543370693922e-07,1.919332532906992e-07,1.901424440120536e-07,1.395111723923037e-07,1.7209599434409029e-07,4.404941478242108e-07,5.838202810082294e-07,5.410289531937451e-07,3.771689023324143e-07,4.3200074628657603e-07,3.707732787461282e-07,3.08057622078195e-07,4.870290126746113e-07,3.830693628970039e-07,2.6930325702778646e-07,2.664990574885451e-07,3.7258095630932075e-07,4.148828907091229e-07,4.041913598484825e-06,3.3248002182517666e-06,2.0315048914198996e-06,2.4785024379525566e-06,2.3181191863841377e-06,1.4887823454046156e-06,1.8019395611190703e-06,1.9414335383771686e-06,1.3565420431405073e-06,9.78652110461553e-07,1.2689760069406475e-06,1.984786649700254e-06,1.8386555211691302e-06,1.2813086414098507e-06,2.8834338650085556e-07,4.7495208832515345e-07,8.226289196500147e-07,1.0103780141434981e-06,2.953528337457101e-07,2.715686093779368e-07,9.334717105957679e-07,5.340001280274009e-06,1.0469166227267124e-05,5.028709438192891e-06,1.9883058484992944e-05,0.012989901006221771,0.004350526258349419
95,The date of birth of  Echigues is,The date of birth of the father of Gomes Echigues is,Echigues,the father of Gomes Echigues, 985,6.275071200434468e-07,8.223893388503711e-08,3.992910819761164e-07,3.2173866202356294e-06,2.591062411738676e-06,1.452947572033736e-06,7.967134479258675e-06,4.791739684151253e-06,7.79299716668902e-06,3.985695457231486e-06,3.857550723296299e-07,3.703329127802135e-07,4.624385212537163e-07,1.2738092891595443e-07,2.0314325865911087e-06,5.460526608658256e-07,7.541639206465334e-06,3.7632198655046523e-06,7.826923138054553e-06,9.697862424218329e-07,2.243413064206834e-06,6.620253316214075e-06,3.875670245179208e-06,5.534461251954781e-06,1.6772117305663414e-05,0.00021980368182994425,0.0018238627817481756,0.0021538666915148497,0.0032605621963739395,0.00436962628737092,0.0009234913741238415,0.0017346212407574058,0.009159517474472523,0.005443073809146881,0.002177552552893758,0.00310946605168283,0.00031870673410594463,0.00014258779992815107,0.0006498954026028514,0.000802339578513056,0.0019419152522459626,0.0011752196587622166,0.0012326918076723814,0.00035159519757144153,0.0001268090127268806,3.8943278923397884e-05,3.406852192711085e-05,3.306350117782131e-05,4.925767643726431e-05,7.162739348132163e-05,4.165163772995584e-05,0.00013939551718067378,0.0007266761385835707,0.0012217313051223755,0.0009422774892300367,0.0009866959881037474,0.000994854373857379,0.0010865716030821204,0.0006883083842694759,0.0006569276447407901,0.0003353566280566156,0.00047918723430484533,0.0006022993475198746,0.000850779062602669,0.0009825616143643856,0.0006754501955583692,0.000513993261847645,0.00046661755186505616,0.0007191157201305032,0.001882310607470572,0.001129529089666903,0.0017649912042543292,0.029500599950551987,0.0379122830927372,0.019230768084526062,0.0035921158269047737,0.1349707394838333,0.2185305505990982,0.09276088327169418,0.00017569873307365924,0.04792439565062523,0.10434214770793915
96,The inception of American Radio Relay League was in,The inception of the publisher of National Contest Journal was in,American Radio Relay League,the publisher of National Contest Journal, 1914,9.71933900473232e-07,2.3331504905854672e-07,2.374286367512468e-08,2.529474443235813e-07,5.694099399988772e-06,1.1259833627264015e-05,5.802105079055764e-06,2.4813195409478794e-07,1.8023757775154081e-06,1.6433394193882123e-05,0.00011477019870653749,1.5535037164227106e-05,1.073398561857175e-05,1.760189661581535e-05,5.0224348342453595e-06,2.103641782014165e-05,5.7719495089259e-05,6.615105667151511e-05,1.2405405868776143e-05,0.0004378295852802694,0.0008590224315412343,0.0002148264757124707,0.0003528960223775357,5.855917697772384e-05,7.445799383276608e-06,3.2715624911361374e-06,1.5547132079518633e-06,3.6128199099039193e-06,4.942837676935596e-06,1.6961237633950077e-05,3.751142503460869e-05,1.697042171144858e-05,2.666539694473613e-05,1.7699938325677067e-05,0.0001202675121021457,1.4027632460056338e-05,3.313932029413991e-05,3.828173066722229e-05,0.00018750641902443022,0.001338204718194902,0.0005509405746124685,8.656105637783185e-05,4.1699888242874295e-05,4.818863999389578e-06,1.458445876778569e-05,6.837714863650035e-06,1.7276198605031823e-06,5.673600753652863e-07,2.837732893112843e-07,1.7356893522446626e-07,2.9620485619830106e-08,1.859170950524458e-08,5.554693149889545e-09,3.7952001541441405e-09,2.232444895611252e-09,1.64976243777204e-09,2.5254029978327708e-09,1.3105061480445102e-09,4.4101480800584625e-10,3.787757607565112e-10,4.766955163937325e-10,2.762219897256557e-10,9.776521259219351e-11,2.551097944003544e-10,2.8658789230640025e-10,2.2232897467500123e-10,1.0262032196228787e-10,8.871765821982791e-11,9.213937945951045e-11,1.2047828013006523e-10,9.485157798083677e-11,9.162972464116237e-11,8.159499742532716e-10,8.499564940755988e-10,2.031884216435742e-09,1.3521932018534244e-08,2.0106234899230913e-08,6.802135033012746e-08,2.6316055823372153e-07,5.187565420783358e-06,0.6020827889442444,0.5647441148757935
97,The place of birth of Reinhold Schünzel is,The place of birth of the director of The Great Awakening is,Reinhold Schünzel,the director of The Great Awakening, Hamburg,3.7414995404105866e-06,5.383826646720991e-07,1.5340420986831305e-06,2.2203646494745044e-06,2.4579646833444713e-06,1.0095129709952744e-06,4.345273794115201e-07,2.5586231799934467e-07,2.100726845810641e-07,6.01758785023776e-08,4.381786666840526e-08,3.39062751208985e-08,2.1108069958586384e-08,1.1419068357554352e-07,1.0394566629656765e-07,1.06226536900067e-06,5.509562470251694e-06,1.1118444263047422e-06,2.5864683266263455e-06,2.3202599095384357e-06,4.7295719696194283e-07,3.2093606705529965e-07,5.287697035782912e-07,2.7427208237895684e-07,1.5359654526037048e-07,3.810137272353131e-08,1.1698070068177913e-07,3.254470755109651e-07,1.1799985486504738e-06,9.034598065227328e-07,4.305894435674418e-06,2.964819941553287e-06,4.139232714805985e-06,2.0215563836245565e-06,1.735642626954359e-06,2.4755402137088822e-06,8.172169714271149e-07,1.6360281733796e-06,1.2591507356773946e-06,4.007790153082169e-07,1.4409714310659183e-07,8.420356323313172e-08,8.253148564563162e-08,8.273536877823062e-08,9.85656996022044e-08,1.6122785950756224e-07,9.403629519511014e-08,1.2022945838907617e-07,3.592492134885106e-07,3.5260620734334225e-07,2.560280734087428e-07,2.8300780741119524e-07,3.3624726825109974e-07,2.0978322368137015e-07,2.394217233359086e-07,2.2423469658860995e-07,2.552548323819792e-07,1.9696591380125028e-07,9.367569475671189e-08,1.7252936856948509e-07,2.387378117418848e-07,2.6422625865052396e-07,2.283333913055685e-07,2.50771904575231e-07,4.969325573256356e-07,3.7495308902180113e-07,3.082913622165506e-07,4.807917548532714e-07,9.97964889393188e-07,1.2054542821715586e-06,2.043764425252448e-06,4.061207619088236e-06,1.3498496628017165e-05,9.185979251924437e-06,8.572724254918285e-06,1.2580527254613116e-05,3.1318666060542455e-06,2.872679033316672e-06,1.6609796148259193e-05,0.00015318863734137267,0.00034202111419290304,0.10717079788446426
98,The place of birth of Hamilton MacFadden is,The place of birth of the director of Hold That Girl is,Hamilton MacFadden,the director of Hold That Girl, Boston,4.182644988759421e-05,3.053185992030194e-06,9.762620720721316e-06,1.4948695024941117e-05,5.2460159167821985e-06,8.460924618702848e-06,6.069578375900164e-06,3.346325001984951e-06,2.09102222470392e-06,1.9442750271991827e-06,6.969141850277083e-07,1.1615638868534006e-06,1.1728766367014032e-06,4.7559610720782075e-06,1.3117107755533652e-06,8.416182595283317e-07,1.5800484334249632e-06,4.4936882659385446e-07,2.538958767672739e-07,4.05116395540972e-07,1.7634732785154483e-07,1.3107964491609891e-07,8.866505822879844e-07,2.318239467058447e-06,2.9213276775408303e-06,1.9219628484279383e-06,7.74373233980441e-07,4.818905381398508e-07,1.3781858569927863e-06,2.5311746867373586e-06,1.2986539559278754e-06,1.9677879663504427e-06,8.452004294667859e-06,2.062886778730899e-05,3.0830098694423214e-05,5.3249117627274245e-05,3.399677007109858e-05,0.000112627494672779,0.0002054300275631249,4.535278640105389e-05,4.499017450143583e-05,3.098994420724921e-05,2.897064587159548e-05,1.4941789231670555e-05,1.4345091585710179e-05,1.5253635865519755e-05,4.5444885472534224e-06,5.931463419983629e-06,7.5093330451636575e-06,7.137281045288546e-06,3.1272313663066598e-06,3.4515840070525883e-06,3.040730007342063e-06,3.81676454708213e-06,2.5458261916355696e-06,6.835028898422024e-07,5.039744337409502e-07,1.8466063522737386e-07,1.2598096077454102e-07,1.5588450708037271e-07,2.2338105054586777e-07,2.949605288904422e-07,1.0715481835177343e-07,8.388015970695051e-08,1.2761471168687422e-07,1.5609207082434295e-07,4.2402606936775555e-07,2.8410198638084694e-07,2.544772428336728e-07,1.8536628942911193e-07,1.0506635561569055e-07,1.0936757632862282e-07,2.2935542176583112e-07,1.5653438367735362e-07,8.663737816050343e-08,3.880330723404768e-07,2.1825428575539263e-07,2.1113055481691845e-07,4.164069196122e-07,1.178240381705109e-06,0.0003059215669054538,0.005256148520857096
99,The place of birth of Agnes Carlsson is,The place of birth of the performer of Stranded is,Agnes Carlsson,the performer of Stranded, Vänersborg,1.4720956642122474e-05,2.993216412505717e-06,6.773733184672892e-05,4.481219093577238e-06,7.250327143992763e-06,4.0507267840439454e-05,2.9071075914544053e-05,4.538872417469975e-06,1.4533744661093806e-06,1.9472763597150333e-06,8.042108561312489e-07,3.4192817111033946e-07,7.997991247066238e-07,2.463063765389961e-06,1.488181055719906e-06,1.7879659708341933e-06,2.329073822693317e-06,1.236001821780519e-06,9.596384415999637e-07,1.2429705975591787e-06,7.112882371984597e-07,4.2657273979784804e-07,4.996945222046634e-07,3.798575676228211e-07,2.4169185053324327e-07,1.0427380203736902e-07,7.781804356454813e-08,1.612788622651351e-07,2.2745446415228798e-07,5.64362267141405e-07,2.7928737722504593e-07,4.1782541870816203e-07,7.35241712845891e-07,1.8976848537022306e-07,2.535883538712369e-07,4.211245823171339e-07,4.195529982098378e-06,6.092618150432827e-06,1.9125049220747314e-05,7.5667935561796185e-06,2.999118805746548e-06,3.3326098218822153e-06,1.2466592806958943e-06,7.952738769745338e-07,4.5817611749043863e-07,8.445366574960644e-07,6.423330773941416e-07,2.5198215070076913e-08,2.999770032374727e-08,5.256438129208618e-08,1.0250230531028137e-07,3.4291622341697803e-07,2.1532352434405766e-07,6.634335250055301e-07,4.498781152051379e-07,4.842128191739903e-07,5.448416118269961e-07,7.364649832197756e-07,1.023469963001844e-06,1.6011950947358855e-06,3.1988497539714444e-06,1.8191100252806791e-06,1.3693728533326066e-06,2.1625814952130895e-06,2.941129423561506e-06,2.5841136448434554e-06,1.3390475714913919e-06,1.6075674693638575e-06,1.4678458910566405e-06,3.346720404806547e-06,4.8610604608256835e-06,0.00013266100722830743,0.017027918249368668,0.0034533299040049314,0.008164818398654461,0.022806774824857712,0.015750057995319366,0.37835627794265747,0.022512312978506088,0.007444282062351704,0.0007396109867841005,0.8861384987831116
