Unnamed: 0,explicit_sentence,obscure_sentence,explicit_entity,obscure_entity,answer,ans_prob_lens_edit_layer0,ans_prob_lens_edit_layer1,ans_prob_lens_edit_layer2,ans_prob_lens_edit_layer3,ans_prob_lens_edit_layer4,ans_prob_lens_edit_layer5,ans_prob_lens_edit_layer6,ans_prob_lens_edit_layer7,ans_prob_lens_edit_layer8,ans_prob_lens_edit_layer9,ans_prob_lens_edit_layer10,ans_prob_lens_edit_layer11,ans_prob_lens_edit_layer12,ans_prob_lens_edit_layer13,ans_prob_lens_edit_layer14,ans_prob_lens_edit_layer15,ans_prob_lens_edit_layer16,ans_prob_lens_edit_layer17,ans_prob_lens_edit_layer18,ans_prob_lens_edit_layer19,ans_prob_lens_edit_layer20,ans_prob_lens_edit_layer21,ans_prob_lens_edit_layer22,ans_prob_lens_edit_layer23,ans_prob_lens_edit_layer24,ans_prob_lens_edit_layer25,ans_prob_lens_edit_layer26,ans_prob_lens_edit_layer27,ans_prob_lens_edit_layer28,ans_prob_lens_edit_layer29,ans_prob_lens_edit_layer30,ans_prob_lens_edit_layer31,ans_prob_lens_edit_layer32,ans_prob_lens_edit_layer33,ans_prob_lens_edit_layer34,ans_prob_lens_edit_layer35,ans_prob_lens_edit_layer36,ans_prob_lens_edit_layer37,ans_prob_lens_edit_layer38,ans_prob_lens_edit_layer39,ans_prob_lens_edit_layer40,ans_prob_lens_edit_layer41,ans_prob_lens_edit_layer42,ans_prob_lens_edit_layer43,ans_prob_lens_edit_layer44,ans_prob_lens_edit_layer45,ans_prob_lens_edit_layer46,ans_prob_lens_edit_layer47,ans_prob_lens_edit_layer48,ans_prob_lens_edit_layer49,ans_prob_lens_edit_layer50,ans_prob_lens_edit_layer51,ans_prob_lens_edit_layer52,ans_prob_lens_edit_layer53,ans_prob_lens_edit_layer54,ans_prob_lens_edit_layer55,ans_prob_lens_edit_layer56,ans_prob_lens_edit_layer57,ans_prob_lens_edit_layer58,ans_prob_lens_edit_layer59,ans_prob_lens_edit_layer60,ans_prob_lens_edit_layer61,ans_prob_lens_edit_layer62,ans_prob_lens_edit_layer63,ans_prob_lens_edit_layer64,ans_prob_lens_edit_layer65,ans_prob_lens_edit_layer66,ans_prob_lens_edit_layer67,ans_prob_lens_edit_layer68,ans_prob_lens_edit_layer69,ans_prob_lens_edit_layer70,ans_prob_lens_edit_layer71,ans_prob_lens_edit_layer72,ans_prob_lens_edit_layer73,ans_prob_lens_edit_layer74,ans_prob_lens_edit_layer75,ans_prob_lens_edit_layer76,ans_prob_lens_edit_layer77,ans_prob_lens_edit_layer78,ans_prob_lens_edit_layer79,answer_prob_obs,answer_prob_exp
0,The country of citizenship of Jaap Speyer is,The country of citizenship of the director of Lilli's Marriage is,Jaap Speyer,the director of Lilli's Marriage, Dutch,5.240607606538106e-06,2.747316102613695e-06,1.3463128425428295e-06,2.072792540275259e-06,5.635142770188395e-07,6.695378829135734e-07,1.3525515214496409e-06,1.8799773897626437e-06,1.7872405351226917e-06,8.093418728094548e-06,3.372360197317903e-06,6.556164862558944e-06,1.8948030628962442e-05,7.3834580689435825e-06,5.611287178908242e-06,3.3722158150339965e-06,4.730765340354992e-06,1.8486757653590757e-06,1.7979939002543688e-05,1.2321115718805231e-05,2.7465077891974943e-06,6.438302079914138e-06,1.526277446828317e-05,1.0393494449090213e-05,9.511048119748011e-05,5.951406274107285e-05,4.804672789759934e-05,9.534476703265682e-05,0.00015184567018877715,3.0209745091269724e-05,0.0008247377700172365,0.0011230034288018942,0.002051685471087694,0.0011368794366717339,0.0008708638488315046,0.001154846278950572,0.00044604187132790685,0.08100581169128418,0.04153916612267494,0.02346264012157917,0.007927796803414822,0.012529216706752777,0.7191342711448669,0.7276257276535034,0.5755634903907776,0.490079402923584,0.38973215222358704,0.2844522297382355,0.3534025251865387,0.24117347598075867,0.2398519366979599,0.2545955181121826,0.2673037052154541,0.16905371844768524,0.0698130652308464,0.09457975625991821,0.09528660029172897,0.1479479968547821,0.09524575620889664,0.20157213509082794,0.10645974427461624,0.09518585354089737,0.07571952790021896,0.07572395354509354,0.10642927885055542,0.06743710488080978,0.09518931806087494,0.06740041077136993,0.05120847001671791,0.03212056681513786,0.02498769387602806,0.028078878298401833,0.04480168968439102,0.043562255799770355,0.054989852011203766,0.038077808916568756,0.08723338693380356,0.0683305636048317,0.028648683801293373,0.025367459282279015,0.0001257472176803276,0.00335746631026268
1,The place of birth of Dušan Hanák is,"The place of birth of the director of I Love, You Love is",Dušan Hanák,"the director of I Love, You Love", Bratislava,4.346777870978258e-07,2.4442601898044813e-07,1.3113934983266518e-05,2.510010517653427e-06,2.762688836810412e-06,3.794129497691756e-06,1.1318493307044264e-06,2.95658264803933e-06,3.3577750855329214e-06,5.160022737982217e-06,7.735725375823677e-06,5.873632744624047e-06,9.145765034190845e-06,9.435684660275001e-06,5.753443929279456e-06,8.18698936200235e-06,2.918417339969892e-05,1.6402791516156867e-05,5.405232059274567e-06,5.6666667660465464e-05,4.539782094070688e-05,5.3364299674285576e-05,1.7767970348359086e-05,4.137883934163256e-06,8.258396519522648e-06,6.765316356904805e-06,4.994060873286799e-06,1.018731200019829e-05,7.201121661637444e-06,8.136617907439359e-06,3.836752057395643e-06,1.7217997765328619e-06,3.2233533602266107e-06,1.1687129699566867e-06,3.8130076518427813e-07,8.726536293579557e-07,3.8250189504651644e-07,2.472103005857207e-06,2.9372017706918996e-06,1.4889780004523345e-06,7.259146968863206e-06,5.129330020281486e-06,1.7132231278083054e-06,2.2371066279447405e-06,2.2359499780577607e-06,2.0321526790212374e-06,1.2004974223600584e-06,9.759912700246787e-07,6.151207117000013e-07,3.39822747719154e-07,8.339171131410694e-08,8.998109279900746e-08,1.3109976748637564e-07,1.3922407049449248e-07,3.1973961256426264e-08,1.7051418055302747e-08,8.944188500947803e-09,1.0193176080974808e-08,2.6302322542193224e-09,1.8821155745030183e-09,3.149696503612631e-09,1.7834277388217856e-09,8.546353624794278e-10,5.718478468530463e-10,8.951296370796058e-10,6.953585485192093e-10,1.937411620023255e-10,1.463280469016226e-10,1.0865617433575281e-10,8.42595646033395e-11,1.3885298466576046e-10,8.620221203514689e-10,4.932618757891305e-09,1.860127696318159e-07,4.726489919448795e-07,3.5385617138672387e-06,3.08739527099533e-06,0.0002882916887756437,0.00010087630653288215,6.74998591421172e-05,0.1128707081079483,0.8184218406677246
2,The place of death of James Vincent is,The place of death of the director of Gold and the Woman is,James Vincent,the director of Gold and the Woman, New York,2.729944753809832e-06,4.312471730827383e-07,5.728790029024822e-07,5.025274276704295e-07,1.09923780655663e-06,1.650979720579926e-05,1.914694166771369e-06,8.462743608106393e-07,2.8663043849519454e-06,2.738456259976374e-06,3.005615781148663e-06,8.891715879144613e-06,3.830024979833979e-06,1.0734638635767624e-06,4.857412250203197e-07,1.6134318912008894e-06,7.294617716979701e-06,6.686330380034633e-06,6.254058916965732e-06,1.133180830947822e-05,2.624610942802974e-06,3.4607805901032407e-06,1.5924275658107945e-06,7.338025170611218e-06,4.08139067076263e-06,3.5076225231023272e-06,5.34190985490568e-06,2.2262507627601735e-05,2.0419016436790116e-05,0.0001107751450035721,2.5483912395429797e-05,3.260132871218957e-05,4.934821117785759e-05,3.5003966331714764e-05,3.925259443349205e-05,6.540260801557451e-05,1.6573800166952424e-05,2.9427841582219116e-05,0.00011070135951740667,6.950561510166153e-05,4.906943649984896e-05,0.00016099904314614832,9.650472202338278e-05,9.273039904655889e-05,8.912000339478254e-05,7.764258043607697e-05,2.726846832956653e-05,2.5891908080666326e-05,2.012731238210108e-05,8.66080699779559e-06,5.454684469441418e-06,8.01884107204387e-06,8.09856010164367e-06,7.856257980165537e-06,6.259696874622023e-06,8.615185834059957e-06,2.0530869733192958e-05,6.251669674384175e-06,5.725453775085043e-06,7.331359029194573e-06,4.4790494939661585e-06,5.672140559909167e-06,8.587019692640752e-06,8.839288057060912e-06,1.2773822163580917e-05,1.589539897395298e-05,8.786357284407131e-06,1.224360221385723e-05,1.4575764907931443e-05,1.277000228583347e-05,1.7634278265177272e-05,2.7354975827620365e-05,2.2660115064354613e-05,1.3239256986707915e-05,2.259193752252031e-05,2.8369557185214944e-05,1.8801287296810187e-05,8.151093061314896e-05,0.0003065250348299742,0.0017024192493408918,8.765982784098014e-05,0.00093993847258389
3,The place of birth of Emil Loteanu is,The place of birth of the director of Lăutarii is,Emil Loteanu,the director of Lăutarii, Romania,2.792029363263282e-06,2.032821385000716e-06,1.331160888184968e-06,3.6099137901146605e-07,4.227026977332571e-07,2.6782655027091096e-07,4.3763199641944084e-07,7.884732440288644e-07,2.420828195681679e-07,2.57617415400091e-07,3.6970681094317115e-07,4.3490240386745427e-07,2.3025118878194917e-07,7.457971946678299e-07,3.805467940765084e-07,9.751017842063447e-07,6.880628120597976e-07,2.1968462249333243e-07,3.843954630156077e-07,2.4664009856678604e-07,1.8394146650280163e-07,4.680843233018095e-07,2.1997552721586544e-06,3.9110648231144296e-07,1.9291610442451201e-07,2.2591223114432069e-07,1.2136457883116236e-07,5.9364850812926306e-08,1.8372570309566072e-07,1.6731269170122687e-07,5.820456408400787e-06,6.622989531024359e-06,1.6170535673154518e-05,6.552257218572777e-06,2.164220177292009e-06,1.2106937674616347e-06,4.016876118839718e-06,4.658652869693469e-06,9.992440936912317e-06,8.834683831082657e-05,1.1391998668841552e-05,2.423912292215391e-06,1.0838824664460844e-06,1.5268624338204972e-06,1.0600799669191474e-06,1.1970146260864567e-06,1.5863631119827915e-07,1.679320291714248e-07,1.1185215953446459e-07,1.238570774830805e-07,6.931852425395846e-08,5.1554266633502266e-08,1.0730527577607063e-07,3.8799736756800485e-08,8.47948555815492e-09,5.62676927273742e-09,1.3969309264894036e-08,1.3246184593640464e-08,1.3224064510097833e-08,1.9187559985311964e-08,2.4663410869152358e-08,2.2891940787417298e-08,1.4551934768292085e-08,1.769909907523015e-08,1.4360610478547642e-08,1.1391788845571682e-08,1.8406019819394714e-08,3.339828680282153e-08,5.1949498924841464e-08,4.08525302475482e-08,6.078374070739301e-08,8.366691162109419e-08,1.1244059550108432e-07,2.1729677257553703e-07,3.0282521379376703e-07,9.221629966305045e-07,1.3619251149066258e-06,4.4693406380247325e-06,6.735532224411145e-06,3.0537603379343636e-06,0.0019810176454484463,0.0036820208188146353
4,The country of citizenship of Archduke Karl Salvator of Austria is,The country of citizenship of the father of Archduke Leopold Salvator of Austria is,Archduke Karl Salvator of Austria,the father of Archduke Leopold Salvator of Austria, Italian,8.766502901380591e-07,6.365648914652411e-07,1.0858170753635932e-06,1.7433211496609147e-07,1.8730546003098425e-07,1.0686922990998937e-07,6.205284819316148e-08,6.263937279982201e-08,2.541452204241068e-07,3.203116705208231e-07,1.6855504725299397e-07,7.797541456966428e-07,8.925058523345797e-07,4.2232733221680974e-07,3.429247783515166e-07,3.594923896343971e-07,1.245280259354331e-06,2.9671900847461075e-06,3.4111524200852728e-06,1.0510830179555342e-05,4.598586201609578e-06,1.9935141608584672e-06,6.12601525062928e-07,6.839095476607326e-07,8.944417686507222e-07,2.9702641768381e-06,1.0854575975827174e-06,4.754332621814683e-06,2.801648406602908e-06,1.3325718555279309e-06,6.381391131071723e-07,7.197608624665008e-07,1.3556247040469316e-06,2.3066563699103426e-06,1.5670423181290971e-06,4.394143616082147e-06,1.937212346092565e-06,4.445139438757906e-06,3.4483859963074792e-06,2.4265825686597964e-06,2.811577815009514e-06,2.3622183107363526e-06,6.67063659420819e-06,7.009325599938165e-06,5.332957698556129e-06,5.731809324061032e-06,6.114634288678644e-06,8.360242645721883e-06,1.945009353221394e-05,1.9444169083726592e-05,1.962645910680294e-05,2.5729108529048972e-05,1.4572851796401665e-05,2.4708848286536522e-05,2.1622150597977452e-05,0.00016223856073338538,0.00018412726058159024,0.00012893551320303231,0.00019113539019599557,0.00016291870269924402,0.00040999759221449494,0.0009283791296184063,0.0007011862471699715,0.00031132620642893016,0.00026527128648012877,0.00041375236469320953,0.00039686448872089386,0.0003317193186376244,0.0003387160541024059,0.00023072487965691835,0.0004838569147977978,0.0005848524742759764,0.0003921418101526797,0.0008215730194933712,0.0005382261006161571,0.0001647678145673126,0.00029623325099237263,0.0016620749374851584,0.0045515550300478935,0.0012947561917826533,4.497737972997129e-05,0.0001568612497067079
5,The place of birth of Joseph Louis De Grasse is,The place of birth of the director of Father and the Boys is,Joseph Louis De Grasse,the director of Father and the Boys, New Brunswick,5.3468538681045175e-05,9.928845429385547e-06,7.326080321945483e-06,8.747700121602975e-06,1.765020533639472e-05,3.8602644053753465e-05,5.789118404209148e-06,2.626407422212651e-06,5.155251983524067e-06,3.5657276384881698e-06,5.822230946250784e-07,2.3470056476071477e-06,9.326158760813996e-06,3.208161388101871e-06,2.314968469363521e-06,4.47072943643434e-06,2.279881118738558e-05,3.601593562052585e-05,6.326314905891195e-05,5.2870407671434805e-05,1.1437203284003772e-05,4.9878972276928835e-06,3.062914402107708e-06,3.5158284390490735e-06,1.9878258171956986e-05,3.569357068045065e-05,8.577109110774472e-05,2.3490289095207117e-05,6.203849625308067e-05,0.00010044729424407706,0.00013120599032845348,8.320367487613112e-05,0.0001119652297347784,9.43862323765643e-05,0.0001502558880019933,0.00010575843043625355,5.729313852498308e-05,0.00011043262929888442,9.7319258202333e-05,7.416267180815339e-05,4.006879680673592e-05,8.306658855872229e-05,2.574139944044873e-05,3.1626794225303456e-05,2.8608184948097914e-05,2.8436088541639037e-05,2.110657442244701e-05,1.838637763285078e-05,1.3300292266649194e-05,1.801404323487077e-05,2.117399708367884e-05,2.9051094315946102e-05,2.6824283850146458e-05,2.2267149688559584e-05,2.0848530766670592e-05,1.8982489564223215e-05,1.696570143394638e-05,8.565393727621995e-06,6.7425271481624804e-06,1.073844850907335e-05,8.08801269158721e-06,6.092092462495202e-06,1.9182980395271443e-05,1.5438226910191588e-05,2.0767703972524032e-05,9.462463822274003e-06,9.301033060182817e-06,1.0596476386126596e-05,9.759326530911494e-06,9.066212442121468e-06,6.51881691737799e-06,1.0513203960726969e-05,7.490724783565383e-06,1.126530423789518e-05,1.0693760486901738e-05,6.814711923652794e-06,7.861258382035885e-06,1.5956078641465865e-05,4.6494304115185514e-05,4.137785799684934e-05,0.0021015105303376913,0.003255456918850541
6,The place of death of M. B. Sreenivasan is,The place of death of the composer of Onappudava is,M. B. Sreenivasan,the composer of Onappudava, Lakshadweep,5.808455171063542e-06,1.8200047634309158e-05,7.170510798459873e-05,4.886006991000613e-06,6.011863206367707e-06,1.3425116094367695e-06,4.7586146934008866e-07,8.739911550037505e-07,1.516031034043408e-06,3.5128030617670447e-07,8.753239853831474e-06,1.7191630831803195e-05,0.00012616670574061573,1.639360016270075e-05,1.507940669398522e-05,3.085461685259361e-06,4.30632644565776e-06,5.289611181069631e-06,1.6790354493423365e-05,1.3533537639887072e-05,2.6857389912038343e-06,1.4695301615574863e-05,8.305219125759322e-06,2.4183809728128836e-05,1.518857857263356e-06,4.4355679165164474e-06,8.52958464747644e-07,3.8829580262245145e-07,9.340410542790778e-07,4.0435944015371206e-07,1.1391796306270408e-06,1.6389300299124443e-06,3.5404002574068727e-06,6.1644391280424315e-06,1.8045041088043945e-06,1.54472229496605e-06,4.465965503186453e-06,1.8677392290555872e-06,9.203812965097313e-07,8.946609568738495e-07,7.202905294434458e-07,8.098218131635804e-06,3.876667960867053e-06,2.2293154415820027e-06,1.2926367389809457e-06,3.2854616165423067e-06,2.30467753681296e-06,4.161483047937509e-06,3.919941264030058e-06,4.207843176118331e-06,2.170318566641072e-06,3.2393518267781474e-06,2.0679608496720903e-06,2.650943770277081e-06,2.3059669729263987e-06,9.351999210593931e-07,4.370341457615723e-07,4.288376374006475e-07,3.202253822109924e-07,2.302792694308664e-07,1.6026719151795987e-07,1.9411723428675032e-07,3.6169714690004184e-07,5.33830871063401e-07,7.214654829112987e-07,2.104951164483282e-07,1.2668816395944305e-07,1.0700843944277949e-07,1.6100129585083778e-07,1.6462642804526695e-07,8.619696245659725e-08,7.634796617139727e-08,1.1324751625352292e-07,2.299885295542481e-07,1.900123152154265e-07,3.605789800076309e-07,2.467327817612386e-07,5.991946636640932e-07,3.1411602208208933e-07,3.224760405373672e-07,0.0003488212823867798,0.00012365543807391077
7,The place of death of Zine El Abidine Ben Ali is,The place of death of the spouse of Naïma Ben Ali is,Zine El Abidine Ben Ali,the spouse of Naïma Ben Ali, Jeddah,4.691486083174823e-06,5.591652097791666e-06,3.8742105061828624e-06,7.694387932133395e-06,2.9581030958070187e-06,8.626707312942017e-07,3.9228299897331453e-07,1.1959712082898477e-06,3.743210527318297e-06,4.955157237418462e-06,3.246229596243211e-07,3.783497277254355e-06,3.480182203929871e-05,1.9053355572395958e-05,8.395102486247197e-05,5.779097045888193e-05,7.230436312966049e-05,4.7201199777191505e-05,0.0002239902241853997,0.0008110971539281309,0.0003870453219860792,0.0005489196046255529,4.6336108425748535e-06,4.193345546354976e-07,6.98321173331351e-07,7.407817292914842e-07,6.153637173156312e-07,9.810681831368129e-07,1.3271736634123954e-06,1.2214304661029018e-06,3.8632119867543224e-06,7.328687843255466e-06,2.3445069018634968e-05,7.578966688015498e-06,3.361404878887697e-06,6.336332262435462e-06,9.306128958996851e-06,2.590936674096156e-06,3.6510932659439277e-06,9.257077522306645e-07,2.9808659292029915e-06,5.674658950738376e-06,1.3944127204013057e-06,5.524193511519115e-07,2.470100355367322e-07,2.5944476078620937e-07,2.93060224976216e-07,1.9228214398481214e-07,3.937794019748253e-07,3.967170982832613e-07,3.025007231372001e-07,2.6915105877378664e-07,2.482443619555852e-07,9.103296179091558e-07,1.1539665365489782e-06,2.0127235984546132e-06,4.978879132977454e-06,6.860281700937776e-06,9.015567229653243e-06,1.792307011783123e-05,7.85208321758546e-05,0.00016220452380366623,0.0001309479703195393,0.0002823481336236,0.0005866096471436322,0.021726008504629135,0.007122521288692951,0.007021857425570488,0.018695024773478508,0.00924566388130188,0.05765765160322189,0.7733403444290161,0.7782301306724548,0.9180930852890015,0.9353182911872864,0.9372273087501526,0.9580782055854797,0.9922651052474976,0.9527229070663452,0.9832868576049805,4.840598558075726e-05,0.054478343576192856
8,The country of Charles University is,The country of the publisher of Prague Papers on the History of International Relations is,Charles University,the publisher of Prague Papers on the History of International Relations, Czech Republic,2.6377781523478916e-06,2.8348335945338476e-07,4.104395756598933e-08,3.963506856052845e-08,1.8672885460091493e-07,3.5766655059887853e-07,4.1706925912876613e-08,4.194684777303337e-08,1.369711242205085e-07,7.948942482016719e-08,1.2535529947399482e-07,1.7659404250025545e-07,6.269641517064883e-08,8.801980300177092e-08,6.993648327124902e-08,6.921671769077875e-08,1.425116948894356e-07,9.781140875020355e-08,2.6153747967327945e-07,3.1336904271483945e-07,3.1819831747270655e-07,9.89887098512554e-07,6.048265959179844e-07,1.4990937415859662e-06,8.835368134896271e-06,3.563837935871561e-06,6.300902555267385e-07,4.751652795675909e-07,4.2220375462420634e-07,1.271094106414239e-06,8.21832884412288e-07,5.721277034353989e-07,4.082302211827482e-07,1.0777735042211134e-06,8.951869858719874e-07,2.5062496433747583e-07,2.5937117698049406e-07,1.3330013644008432e-06,9.872323971649166e-07,7.379580324595736e-07,9.78766934167652e-07,1.5852912156333332e-06,7.451169221894816e-05,8.079505641944706e-05,0.00011768913827836514,7.560652011306956e-05,6.60170626360923e-05,4.882185021415353e-05,0.00011977619578829035,9.042870078701526e-05,8.358928607776761e-05,0.00010608873708406463,4.348154834588058e-05,5.773263910668902e-05,4.907874972559512e-05,2.896001205954235e-05,3.700838715303689e-05,3.3331172744510695e-05,4.1139672248391435e-05,2.9300328606041148e-05,2.3387778128380887e-05,1.6623305782559328e-05,2.4454560843878426e-05,1.3932410183770116e-05,7.0527066782233305e-06,5.839910954819061e-06,7.791661118972115e-06,6.533764917548979e-06,1.2555784451251384e-05,2.2138308850117028e-05,3.547270898707211e-05,5.711915946449153e-05,5.351418803911656e-05,6.792959902668372e-05,5.4904183343751356e-05,2.3985625375644304e-05,1.1953979992540553e-06,3.393164718090702e-07,3.9511931504421227e-07,6.82492327541695e-07,0.4517287313938141,0.0672052800655365
9,The employer of Éric Rohmer is,The employer of the director of Triple Agent is,Éric Rohmer,the director of Triple Agent, Cahiers du cinéma,2.9137559067748953e-06,9.326429790235125e-06,3.715263346748543e-06,0.00011397926573408768,1.8906326658907346e-05,0.0002477552043274045,0.0001698462583590299,0.00018986096256412566,3.2006770197767764e-05,0.00010001182090491056,0.00010104051762027666,1.4652005120296963e-05,6.801912604714744e-06,2.3979438992682844e-05,3.6397418625710998e-06,2.1903056222072337e-06,1.1273834843450459e-06,1.153924586105859e-06,1.8072729517371044e-06,4.478026767174015e-06,5.729628901463002e-05,3.974280116381124e-05,5.061825049779145e-06,7.500492301915074e-06,9.70560449786717e-06,2.5736368115758523e-05,2.150810178136453e-05,7.2013640419754665e-06,6.168267645989545e-06,4.619308128894772e-06,4.189590981695801e-06,2.03699414669245e-06,5.962558589089895e-07,3.0685694696330756e-07,4.7628475385863567e-07,5.0830476538976654e-06,5.3709259191236924e-06,3.3368969525326975e-06,2.7345752187102335e-06,4.3880527300643735e-06,3.1370616397907725e-06,4.838150744035374e-06,1.8864000594476238e-05,2.3633987439097837e-05,4.748539868160151e-05,5.165321272215806e-05,2.6160305424127728e-05,4.004731454188004e-05,2.7428499379311688e-05,9.163623531094345e-07,1.2745723552143318e-06,1.3234929383543204e-06,4.451093900570413e-06,2.142438688679249e-06,1.8356031432631426e-05,2.4464916350552812e-05,7.481085776817054e-05,0.00014081229164730757,0.00017643145110923797,0.00012443937885109335,0.00010809428931679577,0.00011024990817531943,0.00016593630425632,0.0001520710065960884,0.0001519506477052346,0.00010164146078750491,0.00012339434761088341,9.883649909170344e-05,0.00013092053995933384,0.00016805391351226717,0.00022020626056473702,0.00021502353774849325,0.00018058466957882047,0.00023155972303356975,0.0002480913244653493,0.0004310519725549966,0.00035750208189710975,0.00023239129222929478,0.00025472533889114857,0.0001624298165552318,7.766246199025773e-06,4.225887096254155e-05
10,Khoa Do received the,The director of Footy Legends received the,Khoa Do,the director of Footy Legends, Young Australian of the Year,1.861268970060337e-07,8.500546186951397e-07,2.0500515347521286e-06,1.8886338466472807e-06,2.773723224436253e-07,8.662485697641387e-07,2.5740200726431794e-06,1.892308864626102e-05,7.151020327000879e-06,7.712764636380598e-05,0.00010690525232348591,1.8085167539538816e-05,7.993990607246815e-07,1.0707077535698772e-06,2.712687319217366e-06,5.260151851871342e-07,6.928625566615665e-07,6.700951757920848e-07,3.4145747918046254e-07,7.214722472781432e-07,1.2005011740257032e-07,3.4849662711167184e-07,7.454806905116129e-07,3.6282554560784774e-07,8.906474704417633e-07,7.114551863196539e-07,4.994074629394163e-07,6.12317705872556e-07,6.411465847122599e-07,1.4588671319870627e-06,1.1133356565551367e-06,4.666330823965836e-06,1.9337612684466876e-06,2.5190076939907158e-06,1.953005266841501e-06,1.91626190826355e-06,1.0100297913595568e-05,1.4273136912379414e-05,5.517368845175952e-05,5.118265835335478e-05,3.5463646781863645e-05,3.9632363041164353e-05,2.9530530810006894e-05,3.1491850677412e-05,7.855662261135876e-06,5.84114695811877e-06,1.3583427971752826e-05,3.201849904144183e-05,2.133964153472334e-05,1.737690399750136e-05,9.502085049462039e-06,5.996008894726401e-06,1.00289062174852e-05,1.4699900020787027e-05,1.6968388081295416e-05,1.468755908717867e-05,1.633390274946578e-05,1.663366492721252e-05,9.600586054148152e-06,5.18723300046986e-06,4.139520569879096e-06,9.475573278905358e-06,1.1101786185463425e-05,1.2197768228361383e-05,1.895792956929654e-05,9.706121090857778e-06,5.570008852373576e-06,7.4034883255080786e-06,5.1678721320058685e-06,1.0207614650425967e-05,1.5059227735036984e-05,8.745984814595431e-06,1.5621446436853148e-05,1.545072882436216e-05,1.0510311767575331e-05,4.405614163260907e-06,5.252742539596511e-06,1.3609748748422135e-05,2.1496878616744652e-05,1.9401506506255828e-05,0.002272786805406213,0.007789483293890953
11,The place of death of Luciano Salce is,The place of death of the director of Basta guardarla is,Luciano Salce,the director of Basta guardarla, Rome,1.4080000028116046e-06,4.188695754692162e-07,2.0187688676287507e-07,1.78711001552756e-08,1.6935734592493645e-08,5.95206550713101e-08,4.8242441152979154e-08,3.0561747621504765e-07,2.9941770662844647e-07,1.8144039870549022e-07,9.995344498747727e-07,2.0855504772043787e-06,1.497035214015341e-06,1.5042272707432858e-06,3.1013821626402205e-06,1.2021687325614039e-05,4.103796891286038e-05,8.8692913777777e-06,3.814775936916703e-06,4.189912772289972e-07,9.93629555523512e-07,3.922507119114016e-07,3.3590785619708186e-07,6.366595926010632e-07,1.730938038235763e-06,2.3738739400869235e-06,1.2623777365661226e-06,1.050612240760529e-06,3.4922468330478296e-06,5.588240583165316e-06,3.27498287333583e-06,2.7900264285563026e-06,1.6105935856103315e-06,1.9439241896179738e-06,2.7060359570896253e-06,3.2695722893549828e-06,1.3925287930760533e-05,7.329099025810137e-05,0.00022680003894492984,0.00019904164946638048,0.00019525429524946958,0.00024829761241562665,0.000354844523826614,0.00036989885848015547,0.0005859387456439435,0.0027208176907151937,0.0018916844855993986,0.0022959751076996326,0.0014190018409863114,0.0017271453980356455,0.0062238909304142,0.029215240851044655,0.030159691348671913,0.025189949199557304,0.034253980964422226,0.07097924500703812,0.09478884190320969,0.07015661895275116,0.17553773522377014,0.23233777284622192,0.1197781190276146,0.08614546060562134,0.10974374413490295,0.07080326974391937,0.08323352783918381,0.5577525496482849,0.33516260981559753,0.07370570302009583,0.04908537119626999,0.06280849128961563,0.07044731080532074,0.05889568850398064,0.038638919591903687,0.04726589098572731,0.06032293662428856,0.1338346302509308,0.12770511209964752,0.03129487484693527,0.05126680061221123,0.004184218589216471,0.003752972697839141,0.40204694867134094
12,The place of birth of Fernando Di Leo is,The place of birth of the director of Mister Scarface is,Fernando Di Leo,the director of Mister Scarface, San Ferdinando di Puglia,3.266015653480281e-07,6.641531626883079e-07,1.8097596239385894e-06,9.708065817903844e-07,9.959502449419233e-07,1.467531660637178e-06,6.431600354517286e-07,5.762549903920444e-07,7.520860663134954e-07,1.2681229009103845e-06,1.3967658105684677e-06,5.057618750470283e-07,1.004632963486074e-06,3.71123223885661e-06,3.0754467843507882e-06,2.5057122456928482e-06,1.5373784663097467e-06,3.079965154029196e-06,1.0770317203423474e-05,5.3636322263628244e-06,7.759643949611927e-07,5.896286438655807e-06,1.589488647368853e-06,7.923597877379507e-06,4.608418294083094e-06,3.960987669415772e-06,9.354932899441337e-07,3.212743877156754e-06,8.523572319063533e-07,5.820556339131144e-07,3.7992987245161203e-07,4.4479446614786866e-07,1.0724296828357183e-07,3.350379529365455e-08,2.5993577068561535e-08,3.7951662079649395e-07,1.8122058236258454e-06,7.460301731043728e-06,1.357369364995975e-05,6.627879429288441e-06,8.409198926528916e-06,4.1851108107948676e-06,1.8001298940362176e-06,1.4157398027236923e-06,7.39521567538759e-07,3.5506175777300086e-07,3.756433102353185e-07,3.8334826513164444e-07,2.9445135396599653e-07,1.8955776681650605e-07,1.5251542606620205e-07,1.4349777188726875e-07,1.5705120404163608e-07,9.094801356468452e-08,8.28379853601291e-08,3.8621088549462e-08,3.320478469959198e-08,2.5216300159058846e-08,3.036161189129416e-08,2.0498839958804638e-08,1.1625492568612117e-08,1.2636308888147596e-08,5.929727375786342e-09,9.129937694751789e-09,1.558014695035581e-08,9.857054728001913e-09,4.616080850894377e-09,7.752674058281173e-09,1.206762689776042e-08,9.421922797514526e-09,9.469474093748431e-09,5.346642240056099e-08,9.228706687736121e-08,7.053474178064789e-07,6.305434908426832e-06,0.00014414342876989394,8.209380757762119e-05,0.009850374422967434,0.0016976624028757215,0.0008071980555541813,0.006465139798820019,0.33145904541015625
13,The employer of Éric Rohmer is,The employer of the director of Love in the Afternoon is,Éric Rohmer,the director of Love in the Afternoon, Cahiers du cinéma,7.123998329916503e-06,3.7185232031333726e-06,9.433042578166351e-07,1.0786834536702372e-06,4.77845196655835e-06,3.4485303331166506e-05,7.802635809639469e-05,4.268595148460008e-05,5.21258016306092e-06,2.5471425033174455e-05,4.108437497052364e-05,4.66279288957594e-06,1.8226182874059305e-06,2.794977490339079e-06,6.289160410233308e-07,8.255456691586005e-07,4.792517529494944e-07,2.5660206119937357e-06,9.167807775156689e-07,1.577797092977562e-06,4.88931909785606e-05,2.4779525119811296e-05,5.673433406627737e-06,2.042679079750087e-05,1.474044347560266e-05,2.5245744836865924e-05,1.388290365866851e-05,3.857368938042782e-06,5.17117132403655e-06,5.0025887503579725e-06,1.4434633612836478e-06,5.095060942039709e-07,3.5660670505421876e-07,5.531686610993347e-07,1.1549383316378226e-06,4.27288978244178e-06,1.046762008627411e-05,7.280288173205918e-06,7.587410436826758e-06,8.218458788178395e-06,8.442209946224466e-06,1.2575708751683123e-05,2.90644820779562e-05,3.623515658546239e-05,0.00010985792323481292,6.347141606966034e-05,4.241036731400527e-05,4.608814560924657e-05,2.8234975616214797e-05,7.501801633225114e-07,1.0049998309114017e-06,9.630791737436084e-07,7.481759439542657e-06,5.339654762792634e-06,3.460459265625104e-05,8.074186189332977e-05,0.00020129817130509764,0.0005895058275200427,0.0004685349122155458,0.0004401557380333543,0.0005733676953241229,0.0006309643504209816,0.000768750614952296,0.0006542186602018774,0.0005037079681642354,0.0002890727191697806,0.0004387368098832667,0.0004725981270894408,0.0010003094794228673,0.0012895390391349792,0.0022750061471015215,0.003446668153628707,0.0018095331033691764,0.0021552869584411383,0.0038286142516881227,0.004837348125874996,0.003902721917256713,0.005473203491419554,0.006763233803212643,0.0028828291688114405,3.966161330026807e-06,4.225887096254155e-05
14,The date of death of Sergei Eisenstein is,The date of death of the director of The General Line is,Sergei Eisenstein,the director of The General Line, 11 February 1948,3.561382868610963e-07,8.927572139327822e-07,2.281083425259567e-06,9.106827928917482e-05,1.0430679139972199e-05,1.7868871964310529e-06,3.4323338837793926e-08,6.316495326785798e-09,2.4501853879144164e-09,9.202932305107936e-10,4.282288301737935e-09,7.392892342750201e-08,1.4440928453041124e-06,1.285010512219742e-06,1.4044534509594087e-05,7.173875019361731e-06,1.0174118870054372e-05,2.161928750865627e-05,0.0001300679286941886,1.8115350030711852e-05,0.0002544645103625953,0.0007827094523236156,0.000289257790427655,6.544770440086722e-05,0.00015331771282944828,0.0004556196217890829,2.727403443714138e-05,2.2000820536050014e-05,2.651091926964e-05,7.381966133834794e-05,4.605325739248656e-05,4.188679213257274e-06,4.91203945784946e-06,6.305622832769586e-07,2.721870259847492e-06,5.85489488003077e-06,6.222413958312245e-06,1.065046035364503e-06,2.361567368325268e-07,1.4336903859657468e-06,6.767632498849707e-07,1.4328657016449142e-06,1.4094071957515553e-05,2.8502518034656532e-05,3.7979956687195227e-05,4.9780770495999604e-05,0.00015592906856909394,0.0004303183814045042,0.0007308355998247862,0.0003003822057507932,0.0001620185503270477,8.854195039020851e-05,5.53788740944583e-05,4.612522025126964e-05,0.00017320846382062882,8.332486322615296e-05,4.1404025978408754e-05,8.150374196702614e-05,0.00012264933320693672,0.00010869078687392175,0.0001746025518514216,0.00014362986257765442,7.982477836776525e-05,7.128861761884764e-05,7.143289258237928e-05,0.00011711305705830455,7.869331602705643e-05,0.00011598536366363987,0.00018955946143250912,0.0002571749791968614,0.00038259170833043754,0.00012791201879736036,0.0004138935764785856,0.0005762954242527485,0.0007050607237033546,0.005049035418778658,0.005609265994280577,0.029533300548791885,0.02010875754058361,0.005608837585896254,0.09218914061784744,0.19638042151927948
15,The cause of death of Philippa of Hainault is,The cause of death of the mother of Joan of England is,Philippa of Hainault,the mother of Joan of England, edema,2.418238636892056e-06,3.81660038328846e-06,1.0718194062064867e-05,1.3213380043453071e-05,3.5613538784673437e-06,4.63791820948245e-07,4.688675119268737e-07,5.389663897403807e-07,2.9296026582414925e-07,4.3606490862657665e-07,2.7867498531009005e-08,2.2643280317424797e-07,1.5473816006306151e-07,1.4570483131137735e-07,1.8635337539762986e-07,3.889382469424163e-07,1.5677201190555934e-06,1.273719135497231e-06,6.061745352781145e-06,3.254709554312285e-06,4.061757863382809e-06,7.018933843028208e-07,3.7794623494846746e-05,7.63867410569219e-06,6.393121111614164e-06,8.68177357915556e-06,1.2381598253341508e-06,1.442707002752286e-06,6.77999707932031e-07,1.772713858372299e-06,1.918661610034178e-06,5.149656317371409e-06,1.7421456504962407e-05,2.1237485270830803e-05,1.4980709238443524e-05,1.2217677067383192e-05,9.396965651831124e-06,3.786637307712226e-06,2.681743126231595e-06,8.169271495717112e-06,2.0430723452591337e-05,5.145848626852967e-05,4.423997233971022e-05,3.5890530853066593e-05,0.000118482050311286,8.437195356236771e-05,4.03496997023467e-05,3.509153248160146e-05,3.3117245038738474e-05,3.944592390325852e-05,7.312098750844598e-05,8.75043697305955e-05,5.2080438763368875e-05,5.2606217650463805e-05,9.363127173855901e-05,4.665288724936545e-05,4.8954312660498545e-05,7.61154733481817e-05,9.451283403905109e-05,8.238025475293398e-05,6.854510866105556e-05,8.022457041079178e-05,4.8694324505049735e-05,4.5077769755152985e-05,5.407778371591121e-05,5.6193926866399124e-05,8.229882223531604e-05,7.764586916891858e-05,0.0001123496112995781,7.916451431810856e-05,8.442247053608298e-05,5.8539164456306025e-05,7.101697701727971e-05,7.723843737039715e-05,4.2871542973443866e-05,2.5195568014169112e-05,3.3692558645270765e-05,5.091224375064485e-05,0.00016596486966591328,6.242859672056511e-05,9.45436204347061e-06,1.1640160664683208e-05
16,The place of death of Adolf IV of Berg is,The place of death of the father of Count Engelbert I of Berg is,Adolf IV of Berg,the father of Count Engelbert I of Berg, Altenberg,2.2521701339428546e-06,2.5654737783042947e-06,8.780625648796558e-07,8.000728257684386e-07,3.5851553548127413e-06,8.20932370970695e-07,1.1372129620212945e-06,2.868034925995744e-06,2.994521992150112e-06,8.62915567267919e-06,1.258445649909845e-06,3.6708340758195845e-06,3.7576719478238374e-06,8.889800483302679e-06,4.448710569704417e-06,1.923955096572172e-06,5.633054570353124e-06,2.280292028444819e-05,3.4549725569377188e-06,8.988517038233113e-06,6.907363058417104e-06,2.7849935122503666e-06,2.940088506875327e-06,2.338410695301718e-06,4.942466603097273e-06,5.432057150756009e-05,4.675660966313444e-05,3.8478679925901815e-05,1.0839665264938958e-05,2.2982390873949043e-05,1.594719105924014e-05,1.5918249118840322e-05,1.1627572348515969e-05,2.5720060875755735e-05,8.602262823842466e-06,3.878704228554852e-05,2.9433966119540855e-05,1.0037855645350646e-05,9.987629709939938e-06,6.868739092169562e-06,1.2088372386642732e-05,1.0257570465910248e-05,7.226140496641165e-06,6.109808055043686e-06,6.599827429454308e-06,9.900109944283031e-06,8.623853318567853e-06,1.669743869570084e-05,1.1136041393911e-05,1.7657092030276544e-05,1.5206746866169851e-05,1.2054671060468536e-05,1.2999817045056261e-05,1.3706994650419801e-05,1.0635417311277706e-05,1.1604307474044617e-05,1.0069692507386208e-05,1.3229127034719568e-05,1.3800042324874084e-05,2.3696160496911034e-05,2.328040500287898e-05,1.4430991541303229e-05,1.987596260732971e-05,2.904864595620893e-05,4.940600319969235e-06,2.5815627395786578e-06,4.6302743612613995e-06,3.731827746378258e-06,2.8651711545535363e-06,7.977412678883411e-06,1.2105210771551356e-05,1.4106429262028541e-05,1.2859986782132182e-05,4.139216343901353e-06,2.9072307370370254e-06,1.188510395877529e-05,8.1650587162585e-06,9.698046051198617e-05,0.00011111083586001769,0.0005390874575823545,0.0012031302321702242,0.00226600538007915
17,The date of death of Baudouin de Courtenay is,The date of death of the father of Cezaria Jędrzejewiczowa is,Baudouin de Courtenay,the father of Cezaria Jędrzejewiczowa, 3 November 1929,1.9653843992273323e-06,7.744018148514442e-06,8.794306631898507e-05,0.00011932639608858153,0.00011339997581671923,1.1775762686738744e-05,7.769704097881913e-06,1.0240359188173898e-05,2.4692280931049027e-07,4.8758494131107e-07,1.683110895100981e-07,2.3585328108310932e-06,1.0651148841134273e-05,7.957762136356905e-06,7.63537082093535e-06,1.1256148582106107e-06,1.2913875480080605e-06,1.6468062312924303e-05,4.526616248767823e-05,0.00032333077979274094,1.5521565728704445e-05,4.201329829811584e-06,8.209010957216378e-06,2.9250295483507216e-05,0.0005182942841202021,0.0012306974967941642,0.0001728545903461054,0.00011263820488238707,6.88967793394113e-06,3.905251651303843e-05,5.3408701461421515e-08,2.242469889779386e-07,1.151065475823998e-06,1.5175637599895708e-06,4.764602999784984e-05,2.7661060812533833e-05,0.00020174769451841712,4.628403621609323e-05,5.149498247192241e-05,4.7622201236663386e-05,6.549213139805943e-05,4.8183155740844086e-05,2.166221383959055e-05,2.0829218556173146e-05,1.1022821126971394e-05,8.471471119264606e-06,4.651940344047034e-06,2.0902375581499655e-06,1.4805424370933906e-06,6.199664994710474e-07,6.432695158764545e-07,8.025984925552621e-07,5.262264721750398e-07,5.082085294816352e-07,7.32081275600649e-07,6.500569611489482e-07,1.3499425222107675e-06,1.1304272220513667e-06,3.7583637890747923e-07,6.204676310517243e-07,3.811498743289121e-07,1.308359287577332e-06,1.584474489391141e-06,1.8855395182981738e-06,1.8355087831878336e-06,2.3712157144473167e-06,4.241477199684596e-06,4.032583092339337e-06,1.1239913874305785e-05,1.6369760487577878e-05,2.7284188035991974e-05,2.3487231374019757e-05,3.378205656190403e-05,2.8245511202840135e-05,3.549494067556225e-05,6.0803409724030644e-05,4.436162635101937e-05,0.0006490054656751454,0.005355898290872574,0.0031874626874923706,0.021644646301865578,0.06292207539081573
18,The place of birth of Carlos F. Borcosque is,The place of birth of the director of My Country's Wings is,Carlos F. Borcosque,the director of My Country's Wings, Valparaíso,1.5348609849752393e-06,2.6535894903645385e-06,1.730562507873401e-05,4.449618063517846e-05,2.4615070287836716e-05,2.4425780793535523e-05,2.833612370523042e-06,1.8227077589472174e-06,2.7988653528154828e-06,2.0432605651876656e-06,6.998900062171742e-06,6.791398845962249e-06,6.798013055231422e-05,8.253592386608943e-05,5.841560778208077e-05,0.00015927224012557417,0.00030532010714523494,0.00048373223398812115,0.0008152931695804,0.0013334163231775165,0.0011071546468883753,0.00036533488309942186,0.0006645118701271713,0.00022152870951686054,0.000682520680129528,0.00041502644307911396,0.00026077328948304057,0.00019801201415248215,7.072955486364663e-05,0.00010773583926493302,0.00014506485604215413,7.738319982308894e-05,0.00024568711523897946,4.307492417865433e-05,9.931012755259871e-06,1.2650099961319938e-05,1.0232852218905464e-05,1.995710590563249e-06,6.558613677043468e-06,2.597914317448158e-06,2.4345360998268006e-06,1.6196258911804762e-06,1.6742019397497643e-06,1.2764031680490007e-06,3.869729425787227e-06,5.527169832930667e-06,5.823419996886514e-06,4.8440820137329865e-06,4.102418643014971e-06,3.99648024540511e-06,4.5039464566798415e-06,4.330867341195699e-06,5.869699180038879e-06,9.9406715889927e-06,9.649594176153187e-06,2.446080088702729e-06,1.5041506458146614e-06,3.1213455713441363e-06,7.198537787189707e-06,1.5392250134027563e-05,4.957830242346972e-05,4.8774396418593824e-05,6.0445014241850004e-05,5.905424040975049e-05,0.00016611322644166648,8.982150757219642e-05,5.456992585095577e-05,2.2550884750671685e-05,4.127536521991715e-05,5.143857197253965e-05,4.342271131463349e-05,4.0393766539637e-05,5.365735341911204e-05,7.60464754421264e-05,5.313589281286113e-05,7.457724132109433e-05,0.0001079744179151021,0.00012099110608687624,0.00012381939450278878,2.6948053346131928e-05,0.0005558159318752587,0.0008735129958949983
19,The employer of Joseph Barbera is,The employer of the director of Gallopin' Gals is,Joseph Barbera,the director of Gallopin' Gals, Van Beuren Studios,6.284225491981488e-06,7.960678090057627e-07,7.713792911090422e-07,1.08212827854004e-06,1.2430544984454173e-06,1.2550178780657006e-06,2.3704667455604067e-06,4.232659307490394e-07,8.076237634213612e-08,9.994853655825864e-08,1.1801211030615377e-07,4.021302686396666e-07,3.226670060030301e-07,2.416163340512867e-07,2.440304740503052e-07,8.685161390076246e-08,3.9336271129286615e-07,1.4055756309971912e-06,9.724649316922296e-07,6.150733611320902e-07,9.492374601904885e-07,3.316478398573963e-07,1.0532623946346575e-06,6.406469310604734e-07,2.436732700061839e-07,3.713677187988651e-07,3.5023575151171826e-07,1.2490458800584747e-07,4.832459055137406e-08,5.7002107922699e-08,4.982993218050069e-08,8.039288701411351e-08,2.2541234656614506e-08,3.913142165856698e-08,1.786243899459805e-07,1.1335058047734492e-07,4.145910850184009e-07,1.3049455560576462e-07,2.1386361481745553e-07,2.4107123408612097e-07,3.2880402045520896e-07,3.542888009633316e-07,1.6345683206964168e-07,2.0672206346716848e-07,1.8929667078282364e-07,1.065678247869073e-07,1.7594727808045718e-07,2.2074293326568295e-07,2.644944743224187e-07,5.548187118620262e-07,1.2925171404276625e-06,1.4243862551666098e-06,1.2958714705746388e-06,5.005405796509876e-07,2.2599999738304177e-07,2.0491346219841944e-07,1.3457062664201658e-07,8.838781440090315e-08,2.3837610996224612e-08,1.914888514420454e-08,3.771523893192352e-08,4.364521188904291e-08,8.404971651998494e-08,1.0701107555632916e-07,1.4013302518378623e-07,9.530966593729318e-08,1.5435878708558448e-07,1.3952278266060603e-07,1.0314465725969058e-07,1.129668305566156e-07,7.79357947067183e-08,5.7897921124094864e-08,6.81361740362263e-08,5.3580905046146654e-08,1.169061292216611e-08,2.9683366875588035e-09,5.6025153405414585e-09,1.8095356324465683e-08,4.511990780997621e-08,1.0062339583782887e-07,2.1522777387872338e-05,1.5337223885580897e-05
20,The spouse of Faith Evans is,The spouse of the performer of Burnin' Up is,Faith Evans,the performer of Burnin' Up, Notorious B.I.G.,1.546545718156267e-06,1.3097010196361225e-06,3.1400363695865963e-06,3.186024287060718e-06,1.7173382502733148e-06,2.2561371224583127e-06,3.6369772260513855e-06,1.6266887996607693e-06,1.6299837852784549e-06,5.17460080118326e-07,2.2090686968567752e-07,2.484246124367928e-07,3.3460439681221033e-06,6.906816452101339e-06,8.424113957516965e-07,2.2214524619812437e-07,6.888492976031557e-07,1.2049493989252369e-06,4.039824034407502e-06,1.9744429664569907e-05,3.936502253054641e-05,7.189010648289695e-05,0.00010005285730585456,1.3674005458597094e-05,1.6459056496387348e-05,1.1390036888769828e-05,6.183787263580598e-06,8.407211680605542e-06,1.5962825273163617e-05,2.4642295102239586e-05,3.454462785157375e-05,5.7228608056902885e-05,1.754637196427211e-05,1.0791478416649625e-05,8.489877473039087e-06,7.3839787546603475e-06,1.4415347322938032e-05,2.9937695217086002e-05,1.634971886232961e-05,1.7202630260726437e-05,2.383703576924745e-05,1.944855466717854e-05,3.1492743346461793e-06,2.5685635591798928e-06,5.578267973760376e-06,1.1789762538683135e-05,1.1130949133075774e-05,1.1685913705150597e-05,2.1312725948519073e-05,2.6548666937742382e-05,2.1089503206894733e-05,2.4568449589423835e-05,2.5433206246816553e-05,2.2659689420834184e-05,1.889885425043758e-05,2.404683800705243e-05,2.0267818399588577e-05,3.0627852538600564e-05,2.3119107936508954e-05,3.9628772356081754e-05,5.5953263654373586e-05,3.937400833819993e-05,3.5361372283659875e-05,4.1934355976991355e-05,3.443946116021834e-05,4.1249677451560274e-05,3.408730117371306e-05,3.428632771829143e-05,3.9156078855739906e-05,3.6873625504085794e-05,6.229559949133545e-05,4.4120883103460073e-05,4.477615948417224e-05,3.520277823554352e-05,3.362967254361138e-05,5.6912944273790345e-05,5.3771131206303835e-05,1.0545772965997458e-05,7.993933650141116e-06,2.3244949261425063e-05,6.273760664043948e-05,0.0014732192503288388
21,Jerzy Skolimowski was educated at,The director of Walkover was educated at,Jerzy Skolimowski,the director of Walkover, National Film School in Łódź,1.5990019164746627e-05,8.911596523830667e-06,1.384883830723993e-06,2.935106238055596e-07,7.121471412574465e-08,7.683966884997062e-08,2.6133827191188175e-07,3.7523992091337277e-07,1.4844466704744264e-06,2.7350154141458916e-06,8.878878361429088e-06,4.5099597627995536e-05,9.407226571056526e-06,3.318310700706206e-05,3.693035978358239e-05,9.540290193399414e-06,4.4548589357873425e-05,1.4415733858186286e-05,8.112979412544519e-05,5.857144060428254e-05,4.2391449824208394e-05,6.410374771803617e-05,3.5543041576602263e-06,5.458032319438644e-06,6.311468951025745e-06,4.237900157022523e-06,1.0223172921541845e-06,6.958668450351979e-07,6.210844958332018e-07,4.270183580956655e-06,1.9445107682258822e-05,1.9207242075935937e-05,9.246134868590161e-05,0.0001402751513523981,0.00014261786418501288,0.00034832744859158993,0.0001987316645681858,6.594392471015453e-05,2.98130889859749e-05,7.290818302863045e-06,3.546997049852507e-06,2.3298925952985883e-06,2.5647873371781316e-06,1.9036947378481273e-06,8.274067226921034e-07,6.031955308571924e-07,1.1655056368908845e-06,4.112270744371926e-06,1.7596022416910273e-06,1.6376292251152336e-06,1.0663934517651796e-06,1.7698442889013677e-06,1.154365577349381e-06,8.931086199481797e-07,6.386991913132078e-07,3.5856686508850544e-07,1.9251120875196648e-07,1.3621465200230887e-07,1.2894712142497156e-07,2.0644475284825603e-07,2.9639025456162926e-07,1.291533919811627e-07,7.979222971243871e-08,9.626292296616157e-08,1.8044978844500292e-07,1.7534226515181217e-07,1.1874770677877677e-07,7.149844805098837e-08,7.543259528119961e-08,5.45011893393621e-08,7.626034204122334e-08,4.197396563654365e-08,1.0088492530258009e-07,7.78194575445923e-08,9.78595977585428e-08,3.33023393750409e-07,5.728376208935515e-07,4.997139626539138e-07,1.8649305388862558e-07,1.1064432214880071e-07,0.0020821646321564913,0.00014927923621144146
22,The place of death of Nefertiti is,The place of death of the mother of Ankhesenamun is,Nefertiti,the mother of Ankhesenamun, Amarna,4.012351837445749e-06,1.4113426914263982e-05,1.0839568176379544e-06,9.159275577985682e-06,8.894227789824072e-07,5.444567818813084e-07,1.8900381348885276e-07,2.2838443669570552e-07,7.196289431021796e-08,1.3555633415762713e-07,2.711828983592568e-07,9.222911785400356e-07,4.2815358369807655e-07,1.2819057246815646e-06,3.6300805277278414e-06,1.1759372682718094e-05,3.884994839609135e-06,5.559296823776094e-06,1.564623971717083e-06,5.557064469030593e-06,6.894099442433799e-06,2.5866231680993224e-06,1.0380445019109175e-06,1.1857127901748754e-07,6.38123708540661e-07,3.7821584442099265e-07,1.449121441510215e-06,4.143024852965027e-06,8.423587132710963e-06,6.939762897673063e-06,8.43946236273041e-06,1.0976247722283006e-05,7.276724772964371e-06,1.0694615411921404e-05,2.873915946111083e-05,9.544359272695147e-06,7.782984539517201e-06,2.808150156852207e-06,3.0389574021683075e-06,1.8070309124595951e-06,2.869526269932976e-06,2.146213319065282e-06,6.187207418406615e-06,3.408035581742297e-06,1.5773345012348727e-06,1.4600830127164954e-06,9.657728696765844e-07,8.395425652452104e-07,6.405307431123219e-07,3.2099899271997856e-07,1.3764328343768284e-07,1.9395348260786704e-07,1.4139462223283772e-07,1.3858858949333808e-07,4.598192759885933e-08,6.02711835995251e-08,1.1957882861679536e-07,1.2847998220877344e-07,1.3970716850053577e-07,2.483764660610177e-07,3.4951651173287246e-07,3.823791985269054e-07,2.6154600618610857e-07,2.1743525735473668e-07,6.508826686513203e-07,2.8038971322530415e-07,1.0902265756840279e-07,1.1935449606426118e-07,1.6726525586818752e-07,1.236732884990488e-07,5.41253299957134e-08,7.294524095868837e-08,7.485617459224159e-08,8.999729317338279e-08,1.290320312818949e-07,1.5193623426057457e-07,1.3329682246876473e-07,9.240750387107255e-08,3.5307650136928714e-08,3.621748589921481e-08,0.0001222886930918321,2.5428671506233513e-06
23,The place of birth of Adario Strange is,The place of birth of the director of Hikikomori: Tokyo Plastic is,Adario Strange,the director of Hikikomori: Tokyo Plastic, New York,4.207473921269411e-06,8.693648965163447e-07,2.776104963686521e-07,4.518631726568856e-07,5.571649239755061e-07,4.015751983388327e-06,3.7382080790848704e-06,2.2178137442097068e-06,6.923769888089737e-06,4.359892045613378e-06,2.8496708637248958e-06,5.4626475503027905e-06,2.2471704141935334e-06,9.3272313961279e-07,6.352757964123157e-07,7.355015441135038e-07,2.711673459998565e-06,8.001325113582425e-06,4.307917151891161e-06,1.1339339835103601e-05,2.1077003111713566e-06,5.116817646921845e-06,2.707298335735686e-06,5.935325589234708e-06,3.69979788956698e-05,5.757212056778371e-05,9.118134039454162e-05,6.89342778059654e-05,0.00017454942280892283,0.00011563085718080401,0.00012251864245627075,0.0004195705405436456,0.00036157650174573064,0.0003178213955834508,0.00010810665844473988,7.735168765066192e-05,2.0564788428600878e-05,7.503738743253052e-05,0.00014159409329295158,8.85381450643763e-05,4.7159181121969596e-05,0.00010349615331506357,0.00020732359553221613,0.000244750059209764,0.00037841571611352265,0.00020306611259002239,9.106329525820911e-05,9.971940744435415e-05,5.08844168507494e-05,2.2644202545052394e-05,1.5654599337722175e-05,1.5527259165537544e-05,1.1371848813723773e-05,2.1367364752222784e-05,1.5097230061655864e-05,2.4596125513198785e-05,3.309161547804251e-05,2.743816003203392e-05,3.5856130125466734e-05,3.3822827390395105e-05,3.13411837851163e-05,2.6810061172000133e-05,3.570102489902638e-05,5.27775555383414e-05,6.168316031107679e-05,5.5324839195236564e-05,4.174694913672283e-05,5.0921480578836054e-05,0.00010569312871666625,7.52023042878136e-05,8.337855251738802e-05,9.13521071197465e-05,0.00010751339141279459,0.00011721692862920463,0.00011850172450067475,0.00017759697220753878,0.00020995632803533226,0.0003239610814489424,0.0009932746179401875,0.0004427823005244136,0.0030863808933645487,0.009805283509194851
24,The place of birth of Grover Jones is,The place of birth of the director of Thrilling Youth is,Grover Jones,the director of Thrilling Youth, Indiana,2.210314505646238e-06,5.729918939323397e-07,4.393410563352518e-06,5.604154011962237e-06,1.3408167660600157e-06,4.852870461036218e-06,1.1097312381025404e-05,3.9489772461820394e-05,3.217921039322391e-05,3.467759597697295e-05,1.9733726730919443e-05,1.0517989721847698e-05,4.529483248916222e-06,2.265732291562017e-06,5.78079334445647e-06,1.985961262107594e-06,5.427681912806293e-07,5.042940642852045e-07,2.769948196146288e-06,1.6303209122270346e-05,1.6449492250103503e-05,2.441738615743816e-05,7.155408820835873e-05,0.00011581878789002076,0.0001707674382487312,6.53829556540586e-05,0.00011294782598270103,0.0002892277261707932,7.859971083234996e-05,0.00010259426198899746,0.00042267300887033343,0.0002665228385012597,0.0003076633147429675,0.00019015306315850466,0.00015142621123231947,4.1709830838954076e-05,0.0001326737110503018,0.0012926588533446193,0.0009549702517688274,0.0007234104559756815,0.0005458332016132772,0.0001550304878037423,0.0001105947740143165,4.8133344535017386e-05,6.854235107311979e-05,9.106565994443372e-05,7.209012983366847e-05,0.00015320641978178173,0.0001464374508941546,8.775487367529422e-05,5.52905912627466e-05,9.568250243319198e-05,5.619006333290599e-05,3.4982098441105336e-05,3.592212306102738e-05,4.331794843892567e-05,7.754459511488676e-05,5.936536763329059e-05,8.691871335031465e-05,6.346025475068018e-05,5.3469102567760274e-05,3.365772863617167e-05,2.9826107493136078e-05,2.5397148419870064e-05,3.757769809453748e-05,4.792698018718511e-05,5.231285831541754e-05,7.09446394466795e-05,8.668570808367804e-05,0.00017132508219219744,0.00012746277207043022,8.66751724970527e-05,9.550181857775897e-05,0.00011572890070965514,0.00011833049211418256,8.58746498124674e-05,0.00015222432557493448,0.000366580905392766,0.0006483482429757714,0.0005403637187555432,1.2219098607602064e-05,0.0010387877700850368
25,The place of birth of J. Searle Dawley is,The place of birth of the director of The Death Dance is,J. Searle Dawley,the director of The Death Dance, Colorado,2.4034863599808887e-05,4.230882404954173e-05,2.9379931220319122e-05,1.5372064808616415e-05,4.701375928561902e-06,4.840590008825529e-06,4.6100672079774085e-06,8.89420789462747e-06,3.381917849765159e-05,5.040768428443698e-06,1.3902005093768821e-06,1.0963349268422462e-06,1.4227990732251783e-06,8.953585961535282e-07,9.482107543590246e-07,5.5149125728348736e-06,4.948044534103246e-06,1.464477350054949e-06,1.74738806890673e-06,7.967166766320588e-07,9.744942417455604e-07,6.518631835206179e-06,1.4584832115360769e-06,1.7952366988538415e-06,7.813266620360082e-07,4.141963927395409e-07,2.92096842713363e-07,5.263968319013657e-07,1.2320585938141448e-06,7.902846732577018e-07,3.5924225016970013e-07,3.240188277686684e-07,4.090501022346871e-07,1.6993787710362085e-07,5.926226265273726e-08,2.2432445234699117e-07,2.9115125244061346e-07,8.07321839602082e-07,1.0789797215693397e-06,1.6095161754492437e-06,7.219377380351943e-07,1.585010750204674e-06,2.710603439481929e-06,2.3091790808393853e-06,1.556184770379332e-06,1.9035062450711848e-06,1.1644294772850117e-06,7.692183316976298e-07,5.730681209570321e-07,2.21521190724161e-07,2.493549970949971e-07,2.462771817590692e-07,1.5691503563175502e-07,1.1379175646197837e-07,1.0491265101109093e-07,1.213421825241312e-07,1.7419620235159528e-07,1.424729845211914e-07,1.186143379072746e-07,1.5883773585301242e-07,1.1605894201238698e-07,7.867487994417388e-08,7.347405528435047e-08,6.619527681550608e-08,1.1188375026449648e-07,9.226745589785423e-08,6.171339350657945e-08,7.184240047308776e-08,5.8718523376910525e-08,4.9096751553179274e-08,6.360536275451523e-08,8.401660522849852e-08,9.852873716909016e-08,1.4512143309275416e-07,1.5695631816470268e-07,1.196424221916459e-07,8.808038387542183e-08,1.705687395769928e-07,1.1874607253048453e-07,2.20074795720393e-07,0.00012657055049203336,0.00015720681403763592
26,The country of citizenship of Myriam Fox-Jerusalmi is,The country of citizenship of the mother of Noemie Fox is,Myriam Fox-Jerusalmi,the mother of Noemie Fox, French,1.55931047629565e-06,2.492817202437436e-06,1.175626380245376e-06,1.5349725401847536e-07,9.313004625255417e-07,5.214622547100589e-07,4.09983698546057e-07,2.720426550695265e-07,9.912516816257266e-07,1.8074854324368061e-06,3.367599219927797e-06,9.312228144153778e-07,2.7021786763725686e-07,9.01889904980635e-08,5.09001267801068e-07,3.899919533978391e-07,7.983297791724908e-07,7.107756232471729e-07,1.2237391047165147e-06,2.9448112854879582e-06,4.032023298350396e-06,8.038471605686937e-06,1.2827237696910743e-05,2.4435537852696143e-05,6.564004434039816e-05,9.121330367634073e-05,2.5565503165125847e-05,2.2765119865653105e-05,2.8173268219688907e-05,2.2304706362774596e-05,4.1766499634832144e-05,8.691064431332052e-05,3.9595310227014124e-05,3.891504820785485e-05,1.285730286326725e-05,6.388525434886105e-06,3.972879767388804e-06,0.00016605309792794287,6.036196282366291e-05,0.00011999210983049124,3.9096474210964516e-05,8.99313745321706e-05,0.00017012520402204245,7.544775871792808e-05,6.702126847812906e-05,0.00013583549298346043,0.0001402227208018303,0.00011444559640949592,0.00012414727825671434,8.28021511551924e-05,0.0001385598152410239,0.0001264278107555583,0.00012186977255623788,0.00020063652482349426,0.00011379135685274377,0.0009678885689936578,0.002130411099642515,0.010090473107993603,0.015433425083756447,0.01815764047205448,0.02215002104640007,0.034369613975286484,0.04922464117407799,0.06351912021636963,0.07799343764781952,0.1075955331325531,0.04190843179821968,0.05298980697989464,0.040011003613471985,0.032615531235933304,0.04751814529299736,0.04771188274025917,0.38414305448532104,0.18806298077106476,0.1639968752861023,0.22927682101726532,0.19245630502700806,0.39006227254867554,0.13001219928264618,0.016400909051299095,0.001686269068159163,0.0075929793529212475
27,The father of Dean Parisot is,The father of the director of Red 2 is,Dean Parisot,the director of Red 2, Aldo Parisot,1.5682897355873138e-05,1.2056062587362248e-05,2.192873807871365e-06,7.040535820124205e-06,2.283624326082645e-06,2.264666363771539e-06,7.212619266283582e-07,9.5953134859883e-07,1.1879184285135125e-06,3.6520359003588965e-07,3.5765125971920497e-07,7.252714340211242e-08,5.272957537272305e-07,5.764038633060409e-07,6.766065325791715e-07,1.5536676301053376e-06,3.5827613373839995e-06,1.2349599955996382e-06,7.756879085718538e-07,8.600628689237055e-07,7.905098300398095e-07,1.3570077328495245e-07,8.583245403315232e-08,2.5616930088290246e-07,3.6088429169467418e-06,1.3222011148172896e-06,1.566384071338689e-06,1.8772311705106404e-06,5.648800197377568e-06,1.4434014019570895e-06,2.4971450329758227e-06,1.2535140285763191e-06,4.557013653538888e-06,3.0090907330304617e-06,1.7309680515609216e-06,8.467895895591937e-06,9.416777174919844e-06,3.603621735237539e-06,6.545385986100882e-06,2.5431745598325506e-06,3.7918596262898063e-06,2.3556287942483323e-06,2.1260987068671966e-06,3.237444389014854e-06,9.308934068030794e-07,9.50247567743645e-07,6.993116130615817e-07,4.83875624013308e-07,9.696560709926416e-07,2.1963762719678925e-06,2.125623268511845e-06,3.7221018374111736e-06,4.461960998014547e-06,4.288436684873886e-06,1.6620414271528716e-06,1.0643549330779933e-06,4.1737999367796874e-07,6.777449357286969e-07,4.988622777091223e-07,5.827457130180846e-07,5.104690785628918e-07,5.544833925341663e-07,1.8375004628978786e-07,3.2543201200496696e-07,2.3599270093654923e-07,4.91725131723797e-07,2.532760277063062e-07,2.936218947979796e-07,3.5981588553113397e-07,3.3304539215350815e-07,6.328831432256266e-07,1.2397790669638198e-06,2.6289351353625534e-06,4.093426014151191e-06,1.085140320356004e-05,6.131807458586991e-05,3.132115671178326e-05,0.0002104737504851073,7.524366083089262e-05,0.00014155436656437814,1.3673168723471463e-05,0.001678434549830854
28,The country of citizenship of Bonnie Tyler is,"The country of citizenship of the performer of ""What You Need From Me is",Bonnie Tyler,"the performer of ""What You Need From Me", United Kingdom,1.634464723565543e-07,2.5841282536021026e-07,5.035337835579412e-07,5.035176968704036e-07,4.674963633988227e-07,1.7250009420877177e-07,8.767627690531299e-08,3.220488338229188e-07,7.872940841480158e-07,3.425772376886016e-07,1.7911689553784527e-07,9.145093713414099e-07,2.975931238324847e-06,1.5220147361105774e-05,2.5585355615476146e-05,2.416006645944435e-05,5.21718138770666e-05,3.5490676964400336e-05,4.9917980504687876e-05,4.850791810895316e-05,0.00023254568804986775,0.00028632351313717663,0.0018883665325120091,0.0013991736341267824,0.0005546326283365488,0.00037020264426246285,0.00042925719753839076,0.0005809457506984472,0.00022856575378682464,0.00020227860659360886,0.00020999580738134682,0.00045432301703840494,0.00031633811886422336,0.0017625666223466396,0.002671646885573864,0.008616017177700996,0.03131099417805672,0.1570425182580948,0.12222561240196228,0.15688064694404602,0.3458974361419678,0.5484886765480042,0.40275639295578003,0.5040203928947449,0.6926171183586121,0.7329385280609131,0.7145487666130066,0.33574143052101135,0.4536516070365906,0.3682728409767151,0.4137849807739258,0.5635470151901245,0.5574706792831421,0.5701886415481567,0.6383039951324463,0.3929538428783417,0.22579699754714966,0.8685506582260132,0.7939238548278809,0.06844761222600937,0.1108599454164505,0.1007252186536789,0.1013324037194252,0.19361592829227448,0.5149601697921753,0.5612436532974243,0.7266215682029724,0.7670974731445312,0.980692446231842,0.9844004511833191,0.9889389276504517,0.99183589220047,0.9932783246040344,0.9837681651115417,0.9781156182289124,0.9923433661460876,0.9846349358558655,0.9948375821113586,0.9599273204803467,0.9120813012123108,9.984005373553373e-06,0.20330440998077393
29,The place of birth of Esther Gronenborn is,The place of birth of the director of Alaska.de is,Esther Gronenborn,the director of Alaska.de, Oldenburg,9.047685125551652e-07,2.8575695409926993e-07,7.199456035777985e-07,5.971059522380529e-07,9.293242442254268e-08,1.302694414562211e-07,1.3549377797517081e-07,4.503122568166873e-07,3.188733899150975e-06,7.471958269889001e-06,6.040747030056082e-05,5.255772066448117e-06,7.585911589558236e-06,1.0801963981066365e-05,8.734740731597412e-06,2.2585018086829223e-06,1.926634922710946e-06,1.6350332998626982e-06,4.0550985431764275e-06,1.8978045773110352e-05,4.3899097363464534e-05,6.546407530549914e-05,7.826825458323583e-05,4.341102612670511e-05,1.1518908650032245e-05,1.8511098460294306e-05,4.050781626574462e-06,5.081332346890122e-06,6.340259460557718e-06,7.486844424420269e-06,4.510309281613445e-06,5.312413577485131e-06,9.996149856306147e-06,2.2790588900534203e-06,2.82296923614922e-06,9.255136319552548e-07,7.583401497868181e-07,7.180200327638886e-07,8.678252925164998e-07,8.094693271232245e-07,7.03317709849216e-07,5.498697532857477e-07,3.304294864392432e-07,1.2578362884596572e-07,1.472045738637462e-07,1.0019427776342127e-07,1.20009616466632e-07,4.256106223010647e-08,4.928646646362722e-08,5.6332766007471946e-08,8.536208895293385e-08,6.387526951812106e-08,6.735619706432772e-08,1.1467246707752565e-07,1.4977045736941363e-07,1.3538837606574816e-07,2.363776303582199e-07,1.8385304656476364e-07,1.4443087081872363e-07,2.3067445908964146e-07,4.5133518256079697e-07,2.7527244128577877e-07,2.828589344971988e-07,5.325724146132416e-07,2.454256673445343e-07,4.843768124374037e-07,4.896508016827283e-07,4.6405409648286877e-07,7.473472010133264e-07,7.877371785980358e-07,1.5973885183484526e-06,1.5772826600368717e-06,2.3350135052169207e-06,1.795540356397396e-06,1.7572634760654182e-06,1.6056175127232564e-06,6.292835678323172e-06,1.4914113307895605e-05,7.942505908431485e-05,5.535848322324455e-05,0.0008022740366868675,0.0007354757399298251
30,The date of death of Sargent Shriver is,The date of death of the father of Timothy Perry Shriver is,Sargent Shriver,the father of Timothy Perry Shriver," January 18, 2011",3.707096084326622e-06,7.531785740866326e-06,1.348917294308194e-06,1.1363330258973292e-06,4.996225015929667e-06,1.1763737575165578e-06,1.1710442322510062e-06,5.049864284956129e-06,4.012417491594533e-07,1.611046286598139e-06,1.1606798580032773e-06,1.6631092876195908e-06,2.6208228973700898e-06,1.6920675989240408e-06,1.0259280998070608e-06,5.318231046658184e-07,1.4824696563664475e-06,0.0001262139849131927,0.00014984661538619548,0.00016318830603267998,0.0001663419825490564,0.000427155289798975,0.00025138925411738455,0.0001818338205339387,0.00025480284239165485,0.00017141579883173108,0.00012201225035823882,4.441153578227386e-05,0.00017571033095009625,0.00018326255667489022,9.632945148041472e-05,8.607957715867087e-05,7.960048969835043e-05,0.025487029924988747,0.1701258271932602,0.3083671033382416,0.29211798310279846,0.02869247831404209,0.0438193641602993,0.005556672345846891,0.002260969253256917,0.0015088125364854932,0.000680573342833668,0.0003447830385994166,0.0001760235318215564,0.0005333705921657383,0.00029199212440289557,0.00018293604080099612,0.00012685757246799767,0.00014958206156734377,5.892172339372337e-05,3.6840574466623366e-05,5.455887730931863e-05,4.9009162466973066e-05,0.00028307695174589753,0.0001886604295577854,0.0001829213579185307,0.0001914758322527632,0.0002804422110784799,0.00023563102877233177,0.00015161307237576693,0.00019087789405602962,0.00012703530956059694,0.00042697659227997065,0.0004923278465867043,0.0002601818705443293,0.0006414432427845895,0.0009333953494206071,0.0011854441836476326,0.001123663387261331,0.0005570693174377084,0.0003214755852241069,0.3168872892856598,0.5414975881576538,0.598171591758728,0.7003891468048096,0.7236073613166809,0.7361968755722046,0.8766799569129944,0.9338259696960449,0.0031521981582045555,0.6483657360076904
31,The date of death of Prince Nikita Alexandrovich of Russia is,The date of death of the father of Prince Alexander Nikitich Romanov is,Prince Nikita Alexandrovich of Russia,the father of Prince Alexander Nikitich Romanov, 12 September 1974,1.0295440944219081e-07,1.5826705279664566e-08,3.068296727803954e-09,4.979009204930662e-08,7.869517304470719e-08,7.234837173797359e-09,5.259878310681643e-09,4.1541561301983165e-09,6.287879661392992e-10,3.027802453203776e-09,5.877227038375565e-10,2.755101036200358e-08,4.705336564825302e-08,6.991359935426544e-09,2.635378848481196e-07,8.803250750588631e-08,1.3670540965904365e-06,3.915835986845195e-05,0.0004278931301087141,8.351806900463998e-05,6.382229912560433e-05,8.485480793751776e-05,2.3216427507577464e-05,4.833759885514155e-05,0.00017807896074373275,5.364559910958633e-05,1.0202873454545625e-05,4.420337972987909e-06,1.705662953099818e-06,1.192433228425216e-05,1.062053001987806e-06,1.648296006351302e-07,7.70623600487852e-08,1.9430334674552796e-08,8.291152653328027e-08,4.151133126129025e-08,2.0014188351069606e-07,3.2784930681373226e-07,1.8730558792867669e-07,4.262919048869662e-07,1.8435093807056546e-07,1.271677660952264e-07,1.9204414059004193e-07,1.185338476261677e-07,5.543815717601319e-08,1.247870073939339e-07,1.641944180619248e-07,4.2520736087681144e-07,1.9635909609405644e-07,1.211881226481637e-07,7.442074689834044e-08,4.7619213461302934e-08,3.907393519853031e-08,5.897215515915377e-08,1.0301003072754611e-07,1.783575811487026e-07,1.7407690222626115e-07,3.350056374529231e-07,2.422733018647705e-07,3.944248589959898e-07,2.636344902384735e-07,9.63399543252308e-07,1.0218973329756409e-06,9.081878147298994e-07,3.7008389881520998e-06,1.0080492529596086e-06,1.145091232501727e-06,1.4651898254669504e-06,3.3033109048119513e-06,4.704073944594711e-06,1.2456347576517146e-05,1.5584684661007486e-05,9.19248032005271e-06,3.095287684118375e-05,2.899116043408867e-05,1.6021100236685015e-05,2.253590355394408e-05,0.0002539403212722391,0.003350726794451475,0.010102837346494198,0.02668871358036995,0.08895751088857651
32,The place of death of Dikkha is,The place of death of the spouse of Saw Thanda is,Dikkha,the spouse of Saw Thanda, Mrauk U,3.953254690713948e-06,2.0908803435304435e-06,1.377913577016443e-06,6.37342554909992e-06,8.092326424957719e-06,4.3567069951677695e-05,1.3397975635598414e-05,1.6384827176807448e-05,2.4399782887485344e-06,1.8478970105206827e-06,9.36802052819985e-07,1.4736889397681807e-06,1.0693065632949583e-06,4.3889724565815413e-07,1.9055692064284813e-06,2.8833562737418106e-06,1.2480746818255284e-06,3.1346648938779254e-06,9.467275049246382e-06,6.352522177621722e-06,6.725821094732964e-06,9.203120498568751e-06,8.857242391968612e-06,4.752431323140627e-06,2.636353883644915e-06,1.0740952802734682e-06,1.6244100606854772e-06,5.246548653303762e-07,1.8711940583671094e-06,3.400341256565298e-06,1.333205204900878e-06,1.5272712516889442e-06,2.5346746497234562e-06,4.762979187944438e-06,7.346844085986959e-06,1.1717409506672993e-05,5.34098126081517e-06,9.059172043635044e-06,3.058348738704808e-05,0.0001005867452477105,4.5074430090608075e-05,2.577205486886669e-05,4.4934055040357634e-05,4.869571785093285e-05,1.6724261513445526e-05,2.062803105218336e-05,4.808947414858267e-05,3.759114406420849e-05,4.376064316602424e-05,6.020222281222232e-05,3.4413329558447e-05,2.4369999664486386e-05,3.202741572749801e-05,2.4659606424393132e-05,3.0620907637057826e-05,2.8357573683024384e-05,2.3501444957219064e-05,3.2450163416797295e-05,3.083184492425062e-05,1.962762326002121e-05,1.4341704627440777e-05,1.841880293795839e-05,1.2659726962738205e-05,1.3808490621158853e-05,8.81367304828018e-06,1.1933185305679217e-05,9.207744369632564e-06,6.0930242398171686e-06,6.025801212672377e-06,1.2543331649794709e-05,1.1215679478482343e-05,1.5621455531800166e-05,4.049751441925764e-05,2.2110822101240046e-05,1.5082989193615504e-05,1.1308757166261785e-05,7.669357728445902e-06,9.073260116565507e-06,1.4136834579403512e-05,3.861200639221352e-06,0.0035845714155584574,0.0012816776288673282
33,The place of birth of Glenn Danzig is,The place of birth of the composer of Bullet is,Glenn Danzig,the composer of Bullet," Lodi, New Jersey",6.444176392506051e-07,5.127463253984388e-08,9.506024412075931e-08,1.6226470833657913e-08,5.953927129098702e-08,3.727918169715849e-07,6.506811018880398e-07,6.66739424559637e-07,3.0056673949729884e-07,8.23242601200036e-07,9.552762776365853e-07,4.5486956423701486e-07,1.412675828760257e-06,4.1005268940352835e-06,3.1927841064316453e-06,2.0026511720061535e-06,4.140039891353808e-06,2.6632865228748415e-06,1.5699407640568097e-06,7.774449386488413e-07,3.1697181839263067e-06,3.969425961258821e-06,1.7514515775474138e-06,6.145100428511796e-07,6.983466391830007e-07,2.9926755473752564e-07,1.3942589305315778e-07,2.1293129748300998e-07,1.1912803188351972e-07,3.457470540979557e-07,1.0062140631816874e-07,1.0844311759683478e-07,7.48385247106853e-08,2.1450783549425978e-07,6.105345278228924e-07,1.1249770750509924e-06,7.157767868193332e-06,4.640980023395969e-06,8.845640877552796e-06,6.141904123069253e-06,5.558569228014676e-06,2.699480774026597e-06,1.049862021318404e-06,1.364339027531969e-06,1.2936925486428663e-06,2.047837597274338e-06,8.961026765064162e-07,1.1554660659385263e-06,9.190790137836302e-07,5.55268854895985e-07,1.936442117767001e-07,1.9800341988229775e-07,1.0291400798223549e-07,1.2482736622132506e-07,1.0739651656876958e-07,1.265701428110333e-07,1.2672994387230574e-07,7.358609366292512e-08,4.555912624937264e-08,4.176637347086398e-08,1.0709985076573503e-07,1.405950627031416e-07,7.165137816400602e-08,1.7328201806776633e-07,6.230762892300845e-07,3.017859455667349e-07,3.601475668801868e-07,1.3012178214921732e-06,1.545122927382181e-06,3.166728220094228e-06,3.124828708678251e-06,0.00016432594566140324,0.001206326182000339,0.0005425334093160927,0.0018920646980404854,0.6828947067260742,0.7237118482589722,0.9690889120101929,0.19435912370681763,0.15291117131710052,0.0021290851291269064,0.7237951755523682
34,The place of death of W. Duncan Mansfield is,The place of death of the director of Girl Loves Boy is,W. Duncan Mansfield,the director of Girl Loves Boy, Hollywood,6.850233944533102e-07,2.6788225113705266e-06,2.1080870737932855e-06,2.7803996545117116e-06,3.3694113881210797e-06,4.933162017550785e-06,2.394341890976648e-06,8.890576282283291e-06,8.44839905767003e-06,5.471369149745442e-06,5.563510057982057e-05,4.7895213356241584e-05,1.563750993227586e-05,2.1458447008626536e-05,2.535494240873959e-05,2.1167454178794287e-05,2.628559377626516e-05,7.427866876241751e-06,6.553252660523867e-06,2.314671473868657e-05,1.7296848454861902e-05,2.3558029624837218e-06,1.5497896583838155e-06,7.312216439459007e-06,2.5779498173506e-05,1.5750820239190944e-05,1.3535014659282751e-05,8.424807674600743e-06,6.5796948547358625e-06,2.324917886653566e-06,4.1470643736829516e-06,1.0784485311887693e-05,1.5397119568660855e-05,1.9501610950101167e-05,6.303601549006999e-05,3.5705368645722046e-05,2.53812122537056e-05,2.8674960049102083e-05,2.4895300157368183e-05,3.742982153198682e-05,7.834986172383651e-05,0.00020935075008310378,0.00013462163042277098,4.682057988247834e-05,3.178673796355724e-05,5.0046659453073516e-05,2.2440361135522835e-05,2.6764313588500954e-05,1.943871939147357e-05,6.63810260448372e-06,5.56177246835432e-06,4.650269602279877e-06,6.203311386343557e-06,4.648264621209819e-06,4.019258540211013e-06,1.9208066532883095e-06,1.8837190509657376e-06,3.094929525104817e-06,2.789293148452998e-06,2.7254400265519507e-06,2.045850351350964e-06,2.6389805043436354e-06,2.065440412479802e-06,1.3665477354152245e-06,1.7825948361860355e-06,1.2720784070552327e-06,2.095233412546804e-06,2.0180332285235636e-06,1.5103652231118758e-06,2.3739601147099165e-06,3.131026005576132e-06,2.682813146748231e-06,3.30677289639425e-06,5.2275549933256116e-06,3.489517439447809e-06,3.434395011936431e-06,6.714457754242176e-07,2.73173469622634e-07,3.979969775969039e-08,4.174386845079425e-07,0.0005825546104460955,1.1103588803962339e-05
35,The place of birth of S. S. Wilson is,The place of birth of the director of Tremors 4: The Legend Begins is,S. S. Wilson,the director of Tremors 4: The Legend Begins, American,1.9710444121301407e-06,2.6031682409666246e-07,1.3381363714870531e-06,8.652532983433048e-07,6.045213467587018e-07,2.1153837224119343e-06,3.85966086469125e-06,5.765006790170446e-06,4.402100330480607e-06,6.585311211892986e-07,1.6600143908362952e-06,4.541403086477658e-06,5.627897280646721e-06,2.3896182028693147e-06,3.739049589057686e-06,1.2256361969775753e-06,1.5111362472453038e-06,2.4649446004332276e-06,2.062711701000808e-06,3.8395981505345844e-07,5.192127900954802e-07,8.262779374490492e-06,7.311712693081063e-07,7.711486773587239e-07,8.855690794007387e-07,1.5445692724824767e-06,1.1873629546244047e-06,1.9882074866472976e-06,3.1895281153992983e-06,1.54221252159914e-05,3.476189931461704e-06,1.0177620424656197e-05,2.324763045180589e-05,2.4726095944060944e-05,1.4695272511744406e-05,2.761747055046726e-05,4.0666054701432586e-05,2.559443782956805e-05,4.365901986602694e-06,1.2600436321008601e-06,9.454777227801969e-07,9.581151516613318e-07,1.5504932093790558e-07,1.8324783468415262e-07,4.4670659349321795e-07,3.7363579963312077e-07,3.923485962786799e-07,3.640750492195366e-07,2.049728777819837e-07,9.507220255500215e-08,1.611378763755056e-08,1.6380747425159825e-08,1.3114997976515497e-08,5.367218225416082e-09,3.4161449224967555e-09,1.3106881135982462e-09,1.2663912141164246e-09,9.494510733176753e-10,1.4000091086430189e-09,9.238434461877887e-10,8.132821083250974e-10,5.257306257000494e-10,2.4426685674150406e-10,4.69099314948096e-10,8.542471729988677e-10,6.100220328875139e-10,1.1509659891828505e-09,2.188102810052328e-09,2.1382713377704476e-09,1.6674669423011323e-09,1.6626654497642335e-09,6.395907359291186e-09,1.1778510611293314e-08,7.834572102183301e-09,9.848479365359708e-09,1.5714482159978616e-08,2.3842581242661254e-08,4.221634597456614e-08,3.671448212116957e-08,3.630237586094154e-07,0.0007480743806809187,0.0003031211963389069
36,The place of birth of Jonathan Binney is,The place of birth of the father of Hibbert Newton Binney is,Jonathan Binney,the father of Hibbert Newton Binney, Hull,2.7427558961790055e-06,4.6844772327858664e-07,2.3720307581243105e-05,0.0001661101559875533,0.00044134107884019613,0.00040668121073395014,0.00015653602895326912,3.708930671564303e-05,8.881535904947668e-06,2.2980595986155095e-06,1.1892492466358817e-06,1.3753041230302188e-06,1.7224275552507606e-06,1.013552832773712e-06,6.907859642524272e-06,1.2122428415750619e-05,4.202674972475506e-06,2.5840065518423216e-06,4.1966304706875235e-05,7.735408144071698e-05,9.688466525403783e-05,0.0024547320790588856,0.0009019349236041307,0.0013616216601803899,0.000728994607925415,0.00018183021165896207,4.8368528950959444e-05,4.7731493395986035e-05,3.886425110977143e-05,4.677324977819808e-05,5.8683370298240334e-05,0.00011478254600660875,0.00016684969887137413,9.965158824343234e-05,4.9745107389753684e-05,0.0002292592980666086,0.00019232090562582016,0.00033416837686672807,0.00017391501751262695,0.00017549123731441796,0.00030423866701312363,0.00013583317922893912,4.766640267916955e-05,4.271705256542191e-05,0.00015218120825011283,0.0001372442493448034,0.0002525865857023746,0.00028596262563951313,0.00035737917642109096,0.0003152544377371669,0.00023592342040501535,0.00019926777167711407,0.00011453942715888843,0.00017055330681614578,0.0001371267280774191,8.335156599059701e-05,0.00029039851506240666,0.00028941864729858935,0.00022016104776412249,0.0002038096426986158,0.00028676301008090377,0.00033819492091424763,0.00022575672483071685,0.00034004790359176695,0.0002907989837694913,9.922843310050666e-05,0.00012997802696190774,0.00015070276276674122,0.00014851086598355323,0.00015399864059872925,0.0001917627378134057,0.00016524958482477814,0.00023263844195753336,0.000452916428912431,0.00022523487859871238,0.0001768449874361977,0.00018268593703396618,0.00023248586512636393,0.00018505936895962805,0.00033830475877039135,9.54381248448044e-05,0.0002656818542163819
37,The country of citizenship of Eleanor of Austria is,"The country of citizenship of the mother of Maria of Portugal, Duchess of Viseu is",Eleanor of Austria,"the mother of Maria of Portugal, Duchess of Viseu", Spanish,1.5245788063111831e-06,1.653028675718815e-06,5.213274107518373e-06,5.316450824466301e-06,2.7117096124129603e-06,8.620272637926973e-06,3.7637385048583383e-06,1.5219734450511169e-06,1.1304501867925865e-06,1.9020869785890682e-06,1.8085355577568407e-06,5.330305157258408e-07,9.771493978405488e-07,1.0756036772363586e-06,3.4677555049711373e-06,5.538593995879637e-06,6.2067701946944e-06,2.4367479909415124e-06,1.1817619451903738e-06,1.2933558934946632e-07,8.092194292430577e-08,2.883848253532051e-07,2.97462776188695e-07,2.5197331865456363e-07,3.0967871111897693e-07,9.147183277491422e-07,5.609031745734683e-07,5.727174539060798e-07,6.131517693575006e-07,3.648230801900354e-07,6.692731631119386e-07,3.121579766229843e-06,3.663153393063112e-06,2.0646300527005224e-06,3.720882659763447e-06,3.7102215628692647e-06,3.3529672691656742e-06,2.6434523533680476e-05,2.1909545466769487e-05,2.519745430618059e-05,1.3744725947617553e-05,4.339629231253639e-05,2.282338755321689e-06,6.733988016094372e-07,1.447262093279278e-06,1.3991182186146034e-06,1.6817568848637166e-06,6.232628493307857e-06,7.27306633052649e-06,4.213643478578888e-06,3.4883946682384703e-06,8.940307452576235e-06,7.694982741668355e-06,1.5416202586493455e-05,3.839222245005658e-06,3.3603246265556663e-06,6.520216402350343e-07,8.404632581004989e-07,9.510752647656773e-07,1.0734050874816603e-06,1.7248902395294863e-06,6.56431939205504e-06,1.0187490261159837e-05,1.6187398088618465e-08,1.8511947246224736e-06,8.997362783702556e-06,8.08750519354362e-06,1.2523166333267e-05,1.910279388539493e-05,5.125611642142758e-05,6.342472261167131e-06,8.710840120329522e-06,3.610094790928997e-05,6.967454828554764e-05,3.293239205959253e-05,3.2774623832665384e-05,5.2266310376580805e-05,0.00011647211795207113,6.611978460568935e-05,0.00032016352633945644,0.00011789619020419195,0.001638298504985869
38,The spouse of Michal Bat-Adam is,The spouse of the director of The Deserter's Wife is,Michal Bat-Adam,the director of The Deserter's Wife, Moshé Mizrahi,1.2617089168998064e-06,1.2480722944019362e-06,2.0037889498780714e-06,2.7478201900521526e-06,3.7821841942786705e-06,1.5141131370910443e-06,7.45736713270162e-07,2.199730886331963e-07,2.022168104076627e-07,3.8111542721708247e-07,9.516630825601169e-07,2.7683990992954932e-05,2.0445126210688613e-05,1.0389896488049999e-05,1.0186761755903717e-05,9.067017344932538e-06,6.605863018194214e-05,1.8382675989414565e-05,5.537602191907354e-05,1.5666506442357786e-05,3.3452863590355264e-07,1.1489670725950418e-07,3.5151370525454695e-07,5.267268079478526e-07,3.5322025837558613e-07,5.164060894458089e-07,1.4685426208416175e-07,1.4525339508963953e-07,1.6877845609997166e-07,9.282418744760434e-08,3.018401173449092e-08,1.2260130688446225e-07,2.716393510127091e-07,9.321095149061875e-07,8.457266176264966e-07,5.956577751931036e-06,5.2130475523881614e-05,0.00040807281038723886,5.809347567264922e-05,2.892507154683699e-06,9.829762348090298e-06,2.9107386581017636e-05,7.109011494321749e-05,4.137131691095419e-05,2.541719368309714e-05,1.947134114743676e-05,1.0916946848738007e-05,9.602079444448464e-06,2.916306357292342e-06,4.509344762482215e-06,2.7027083433495136e-06,7.992356586328242e-06,5.458808118419256e-06,4.419843207870144e-06,3.606757672969252e-06,1.7981459450311377e-06,8.569408009861945e-07,7.183010666267364e-07,7.500482865907543e-07,1.105231149267638e-06,2.0774657514266437e-06,4.241421436290693e-07,2.2835082802430406e-07,1.8330003115352156e-07,1.4673534565190494e-07,2.4565792955399957e-07,3.049528913834365e-07,1.4360162481352745e-07,1.0355630308822583e-07,7.942301749608305e-08,3.806835380260054e-08,4.80076138842378e-08,2.1684408935129795e-08,6.43600017724566e-08,1.115212455715664e-07,7.590159611936542e-08,8.1485055147823e-08,5.125844495523779e-07,1.5633129635261866e-07,4.875954005001404e-07,0.0006657057674601674,0.001674881437793374
39,The country of citizenship of Callicrates is,The country of citizenship of the father of Phintys is,Callicrates,the father of Phintys, Athens,9.775554644875228e-06,7.391441613435745e-06,2.32165734814771e-06,9.89789896266302e-07,2.3841411689318193e-07,7.536281145803514e-07,1.2336482768660062e-06,2.8813390144932782e-06,3.3552717013662914e-06,2.119489545293618e-05,9.174283150059637e-06,3.501789615256712e-05,3.473765536909923e-05,1.9541172150638886e-05,1.4499944882118143e-05,2.2921858544577844e-05,1.1127793186460622e-05,3.066092176595703e-05,2.2347396225086413e-05,1.3577873687609099e-05,9.552875326335197e-07,2.607031319712405e-06,6.72684473101981e-06,2.6659058676159475e-06,1.8281148186360952e-06,1.6895137378014624e-06,8.906736184144393e-07,1.086930510041384e-07,1.7606230073852203e-07,1.827453672831325e-07,1.7140762338385684e-06,2.0860238691966515e-06,3.0571217735086975e-07,4.070898285135627e-07,4.010920804375928e-07,6.043274538569676e-07,3.9567112253280357e-07,8.363399683730677e-05,3.782106432481669e-05,2.9921271561761387e-05,4.119619552511722e-05,6.210862193256617e-05,0.0006904740002937615,0.000498576438985765,0.00028322177240625024,0.00039008064777590334,0.00045802679960615933,0.0005185769405215979,0.00045289122499525547,0.00033188145607709885,0.0004137562937103212,0.0007928676786832511,0.0015000090934336185,0.002170328749343753,0.0018117944709956646,0.0017220882000401616,0.0018395297229290009,0.0013886730885133147,0.0013731360668316483,0.0017960172845050693,0.0007288791239261627,0.0008127244655042887,0.001272010849788785,0.0014613675884902477,0.0009362611453980207,0.0006052433745935559,0.0008751785499043763,0.0005800669896416366,0.0004337413120083511,0.00020291552937123924,0.00029847261612303555,0.00023963185958564281,0.00023588885960634798,0.00023554859217256308,0.00010330778604838997,9.339522512163967e-05,8.552933286409825e-05,7.962639210745692e-05,7.487654511351138e-05,4.12920635426417e-05,0.009094743989408016,0.010355380363762379
40,The date of death of Princess of Monaco is,The date of death of the mother of Albert II is,Princess of Monaco,the mother of Albert II," September 14, 1982",1.359175371362653e-06,5.702039743482601e-06,5.173420049686683e-06,4.203290700388607e-06,2.168698074456188e-06,1.2189408380436362e-06,2.217868626530617e-07,1.0844635056628249e-07,1.3455600367251463e-07,3.406741484468512e-07,5.841963002239936e-08,2.594533725641668e-07,7.679751945488533e-08,5.908323785774883e-08,9.361369990301682e-08,1.270501712724581e-07,1.704594438933782e-07,9.897549944071216e-07,5.859163820787217e-07,8.992740276880795e-07,7.426817774103256e-07,9.004806997836567e-07,1.5621959619238623e-06,1.2310641750445939e-06,8.552013355256349e-07,4.874395017395727e-06,8.914271347748581e-06,4.067195277457358e-06,1.8097118754667463e-06,1.5220128943838063e-06,1.8387808040642994e-06,6.923916089363047e-07,1.7883912732941099e-06,7.472501124539122e-07,9.894582717606681e-07,6.227517701518082e-07,9.499626116848958e-07,5.255733412923291e-07,2.325657305846107e-06,3.3499213714094367e-06,2.9666362024727277e-06,3.3231581255677156e-06,6.5371100390620995e-06,7.544597792730201e-06,6.751033197360812e-06,1.2978654012840707e-05,8.599978173151612e-06,1.3915856470703147e-05,1.953794162545819e-05,2.1721118173445575e-05,1.554759728605859e-05,1.635667467780877e-05,2.162994132959284e-05,4.1454437450738624e-05,3.125175499008037e-05,1.5683672245359048e-05,1.3542776287067682e-05,2.9405904570012353e-05,2.316876270924695e-05,3.36020857503172e-05,6.1002425354672596e-05,9.963497723219916e-05,0.0001149188683484681,0.00025652008480392396,0.00031074616708792746,0.00032040488440543413,0.0004361270694062114,0.0004525321419350803,0.0002931964409071952,0.00022522671497426927,0.0002925747539848089,0.00022328436898533255,0.0004276523250155151,0.0004770656523760408,0.0005373675376176834,0.0003459751314949244,0.00042878591921180487,0.0005089885089546442,0.0008994505042210221,0.0009306211723014712,0.001742519554682076,0.01178724505007267
41,The place of birth of Marcela Agoncillo is,The place of birth of the mother of Lorenza Marino Agoncillo is,Marcela Agoncillo,the mother of Lorenza Marino Agoncillo," Taal, Batangas",1.667212382017169e-05,7.812022886355408e-06,2.045498877123464e-05,2.2377710138243856e-06,1.0582769391476177e-05,1.9895775039913133e-05,3.221446604584344e-05,3.48151006619446e-05,5.169459109310992e-05,9.260515980713535e-06,1.0907554496952798e-05,4.573346927827515e-07,7.40369785035e-07,6.94099753673072e-06,1.2249736755620688e-05,5.895137292100117e-06,2.979837518068962e-06,6.511458536806458e-07,5.333302510734939e-07,1.2661734217545018e-05,3.6004641970066587e-06,3.3471112601546338e-06,8.639573820801161e-07,2.964133045679773e-07,2.1801984928515594e-07,6.39629433862865e-08,4.83720263844134e-08,3.874378151635938e-08,2.3098625234752035e-08,2.4181682434232243e-08,1.0190436938728453e-08,4.551105092787111e-08,6.270229846450093e-08,9.25598797607563e-08,8.885228908184217e-08,1.0069690006275778e-06,1.7741609781296575e-06,5.434434910966957e-07,2.211387027273304e-06,9.039411565936462e-07,1.5649596889488748e-06,2.254701030324213e-06,1.8361816955803079e-06,3.633378810263821e-06,1.7201301716340822e-06,2.9098137019900605e-06,2.4914400000852766e-06,2.1968050987197785e-06,2.0068957837793278e-06,1.145680585068476e-06,9.249643539988028e-07,7.676939617340395e-07,1.152426648332039e-06,7.898577223386383e-07,3.370427634763473e-07,4.2785686105162313e-07,4.469120256089809e-07,9.303145702688198e-07,1.6704622112229117e-06,3.0159226298565045e-06,2.8459239729272667e-06,2.8212207325850613e-06,1.5262228316714754e-06,2.8440795176720712e-06,3.758398179343203e-06,5.376628450903809e-06,3.855163868138334e-06,4.587048351822887e-06,3.5283654142403975e-05,3.833087612292729e-05,8.216797868954018e-05,0.00013862056948710233,0.0007097202469594777,0.0017659623408690095,0.022170713171362877,0.11649736762046814,0.1274849772453308,0.5344200730323792,0.12856480479240417,0.037787482142448425,0.000925548723898828,0.4838232100009918
42,The country of citizenship of Ilich Ramírez Sánchez is,The country of citizenship of the spouse of Isabelle Coutant-Peyre is,Ilich Ramírez Sánchez,the spouse of Isabelle Coutant-Peyre, Venezuelan,3.261106485297205e-06,2.307044951521675e-06,3.907993232132867e-06,6.706071076223452e-07,7.089170139806811e-07,2.7631642751657637e-07,1.8466317897036788e-07,4.608548636042542e-07,5.021270794713928e-07,5.427540941127518e-07,1.7526052431549033e-07,1.7718059552862542e-07,1.584021873668462e-07,2.0971673109215772e-07,2.4654792696310324e-07,1.0060944077849854e-07,1.0174479569968753e-07,1.6023055593450408e-07,8.906220472226778e-08,2.4072394921859086e-07,6.439548769776593e-07,1.6892112171262852e-06,7.786457558722759e-07,5.450299340736819e-07,2.3666211745876353e-07,2.7404746560932836e-07,2.3901401391412946e-07,4.21562930341679e-07,8.432591016571678e-07,2.410925787899032e-07,4.899201258012909e-07,4.19247413674384e-07,5.749007527811045e-07,4.209551036638004e-07,7.299222488654777e-07,3.335788733238587e-06,3.7157735732762376e-06,0.0005202246829867363,0.0002400181838311255,0.000521061650943011,0.0007176484796218574,0.0004612839547917247,0.0029045986011624336,0.008324027061462402,0.008341263048350811,0.003589807078242302,0.006297867279499769,0.00510319834575057,0.0026843154337257147,0.0016551960725337267,0.004273529630154371,0.0048450566828250885,0.0037555848248302937,0.004878334701061249,0.0030625322833657265,0.004985258914530277,0.0059360116720199585,0.002812925260514021,0.0029093753546476364,0.002325617941096425,0.0034847836941480637,0.00300972955301404,0.0026803058572113514,0.001969214528799057,0.0017336499877274036,0.003001183969900012,0.0018129117088392377,0.0018799233948811889,0.0027527394704520702,0.0019625099375844,0.0003758638631552458,0.00014913998893462121,0.00026003894163295627,0.00021562007896136492,0.0006917832652106881,0.0030385497957468033,0.0022553466260433197,0.0022793759126216173,0.00097426533466205,0.0016642289701849222,0.00018003529112320393,0.02095785364508629
43,The place of death of Elizabeth of York is,The place of death of the mother of Elizabeth Tudor is,Elizabeth of York,the mother of Elizabeth Tudor, Tower,2.0218629970258917e-07,5.170365398043941e-07,3.3535118291183608e-06,1.1256302059337031e-05,4.12723638874013e-05,0.0003351723134983331,0.00017464050324633718,7.132654718589038e-05,1.2351621990092099e-05,9.824983862927184e-06,5.895552931178827e-06,6.264130206545815e-06,1.3297501482156804e-06,1.117813735618256e-05,1.6581894669798203e-05,7.632947927049827e-06,8.278859240817837e-06,3.17836884278222e-06,9.166469681076705e-05,0.00090593978529796,0.0003258909855503589,9.836287790676579e-05,2.4263101295218803e-05,4.1242034058086574e-05,3.49892106896732e-05,3.34885589836631e-05,3.601450771384407e-06,1.1084373909397982e-05,1.4014299267728347e-05,1.3873735042579938e-05,1.3511873476090841e-05,6.446345196309267e-06,3.4869353839894757e-06,6.133072020020336e-06,4.612818429450272e-06,2.7825196866615443e-06,4.072070623806212e-06,5.987694748910144e-06,1.5454224921995774e-05,1.9400602468522266e-05,5.7497152738505974e-05,0.0001177334415842779,0.00014447772991843522,0.00015738746151328087,0.0002737470204010606,0.0003933390253223479,0.0003208495327271521,0.0003658255736809224,0.00015471767983399332,0.0001178712846012786,5.130018689669669e-05,6.892678356962278e-05,9.364442666992545e-05,0.0001575285568833351,0.0003190659626852721,0.0007726573385298252,0.0019063446670770645,0.0015401520067825913,0.001957423286512494,0.0020497855730354786,0.0008751337882131338,0.0011543481377884746,0.0016480616759508848,0.0010008302051573992,0.0006455567199736834,0.0007365335477516055,0.000534966355189681,0.0006583539070561528,0.0005426028510555625,0.0008226290810853243,0.0009633068693801761,0.0007088726270012558,0.0006504752091132104,0.00045437971130013466,0.00034580499050207436,0.0007693598163314164,0.0009364949073642492,0.0022644889540970325,0.0023175356909632683,0.018647881224751472,4.613781129592098e-05,0.00035098879016004503
44,The place of birth of Lydia Maria Child is,The place of birth of the spouse of David Lee Child is,Lydia Maria Child,the spouse of David Lee Child," Medford, Massachusetts",3.049666338483803e-05,1.7127849787357263e-05,1.940248148457613e-05,2.8680024115601555e-05,1.2358053027128335e-05,1.970464836631436e-05,3.0254884677560767e-06,3.218887627554068e-07,1.46524223509914e-06,8.343711215275107e-07,3.361553126524086e-06,3.9743754314258695e-06,6.6163033807242755e-06,1.3819016203342471e-05,4.2278355977032334e-05,5.1821948545693886e-06,5.400820100476267e-06,4.905738023808226e-06,5.620448519039201e-06,4.291466666472843e-06,8.550459824618883e-06,1.7693808331387118e-05,0.00019846558279823512,0.00010453288268763572,5.454701749840751e-05,7.506090332753956e-05,2.9776454539387487e-05,9.075835259864107e-05,5.314104419085197e-05,7.659017865080386e-05,4.668620022130199e-05,9.097811926039867e-06,2.3990061890799552e-05,0.00013671167835127562,0.00013346780906431377,8.661057654535398e-05,0.0001327244535787031,4.740071017295122e-05,5.801568113383837e-05,3.547713640728034e-05,0.0001042428266373463,3.023023236892186e-05,1.5689785868744366e-05,5.286387477099197e-06,6.31141529083834e-06,8.655792953504715e-06,4.553583949018503e-06,5.060536295786733e-06,4.718925083579961e-06,4.84298607261735e-06,3.949107394873863e-06,6.1872533478890546e-06,8.935797268350143e-06,7.4927597779606e-06,4.506487584876595e-06,1.7722040865919553e-06,2.319085751878447e-06,3.3800379242165945e-06,2.201342340413248e-06,1.9833682927128393e-06,2.7021537789551076e-06,4.743738372781081e-06,3.935973836632911e-06,5.710179721063469e-06,0.0007401981856673956,0.0004807851801160723,0.0002982949954457581,0.00034231581958010793,0.00032932095928117633,0.00024116915301419795,0.0006962788174860179,0.0024647654499858618,0.0018706785049289465,0.005224471911787987,0.004564108792692423,0.09224005043506622,0.017092520371079445,0.3704388439655304,0.28457456827163696,0.34225964546203613,0.0005709961988031864,0.6995660066604614
45,The date of birth of Mechthild of Bavaria is,"The date of birth of the mother of Philip II, Margrave of Baden-Baden is",Mechthild of Bavaria,"the mother of Philip II, Margrave of Baden-Baden", 12 July 1532,2.143973460988491e-06,3.418406038235844e-07,2.4907556053221924e-06,3.369292471688823e-06,1.598539893166162e-05,1.1760033657992608e-06,2.1500127331819385e-06,5.091362709208624e-07,1.7520880746246803e-08,1.287135065197731e-09,5.429921845490071e-09,1.299120668818432e-07,2.885827541376784e-07,1.6360789345526427e-07,4.8220649659924675e-06,4.449188054422848e-06,7.953651220304891e-05,0.004989424254745245,0.01534735132008791,0.006960212718695402,0.011141452938318253,0.012763801030814648,0.006070231087505817,0.0074859317392110825,0.01107446476817131,0.005116697400808334,0.0004765803168993443,0.0030698622576892376,0.0006046543712727726,0.0017517015803605318,0.0005177316488698125,0.0023257634602487087,0.0010345126502215862,0.00027214415604248643,0.0015421565622091293,0.009060519747436047,0.02208961360156536,0.0032922185491770506,0.00022596247436013073,0.000503029499668628,0.00027704323292709887,0.00022810738300904632,0.0001649221230763942,5.2395815146155655e-05,3.654635656857863e-05,2.2653104679193348e-05,8.192798304662574e-06,6.278790351643693e-06,8.184385478671174e-06,7.055521564325318e-06,4.67369909529225e-06,7.947196536406409e-06,1.0869141988223419e-05,1.3327658962225541e-05,1.0435740477987565e-05,1.145983060268918e-05,1.342396717518568e-05,7.379263024631655e-06,5.4803431339678355e-06,3.6177088986732997e-06,3.1461518119613174e-06,4.135820745432284e-06,6.584686161659192e-06,4.041102329210844e-06,5.2517957556119654e-06,5.144213446328649e-06,3.162759639963042e-06,4.115498086321168e-06,3.964506959164282e-06,2.431968823657371e-06,3.0737085126020247e-06,1.9919339138141368e-06,4.851556809626345e-07,7.855283001845237e-07,3.1081935958354734e-07,1.1400491217727904e-07,1.7677315611308586e-07,1.0291448404586845e-07,6.733834823080542e-08,4.769408860738622e-06,0.024880314245820045,0.0020635207183659077
46,The place of birth of Charles VII is,The place of birth of the father of Marie Marguerite de Valois is,Charles VII,the father of Marie Marguerite de Valois, Paris,1.847809926402988e-06,5.587039026977436e-07,1.1075055681430968e-06,1.3682699773198692e-06,1.1670273352137883e-06,5.630287773783493e-07,2.191382009186782e-07,9.132334639616602e-07,2.3764198431308614e-06,6.909410785738146e-07,2.9971624826430343e-06,1.5461190514542977e-06,1.4789421811656212e-06,4.1306682874164835e-07,1.0431787131892634e-06,2.0034299268445466e-06,3.701215064211283e-06,7.758727406326216e-06,9.010115604723978e-07,2.9919315238657873e-06,9.649506864661817e-07,5.2636150940088555e-06,2.3734583010082133e-06,1.6367885109502822e-06,2.011687229241943e-06,4.5587896124743565e-07,7.53609072035033e-07,9.28261556509824e-07,6.201429414431914e-07,2.147896793758264e-06,1.0295942729499075e-06,6.592397312488174e-07,1.487469262428931e-06,9.640269809096935e-07,1.5155673054323415e-06,2.62120261140808e-06,1.933119165187236e-06,1.8802384147420526e-05,1.7418542483937927e-05,1.6064015653682873e-05,6.542403571074829e-05,2.344264976272825e-05,1.1821518455690239e-05,6.999306151556084e-06,6.9244692895154e-06,1.5833884390303865e-05,2.463502823957242e-05,2.012488585023675e-05,1.1046751751564443e-05,4.50986044597812e-06,4.327538135839859e-06,8.761782737565227e-06,1.0978571481246036e-05,1.1211563105462119e-05,8.068484021350741e-06,1.8454207975082682e-06,2.5543099582137074e-06,1.7467503994339495e-06,2.301080940014799e-06,3.0548956146958517e-06,2.1689302229788154e-06,3.342477612022776e-06,2.1159403331694193e-06,2.199240952904802e-06,3.5178220514353598e-06,3.126615411019884e-05,3.075193671975285e-05,6.561054760823026e-05,6.327754817903042e-05,6.917535938555375e-05,7.163865666370839e-05,3.572957939468324e-05,3.741272303159349e-05,4.710941357188858e-05,9.9770630185958e-05,0.0004975294577889144,0.0011481327237561345,0.0024390779435634613,0.0053144050762057304,0.003234751056879759,0.004300910513848066,0.06978119164705276
47,The place of death of Gustavo Alatriste is,The place of death of the director of Las tecnologías pesqueras is,Gustavo Alatriste,the director of Las tecnologías pesqueras," Houston, Texas",5.395899620452838e-07,5.007725576433586e-07,1.0534035936871078e-06,4.3841734509442176e-07,3.4772021990647772e-06,3.8199555092433e-06,5.445293481898261e-06,1.4819333955529146e-06,5.79659354116302e-06,3.7793356568727177e-06,3.4751108159980504e-06,5.6125745686586015e-06,2.050526745733805e-05,3.2606927561573684e-05,3.2126725272974e-05,5.701243026123848e-06,1.9922345018130727e-05,8.949714356276672e-06,3.601263188102166e-06,4.540956069831736e-06,2.4390723410760984e-05,0.00020144494192209095,0.00011119704140583053,0.00013679242692887783,2.6152969439863227e-05,4.646482557291165e-05,1.9190161765436642e-05,2.3948578018462285e-05,1.706300099613145e-05,1.2598907233041245e-05,6.236962235561805e-06,5.320624950400088e-06,1.3375100706980447e-06,1.980447677851771e-06,4.09035237680655e-06,6.266640411922708e-06,1.0650799595168792e-05,1.0853779713215772e-05,1.4382998415385373e-05,9.139262147073168e-06,7.856026968511287e-06,1.2335938663454726e-05,1.2083424735465087e-05,1.193398748000618e-05,4.2959582060575485e-06,3.776195399041171e-06,2.7695243716152618e-06,1.049336447067617e-06,5.040600967731734e-07,1.1168723403898184e-06,8.218093512368796e-07,6.930905556146172e-07,6.836934858256427e-07,6.380856234500243e-07,7.583877277284046e-07,1.1193437785550486e-06,9.732940497997333e-07,1.0734964916991885e-06,1.0073534895127523e-06,9.202588557855051e-07,1.1056882840421167e-06,1.3180491578168585e-06,2.1192631720623467e-06,1.3973611885376158e-06,1.1409891840230557e-06,1.1602910490182694e-06,9.490826755609305e-07,9.472100828133989e-07,8.113063358905492e-07,8.260416279881611e-07,7.679348072997527e-07,1.017512090584205e-06,1.351753098788322e-06,1.5185088386715506e-06,3.878004918078659e-06,1.8117732452083146e-06,1.5510013327002525e-06,2.9713935418840265e-06,4.486838861339493e-06,2.9788564006594243e-06,2.330260758753866e-05,1.695428363746032e-05
48,The spouse of Selena is,The spouse of the performer of Cien Años is,Selena,the performer of Cien Años, Chris Pérez,1.7380903955199756e-05,2.235211923107272e-06,8.65609706579562e-07,5.896886818845815e-07,5.054575922258664e-07,2.08974682891494e-07,1.7473753359809052e-06,2.8086253678338835e-07,2.676098063147947e-07,6.569796369149117e-07,2.7515716283232905e-07,3.2141547308128793e-06,1.9984183836641023e-06,1.357929022560711e-06,2.945819232991198e-06,2.61358718489646e-06,2.6501863885641797e-06,3.2046420983533608e-06,5.445415354188299e-06,1.394053742842516e-05,1.1994548003713135e-05,2.554650382080581e-05,1.802217957447283e-05,2.117037911375519e-05,4.524330870481208e-05,1.3255621524876915e-05,1.8237532231069054e-06,9.829358532442711e-06,9.508199582342058e-06,1.8491666651243577e-06,1.0572523478913354e-06,2.800192532959045e-06,6.331926215352723e-06,2.804841187753482e-06,5.4882693802937865e-06,8.287897799164057e-06,3.7818995224370155e-06,1.178011098090792e-05,6.562745056726271e-06,2.6309169243177166e-06,1.3283147382026073e-06,3.767207772398251e-06,2.745718575170031e-06,3.0535775294993073e-06,1.991063982131891e-06,2.599684194137808e-06,4.225510565447621e-06,2.3719444470771123e-06,1.195291133626597e-06,6.33286049378512e-07,7.295352588698734e-07,1.0583778475847794e-06,6.598759796361264e-07,1.6011064190024626e-06,1.7273764569836203e-06,2.402175823590369e-06,1.0572036899247905e-06,1.5547267366855522e-06,2.234221938124392e-06,1.8230282421427546e-06,2.2014712612872245e-06,3.928706973965745e-06,8.450508175883442e-06,1.3073263289697934e-05,2.0175832105451263e-05,1.7001824744511396e-05,1.5945845007081516e-05,1.009976494970033e-05,1.6315849279635586e-05,2.4573286282247864e-05,1.1915702089027036e-05,5.383215466281399e-05,0.0010799841256812215,0.0016217338852584362,0.9280171990394592,0.9087833166122437,0.42274370789527893,0.516363263130188,0.6763957738876343,0.6492031812667847,4.358991645858623e-05,0.09869507700204849
49,Mansoor Khan received the,The director of Jo Jeeta Wohi Sikandar received the,Mansoor Khan,the director of Jo Jeeta Wohi Sikandar, Filmfare Award for Best Director,3.4507386317272903e-06,1.8780041273203096e-06,6.017475016051321e-07,1.257513559949075e-07,2.614248550969478e-08,5.303564698522223e-09,2.08551984570704e-08,5.902216049236131e-09,1.312037767320362e-08,6.261258622686228e-09,7.051850214878641e-10,1.6662659030330929e-09,1.4332224296254026e-09,1.2043799735295124e-08,1.3906325868617841e-08,1.5536151920514385e-08,1.3539099086301576e-07,2.738762532317196e-07,8.410170835304598e-07,3.962686037084495e-07,8.917235305716531e-08,1.0053667409692935e-07,2.503298333067505e-07,8.533642130714725e-07,2.209744025094551e-06,1.969308641491807e-06,4.197019279672531e-06,2.3889481326477835e-06,6.412394668586785e-06,3.444635467531043e-06,3.2575271688983776e-06,2.8133736122981645e-06,8.253075066022575e-06,3.6615442695620004e-06,1.5636094303772552e-06,1.0788729696287191e-06,7.185485628724564e-07,2.7792410151050717e-07,2.5853836405076436e-07,2.350168273324016e-07,1.3837427559337812e-07,6.941574071106515e-08,4.6075122384081624e-08,3.450904273449851e-08,7.080652153490519e-08,7.045195360433354e-08,8.833217179926578e-08,4.7151566207048745e-08,1.7833400534073007e-07,2.0993441296468518e-07,3.471385809916683e-07,6.529007805511355e-07,5.460756256070454e-07,7.927206979729817e-07,1.0302705959475134e-06,9.999714620789746e-07,1.0109069989994168e-06,8.846613468449505e-07,7.851290888538642e-07,5.380876473282115e-07,5.079085667603067e-07,9.84101575340901e-07,7.841556453058729e-07,8.470624379697256e-07,7.707221811870113e-07,7.428582193824695e-07,7.218471864689491e-07,6.418978273359244e-07,4.180808730325225e-07,3.33751955849948e-07,4.0882440544010024e-07,1.9755945857014012e-07,1.130917652858443e-07,7.565253667962679e-08,7.507598809297633e-08,2.543729671344863e-08,2.8289996123476158e-08,3.8756748921287e-08,4.8363432370024384e-08,4.142401976992005e-08,0.01965763419866562,0.001545333070680499
50,The country of citizenship of Bart Sibrel is,The country of citizenship of the director of Astronauts Gone Wild is,Bart Sibrel,the director of Astronauts Gone Wild, American,2.3929123926791362e-06,2.4603323822702805e-07,5.010610038880259e-06,4.130658453505021e-06,9.330383363703731e-07,8.050680548876699e-07,1.032752493301814e-06,5.851280548085924e-06,4.520426500675967e-06,5.829622296005255e-07,3.816038315562764e-06,4.967428139934782e-06,6.882936759211589e-06,2.059180951619055e-05,1.7116530216298997e-05,1.8388502212474123e-05,1.644712028792128e-05,8.577724656788632e-05,0.00011806044494733214,0.00010734968236647546,0.00036375390482135117,0.00023451696324627846,9.824496373767033e-05,5.222422623774037e-05,0.00013136003690306097,1.4005927368998528e-05,2.4474187739542685e-05,1.9607279682531953e-05,0.00012889597564935684,0.0003896350390277803,4.3970947444904596e-05,8.497083763359115e-05,0.00014580874994862825,0.0004506302357185632,0.00020612977095879614,0.00043523439671844244,0.0017044059932231903,0.00288181914947927,0.00207692408002913,0.002468232996761799,0.0018770555034279823,0.0012251826701685786,0.000652297749184072,0.0007189066964201629,0.0008775134338065982,0.0007980535738170147,0.000851773249451071,0.0005064059514552355,0.0004539715591818094,0.0002613305114209652,0.0004926222609356046,0.000637179589830339,0.0006213310989551246,0.000175386099726893,0.00015383900608867407,0.0004681012942455709,0.0004956618067808449,0.00024783494882285595,0.0001866757229436189,0.00023946879082359374,0.0009761520195752382,0.0010134598705917597,0.0010994572658091784,0.0012726844288408756,0.001172118354588747,0.0009726203279569745,0.0016636891523376107,0.0014585796743631363,0.0014286754885688424,0.0022068608086556196,0.0012573014246299863,0.0012092614779248834,0.001606654142960906,0.0017233914695680141,0.0016870031831786036,0.0005157598643563688,0.0005728256655856967,7.38275912226527e-06,7.321883458644152e-05,0.0003328780294395983,0.006274744868278503,0.016325704753398895
51,The place of birth of Muhammad Ali Jinnah is,The place of birth of the spouse of Emibai Jinnah is,Muhammad Ali Jinnah,the spouse of Emibai Jinnah, Karachi,7.067252226988785e-06,1.4627146811108105e-05,1.3303995729074813e-05,3.471810032351641e-06,2.588198412922793e-06,4.0343084037886e-06,3.954482508561341e-06,9.555086535328883e-07,4.7572413564012095e-07,1.881135602843642e-07,6.450846967709367e-08,1.4005283333062835e-07,1.0237742742447153e-07,1.585286639738115e-07,5.287274120746588e-07,3.4519686664680194e-07,1.0587222050162381e-06,2.9045950213912874e-06,2.3673267151025357e-06,4.145615548623027e-06,6.14986947766738e-06,4.876774255535565e-06,2.3041124222800136e-05,1.0538706192164682e-05,5.267227152216947e-06,1.060837234945211e-06,1.3756489352090284e-06,7.4777153713512234e-06,4.933322543365648e-06,1.0339156688132789e-05,2.3849857825553045e-05,3.087761069764383e-05,7.17637294656015e-06,4.871741566603305e-06,7.163725058489945e-06,8.356533726328053e-06,2.1426107196020894e-05,1.4190991350915283e-05,3.8941452658036724e-05,0.0001090216392185539,4.430379703990184e-05,5.47193740203511e-05,4.619431638275273e-05,5.9362795582273975e-05,5.874577982467599e-05,3.8866084651090205e-05,4.2358762584626675e-05,4.781429379363544e-05,3.787632886087522e-05,2.839091575879138e-05,3.151574856019579e-05,5.5428488849429414e-05,6.271582969930023e-05,7.129770528990775e-05,5.038402377977036e-05,4.396375152282417e-05,5.057736416347325e-05,6.576823216164485e-05,4.302378147258423e-05,0.00011557393008843064,0.00010605880379443988,0.0002046403387794271,0.0001679386041359976,0.0002382973034400493,0.0007635653018951416,0.0013225955190137029,0.0009733516490086913,0.0014634625986218452,0.0011069908505305648,0.0013193647610023618,0.0011111245257779956,0.0010065581882372499,0.0012409507762640715,0.000846489449031651,0.0006579224136658013,0.08607810735702515,0.02387518621981144,0.02309221215546131,0.009167954325675964,0.003844990162178874,0.006528638768941164,0.06649399548768997
52,The place of birth of Jelena Zrinska is,The place of birth of the spouse of Francis I Rákóczi is,Jelena Zrinska,the spouse of Francis I Rákóczi, Ozalj,5.794979074380535e-07,9.969930943043437e-07,1.091875446945778e-06,1.0191512956225779e-05,1.9278062609373592e-05,2.473476888553705e-05,1.6403961126343347e-05,9.433497325517237e-06,5.501761734194588e-06,3.184055458405055e-06,3.4273796245543053e-07,3.5906120956497034e-06,1.1006692375303828e-06,4.817914941668278e-06,4.162041932431748e-06,1.8192057495980407e-06,5.821154900331749e-06,1.943525239767041e-05,1.886653080873657e-06,3.510520173222176e-06,5.720396529795835e-06,2.733127303145011e-06,1.756876827130327e-06,2.634242264321074e-06,5.763773515354842e-06,9.090047683457669e-07,6.904741098878731e-07,3.4996119779862056e-07,3.0988346111371357e-07,2.4558523818996036e-06,2.382189222771558e-06,5.425382369139697e-06,6.222013325896114e-06,1.044375380843121e-06,1.0966451782223885e-06,1.1457016171334544e-06,2.6806725372807705e-07,6.780800987371549e-08,1.248046856971996e-07,1.2824312989323516e-07,3.115909805728734e-07,7.358148081948457e-07,6.46183536900935e-07,5.182245104151662e-07,2.1115367871971102e-06,2.4091630166367395e-06,4.1803768908721395e-06,3.3537717172293924e-06,4.517077741184039e-06,5.800298822578043e-06,3.282168790974538e-06,8.493622772220988e-06,4.915651970804902e-06,3.317386244816589e-06,3.081731392740039e-06,2.0555978608172154e-06,3.955285137635656e-06,4.770673513121437e-06,4.705134870164329e-06,5.1951119530713186e-06,4.129735316382721e-06,3.333020458740066e-06,9.67802293416753e-07,6.008990567352157e-07,1.0589989187792526e-06,1.508167656538717e-06,2.8834228942287154e-06,1.8499398493077024e-06,4.125597570237005e-06,4.108581833861535e-06,5.738736490457086e-06,7.66155426390469e-06,5.9505391618586145e-06,9.125998076342512e-06,9.831906027102377e-06,1.944557334354613e-05,1.2274841537873726e-05,1.8765591448755004e-05,2.5197905415552668e-05,1.2927707757626195e-05,2.2712054487783462e-05,1.720249929348938e-05
53,The place of birth of W. P. Kellino is,The place of birth of the director of Pay Box Adventure is,W. P. Kellino,the director of Pay Box Adventure, London,1.222677110490622e-05,2.3678037905483507e-05,6.153104186523706e-05,1.5332278053392656e-05,4.723019083030522e-05,0.00013229908654466271,1.4934306818759069e-05,2.5109669877565466e-05,2.2096995962783694e-05,3.47382556356024e-05,0.00010756560368463397,0.00011988361802650616,0.00017004490655381233,0.00022906243975739926,7.845903746783733e-05,4.0856080886442214e-05,2.4433080398011953e-05,4.7752870159456506e-05,5.0592643674463034e-05,4.843697388423607e-05,3.0765375413466245e-05,5.8882400480797514e-05,3.530025787767954e-05,0.00012133309064665809,0.00016320918803103268,0.00011048839223803952,2.1407644453574903e-05,8.445190178463235e-05,5.2146624511806294e-05,3.071124592679553e-05,2.861529355868697e-05,1.5883993910392746e-05,5.7125512284983415e-06,5.3416547416418325e-06,9.048950232681818e-06,2.3312957637244835e-05,1.6750193026382476e-05,4.4685060856863856e-05,3.66132844646927e-05,1.4243645637179725e-05,1.3705894161830656e-05,6.791157375118928e-06,7.1491585913463496e-06,6.900464086356806e-06,1.7798734916141257e-05,9.202896762872115e-06,7.511197054554941e-06,1.3185545867600013e-05,1.456220979889622e-05,6.6801962930185255e-06,1.801218445507402e-06,3.86763258575229e-06,7.3282167249999475e-06,5.203578439250123e-06,3.1141028102865675e-06,6.824550382589223e-06,5.989923010929488e-06,5.06176593262353e-06,2.9828743208781816e-06,2.227676532129408e-06,1.6623370129309478e-06,1.8436884374750662e-06,1.3677291690328275e-06,1.9382607661100337e-06,3.840152203338221e-06,1.7481127088103676e-06,2.0817280983465025e-06,2.6822876861842815e-06,2.710851731535513e-06,2.164827037631767e-06,2.783064928735257e-06,5.115651674714172e-06,6.750977718184004e-06,5.54889629711397e-06,5.255290943750879e-06,2.0562745248753345e-06,1.9389296994631877e-06,3.3741368952178163e-06,3.8331236282829195e-06,3.808646943070926e-05,0.0030692610889673233,0.004842882510274649
54,The employer of Chip Gubera is,The employer of the director of Academy of Doom is,Chip Gubera,the director of Academy of Doom, University of Missouri,5.052283995610196e-06,1.195429604194942e-06,3.5144551020493964e-06,7.499244475184241e-06,1.1409551007091068e-05,3.7928273286524927e-06,2.573269284766866e-06,1.0606178193484084e-06,1.665930312810815e-06,1.1269306924077682e-05,7.902140168880578e-06,4.280435405235039e-06,3.40119390784821e-06,4.060598712385399e-06,1.0635156286298297e-05,1.3196146937843878e-05,4.746940703626024e-06,3.6221204936737195e-05,2.213140578533057e-05,1.868349136202596e-05,5.6988686992553994e-05,7.9082556112553e-06,3.521693770380807e-06,2.652053808560595e-06,4.25371945311781e-06,2.314651510459953e-06,4.173437901044963e-06,7.584039849461988e-06,1.1470547178760171e-05,4.297611212678021e-06,3.569436785255675e-06,1.1658386029012036e-05,1.5524054106208496e-05,7.875108167354483e-06,7.532382369390689e-06,1.907969817693811e-06,1.484992571931798e-05,6.937274883966893e-05,3.6809240555157885e-05,7.217285019578412e-05,0.00010044955706689507,6.033137105987407e-05,4.843487113248557e-05,2.7681191568262875e-05,1.5828170944587328e-05,1.3416589354164898e-05,2.579926876933314e-05,4.143582555116154e-05,3.412794103496708e-05,3.0235174563131295e-05,3.3008964237524197e-05,4.3088963138870895e-05,2.7523305107024498e-05,1.530816007289104e-05,1.5440109564224258e-05,1.7685148122836836e-05,1.3724121345148887e-05,1.2363895621092524e-05,1.0491857210581657e-05,1.3729424608754925e-05,1.8581577023724094e-05,2.0418832718860358e-05,1.4051652215130161e-05,1.566821083542891e-05,1.41543214340345e-05,1.5616633390891366e-05,2.3245278498507105e-05,1.6166777641046792e-05,1.2969572708243504e-05,1.236992648045998e-05,1.428905852662865e-05,1.87622554221889e-05,2.2217942387214862e-05,4.7094410547288135e-05,4.93413936055731e-05,6.009045318933204e-05,4.653267387766391e-05,2.5133333110716194e-05,2.7530948500498198e-05,2.8966012905584648e-05,0.00033540386357344687,0.0005125220632180572
55,The place of birth of Lacy J. Dalton is,The place of birth of the performer of Slow Down is,Lacy J. Dalton,the performer of Slow Down, Bloomsburg,8.802230877336115e-05,2.8675365683739074e-05,3.0559892820747336e-06,9.248952324014681e-07,4.952801191393519e-07,1.141608905186331e-07,1.0377996062516104e-07,1.735281216497242e-07,2.9412717594823334e-07,4.291180744075973e-07,1.1085004416599986e-06,7.617462074449577e-07,4.57680812360195e-07,1.3092920880808379e-06,6.652601314272033e-07,8.372996944672195e-07,1.5482172557312879e-06,1.7193115127156489e-06,8.289639481517952e-06,3.2198659027926624e-06,3.216743152734125e-06,1.1749009445338743e-06,1.132523721025791e-06,3.9789995298633585e-07,4.603839158789924e-07,2.4484484129061457e-07,5.706698971152946e-07,5.822286084367079e-07,1.9266850870280905e-07,6.942329378034628e-07,2.6396751309221145e-06,2.620483428472653e-06,1.202120074594859e-05,7.254500360431848e-06,4.600011834554607e-06,9.771418945092591e-07,4.376065589895006e-06,2.709012278501177e-06,8.350459211214911e-06,2.2697129679727368e-05,6.133861006674124e-06,9.017399861477315e-06,5.308323125063907e-06,2.6758536932902643e-06,1.7599628563402803e-06,1.2321386293479009e-06,1.0669460834833444e-06,5.776400371360069e-07,2.0396100808284245e-06,2.8241267955309013e-06,1.9737933598662494e-06,2.767470959952334e-06,2.1204521090112394e-06,2.897538706747582e-06,1.0062132105304045e-06,3.61156594408385e-07,4.953565735377197e-07,2.6860729462896415e-07,2.0319447457950446e-07,2.532400458221673e-07,2.401718859346147e-07,5.771665883003152e-07,5.435546768239874e-07,9.982931032936904e-07,2.138813442797982e-06,1.5790208180987975e-06,1.0712035418691812e-06,2.0652385046560084e-06,3.474110826573451e-06,4.53140592071577e-06,1.7631309674470685e-06,6.012646281305933e-06,6.367518381011905e-06,3.565874067135155e-06,7.408482815662865e-06,0.00025896992883645,0.00023787826648913324,0.0005853294860571623,0.13981489837169647,0.12692590057849884,4.056566467625089e-05,0.9982154369354248
56,The place of birth of Salvatore Piscicelli is,The place of birth of the director of Blues metropolitano is,Salvatore Piscicelli,the director of Blues metropolitano, Pomigliano d'Arco,2.4031651264522225e-06,9.834732281888137e-07,5.1330380301806144e-06,2.2612941847910406e-06,5.344524652173277e-06,6.991831924096914e-06,7.512988759117434e-06,1.780188881639333e-06,2.539833872106101e-07,3.872445631714072e-06,1.0340230574001907e-06,8.169865850504721e-07,2.871246351787704e-07,4.4364239215610723e-07,1.6462429641705967e-07,6.058255621610442e-07,7.418188374685997e-07,1.79469986960612e-06,1.3892504284740426e-06,2.0617769678210607e-06,1.593122215126641e-05,1.4674538761028089e-05,1.9481936760712415e-05,6.171103450469673e-05,3.254667899454944e-05,1.4381931578100193e-05,1.0410475624667015e-05,3.2923587696132017e-06,7.390634891635273e-06,7.2516068030381575e-06,9.488906584920187e-07,2.520358464153105e-07,1.8283250824424613e-07,4.2734058069981984e-07,2.2582024428174918e-07,4.023943631636939e-07,5.591224407908157e-07,8.302183232444804e-06,3.919426944776205e-06,1.0796372862387216e-06,1.7723558585203136e-06,1.5849337842155364e-06,4.119532377444557e-07,2.686323909983912e-07,1.9709375465026824e-07,2.7947686476181843e-07,3.692924792630947e-07,5.100735620544583e-07,2.9443128823913867e-07,4.897337930742651e-07,1.3642220437759534e-06,9.58072178036673e-07,1.5721044519523275e-06,7.267354362738843e-07,1.305973114540393e-06,1.1987331163254566e-06,2.790096004900988e-06,3.5179982660338283e-06,4.530492333287839e-06,4.799976068170508e-06,4.731763965537539e-06,6.25703296464053e-06,4.3136619751749095e-06,5.6070830396492966e-06,7.224479304568376e-06,6.541606126120314e-06,6.095438948250376e-06,9.54335064307088e-06,1.4685024325444829e-05,2.1783565898658708e-05,1.6622791008558124e-05,1.0105324690812267e-05,9.186549505102448e-06,6.367426522047026e-06,5.456844519358128e-06,1.987361247302033e-05,2.9764953069388866e-05,8.415901538683102e-05,7.741111767245457e-05,5.3410421969601884e-05,5.036969014327042e-05,0.0003071585379075259
57,The place of death of Ludowika Margaretha of Zweibrücken-Bitsch is,The place of death of the mother of Johanna Sibylla of Hanau-Lichtenberg is,Ludowika Margaretha of Zweibrücken-Bitsch,the mother of Johanna Sibylla of Hanau-Lichtenberg, Bouxwiller,2.123648300766945e-06,1.021515458887734e-06,5.395202151703415e-07,5.571163228523801e-07,2.0779272347226652e-07,1.3061688264315308e-07,1.2181358499674388e-07,4.2655180720885255e-08,2.624576609377982e-07,2.569760454207426e-06,2.0774416498170467e-06,1.7089096218114719e-06,2.148244220734341e-06,2.4090016381705937e-07,1.1340039236529265e-06,1.5229879863909446e-06,6.973522204134497e-07,1.6612234503554646e-06,1.509931848886481e-06,5.728532528337382e-07,7.246971733820828e-08,2.1796688542963238e-07,5.8642047662260666e-08,2.1259558025121805e-07,1.022787159854488e-06,9.933531828210107e-07,6.257251925489982e-07,2.0110324783217948e-07,1.5420644672303752e-07,1.1860327475687882e-07,2.3827424229239114e-06,1.1250829174969113e-06,8.866347229741223e-07,3.9049930933288124e-07,1.63402177122407e-07,2.516752886094764e-07,2.1543809225477162e-07,1.2857569231528032e-07,5.008692838259776e-08,8.435206666490558e-08,1.650751784154636e-07,9.120610400259466e-08,7.424277015388725e-08,5.899689270449926e-08,1.3934959497419186e-07,1.9214688506963284e-07,1.5621239413121657e-07,9.627127894873411e-08,3.4029358175757807e-07,3.5958666444457776e-07,3.6586840224117623e-07,3.6001841863253503e-07,1.7543638364259095e-07,1.6311467732066376e-07,1.2195664567116182e-07,1.4256607983043068e-07,1.3875026638743293e-07,1.6692948179297673e-07,3.880851693338627e-07,4.1499779968035e-07,3.9250267036550213e-07,3.7740088032478525e-07,2.067768605229503e-07,2.1695323937365174e-07,3.8575845451305213e-07,9.112685006584798e-07,9.134610650107788e-07,7.905855454737321e-07,5.518583066077554e-07,6.760272981409798e-07,7.494484179915162e-07,1.0021332172982511e-06,1.1599790923355613e-06,3.8487937104036973e-07,8.141662988236931e-07,1.3212954854679992e-06,1.391252112625807e-06,1.4180426433085813e-06,1.907529622258153e-06,3.86342617275659e-06,3.239811849198304e-05,9.832150681177154e-05
58,The spouse of Edward Buzzell is,The spouse of the director of Ann Carver's Profession is,Edward Buzzell,the director of Ann Carver's Profession, Ona Munson,5.648781552736182e-06,1.503925773249648e-06,5.495003279065713e-06,8.918316325434716e-07,3.8863186091475654e-07,3.7600531754833355e-07,5.60179614694789e-07,3.2488421197740536e-07,2.524085402910714e-07,1.9934535089305427e-07,2.537576619943138e-07,8.305983101308811e-07,2.0951438273186795e-06,2.0466518435569014e-06,1.8642213035491295e-06,1.2357077139313333e-06,4.41479824075941e-06,5.3551289056485984e-06,3.848425876640249e-06,8.785791578702629e-07,2.3188699742604513e-06,9.471203838984366e-07,1.1138457267634294e-07,1.1609778738375098e-07,9.927772026685489e-08,1.0440172815151527e-07,2.5288395022471377e-07,2.9851756266907614e-07,3.2453925769004854e-07,7.702380457885738e-07,9.982674100683653e-07,3.2738519166741753e-06,3.1305137326853583e-06,2.4508233309461502e-06,3.5287225728097837e-06,4.2994752220693044e-06,9.127465091296472e-06,3.660948641481809e-05,1.7132297216448933e-05,6.949531780264806e-06,1.015410634863656e-05,5.473812507261755e-06,1.9573960798879853e-06,1.5726940318927518e-06,1.7165227745863376e-06,3.5768798625213094e-06,1.998091420318815e-06,2.143051688108244e-06,1.0844992175407242e-06,1.3112836541040451e-06,8.607337349531008e-07,1.083272536561708e-06,1.9038027403439628e-06,1.7621179040361312e-06,2.0945353753631935e-06,1.2474437198761734e-06,4.3842891273015994e-07,3.4002451343440043e-07,4.713949124379724e-07,4.198200542759878e-07,6.74618320317677e-07,7.368514616246102e-07,5.618380214400531e-07,8.611019097770622e-07,1.0238519507765886e-06,6.437082902266411e-07,6.62031993670098e-07,1.3536695178117952e-06,1.7276364587814896e-06,1.794518198039441e-06,1.3852536540071014e-06,3.6712044675368816e-06,4.200875082460698e-06,5.028079613111913e-06,5.725674782297574e-06,6.38911797068431e-06,8.657483704155311e-06,1.8653745428309776e-05,4.7851091949269176e-05,0.00043116885353811085,3.3159838494611904e-05,0.0019791305530816317
59,The date of birth of Iyasu I is,The date of birth of the father of Bakaffa is,Iyasu I,the father of Bakaffa, 1654,2.554759703343734e-05,3.0739197853790756e-08,1.3517974517540665e-09,6.073013203433675e-10,4.419916932452139e-10,1.500976079538141e-11,2.759244395467153e-11,2.7551258496849584e-10,3.5543674670179826e-09,6.330257651399052e-09,7.635784449178118e-09,6.583536560356151e-08,4.825570272259938e-07,3.508774426563832e-08,1.521736976428656e-07,2.7774197519647714e-07,4.253557108313544e-06,0.0002081296406686306,0.00022250581241678447,6.564675277331844e-05,4.574714330374263e-05,8.682339830556884e-05,4.199996328679845e-05,1.2934428923472296e-05,3.4173506719525903e-05,3.29712092934642e-05,3.767849921132438e-05,0.00047828510287217796,2.1094818293931894e-05,6.543166819028556e-05,1.825731305871159e-05,3.439514694036916e-05,2.5934295990737155e-05,3.7515364965656772e-06,5.653218977386132e-06,8.423455255979206e-06,1.2313627848925535e-05,3.793260475504212e-05,4.289170192350866e-06,1.2802907804143615e-05,1.2383009561744984e-05,1.4165957509248983e-05,6.552196737175109e-06,3.170787977069267e-06,1.4431200270337285e-06,8.567088229938236e-07,6.32896046681708e-07,3.3484695904917317e-07,7.199711404837217e-08,5.062901564656386e-08,5.029348315588322e-08,2.3214268196625198e-07,4.7535201019854867e-07,1.5555399102140655e-07,8.746813051629942e-08,1.9833443332117895e-07,2.1935791494342993e-07,2.1440084196910902e-07,1.8469009432919847e-07,9.519643384692245e-08,8.711197807542703e-08,5.707954287004213e-08,1.6464315422126674e-07,1.3546369359573873e-07,1.2690475159615744e-07,7.674023549952835e-08,1.5467263025925604e-08,1.9788608085491433e-08,4.725020374962696e-08,3.3221130735228144e-08,1.0010194451126608e-08,3.453629204841491e-08,3.3218515937960547e-08,2.5287640426086e-08,9.829351199641678e-08,1.8135405355224066e-07,1.8413551572393771e-07,2.5872695914586075e-06,3.4207992030133028e-06,0.00015172753774095327,0.044697511941194534,0.01570437103509903
60,The place of burial of Johnny Horton is,The place of burial of the performer of Honky-Tonk Man is,Johnny Horton,the performer of Honky-Tonk Man, Louisiana,1.8570634665593388e-06,7.365186434071802e-07,3.589224206734798e-07,5.025683336157272e-08,2.1564900976045465e-08,2.766679472188116e-07,3.6584260953986814e-08,3.4894977574140285e-08,1.53848503714471e-07,1.0577491593721788e-06,1.031095280268346e-06,2.558796950324904e-06,6.647907866863534e-06,1.4189939747666358e-06,1.3455584166877088e-06,2.33241485148028e-06,1.2150803740951233e-05,2.3189813873614185e-05,1.1559618542378303e-05,8.488978892273735e-06,5.6170032621594146e-05,9.141834016190842e-05,3.200857827323489e-05,0.00012360049004200846,0.00023866421543061733,0.00019981898367404938,3.827743785222992e-05,2.4927887352532707e-05,1.847969542723149e-05,6.3933448473108e-06,4.633175558410585e-05,7.670191553188488e-05,5.980684363748878e-05,6.771989137632772e-05,0.00022828536748420447,0.0001791579561540857,0.00018890788487624377,0.004588724114000797,0.0035353892017155886,0.0029726370703428984,0.0026510495226830244,0.0047643971629440784,0.03263137489557266,0.012432890012860298,0.16602255403995514,0.14098314940929413,0.11870213598012924,0.03689286857843399,0.02099689655005932,0.012279605492949486,0.006681774742901325,0.004944588989019394,0.0021893694065511227,0.0011860344093292952,0.0009148181416094303,0.0010054012527689338,0.001342242700047791,0.001035039545968175,0.0003211999428458512,0.00019782442541327327,0.00013280492566991597,0.00011734592408174649,6.119317549746484e-05,5.2568178944056854e-05,2.6675079425331205e-05,1.745762892824132e-05,1.342860468867002e-05,9.185003364109434e-06,7.705451025685761e-06,8.389039976464119e-06,7.372642357950099e-06,5.308860636432655e-06,4.813124178326689e-06,2.6135799089388456e-06,7.668262696824968e-06,8.985611202660948e-06,1.1064791578974109e-05,3.2096446375362575e-05,1.945903932210058e-05,1.9934712327085435e-05,0.00015042773156892508,0.0004283966263756156
61,Nagesh Kukunoor received the,The director of Hyderabad Blues 2 received the,Nagesh Kukunoor,the director of Hyderabad Blues 2, Filmfare Award,2.8804322482756106e-06,8.272338163806126e-06,1.930124426507973e-06,6.2223972463471e-07,9.936765366092004e-08,5.7087294891289275e-08,6.71102853289085e-08,4.852325830029258e-08,5.017255588768421e-08,4.9275143965132884e-08,8.392106565224822e-08,1.859638700807409e-07,1.2783452518760896e-07,5.59577699732472e-07,2.2693384948979656e-07,2.753945409494918e-07,2.765739850474347e-07,1.0482891639185254e-06,5.210698418522952e-06,1.6305202734656632e-05,7.479776741092792e-06,3.982695488957688e-06,1.5876422594374162e-06,1.8592083506518975e-05,2.7823791697301203e-06,4.289223852538271e-06,6.672776635241462e-06,3.7986933421052527e-06,1.3255898920760956e-05,1.450188210583292e-05,1.6045929442043416e-05,1.817562042560894e-05,2.929402398876846e-05,1.4964798538130708e-05,2.80155709333485e-05,7.080828072503209e-05,0.0003606619720812887,0.0001665440504439175,4.927933696308173e-05,2.296485581609886e-05,3.125420698779635e-05,1.0605865099932998e-05,1.0999393452948425e-05,8.466307917842641e-06,3.2610209927952383e-06,1.4286437135524466e-06,6.828794880675559e-07,1.3688401168110431e-06,4.642200508442329e-07,3.130925847472099e-07,2.7737723939935677e-07,2.6541306397120934e-07,1.7893225390253065e-07,8.241146787213438e-08,3.038368134866687e-08,3.8100658628081874e-08,2.553720435116702e-08,1.281474926173587e-08,1.1338149974449152e-08,1.61358180150728e-08,3.492857203468702e-08,2.8145857200456703e-08,5.225571442224464e-08,5.625317811563946e-08,2.143527666476075e-08,7.028252468899154e-08,1.1015085732424268e-07,1.1844080205491991e-07,1.947075389807651e-07,2.0041080972532654e-07,1.121894896982667e-07,1.8081937014358118e-07,1.2446382413600077e-07,1.9527126937646244e-07,1.9469723611109657e-07,2.502016798189288e-07,1.250441812317149e-07,1.9544897611467604e-07,4.904903221358836e-07,1.340410676675674e-06,0.010266088880598545,0.005902671255171299
62,Steve Vai received the,The performer of The Attitude Song received the,Steve Vai,the performer of The Attitude Song, Grammy,1.1883297474923893e-06,6.5991644078167155e-06,1.0733091585279908e-05,6.1542218645627145e-06,2.9756292860838585e-06,9.090810635825619e-06,3.6150688629277283e-06,1.3134189430275e-05,2.1171767002670094e-05,2.2994918253971264e-05,6.683894753223285e-06,1.0498384654056281e-05,5.107143442728557e-05,1.2722354767902289e-05,2.3828393750591204e-05,1.586117832630407e-05,3.5913606552639976e-05,2.326782669115346e-05,3.298312731203623e-05,2.6747056836029515e-05,1.0548034879320767e-05,5.213397798797814e-06,1.6414174751844257e-05,4.4287589844316244e-05,5.072050407761708e-05,3.4411965316394344e-05,4.596703001880087e-05,1.632798921491485e-05,1.612998494238127e-05,5.60297576157609e-06,3.8771181607444305e-06,6.659923315055494e-07,2.59615080722142e-06,1.0251150115436758e-06,2.7261094146524556e-06,4.2545034375507385e-06,4.8714864533394575e-06,2.6593263555696467e-06,2.5484512207185617e-06,1.2746133961627493e-06,2.3816046450519934e-06,3.4918568871944444e-06,1.8523321614338784e-06,1.066829440787842e-06,9.340512860944727e-07,7.275171469700581e-07,8.422120458817517e-07,5.25274458595959e-07,5.148723047909698e-08,9.465027517308044e-08,1.831589173661996e-07,1.472654389544914e-07,1.236072080246231e-07,1.1441666458722466e-07,6.305231892156371e-08,8.378539462228218e-08,4.067148395847653e-08,1.1219806594908732e-07,1.1847501468764676e-07,1.094465957862667e-07,8.866673795182578e-08,1.1159045243402943e-07,1.5159392319219478e-07,1.574726269382154e-07,1.5580266676806787e-07,1.6372469247016852e-07,3.163896167279745e-07,4.217764058012108e-07,5.223940888754441e-07,4.258082242358796e-07,3.920748667951557e-07,2.838366413016047e-07,3.312634078156407e-07,4.217697835429135e-07,5.177885782359226e-07,4.903166654912638e-07,1.4042260545465979e-06,2.0372774542920524e-06,4.207812708045822e-06,9.562386367178988e-07,0.013734649866819382,0.01109603326767683
63,The place of birth of Gösta Bernhard is,The place of birth of the director of Sju svarta be-hå is,Gösta Bernhard,the director of Sju svarta be-hå, Västervik,1.3463892400977784e-06,1.734839969458335e-07,1.2626665011339355e-06,1.9621359115262749e-07,3.882946231215101e-08,2.9837332249371684e-07,1.9751790603095287e-07,2.902972653373581e-07,1.077985643860302e-06,8.778000051279378e-07,1.436443852753655e-07,1.2591827669439226e-07,3.025292016900494e-07,2.7017547381547047e-06,6.936401746315823e-07,1.724595904306625e-06,1.1738140528905205e-05,6.389894224412274e-06,1.1461527719802689e-05,5.965602667856729e-06,4.3423560782684945e-06,5.8111904763791244e-06,4.839540451939683e-06,3.4241941193613457e-06,7.060870302666444e-06,8.898620762920473e-06,1.4362004776558024e-06,5.061335741629591e-06,4.917121714242967e-06,3.7912857351329876e-06,2.4759190182521706e-06,3.172332526446553e-06,2.3241200324264355e-06,1.0895585091930116e-06,7.248445967888983e-07,4.4786264652429963e-07,2.9269399419717956e-06,4.119118784728926e-06,4.167552106082439e-06,1.7120426036854042e-06,1.548769319015264e-06,7.348232429649215e-06,3.6446645026444457e-06,3.233911456845817e-06,1.6771646187407896e-06,1.7976250319406972e-06,1.8034364757113508e-06,1.3083526937407441e-06,1.4019059335623751e-06,1.0283240499120438e-06,7.733822258160217e-07,5.303413672663737e-07,8.489333822581102e-07,1.1112865649920423e-06,1.0096983942275983e-06,1.0155930567634641e-06,2.0958225377398776e-06,2.8327897325652884e-06,1.7580945268491632e-06,2.5601077595638344e-06,4.702458682004362e-06,4.345457909948891e-06,5.754737685492728e-06,7.13403596819262e-06,9.421455615665764e-06,6.3183438214764465e-06,6.895180376886856e-06,8.844138392305467e-06,1.2807102393708192e-05,1.7680029486655258e-05,7.78194225858897e-06,8.356417311006226e-06,1.1727132914529648e-05,1.4467926121142227e-05,2.6417115805088542e-05,3.261503661633469e-05,4.998285658075474e-05,6.776210648240522e-05,0.0002238171873614192,7.919545168988407e-05,0.003318350063636899,0.008592861704528332
64,The place of death of Richard Pottier is,The place of death of the director of The Beautiful Otero is,Richard Pottier,the director of The Beautiful Otero, Le Plessis-Bouchard,4.653040264201991e-08,1.501286917005018e-08,7.224249998216692e-07,3.427002326361617e-08,2.0945604717326205e-07,7.643757271580398e-07,3.707687881160382e-07,5.191602667764528e-07,1.8610483039083192e-06,1.3166912822271115e-06,4.9793056859925855e-06,5.0880739763670135e-06,5.447473540698411e-06,7.196376259344106e-07,1.5648442968085874e-06,1.6075927078418317e-07,3.623289330789703e-07,3.024154580089089e-07,7.007642466305697e-07,9.58358441494056e-07,3.4722157238320506e-07,1.1047332009184174e-06,6.124893729975156e-07,9.539021448290441e-07,1.1591636166485841e-06,6.24218728262349e-07,1.973425725054767e-07,9.281846473641053e-07,1.9074050783274288e-07,3.907721577434131e-07,3.4903104051409173e-07,4.2905577402052586e-07,1.0726441956876442e-07,8.67773337631661e-08,1.5210980564006604e-07,5.209894311519747e-07,3.6007818948746717e-07,1.462426439502451e-06,1.0187505722569767e-05,1.1156592336192261e-05,1.0807246326294262e-05,8.477866686007474e-06,4.676016033045016e-06,5.014505859435303e-06,2.8360072974464856e-06,4.148929747316288e-06,2.709245563892182e-06,2.4489352199452696e-06,1.801599069040094e-06,7.109772468538722e-07,3.764811538076174e-07,3.8858379980410973e-07,5.649621357406431e-07,8.459294917884108e-07,7.825278203199559e-07,1.1170928928549984e-06,7.569538524876407e-07,1.0452913556946442e-06,1.0303646149623091e-06,6.25500661044498e-07,4.3820233486258076e-07,3.6552927440425265e-07,1.291692797167343e-07,6.857495549184023e-08,1.333002614956058e-07,1.0238002801088442e-07,1.7679977304396743e-07,1.7819692743614723e-07,1.7452809686346882e-07,2.4096024731079524e-07,3.522962970237131e-07,3.641605985649221e-07,3.1875566719463677e-07,6.584199354620068e-07,2.541387402743567e-07,1.8968169968047732e-07,6.571287514134383e-08,2.7171913075108023e-07,1.6827299020860664e-07,4.967662789567839e-06,0.0005970148486085236,0.0021603871136903763
65,The place of birth of Herbert Maisch is,The place of birth of the director of Nights in Andalusia is,Herbert Maisch,the director of Nights in Andalusia, Nürtingen,3.6352828374219825e-06,1.9577922216740262e-07,8.557409501008806e-07,4.4873245315102395e-06,2.9370467018452473e-06,2.6637280825525522e-06,8.024983912946482e-07,7.573391371806792e-07,2.8310826110100606e-06,3.8961552490945905e-06,3.5610783015727066e-06,2.174741212002118e-06,6.020191449351842e-06,2.0615374523913488e-05,2.7581183530855924e-05,7.890613233030308e-06,3.1607931305188686e-05,1.0755765288195107e-05,5.698206678061979e-06,1.1760480447264854e-06,2.3064490051183384e-06,3.2461132377648028e-06,1.601166275122523e-07,2.1824514817581075e-07,6.119545332694543e-07,2.2461578907950752e-07,5.556083806368406e-07,5.413836561274366e-07,6.110254275881744e-07,1.4093456002228777e-06,2.9907425869168947e-06,6.051166110410122e-06,1.45763069667737e-05,5.866399988008197e-06,3.2477530567120994e-06,2.7165092433278915e-06,1.864974547061138e-05,1.0104432476509828e-05,1.1068688763771206e-05,1.4312048506326391e-06,1.0129947440873366e-06,9.905951401378843e-07,8.859456102072727e-07,1.1177256737937569e-06,6.81391725265712e-07,4.609723873727489e-07,4.737121059861238e-07,6.332248858598177e-07,5.003306000617158e-07,5.3647352160624e-07,3.862116386699199e-07,6.994811201366247e-07,7.90019157648203e-07,4.511997815370705e-07,8.663033099765016e-07,7.818247809154855e-07,1.5457012523256708e-06,8.629203875898384e-07,7.024488581919286e-07,8.493985887980671e-07,1.1316287782392465e-06,7.775163339829305e-07,8.158896207532962e-07,1.3031930166107486e-06,2.2177093796926783e-06,8.683321652824816e-07,5.452371283354296e-07,6.157160896691494e-07,6.905337954776769e-07,6.091281647968572e-07,4.051335906751774e-07,5.416961244009144e-07,7.4476679401414e-07,5.034021341998596e-07,3.616476647039235e-07,5.668197218255955e-07,1.5036010836411151e-06,3.517177901812829e-06,5.450634944281774e-06,1.3671583474206273e-05,0.0010137262288480997,0.0003682101669255644
66,The place of birth of Nicki Minaj is,The place of birth of the performer of Changed It is,Nicki Minaj,the performer of Changed It, Port of Spain,2.359270411034231e-06,1.7727859358274145e-06,3.2139660106622614e-06,2.1366872715589125e-07,1.763682320188309e-07,6.659449240942195e-07,3.6892251387143915e-07,2.6409631459500815e-07,1.797629579414206e-06,1.1222372222619015e-06,2.8428346467990195e-06,1.7476414768680115e-06,4.342458851169795e-06,2.500328264432028e-05,4.4839700422016904e-05,5.2053830586373806e-05,5.572357986238785e-05,8.453828195342794e-05,5.50680051674135e-05,7.814612035872415e-05,8.114270167425275e-05,0.00011335530143696815,2.9435823307721876e-05,1.2734031770378351e-05,5.723913636757061e-05,6.780892726965249e-05,6.736363138770685e-05,7.337101851589978e-05,9.068272629519925e-05,4.876937236986123e-05,2.1912184820394032e-05,4.968250505044125e-05,2.0177039914415218e-05,1.015209545585094e-05,3.6746132536791265e-05,2.6316160074202344e-05,5.099751797388308e-05,9.949739251169376e-06,3.534296411089599e-05,3.6333258321974427e-05,2.775120265141595e-05,6.987979304540204e-06,8.303173672175035e-06,4.902625278191408e-06,2.1286657556629507e-06,1.543284383842547e-06,1.8621961999087944e-06,1.2707190535365953e-06,1.970846142285154e-06,4.333555352786789e-06,6.7283722273714375e-06,4.731462468043901e-06,1.574533712300763e-06,1.5448282510988065e-06,1.0090103614857071e-06,1.9676679130498087e-06,7.831985385564622e-06,8.346553840965498e-06,6.367083642544458e-06,6.573597147507826e-06,6.96520055498695e-06,7.474657650163863e-06,9.837496691034175e-06,3.11109542963095e-05,2.7641166525427252e-05,4.045736568514258e-05,7.5234827818349e-05,0.00014407535491045564,0.00012562662595883012,6.998566823313013e-05,3.6495639506028965e-05,8.856068598106503e-05,6.377256795531139e-05,0.00012333132326602936,0.0004382510087452829,0.0005525338929146528,0.0001522645470686257,0.0012736357748508453,0.004897271748632193,0.0039075096137821674,0.00018080350128002465,0.010083596222102642
67,The date of death of Sir John Grey is,"The date of death of the father of Edmund Grey, 1st Earl of Kent is",Sir John Grey,"the father of Edmund Grey, 1st Earl of Kent", 1439,2.9290076781762764e-05,1.4123989785730373e-05,7.377658766927198e-05,0.001628440571948886,0.001607768121175468,5.079876063973643e-05,6.48844288662076e-05,2.6493389668758027e-05,1.6332443919964135e-05,2.514855168556096e-06,7.0338978730433155e-06,2.199592381657567e-05,9.466461960982997e-06,7.926838634375599e-07,1.3289270555105759e-06,6.654692583651922e-07,1.0307298907719087e-05,0.000319276558002457,0.0011835095938295126,0.0002104739542119205,2.2967231416259892e-05,4.642205385607667e-05,6.644598033744842e-05,0.0001305260375374928,0.00010071662836708128,0.0012691151350736618,0.0002445733407512307,0.00011419428483350202,1.8546729734225664e-06,2.63681540673133e-05,1.6769465219113044e-05,5.300058546708897e-05,2.5981229555327445e-05,3.944285344914533e-05,7.935886969789863e-05,0.000155068511958234,6.174235022626817e-05,3.6121320590609685e-05,7.586781430291012e-05,0.00010602614202070981,5.5733242334099486e-05,9.074317495105788e-05,8.293607243103907e-05,0.00011157539847772568,0.00013220008986536413,7.269344496307895e-05,6.0518792452057824e-05,6.863221642561257e-05,0.00013010007387492806,6.533985288115218e-05,5.4648375225951895e-05,0.00015078517026267946,0.00016535131726413965,7.107312558218837e-05,0.00010241110430797562,0.0001211330309160985,7.196019578259438e-05,0.00017383407976012677,0.00010945505346171558,0.00010448676766827703,0.00013254060468170792,0.00018414549413137138,0.0007163833361119032,0.0007150997407734394,0.00028941186610609293,0.000585253641474992,0.00038577383384108543,0.0005982391303405166,0.0003558052994776517,0.0003542369231581688,0.0007217511883936822,0.001029985724017024,0.0026795887388288975,0.007338092662394047,0.013413096778094769,0.04877498745918274,0.06692435592412949,0.18820394575595856,0.510016918182373,0.026372510939836502,0.008859858848154545,0.012893819250166416
68,The inception of Vassar College was in,The inception of the publisher of The Miscellany News was in,Vassar College,the publisher of The Miscellany News, 1861,5.7738009928698375e-08,1.510605471821691e-07,3.5384556440476445e-07,6.522162948385812e-06,9.954572306014597e-06,6.703502731397748e-05,2.028490234806668e-05,3.084715353907086e-05,5.6154145568143576e-05,0.00034972940920852125,7.244879088830203e-05,2.3294565835385583e-05,2.8005859348922968e-05,2.703954123717267e-05,5.8477558923186734e-05,4.248550612828694e-05,0.00017073078197427094,0.0004794282140210271,0.00014592664956580848,0.0009265993139706552,0.0042592310346663,0.015545690432190895,0.002333515090867877,0.0024051957298070192,0.0007642407435923815,0.00013205224240664393,4.0514332795282826e-05,4.8056252126116306e-05,2.9095963327563368e-05,1.287940267502563e-05,9.229730494553223e-06,1.0848755664483178e-05,1.611674451851286e-05,4.086112312506884e-06,1.78512873389991e-05,1.3905452760809567e-05,1.780708771548234e-05,3.2533447665628046e-05,0.0002203330077463761,0.0004803049087058753,4.5521654101321474e-05,5.425258132163435e-05,3.355566877871752e-05,1.9975237592007034e-05,4.056901616422692e-06,4.260139121470274e-06,9.959820999938529e-06,2.5109868147410452e-05,2.6179630367551e-05,6.4568426751066e-05,8.976212484412827e-06,5.9676622186088935e-06,4.5884066821599845e-06,5.609138952422654e-06,3.4186193715868285e-06,3.015991069332813e-06,1.6856449747137958e-06,2.0410325305419974e-06,7.232402481349709e-07,6.574480835297436e-07,6.729449637532525e-07,3.2479809419783123e-07,3.3141932931357587e-07,1.7946815944469563e-07,3.1177529535852955e-07,5.426206257652666e-07,1.7390880202583503e-07,3.294599082437344e-07,4.881842983195384e-07,7.943033324409043e-07,1.6735203871576232e-06,8.772846626925457e-07,2.9006439490331104e-06,5.118982699059416e-06,4.6225541154854e-06,1.2501726814662106e-05,1.371736652799882e-05,7.481822450472464e-08,4.386300247460895e-07,2.2001192689913296e-07,0.6940249800682068,0.615096926689148
69,The place of death of Albert Capellani is,The place of death of the director of Out of the Fog is,Albert Capellani,the director of Out of the Fog, Paris,1.4073664715397172e-05,4.0965995140140876e-05,4.234321750118397e-06,1.342960871397736e-07,2.648424924700521e-06,2.765601720966515e-06,6.171015911604627e-07,6.844511972303735e-06,1.0686050700314809e-05,1.2314258128753863e-06,2.0467299691517837e-05,5.125182360643521e-05,2.3006810806691647e-05,3.503863263176754e-05,8.44990154291736e-06,8.467634870612528e-06,4.410287147038616e-06,9.195066922984552e-06,3.517565119182109e-06,4.039170562464278e-06,1.3258928674986237e-06,4.061009803990601e-06,1.988007170439232e-05,1.3060497394690174e-06,1.1691087138387957e-06,1.2376343647702015e-06,1.413069071531936e-06,3.910032774001593e-06,3.0105151381576434e-05,3.420666325837374e-05,2.8615704650292173e-05,0.00012721415259875357,0.0001308987120864913,0.0006955057033337653,0.0012468614149838686,0.00018647639080882072,0.00015944796905387193,0.0005434416234493256,0.0003062918840441853,0.00021487672347575426,0.0001900360657600686,0.0002227954682894051,0.0001304926845477894,8.363797678612173e-05,0.00016163784312084317,0.00012763850099872798,0.0001780363527359441,0.00035383820068091154,0.0003455212281551212,0.0002524281735531986,0.00018105593335349113,0.00023325844085775316,0.0006905698101036251,0.000581808912102133,0.0002224474010290578,0.006697049830108881,0.007249652873724699,0.0047953175380826,0.004887398332357407,0.007746477145701647,0.010166077874600887,0.006181170232594013,0.0064471010118722916,0.005588389001786709,0.002868176670745015,0.05150286480784416,0.05063838139176369,0.0012535289861261845,0.0009498862782493234,0.0021826541051268578,0.003981775138527155,0.0038558838423341513,0.003407215466722846,0.005055555142462254,0.005088332574814558,0.010447842068970203,0.004404904320836067,0.008653638884425163,0.0073792701587080956,0.01787324994802475,0.00014827321865595877,0.07970350235700607
70,The place of birth of Finbar Furey is,The place of birth of the father of Áine Furey is,Finbar Furey,the father of Áine Furey, Dublin,1.1271165476500755e-06,4.2645532971619105e-07,4.933739106149915e-08,1.1417464662599741e-07,1.868432377705176e-07,2.1945095340925036e-06,3.904180175595684e-06,2.494381760698161e-06,3.567714372820774e-07,1.9137360141030513e-06,3.699460194184212e-06,5.839681762154214e-06,1.6014137145248242e-06,1.9049854245167808e-06,9.027613486978225e-06,2.3360815248452127e-05,3.3497992262709886e-05,1.2611871170520317e-05,7.050734438962536e-06,1.5847531358303968e-06,1.252368474524701e-05,3.685564297484234e-05,8.531195817340631e-06,9.524786037218291e-06,3.0334365419548703e-06,2.0532545477180975e-06,6.513628818538564e-07,5.676452019542921e-06,8.770158274273854e-06,1.787179098755587e-05,7.10029125912115e-05,9.065256563189905e-06,2.1831647245562635e-05,4.641490704671014e-06,6.77363459544722e-06,1.452593892281584e-06,1.502166924183257e-06,0.0017494913190603256,0.0001873426663223654,3.2782467314973474e-05,1.8788978195516393e-05,6.593064881599275e-06,3.265552550146822e-06,3.3829803669505054e-06,4.310152689868119e-06,8.678230187797453e-06,9.160311492451001e-06,8.817739399091806e-06,4.9607133405515924e-05,4.004287256975658e-05,2.7539534130482934e-05,1.9703913494595326e-05,1.6503438018844463e-05,8.41440305521246e-06,5.3345333981269505e-06,1.1906491863555857e-06,1.5457350173164741e-06,9.788083161765826e-07,1.4873335203446914e-06,1.8088272781824344e-06,1.8766362472888432e-06,1.9754738787014503e-06,1.0569345931799035e-06,8.376944720112078e-07,4.669307145377388e-07,7.579695306958456e-07,4.096289387689467e-07,2.25752842197835e-06,3.985561761510326e-06,5.468821200338425e-06,8.010414603631943e-06,1.1030012501578312e-05,1.6204356143134646e-05,1.0523099263082258e-05,1.4892222679918632e-05,2.0411936930031516e-05,7.496941543649882e-05,2.9227749109850265e-05,0.000103458616649732,0.00013170504826121032,0.0022156082559376955,0.13417360186576843
71,The date of birth of Gerald Drummond is,The date of birth of the father of Gerald George Drummond is,Gerald Drummond,the father of Gerald George Drummond," September 8, 1976",4.653267296816921e-06,8.96288656804245e-06,4.169997282588156e-06,1.8291156038685585e-06,6.13456177234184e-06,3.2867787922441494e-06,3.582705971894029e-07,5.358655243981048e-07,7.314769163713208e-07,1.1773817050197977e-06,1.863135253188375e-06,2.6770649128593504e-06,7.27257031485351e-07,1.8674786588235293e-06,2.4215962639573263e-06,7.334153337978933e-07,8.097371164694778e-07,9.644741112424526e-07,5.104019464852172e-07,7.542760727119457e-07,8.315562354255235e-07,1.5342993719968945e-06,3.2225509585259715e-06,7.603435278724646e-06,1.223379422299331e-05,9.110541213885881e-06,1.5989311577868648e-05,1.0442928214615677e-05,1.0702102372306399e-05,1.2490373592299875e-05,8.746354978939053e-06,9.51551555772312e-06,6.2506455833499786e-06,2.47236630457337e-06,1.7004550727506285e-06,4.2471714323255583e-07,6.499201390397502e-07,4.3941150806858786e-07,9.02394276636187e-07,7.238609782689309e-07,1.3228318493929692e-06,2.0927054720232263e-06,4.29446117777843e-06,4.790323146153241e-06,4.499879196373513e-06,6.46817989036208e-06,5.253055405773921e-06,5.877260718989419e-06,9.58880173129728e-06,9.902745659928769e-06,9.770186807145365e-06,6.479130206571426e-06,7.886314051575027e-06,8.435175004706252e-06,6.555919753736816e-06,5.878308456885861e-06,4.34347202826757e-06,7.4057152232853696e-06,6.655069228145294e-06,6.997680429776665e-06,5.660505848936737e-06,1.201190480060177e-05,1.0892224054259714e-05,2.144123391190078e-05,1.8083623217535205e-05,1.483138112234883e-05,1.1936350347241387e-05,9.053296707861591e-06,7.68769041314954e-06,4.36653635915718e-06,5.759229679824784e-06,2.296896491316147e-05,2.000837048399262e-05,3.005036705872044e-05,3.9464652218157426e-05,5.4739091865485534e-05,0.00015399888798128814,0.00048339582281187177,0.0010015530278906226,0.003084855154156685,0.0006457236013375223,0.004676514305174351
72,The country of citizenship of Liam Lynch is,The country of citizenship of the director of Sarah Silverman: Jesus Is Magic is,Liam Lynch,the director of Sarah Silverman: Jesus Is Magic, United States,3.0745107437724073e-07,1.288884590167072e-07,3.2004885497372015e-07,2.97422758421817e-07,3.764752989354747e-07,1.6411665626492322e-07,3.393767045167806e-08,2.731655790455534e-08,4.466913239298265e-08,1.0788492943447636e-07,2.223715966920281e-07,1.943022169825781e-07,9.580862752045505e-07,1.3867974075765233e-06,1.499114659964107e-06,8.243136448982114e-07,3.351040618326806e-07,4.001363436145766e-07,6.388329438777873e-07,1.212819256579678e-06,1.6220734551097848e-06,2.2738331608707085e-05,3.235468830098398e-05,5.515435623237863e-05,8.250870450865477e-05,1.8494180039851926e-05,4.262084257788956e-05,1.346868975815596e-05,1.3411464351520408e-05,1.0337292223994154e-05,7.637785529368557e-06,3.4080512705259025e-05,3.414987077121623e-05,3.6198012821841985e-05,3.6210385587764904e-05,0.00011370974243618548,0.0008830972365103662,0.00034420553129166365,0.0005925811710767448,0.000544136215467006,0.0023189308121800423,0.00040746593731455505,8.527271111447021e-10,3.421801508807221e-08,1.468794579295718e-07,3.750685948489263e-07,2.447149540785176e-07,1.6280590386941185e-07,3.222868940611079e-07,4.149163856936866e-08,4.623574412221387e-08,5.37218696194941e-08,2.4814703181164077e-08,6.3153597906762116e-09,6.668360530426298e-09,2.255640813020321e-10,2.920307606846251e-10,1.0039977738074413e-09,6.819146913805696e-10,7.566818699400457e-12,5.5401749160521874e-11,1.6658249432643935e-11,1.7011341987838158e-11,1.1351922180047325e-10,1.2890044587265947e-10,1.8957263536734104e-10,3.314551133559718e-10,1.0790980331520927e-09,8.756674552135024e-11,1.5335628600343654e-10,4.11528588983856e-10,2.5151716820381864e-10,2.4196806780452107e-09,2.2144446276683993e-09,1.2137044702598132e-09,1.2333589705093573e-09,3.570949091979969e-09,3.0259978966995504e-09,1.065203369954304e-09,3.952812743790446e-09,0.2557501196861267,0.017845479771494865
73,The place of birth of Çesk Zadeja is,The place of birth of the composer of Tana is,Çesk Zadeja,the composer of Tana, Shkodër,3.648527854238637e-05,6.711972218909068e-06,8.976718163467012e-06,1.3486251191352494e-06,1.9574426346480323e-07,7.008551250464734e-08,4.4457131309627584e-08,1.0144654538635223e-07,7.0467723389811e-07,6.082053118916519e-07,4.2121538967876404e-07,3.913319233106449e-07,1.272711500632795e-07,2.872656921226735e-07,1.950750174728455e-07,5.540942993320641e-07,4.743855583910772e-07,1.4473889677901752e-06,3.7296472328307573e-06,3.1909221434034407e-06,1.9391727619222365e-06,9.634541129344143e-06,7.305485723918537e-06,1.0619993190630339e-05,1.301894553762395e-05,3.6192247989674797e-06,8.954861186794005e-06,8.744483238842804e-06,2.1734529127570568e-06,4.3620498217933346e-06,2.789162181215943e-06,2.3591865101479925e-06,2.4602712073829025e-05,2.0452842363738455e-05,1.11880071926862e-05,1.4519280739477836e-05,6.414389645215124e-06,3.084732270508539e-06,1.255484858120326e-05,9.006681466416921e-06,4.779038135893643e-06,5.60938815397094e-06,2.5410020043636905e-06,1.9671117570396746e-06,1.5860730400163447e-06,3.6513717986963456e-06,2.7568655696086353e-06,4.3228219510638155e-06,3.1623694667359814e-06,2.213967036368558e-06,1.1197598723811097e-06,9.74131353359553e-07,1.7182239844260039e-06,1.050474566000048e-06,5.051909397479903e-07,6.037398634362034e-07,4.849918582294777e-07,4.212289184124529e-07,6.004686952110205e-07,1.675115186117182e-06,2.4707812826818554e-06,1.47466448652267e-06,2.2543345039593987e-06,2.3976828742888756e-05,2.5181427190545946e-05,3.497073703329079e-05,2.3628181224921718e-05,2.4009832486626692e-05,1.6859161405591294e-05,1.568098559801001e-05,1.6884619981283322e-05,7.93984581832774e-05,6.523297633975744e-05,0.00014724890934303403,0.0003687846474349499,0.6174809336662292,0.4081072509288788,0.12774346768856049,0.18342478573322296,0.05385848507285118,0.0016707078320905566,0.5530678629875183
74,The place of birth of Dulce of Aragon is,The place of birth of the mother of Theresa of Portugal is,Dulce of Aragon,the mother of Theresa of Portugal, Barcelona,1.4963083003749489e-06,1.2956752470927313e-06,2.790128291962901e-06,1.8937697632281925e-06,3.1908198252494913e-06,1.5664234069845406e-06,2.0956515527359443e-06,4.92581477828935e-07,2.6389085405753576e-07,1.0908603371717618e-06,3.63503795597353e-06,1.6503912547705113e-06,8.540923772670794e-07,1.372861106574419e-06,2.1683808881789446e-06,1.4125309917289997e-06,2.6957532099913806e-06,6.421058060368523e-06,6.09540529694641e-06,3.7760576105938526e-06,2.958209961434477e-06,8.263651579909492e-06,1.2847425750805996e-05,2.436620525259059e-05,3.360770642757416e-05,1.2856445209763478e-05,6.460467375291046e-06,7.882025784056168e-06,2.3434999093296938e-05,2.3258027795236558e-05,3.220663347747177e-05,3.792261486523785e-05,5.788241105619818e-05,8.473946218146011e-05,0.00010651104093994945,8.723206701688468e-05,6.343152927001938e-05,0.0005039015668444335,0.00027180323377251625,0.0003642341180238873,0.00019913386495318264,0.00064692652085796,0.004674806259572506,0.0035914338659495115,0.003836833406239748,0.004223475698381662,0.002185623627156019,0.0009995587170124054,0.0012533247936517,0.0019251256017014384,0.0015582413179799914,0.0020096339285373688,0.0018794940551742911,0.0016681626439094543,0.0012245079269632697,0.00646913331001997,0.008251558057963848,0.006317954510450363,0.005869842600077391,0.0037908374797552824,0.0021729576401412487,0.0020109524484723806,0.003182994434610009,0.002407629508525133,0.0029550266917794943,0.002788969548419118,0.0011474491329863667,0.0009175806771963835,0.000871961354278028,0.001043903874233365,0.0010637331288307905,0.0008960772538557649,0.0010193046182394028,0.0006978921010158956,0.0014297195011749864,0.00026916811475530267,0.00018507061759009957,0.0016552418237552047,0.003481121500954032,0.07738065719604492,0.00014105811715126038,0.007420875132083893
75,The country of citizenship of Master P is,The country of citizenship of the director of No Tomorrow is,Master P,the director of No Tomorrow, American,1.6284519688269938e-06,1.3762030448560836e-06,3.5176096844224958e-06,2.762110170806409e-06,2.4295809453178663e-06,1.059699911820644e-06,8.266889608421479e-07,5.871632765774848e-06,5.834166131535312e-06,9.40721690767532e-07,3.222498889954295e-06,1.5808707303222036e-06,6.928600669198204e-06,4.426386112754699e-06,1.2495761438913178e-06,2.8457689040806144e-06,9.470068107475527e-06,1.7680436940281652e-05,4.292996891308576e-05,9.239973587682471e-05,7.888373511377722e-05,9.342133853351697e-05,0.00010846552322618663,0.00010953790479106829,0.00021406494488473982,5.013297050027177e-05,3.934397318516858e-05,0.0001356359280180186,0.0005741663626395166,0.0014579200651496649,0.0010708979098126292,0.0011953075882047415,0.002052985830232501,0.0032217176631093025,0.0010641682893037796,0.0016525947721675038,0.008476418443024158,0.012524785473942757,0.00865819863975048,0.013842824846506119,0.00498037226498127,0.006341641768813133,0.002677577082067728,0.001956051681190729,0.0020225802436470985,0.0013691952917724848,0.0010689630871638656,0.0012391062919050455,0.0010405936045572162,8.890412573236972e-05,0.00042060183477588,0.0007571295136585832,0.001222226768732071,0.0007116063497960567,0.0006899298168718815,0.0010116794146597385,0.0011186690535396338,0.001010426552966237,0.000708800449501723,0.0005484516150318086,0.0007790439995005727,0.0010158668737858534,0.0005105618620291352,0.0008681615581735969,0.0010980019578710198,0.0009536838624626398,0.0031390406657010317,0.003738987958058715,9.112043335335329e-05,0.000193816187675111,0.00015884812455624342,0.00023152660287451,0.00038648961344733834,0.004098198376595974,0.00578527245670557,0.02408963069319725,0.022991811856627464,0.02723907120525837,0.05134136602282524,0.013163754716515541,0.011531917378306389,0.07208684831857681
76,The place of death of James Bauer is,The place of death of the director of The Black Star is,James Bauer,the director of The Black Star, Argentina,1.5330138012359384e-06,4.033292384519882e-07,8.191382789846102e-07,8.398843647228205e-07,1.150477032751951e-06,1.492343244535732e-06,5.757391932093014e-07,2.2753195594304998e-07,1.6600263563759654e-07,3.094801286351867e-06,4.276333584130043e-06,3.1317024422605755e-06,1.0760320492408937e-06,2.1102478058310226e-06,2.0927220703015337e-06,4.450845153769478e-06,2.2380065729521448e-06,2.9661748612852534e-06,1.5530923747064662e-06,7.92285572970286e-06,2.073558562187827e-06,3.903840024577221e-06,6.100644895923324e-06,1.0576765816949774e-05,3.0112307285889983e-05,5.3087966080056503e-05,2.5001414542202838e-05,1.2240145224495791e-05,8.23588743514847e-06,5.808624791825423e-06,3.6387480122357374e-06,4.939834070682991e-06,1.1903147424163762e-05,9.60370380198583e-06,1.4149247363093309e-05,7.266114607773488e-06,3.297533339718939e-06,5.237970981397666e-06,4.294491191103589e-06,1.1101493328169454e-05,1.570154017827008e-05,3.1805011531105265e-05,3.7606976547976956e-05,3.0872579372953624e-05,1.115385748562403e-05,5.930465249548433e-06,6.978049441386247e-06,8.69522409630008e-06,8.204850018955767e-06,4.7730836740811355e-06,2.601252845124691e-06,1.3424328244582284e-06,1.5731941402918892e-06,1.8530080296841334e-06,1.7728866623656359e-06,1.913921551022213e-06,1.704862938822771e-06,2.0016968846903183e-06,2.990146185766207e-06,3.1479405606660293e-06,3.50314553543285e-06,2.856426590369665e-06,4.330561750975903e-06,4.530562364379875e-06,8.240281204052735e-06,7.496348644053796e-06,6.946812845853856e-06,8.153002454491798e-06,1.0614895472826902e-05,1.5243198504322208e-05,1.1440824891906232e-05,1.1075530892412644e-05,1.0393407137598842e-05,1.2402525499055628e-05,1.2803032404917758e-05,1.3816485989082139e-05,1.9477836758596823e-05,2.0881958334939554e-05,2.0198085621814243e-05,7.120645022951066e-05,6.309564196271822e-05,1.3062479411019012e-05
77,The place of birth of Björk is,The place of birth of the performer of Oceania is,Björk,the performer of Oceania, Reykjavík,1.0291516900906572e-06,1.094916584065686e-07,3.256636205151153e-07,7.827362651369185e-07,4.1557733254649065e-08,6.690974885259493e-08,1.5237442596571782e-07,8.327945693054062e-07,6.319432031887118e-06,1.917101599246962e-06,1.1129889117000857e-06,8.870663350535324e-07,5.633161208606907e-07,5.894135597372951e-07,4.854904318563058e-07,5.077894016380924e-08,1.765044288504214e-07,2.2012279998762097e-07,1.3406527443748928e-07,7.706332212364941e-07,4.391234597278526e-06,6.949120688659605e-06,4.0953025745693594e-05,0.0002569309435784817,0.0003660050278995186,4.875168451690115e-05,2.03768922801828e-05,1.185848032037029e-05,2.3494515062338905e-06,3.9484889384766575e-06,8.340772183146328e-05,7.877416646806523e-05,0.00028724767616949975,0.0019119224743917584,0.0005597922136075795,0.0012811466585844755,0.00040164185338653624,0.014274327084422112,0.014238939620554447,0.05670488625764847,0.022217800840735435,0.022007130086421967,0.04110616818070412,0.042966391891241074,0.03154522925615311,0.2390550971031189,0.1306886225938797,0.1326572597026825,0.14448538422584534,0.24976079165935516,0.08098366111516953,0.08895759284496307,0.09257002174854279,0.12369971722364426,0.1702057421207428,0.4035757780075073,0.5259563326835632,0.7978082299232483,0.6627413034439087,0.5652603507041931,0.5650519132614136,0.708624541759491,0.5981497168540955,0.7556048035621643,0.5966213941574097,0.6567251682281494,0.7572502493858337,0.7573968768119812,0.693016529083252,0.6662147045135498,0.6522228717803955,0.7196165919303894,0.7213088870048523,0.7942588925361633,0.7016014456748962,0.8683935403823853,0.8056350350379944,0.5156627297401428,0.4791804552078247,0.271556556224823,0.00015055217954795808,0.7304073572158813
78,The date of death of Susan of Albania is,The date of death of the mother of Prince Leka of Albania is,Susan of Albania,the mother of Prince Leka of Albania, 17 July 2004,7.650213547094609e-07,2.729572656789969e-07,5.494116066984134e-06,0.00013378092262428254,0.00029386981623247266,3.6403424019226804e-05,1.98755969904596e-06,2.4082592631202715e-07,2.009698789606773e-07,2.7643253019959957e-07,1.4001797410401196e-07,1.4934023965906817e-05,6.37384971469146e-07,8.837116816096113e-09,1.1609233041554035e-07,3.9526366180098194e-08,1.1369136387884282e-07,1.3337253221834544e-06,1.4866250239720102e-06,5.172368560124596e-07,7.791697953507537e-07,8.959563615462685e-07,3.519819756547804e-06,2.3260956822923617e-06,1.1757083484553732e-05,8.283498755190521e-05,0.00021397459204308689,6.211783329490572e-05,1.0603655482555041e-06,8.952459893407649e-07,1.4572779605259711e-07,7.296895887520805e-07,5.237077971287363e-07,4.4284706746111624e-07,5.243883151706541e-06,5.878965566807892e-06,4.5920063712401316e-05,2.375766598561313e-05,3.1927760574035347e-05,2.061463237623684e-05,1.4249201740312856e-05,3.33583120664116e-05,1.6167061403393745e-05,1.1184550203324761e-05,5.134912953508319e-06,3.0213325317163253e-06,2.9207938041508896e-06,1.714090672066959e-06,1.9364492800377775e-06,2.131782821379602e-06,2.3744157715555048e-06,8.916908882383723e-06,8.400150363740977e-06,7.0774117375549395e-06,1.0989021575369406e-05,1.6834794223541394e-05,1.121797049563611e-05,6.103055511630373e-06,4.531761987891514e-06,3.883917088387534e-06,5.051183961768402e-06,7.351105978159467e-06,5.118351509736385e-06,3.229517687941552e-06,5.993345439492259e-06,5.085809334559599e-06,1.0585101335891522e-05,7.864069630159065e-06,8.12420967122307e-06,8.713971510587726e-06,1.3993948414281476e-05,2.5079150873352773e-05,8.722492566448636e-06,7.892423127486836e-06,3.2179868867387995e-06,3.0687035632581683e-06,2.821408770614653e-06,3.6369699955685064e-05,0.004973721690475941,0.020777765661478043,0.011204048991203308,0.029535215348005295
79,The place of death of Augustus II the Strong is,The place of death of the spouse of Christiane Eberhardine of Brandenburg-Bayreuth is,Augustus II the Strong,the spouse of Christiane Eberhardine of Brandenburg-Bayreuth, Warsaw,1.9435187823546585e-06,6.7694691097131e-06,2.172320819227025e-05,7.871495654399041e-06,2.278190186189022e-05,3.37624987878371e-05,2.388787834206596e-05,1.135044567490695e-05,3.080875558225671e-06,1.1257361620664597e-06,2.2185836314747576e-06,4.713654107035836e-06,6.0200411098776385e-05,6.4628547988832e-05,9.297337237512693e-05,3.385130548849702e-05,1.6031166524044238e-05,3.5009234125027433e-06,7.888007189649215e-07,1.4265103800426004e-06,8.10491565061966e-06,6.93153288011672e-06,2.3199041606858373e-05,1.1532417374837678e-05,9.11997994990088e-06,3.6578512663254514e-06,3.0657129173050635e-06,1.61895457040373e-06,2.9645948416145984e-06,9.720015441416763e-06,1.0803838449646719e-05,1.1765054068746394e-06,1.2445678976291674e-06,2.06739900932007e-06,1.2957796116097597e-06,6.064811941541848e-07,6.844948643447424e-07,1.591624481989129e-06,5.4752881624153815e-06,3.503529796944349e-06,7.152192210924113e-06,5.67898541703471e-06,2.697806849027984e-05,3.866519182338379e-05,3.7606238038279116e-05,3.539800309226848e-05,4.341660678619519e-05,3.3763448300305754e-05,6.279633089434355e-05,8.167057239916176e-05,6.390386988641694e-05,4.914488454232924e-05,0.00010583973198663443,0.00014344284136313945,0.00014852227468509227,0.0001104916154872626,0.00012306157441344112,0.0003177917096763849,0.0002925650915130973,0.0002922866551671177,0.0004650037153623998,0.0005139722488820553,0.0004946243716403842,0.00037651852471753955,0.0004761192249134183,0.0005273021524772048,0.00048760371282696724,0.0006267153657972813,0.0007067093974910676,0.000667676969897002,0.0005539114354178309,0.00069700728636235,0.0006691770977340639,0.000831513199955225,0.0007184944697655737,0.0023315497674047947,0.005136954598128796,0.007267615757882595,0.00405711866915226,0.01807941310107708,0.00010643054702086374,0.047799404710531235
80,The spouse of Anup Sengupta is,The spouse of the director of Bangla Bachao is,Anup Sengupta,the director of Bangla Bachao, Piya Sengupta,1.6085776621821424e-07,2.6801592412084574e-07,5.195765879761893e-07,2.90631237476191e-06,2.310430033958255e-07,1.90853270964908e-07,3.18385637854135e-08,1.1258919840884118e-07,2.0166251033515437e-06,1.0591382988422993e-06,1.6651577539050777e-07,2.977785698021762e-07,3.2798109828036104e-07,6.991137411205273e-07,6.644131644861773e-07,3.3726311698956124e-07,8.827286990253924e-08,1.1696840829245048e-06,7.253755711644772e-07,1.2298999081394868e-06,1.067713583324803e-06,3.3404805321879394e-07,3.848223286695429e-07,7.620503765792819e-07,4.3788188008875295e-07,4.715541308542015e-07,3.5743818216360523e-07,2.2195577003003564e-06,1.5907568240436376e-06,3.2354660106648225e-07,9.465750849813048e-07,1.3100361684337258e-06,4.913293309982691e-07,2.0604451833605708e-07,2.3656180019315798e-06,2.3922311811475083e-06,5.469065627039527e-07,9.71175950326142e-07,4.95764425068046e-07,8.055210400925716e-07,4.4858580849904683e-07,5.980588753118354e-07,4.899933401247836e-07,1.9951846752519486e-07,1.6926507839798433e-07,2.2236125118979544e-07,3.910421071395831e-07,2.7989727868771297e-07,2.028454559876991e-07,4.1682278606458567e-07,3.4194715681223897e-07,5.791529247289873e-07,1.3002701280129259e-06,2.7668577331496635e-06,3.1770923669682816e-06,3.6982517030992312e-06,2.0407458123372635e-06,1.9475919543765485e-06,3.089633310082718e-06,4.246277057973202e-06,4.511509814619785e-06,6.231105999177089e-06,7.331487722694874e-06,1.0747305168479215e-05,9.764866263139993e-06,8.050129508774262e-06,6.055195171938976e-06,1.1991462997684721e-05,1.951275407918729e-05,3.830383502645418e-05,0.00011486667790450156,0.00011527558672241867,0.00012300927483011037,0.00015283383254427463,0.00013754366955254227,0.00031548799597658217,0.0005255783325992525,0.0008632135577499866,0.0011675730347633362,0.0015301249222829938,7.513263426517369e-06,0.0006768736056983471
81,"The place of death of James Hamilton, 4th Duke of Hamilton is","The place of death of the father of Sir James Abercrombie, 1st Baronet is","James Hamilton, 4th Duke of Hamilton","the father of Sir James Abercrombie, 1st Baronet", Hyde Park,4.827219157732543e-08,1.0606142808455843e-07,5.977539530022113e-08,7.915724076212882e-09,5.4336080523853525e-08,3.208199927939859e-08,1.2989368691762593e-08,1.6566993110700423e-08,8.134838225259955e-08,1.986185651503547e-07,1.8190495154613018e-07,8.205460062526981e-07,2.752990894805407e-06,2.7175974537385628e-06,6.52504968456924e-06,2.0438623323570937e-05,1.1881563295901287e-05,2.3747311388433445e-06,7.0813607635500375e-06,3.282969146312098e-06,2.562489271440427e-06,2.8058178941137157e-05,1.665986201260239e-05,3.902522166754352e-06,6.66073083266383e-06,1.4673350051452871e-05,8.976028880169906e-07,3.347048220803117e-07,2.6480827841623977e-07,2.1095034696827497e-07,2.1467100452809973e-07,1.442102330884154e-07,9.709428923088126e-07,3.3042456948351173e-07,3.993388588696689e-07,9.191251137963263e-08,2.543211223837716e-07,3.888794424256048e-07,8.208495501094148e-07,2.5657303126536135e-07,7.543621904915199e-07,4.5589496266984497e-07,9.068375561582798e-07,4.972901592736889e-07,3.684054377117718e-07,4.892377774012857e-07,8.674588229951041e-07,9.923001016431954e-07,1.056604787663673e-06,1.6121066437335685e-06,2.2089814137871144e-06,1.8849680145649472e-06,2.1621583528030897e-06,1.480600303693791e-06,8.803020250525151e-07,1.8184928194386885e-06,2.2149019969219808e-06,2.1174785160837928e-06,1.5886374740148312e-06,6.063246473786421e-07,5.397191671363544e-07,7.246121640491765e-07,5.390450041886652e-07,4.848474191021523e-07,1.6241425271346088e-07,1.7192135715049517e-07,2.0983192428047914e-07,3.5231846595706884e-07,5.421147193374054e-07,3.890335733558459e-07,7.853212196096138e-07,1.2522039014584152e-06,2.6903846901404904e-06,2.4047656097536674e-06,4.719034677691525e-06,1.4038258086657152e-05,8.0360932770418e-06,3.4867152862716466e-05,2.60098313447088e-05,0.00029070081654936075,1.045681869982218e-06,0.00012022194277960807
82,The place of death of Amelia Pincherle is,The place of death of the mother of Sabatino Enrico 'Nello' Rosselli is,Amelia Pincherle,the mother of Sabatino Enrico 'Nello' Rosselli, Florence,1.0706779903557617e-05,2.5788954189920332e-06,1.3134518894730718e-06,1.090288492378022e-06,3.332798996780184e-07,5.632765578411636e-07,9.57896531872393e-07,1.7390667608196964e-06,1.164816967502702e-05,4.726107860619777e-08,1.2856171451858245e-05,2.2368136342265643e-05,1.0086327165481634e-05,1.2551810868899338e-05,1.1334883311064914e-05,2.8742101676471066e-06,1.093710352506605e-06,1.7975721675611567e-06,3.363893938512774e-06,4.2848591874644626e-07,1.3481745497756492e-07,2.3300405871395924e-07,1.2406508176354691e-06,2.3076570698776777e-07,9.012229895688506e-08,7.516874944712981e-08,1.3164992651581997e-07,1.3449738389681443e-07,8.198497312150721e-07,3.3090873330365866e-06,2.7605548780229583e-07,7.789005280756101e-07,3.8945870528550586e-07,6.535863690260157e-07,5.280028858578589e-07,8.630212846583163e-07,2.673711492207076e-07,2.5683999638204114e-07,1.8242063504203543e-07,7.235125565330236e-08,1.0013253870511107e-07,1.106913813941901e-07,1.6734439611809648e-07,2.505743452729803e-07,2.9705788051614945e-07,1.5292729926841275e-07,3.4247210578541853e-07,2.3340062682564167e-07,2.5579117846064037e-07,1.5281896992291877e-07,4.348481397187243e-08,7.127076884216876e-08,8.221689995480119e-08,5.389928148247236e-08,5.4872586474630225e-08,2.6305492895062343e-08,3.361784095545772e-08,5.013625923311338e-07,3.1252642429535626e-07,3.5836185929838393e-07,4.928431280859513e-07,3.7669813082175096e-06,3.4566724025353324e-06,3.0474946015601745e-06,5.625046469504014e-06,1.11572790046921e-05,1.7625827240408398e-05,3.054347325814888e-05,4.977135904482566e-05,2.6946816433337517e-05,1.7308901078649797e-05,3.596832902985625e-05,2.607784881547559e-05,4.600001921062358e-05,4.287253977963701e-05,9.534313721815124e-05,0.00014252649270929396,0.00019105874525848776,0.00017719996685627848,0.0002673125418368727,0.004282880574464798,0.005396418273448944
83,The country of citizenship of Artuq is,The country of citizenship of the father of Ilghazi is,Artuq,the father of Ilghazi, Seljuq empire,6.439339585995185e-07,1.4895865660946583e-06,3.866372253469308e-07,6.100125204966389e-08,1.1856174353397364e-07,7.073906260757212e-08,9.426396019307504e-08,3.371627421699941e-09,1.1034932079212467e-08,1.0176063547362446e-08,5.870231589710784e-08,1.4916061275016546e-07,7.09179630575818e-08,1.8043708394088753e-07,1.3241495366855816e-07,1.8860645241147722e-06,5.675954071193701e-07,5.39594338988536e-06,7.914522939245217e-07,3.872002594107471e-07,2.0492933572313632e-07,2.897412514357711e-06,1.9805956981144845e-06,4.1065177924792806e-07,8.576814707339508e-07,1.276340384492869e-07,8.036685983370262e-08,6.279491913119273e-07,5.400455052040343e-07,1.7176704432131373e-06,8.183865816135949e-07,3.7601319036184577e-06,1.1985976925643627e-05,7.57469433665392e-06,6.21303888692637e-06,9.506344213150442e-06,9.405382002114493e-07,4.423895461513894e-06,4.681977770815138e-06,2.2575047751161037e-06,2.1956600448902464e-06,2.6918744424619945e-06,3.7464194519998273e-06,3.476651727396529e-06,1.7263847666981746e-06,4.161430297244806e-06,3.2888440273382002e-06,3.5099958495266037e-06,6.265252523007803e-06,7.779597581247799e-06,8.94488584890496e-06,5.0994690354855265e-06,2.8075814952899236e-06,3.0750386486033676e-06,8.21730793632014e-07,1.0391202067694394e-06,4.4216665173735237e-07,3.6227643818165234e-07,3.1763931929162936e-07,3.317140908620786e-07,4.060345304424118e-07,3.458517596754973e-07,3.7895807736276765e-07,5.665709181812417e-07,4.5585764496536285e-07,5.386708039623045e-07,5.068807809038844e-07,7.227785090435646e-07,7.116640290405485e-07,4.916772127216973e-07,1.203862211696105e-06,8.79280719345843e-07,2.074925987471943e-06,2.470769231877057e-06,3.2931245641520945e-06,1.405212628924346e-06,1.6182825675059576e-06,8.677947107571526e-07,5.940654546066071e-07,4.4358267814459396e-07,0.00016102327208500355,1.6072915968834423e-05
84,The country of citizenship of Ricardo Mella is,The country of citizenship of the father of Urania Mella Serrano is,Ricardo Mella,the father of Urania Mella Serrano, Spain,4.030055151815759e-06,1.3491990102920681e-06,7.244709081533074e-07,1.948584895217209e-06,1.5122384411370149e-06,1.5453697415068746e-06,1.521641820545483e-06,1.1358205256328802e-06,1.1609340617724229e-06,6.364205660247535e-07,1.5687739960412728e-06,2.5973606625484535e-06,2.051702949756873e-06,1.2734278698189883e-06,2.958534253139078e-07,3.870758291668608e-07,3.1220361051964574e-07,1.8788210809361772e-07,3.9987904187910317e-07,8.364825276885313e-08,1.4032954709364276e-07,7.02275542607822e-07,1.680951413618459e-07,2.491338477739191e-07,3.1237263442562835e-07,2.553366016400105e-07,4.078555377873272e-07,6.194790103108971e-07,2.046202638439354e-07,1.0892777879689675e-07,1.764597300280002e-06,1.990264308915357e-06,1.898545178846689e-06,6.609157594539283e-07,8.95421976565558e-07,2.1241216927592177e-06,2.816752385115251e-06,0.0009342464618384838,0.00037734414217993617,0.0003375715750735253,0.00026394735323265195,0.0007022845675237477,0.0014088817406445742,0.0014169771457090974,0.0039573656395077705,0.0015864957822486758,0.0009431842481717467,0.0008950060000643134,0.0006946317735128105,0.0008080123807303607,0.0006532465340569615,0.0013598998775705695,0.0017818999476730824,0.0027644592337310314,0.004402542021125555,0.00798275787383318,0.03989017754793167,0.06049931049346924,0.13593879342079163,0.07021819055080414,0.06443703919649124,0.09901028871536255,0.2034437656402588,0.20107994973659515,0.09508752822875977,0.1023918092250824,0.19574397802352905,0.11342156678438187,0.1435401737689972,0.24949918687343597,0.026573223993182182,0.033325180411338806,0.0578884556889534,0.06488517671823502,0.08381292223930359,0.17508046329021454,0.10330807417631149,0.024476096034049988,0.06363682448863983,0.03282859921455383,0.33268219232559204,0.7594076991081238
85,The place of birth of George Whaley is,The place of birth of the director of Clowning Around is,George Whaley,the director of Clowning Around," Castlemaine, Victoria, Australia",3.256500349380076e-06,2.975799816340441e-06,7.553029718110338e-06,4.925496796204243e-06,3.2913828817981994e-06,1.3185382385927369e-06,1.2965004998477525e-06,3.230753407024167e-07,1.1656846510277319e-07,1.2530168191915436e-07,2.624523460781347e-07,9.284341899729043e-07,3.823018687398871e-06,1.3154319731256692e-06,4.191856248780823e-07,2.5547069526510313e-07,5.821059403388062e-07,4.653003315979731e-08,1.7574102173512074e-08,3.851953778166717e-08,5.895956611823294e-09,2.030492218807467e-08,1.1382213926935947e-07,1.344980091744219e-07,3.420707628265518e-08,3.4028577289291206e-08,2.4098243400771935e-08,1.6513133971329808e-08,3.807006709877214e-09,5.657462498476207e-09,2.5984132179246444e-08,1.0118750992660352e-07,8.545478635824111e-08,2.47416863885519e-07,1.8646066735072964e-07,3.5463096992316423e-07,2.941661989552813e-07,4.1135811557069246e-07,5.808735181744851e-07,2.2640708152721345e-07,2.1601452715458436e-07,2.4778216811682796e-07,6.071360303394613e-07,1.1447120868979255e-06,7.362368137364683e-07,3.0908663006812276e-07,1.8536806578595133e-07,1.6555161153064546e-07,1.549633452668786e-07,8.906092574534341e-08,4.497685779369931e-08,4.5998497455457255e-08,6.089872783832107e-08,2.795586873105549e-08,3.375909329861315e-08,3.1259475008482696e-08,9.458791971894698e-09,5.055392104935663e-09,5.4562394602442055e-09,8.088474778844557e-09,1.1346148909296971e-08,1.6666858115854666e-08,1.0420039942005133e-08,1.2539418392520929e-08,1.3916912067202247e-08,1.719903153230007e-08,3.5443058266082517e-08,3.189903452494036e-08,1.8685167191279106e-08,1.7614892655615222e-08,2.658891595785917e-08,3.930613345914935e-08,2.885193772783623e-08,1.5652286577960695e-08,2.459098702445317e-08,2.714864955066787e-08,3.854672314673735e-08,7.177528971169522e-08,4.946308962416879e-08,1.7344787295314745e-07,0.00018288528372067958,7.346677648456534e-06
86,The place of burial of Kato Svanidze is,The place of burial of the mother of Yakov Iosifovich Dzhugashvili is,Kato Svanidze,the mother of Yakov Iosifovich Dzhugashvili, Tiflis,3.483792397673824e-06,2.888203596285166e-07,1.139497271651635e-06,3.286838591520791e-06,1.17837805646559e-06,5.777058618150477e-07,6.474058977801178e-08,1.943855920671922e-07,2.80593354773373e-07,5.442059887172945e-07,5.858262284164084e-07,1.8256076828038204e-06,1.10157452581916e-06,9.943769327946939e-07,1.57778322318336e-06,2.926015270077187e-07,2.2992667254584376e-06,9.48204797168728e-06,9.706279342935886e-06,3.434595782891847e-05,9.507619324722327e-06,2.4915791072999127e-05,1.2999865248275455e-05,7.3229175541200675e-06,4.978116521670017e-06,9.056464477907866e-06,8.57000304677058e-06,9.25890271901153e-05,0.00010944181849481538,1.9521294234436937e-05,1.7396083421772346e-05,1.0299124369339552e-05,1.3039627901889617e-06,2.9235091005830327e-06,4.135740709898528e-06,4.420354343892541e-06,5.803397016279632e-06,6.355923687806353e-06,5.293060439726105e-06,6.018001386109972e-06,9.251159099221695e-06,5.388733825384406e-06,1.4895608728693333e-06,3.7412769415823277e-06,5.877446710655931e-06,4.638718110072659e-06,2.0363206658657873e-06,2.542320544307586e-06,2.0193283489788882e-07,3.141588251764915e-07,5.856973572804236e-08,9.33768902200427e-08,2.657891684521019e-07,7.469525371561758e-07,6.023691980772128e-07,9.740933393231899e-08,9.168125814085215e-08,3.005916653364693e-07,3.22669706065426e-07,2.172689761437141e-07,4.6527466679435747e-07,1.3524098676498397e-06,9.689671287560486e-07,2.417987161607016e-06,2.5200392883562017e-06,1.4249098967411555e-06,2.941643970189034e-06,1.1130682651128154e-05,7.801862921041902e-06,1.1780472050304525e-05,1.0209173524344806e-05,3.240654768887907e-05,6.64803956169635e-05,8.077052189037204e-05,7.117176573956385e-05,9.934511581377592e-06,0.0008397512719966471,0.005484709050506353,0.04090249910950661,0.0005149499047547579,0.0004131327732466161,0.0006387742469087243
87,The place of birth of Marcus Garvey is,The place of birth of the spouse of Amy Ashwood Garvey is,Marcus Garvey,the spouse of Amy Ashwood Garvey, Saint Ann's Bay,1.343981779200476e-07,1.0043164166972929e-07,9.412212875758996e-08,2.3740160486340756e-06,1.2062382666044869e-06,1.9373701434233226e-06,6.219492547643313e-07,2.152133674826473e-06,2.3045843136060284e-06,9.521691026748158e-07,1.0642704637575662e-06,1.8358633724346873e-06,4.331448508310132e-06,5.448312094813446e-07,9.063793413588428e-07,3.7892225464020157e-06,3.842815203825012e-06,2.7602020509220893e-06,1.0905539966188371e-05,5.207410140428692e-05,1.8251750589115545e-05,1.939960384333972e-06,1.573840381752234e-05,7.893419024185278e-06,3.199087132088607e-06,8.853618965076748e-06,1.084449831978418e-05,1.0454233233758714e-05,7.545093103544787e-05,9.107680671149865e-05,2.100667370541487e-05,1.5563067790935747e-05,5.591195440501906e-05,6.55451076454483e-05,0.0001813971612136811,6.370636401697993e-05,0.0003147175011690706,0.0006556673324666917,0.00014439059305004776,3.2978383387671784e-05,2.854739796021022e-05,3.867018676828593e-05,2.6595018425723538e-05,2.5587094569345936e-05,1.4552824723068625e-05,6.40844200461288e-06,5.435473212855868e-06,6.492069132946199e-06,6.718093118252e-06,6.580401986866491e-06,5.908008915866958e-06,6.0450247474364005e-06,4.2441015466465615e-06,2.3467378014174756e-06,1.2124510249122977e-06,8.444593504464137e-07,1.2615962532436242e-06,1.6227226069531753e-06,7.626615001754544e-07,1.0504058991500642e-06,5.931481155130314e-07,5.339895778888604e-07,1.2101959612209612e-07,1.1326820725798825e-07,1.0401104333368494e-07,8.057433120711721e-08,1.52237547013101e-07,1.1075748318489786e-07,1.5655396623515117e-07,2.137294501380893e-07,3.485887702936452e-07,1.3598699979411322e-06,8.508093287673546e-07,2.8284046038606903e-06,4.6359496082004625e-06,8.036284270929173e-05,0.00010744529572548345,9.769208554644138e-05,0.0006961663020774722,0.0014316822635009885,0.0020123515278100967,0.10728878527879715
88,"The place of birth of Sizzo, Prince of Schwarzburg is",The place of birth of the spouse of Princess Alexandra Therese Marie of Anhalt is,"Sizzo, Prince of Schwarzburg",the spouse of Princess Alexandra Therese Marie of Anhalt, Rudolstadt,2.764553528322722e-06,9.847370165516622e-06,4.5763325033476576e-05,1.7251033568754792e-05,3.987270702054957e-06,1.0083803317684215e-05,8.102915671770461e-06,3.132170968456194e-05,3.0385461286641657e-05,2.7620575565379113e-05,7.571290188934654e-05,0.00015004133456386626,2.7271902581560425e-05,9.27195833355654e-06,4.1714770304679405e-06,1.0158871191379149e-05,6.980848866078304e-06,6.684896106889937e-06,6.440412107622251e-06,1.208833600685466e-05,3.8626271816610824e-06,6.645374469371745e-06,5.98755923419958e-06,4.7630824155930895e-06,3.3791520763770677e-06,4.6238255890784785e-06,8.097133104456589e-06,3.138167812721804e-05,4.465533493203111e-05,3.951606049668044e-05,1.0827833420989919e-06,1.8910099015556625e-06,1.5789250937814359e-06,2.519517749988154e-07,1.013586711451353e-06,3.422432200750336e-06,4.003248250228353e-06,8.784923920757137e-06,2.22004700844991e-06,3.1389572541229427e-06,3.9341216506727505e-06,6.697858225379605e-06,3.6715584428748116e-05,7.800891035003588e-05,0.00016478124598506838,0.00016938541375566274,0.00018567792722024024,0.00020205334294587374,0.00017524484428577125,0.00014043986448086798,0.00018675393948797137,0.0004026376409456134,0.0005937815294601023,0.0005996977561153471,0.0008764388621784747,0.0010396292200312018,0.000791012542322278,0.0009276206255890429,0.0009144523646682501,0.0011887773871421814,0.0012656269827857614,0.0012237320188432932,0.0012519113952293992,0.0011379595380276442,0.0013620046665892005,0.001389879616908729,0.0010628916788846254,0.0003242751699872315,0.0002815097104758024,0.00041105670970864594,0.000430606392910704,0.0010665063746273518,0.002429740037769079,0.0016693195793777704,0.0031229578889906406,0.024312341585755348,0.015614492818713188,0.004092538729310036,0.018747499212622643,0.004850299563258886,2.6571131456876174e-05,0.0010305753676220775
89,The place of burial of Coretta Scott King is,The place of burial of the mother of Dexter Scott King is,Coretta Scott King,the mother of Dexter Scott King, Georgia,2.0497688524301338e-07,2.390626434589649e-07,2.170505922549637e-06,3.325763373140944e-06,1.9780898128374247e-06,3.070563536766713e-07,1.3488023853369668e-07,2.162355627888246e-07,4.144992544752313e-07,1.2510236047091894e-07,7.96374663991628e-08,8.513760576533969e-07,1.8389332581136841e-06,6.221363491931697e-06,1.489478108851472e-05,7.4879849307762925e-06,9.614275768399239e-06,6.679893704131246e-05,2.0925510398228653e-05,0.00014111606287769973,0.00021979777375236154,6.392962677637115e-05,3.792393545154482e-05,4.463859659153968e-05,1.4611727237934247e-05,0.0003900816955137998,0.00014502510020975024,3.546150037436746e-05,0.0001740127190714702,0.00020862002565991133,0.005557572934776545,0.0023760164622217417,0.001567089813761413,0.0048345159739255905,0.008723835460841656,0.0011914810165762901,0.0006347958697006106,2.275073893542867e-05,1.7843589375843294e-05,2.1697305783163756e-05,9.274720468965825e-06,2.3386780867440393e-06,5.44926194834261e-07,2.4809588694552076e-07,1.8912652421931853e-07,1.3213497140895925e-07,9.962595726165091e-08,7.539162538705568e-08,1.8141655289127812e-07,2.70685603709353e-07,4.0508446375042695e-08,5.187887097690691e-08,7.189484563241422e-08,9.672886136513625e-08,1.0748485834710664e-07,2.6132781272281136e-07,9.488043133387691e-07,1.7657667967796442e-06,2.2709455151925795e-06,2.752659838733962e-06,4.088956302439328e-06,4.820882168132812e-06,9.256887096853461e-06,5.818769295728998e-06,5.029418389312923e-06,5.358420366974315e-06,4.162164259469137e-06,3.7642043935193215e-06,3.352467047079699e-06,4.7443818402825855e-06,1.0413661584607325e-05,7.247712801472517e-06,5.120172318129335e-06,6.353379831125494e-06,1.3079891687084455e-05,0.00032063707476481795,6.442767335101962e-05,6.789335020584986e-05,9.863424202194437e-05,3.774887227336876e-05,0.0016467231325805187,0.0013708022888749838
90,The country of citizenship of Pinedjem I is,The country of citizenship of the father of Psusennes I is,Pinedjem I,the father of Psusennes I, Ancient Egypt,7.638848182978109e-05,0.00013326507178135216,5.7408276916248724e-05,8.497713861288503e-05,0.00016674060316290706,0.0005117652472108603,0.000270715681836009,2.428289553790819e-05,3.2886414373933803e-06,1.0404894965176936e-05,6.4102018768608104e-06,6.574952749360818e-06,3.15654106088914e-05,7.111106970114633e-05,2.017012047872413e-05,2.0781972125405446e-06,5.7908355302060954e-06,1.9291078388050664e-06,4.903400281364156e-07,8.917301670408051e-07,5.264654987513495e-07,5.145243520132681e-08,1.1656953802230419e-06,1.8029716102319071e-06,8.73804856382776e-06,7.74663294578204e-06,1.4889435078657698e-05,6.083178504923126e-06,5.148078798811184e-06,7.217907750600716e-06,3.796591408899985e-05,6.408954504877329e-06,1.231962778547313e-05,1.1572010407689959e-05,5.5428212363040075e-05,1.5110472304513678e-05,1.9688872271217406e-05,9.810236224438995e-05,6.405905151041225e-05,3.355908120283857e-05,9.74052309175022e-05,0.0004216829838696867,0.00025237922091037035,0.00024114975531119853,0.0009460701839998364,0.0017269881209358573,0.004181355237960815,0.005048517137765884,0.003718147287145257,0.006405641790479422,0.007637583650648594,0.00511134322732687,0.004043329041451216,0.0011672298423945904,0.0016077070031315088,0.0009861871367320418,0.0008937215898185968,0.001060409122146666,0.0005396163905970752,0.00030229362891986966,0.001360952272079885,0.0016364057082682848,0.0018977525178343058,0.005127620417624712,0.005056180525571108,0.003971979953348637,0.030424300581216812,0.020467061549425125,0.02803870663046837,0.028197327628731728,0.0172154251486063,0.013480005785822868,0.010715401731431484,0.01286949310451746,0.016302069649100304,0.027403151616454124,0.03647587448358536,0.04014020040631294,0.04556223005056381,0.3541897237300873,0.0002371536975260824,0.1434268057346344
91,"The place of death of Humphrey Stafford, 1st Duke of Buckingham is",The place of death of the father of Humphrey Stafford is,"Humphrey Stafford, 1st Duke of Buckingham",the father of Humphrey Stafford, Northampton,1.4626804158979212e-06,1.1033883993150084e-06,3.402996526347124e-06,4.872774297837168e-06,4.3072532207588665e-06,1.1868876015341812e-07,7.699033233166119e-08,7.924867873043695e-08,1.3492125106040476e-07,3.205314555998484e-07,1.1523580667471833e-07,1.2223678140799166e-06,2.8777631086995825e-06,5.196935489948373e-06,2.0937382942065597e-05,5.1372178859310225e-05,0.00018483094754628837,4.2725965613499284e-05,8.433954462816473e-06,4.703325885202503e-06,7.378304871963337e-06,3.6201772672939114e-06,2.83808981293987e-06,5.0097147322958335e-05,1.8284392353962176e-05,1.2262697964615654e-05,9.894434697343968e-06,6.409251000150107e-06,5.511439212568803e-06,8.739200893614907e-06,2.183528749810648e-06,3.171849357386236e-06,5.345968020264991e-06,3.102115442743525e-06,1.1794985766755417e-05,2.0183829292363953e-06,1.8320799881621497e-06,4.489983439270873e-06,2.0321999727457296e-06,2.593802719275118e-06,1.9983369838882936e-06,1.0008629942603875e-06,6.090140800552035e-07,8.475472554891894e-07,5.569004883909656e-07,5.451032620840124e-07,4.5295229256225866e-07,6.059033239580458e-07,4.2866912508543464e-07,2.1591169740986516e-07,2.988929566072329e-07,3.2950018180599727e-07,3.1507309472544875e-07,1.635339827998905e-07,1.373075662058909e-07,1.2921449865643808e-07,7.959351222552868e-08,4.3158191687098224e-08,5.872173503007616e-08,6.878125446974082e-08,6.168262700612104e-08,4.207369386222126e-08,3.403224013709405e-08,3.6450529705689405e-08,6.046639811074783e-08,5.638834110754942e-08,1.0030629482571385e-07,1.4731401165590796e-07,2.0461146732486668e-07,5.060437047177402e-07,7.075155394886679e-07,6.142857955637737e-07,4.434364200278651e-07,4.144869194533385e-07,5.340261850506067e-07,7.741535910099628e-07,6.854991170257563e-07,1.5375889006463694e-06,1.3995028211866156e-06,1.3221000699559227e-05,7.790907693561167e-05,0.00028069238760508597
92,The country of citizenship of Luis Bayón Herrera is,The country of citizenship of the director of Cuidado con las imitaciones is,Luis Bayón Herrera,the director of Cuidado con las imitaciones, Spanish,6.729756591994374e-07,8.256315595644992e-07,6.252777779991447e-07,2.3224849883263232e-06,5.354827976589149e-07,7.034535087768745e-07,4.813899181499437e-07,1.686828795754991e-06,4.033624463772867e-06,2.0490947463258635e-06,1.6640058220218634e-06,7.362694418588944e-07,1.0202975317952223e-06,1.3541040289055672e-06,1.2497363286456675e-06,5.41915596841136e-07,2.0046848021593178e-06,3.118939559954015e-07,3.1237973985298595e-07,1.2138600595790194e-06,1.019006390379218e-06,2.31856415666698e-06,8.311488954859669e-07,1.3523667803383432e-06,2.6511852411204018e-06,2.5389699658262543e-06,9.128048077400308e-07,9.900808208840317e-07,4.714609360689792e-07,6.326622496999335e-07,4.047145466756774e-06,5.475759735418251e-06,9.10748349269852e-06,1.001658893073909e-05,9.103403499466367e-06,1.3000752005609684e-05,4.38729193774634e-06,0.00014461918908637017,0.00010138477955479175,7.636757072759792e-05,0.0001631343038752675,8.326578245032579e-05,0.0010287564946338534,0.0011780615895986557,0.0006530424579977989,0.000718753261025995,0.0005452667246572673,0.0003320579999126494,0.00013711104111280292,0.0001164349596365355,0.00012682618398685008,0.0002076818491332233,0.00014924506831448525,0.000432903558248654,0.0007217481033876538,0.0012603818904608488,0.0035531718749552965,0.003123106900602579,0.0036348127759993076,0.000534422229975462,0.0003995171864517033,0.0007268173503689468,0.000842107052449137,0.0010290243662893772,0.0012032580561935902,0.0013788588112220168,0.0025271899066865444,0.001697494531981647,0.0011429053265601397,0.0014287391677498817,5.2637678891187534e-05,8.18088446976617e-05,7.059048220980912e-05,9.346089063910767e-05,0.00010357600694987923,0.00021181382180657238,0.00016841200704220682,0.00011680609895847738,0.00012864898599218577,8.25807946966961e-05,0.00243777921423316,0.0019686436280608177
93,The place of death of Martino Zaccaria is,The place of death of the father of Bartolomeo (or Bartolommeo) Zaccaria is,Martino Zaccaria,the father of Bartolomeo (or Bartolommeo) Zaccaria, Smyrna,1.4696885273224325e-06,2.2727999748894945e-06,2.625170338887983e-07,5.061511387793871e-07,5.677405852111406e-07,7.991220627445728e-07,4.163719950156519e-06,6.8530098360497504e-06,1.081140544556547e-05,5.5907898968143854e-06,3.286589389972505e-06,4.723320216726279e-06,2.0069775928277522e-05,8.947154128691182e-06,2.8237898277438944e-06,2.880590557197138e-07,4.094948508281959e-06,2.4904836664063623e-06,5.909324727326748e-07,2.2745203409613168e-07,6.576693181159499e-07,4.586536590522883e-07,6.196000867930707e-07,2.0142852008575574e-06,4.672820637097175e-07,2.2593094399780966e-06,2.293588113388978e-05,2.9542300126195187e-06,2.294563273608219e-06,2.9738041575910756e-06,6.968199954826559e-07,3.2311376685356663e-07,7.219501867439249e-07,2.0622240981538198e-07,2.441654771700996e-07,4.779591833425911e-08,1.6557802240413366e-08,2.2029462698469615e-08,1.332231569506348e-08,1.4833526407187492e-08,1.0449670462264748e-08,1.3334634729744721e-08,4.367404571326006e-08,3.6243442025352124e-08,4.2356923302122595e-08,9.215721519240105e-08,5.51807453064157e-08,6.5670178628352e-08,1.6917404366267874e-07,5.1598135542008094e-08,2.658639886021774e-08,6.104009031560054e-08,3.438096030095039e-08,3.747155474798092e-08,6.337673852385706e-08,1.3919215291480214e-07,1.723056897162678e-07,2.9381871513578517e-07,3.1501465969085984e-07,3.1260626087714627e-07,2.2869376437029132e-07,2.0184124593924935e-07,3.102313428371417e-07,1.232235575798768e-07,2.6597911073622527e-07,2.9534345458159805e-07,2.390160886989179e-07,1.655273536016466e-07,1.8174907268075913e-07,4.2665453747758875e-07,5.953838808636647e-07,9.43548911891412e-07,1.0749012062660768e-06,7.629045626345032e-07,1.5429831137225847e-06,1.6975179732980905e-06,5.61529759579571e-06,7.697944965912029e-06,1.8168106180382892e-05,9.836140088737011e-05,3.7508854688894644e-07,2.039089622485335e-06
94,The country of citizenship of Frederick I of Denmark is,"The country of citizenship of the father of Dorothea of Denmark, Duchess of Mecklenburg is",Frederick I of Denmark,"the father of Dorothea of Denmark, Duchess of Mecklenburg", Norway,7.481738748538191e-07,1.1343884409598104e-07,1.809456904311446e-07,1.6874083996754052e-07,7.183175512182061e-07,1.135371348937042e-06,4.5488366140489234e-07,3.9486531022703275e-07,3.019358629785529e-08,5.379669332228332e-08,2.0182470450436085e-07,4.513057660915365e-08,4.986332058365406e-08,2.3603588417131505e-08,3.008729265729926e-08,7.07072587147195e-08,3.3555485856595624e-07,1.116359953812207e-06,8.642273883197049e-07,7.982872602951829e-07,1.3662186120200204e-06,3.3716682423801103e-07,3.2043840292317327e-07,5.806890612802817e-07,5.797477911073656e-07,6.041404958523344e-07,4.556725912152615e-07,5.112776193527679e-07,1.3117080754909693e-07,2.4180150148822577e-07,2.2306068103716825e-07,3.5967349276688765e-07,2.450182705615589e-07,1.3569182044648187e-07,3.610385590491205e-07,6.640121341661143e-07,6.201274800332612e-07,5.518136276805308e-07,2.848033204827516e-07,3.003949018420826e-07,2.183380161113746e-07,2.679769863789261e-07,7.173904919000051e-07,9.619960792406346e-07,8.861197215992433e-07,6.657701305812225e-07,7.040501941446564e-07,6.008158948134223e-07,5.222049708208942e-07,8.381782095057133e-07,6.80826133248047e-07,4.35665157283438e-07,4.6544684551008686e-07,6.912046046636533e-07,1.0833912256202893e-06,1.1245802852499764e-05,3.7845127280888846e-06,2.8257729809411103e-06,3.0031615096959285e-06,2.517797611290007e-06,1.9480546598060755e-06,2.286003109475132e-06,2.639074182297918e-06,1.8917576198873576e-06,1.4927662732588942e-06,2.087140956064104e-06,2.6437230644660303e-06,2.1032315089541953e-06,1.2957742683283868e-06,1.7459247203532868e-07,3.5468846704134194e-07,6.113352242209658e-07,8.319349262819742e-07,2.679612975953205e-07,2.2858009174342442e-07,6.568779440385697e-07,5.423987659014529e-06,1.1675900168484077e-05,8.945735316956416e-06,5.275017974781804e-05,0.012989901006221771,0.004350526258349419
95,The date of birth of  Echigues is,The date of birth of the father of Gomes Echigues is,Echigues,the father of Gomes Echigues, 985,1.7141778698714916e-06,2.4193440140152234e-07,4.5133310777600855e-07,2.687462483663694e-06,3.0534838515450247e-06,2.005922851822106e-06,9.357978342450224e-06,6.109392415964976e-06,8.435982636001427e-06,3.4712613796727965e-06,2.941284265034483e-07,3.3926650644389156e-07,3.9845755850365094e-07,1.35784873123157e-07,2.1813948478666134e-06,6.268822403399099e-07,8.804467142908834e-06,4.378784979053307e-06,8.646252354083117e-06,1.1807118198703392e-06,2.0724489786516642e-06,5.8820442063733935e-06,3.969539648096543e-06,6.17711430095369e-06,1.857945608207956e-05,0.0002871583856176585,0.0025369690265506506,0.0032789434771984816,0.004782841540873051,0.005696923937648535,0.0013319962890818715,0.0028214536141604185,0.011619394645094872,0.007551750633865595,0.0038995554205030203,0.006293711252510548,0.0007601186516694725,0.00022172107128426433,0.0009913105750456452,0.0014562767464667559,0.0037079136818647385,0.002331783762201667,0.002762533724308014,0.0008176600094884634,0.0003201339568477124,0.00011893596092704684,0.00013604192645289004,0.00010549615399213508,0.00015173209249041975,0.00025475717848166823,0.00020777751342393458,0.0008439871016889811,0.004305968061089516,0.008672637864947319,0.006723650731146336,0.008091316558420658,0.009250790812075138,0.008630285039544106,0.005176784470677376,0.004826064221560955,0.0025841675233095884,0.004011597018688917,0.005338681861758232,0.006639786530286074,0.007421339396387339,0.005378888454288244,0.0037788867484778166,0.0034602091182023287,0.005297394003719091,0.01280951127409935,0.006625378038734198,0.02176591195166111,0.2603207528591156,0.30496400594711304,0.19522535800933838,0.031497858464717865,0.5290172100067139,0.7292746901512146,0.6902339458465576,0.0039551700465381145,0.04792439565062523,0.10434214770793915
96,The inception of American Radio Relay League was in,The inception of the publisher of National Contest Journal was in,American Radio Relay League,the publisher of National Contest Journal, 1914,7.866453870519763e-07,1.9225718972393224e-07,2.030299484090392e-08,1.6290150028908101e-07,2.3042612156132236e-06,5.178682840778492e-06,3.8271437006187625e-06,1.790586026118035e-07,1.3438326504910947e-06,1.0604369890643284e-05,2.8299242330831476e-05,5.53053632756928e-06,3.984115664934507e-06,8.288234312203713e-06,2.903945869547897e-06,1.6193371266126633e-05,4.125987834413536e-05,7.938731869217008e-05,1.5269019058905542e-05,0.0005972028593532741,0.0014428701251745224,0.00028281076811254025,0.0005672723054885864,8.344106754520908e-05,1.0459978511789814e-05,5.308886102284305e-06,2.608490831335075e-06,5.7444658523309045e-06,7.265168278536294e-06,2.0424537069629878e-05,4.388732850202359e-05,2.0990888515370898e-05,3.7353271181927994e-05,3.071870014537126e-05,0.00021315953927114606,2.7870381018146873e-05,7.216368248919025e-05,7.886331150075421e-05,0.00041556876385584474,0.0027804591227322817,0.001210905029438436,0.00018097698921337724,8.391396841034293e-05,8.690127287991345e-06,2.7472384317661636e-05,1.1212328900001012e-05,2.7350906748324633e-06,8.618724223197205e-07,4.7042044570844155e-07,2.7450167294773564e-07,4.67964618167116e-08,3.2096131974412856e-08,9.949461698965933e-09,5.678916448204063e-09,4.4536623278190746e-09,4.76839989715927e-09,6.961531795468545e-09,3.925857416930967e-09,1.487759138107947e-09,9.568644765423073e-10,1.3367343898451622e-09,8.022447151034839e-10,3.302928208714917e-10,7.851988503837504e-10,8.860865374771265e-10,6.987060929830591e-10,3.554930239069165e-10,3.28096161350544e-10,3.50989515229827e-10,5.133465874607168e-10,3.901236278469611e-10,4.068976544591152e-10,3.232211165382637e-09,3.5782405927164973e-09,1.133276317233367e-08,9.414378610017593e-08,1.4302432305157708e-07,5.446971158562519e-07,2.1114926767040743e-06,0.00010052724974229932,0.6020827889442444,0.5647441148757935
97,The place of birth of Reinhold Schünzel is,The place of birth of the director of The Great Awakening is,Reinhold Schünzel,the director of The Great Awakening, Hamburg,2.6240365968988044e-06,3.903736569554894e-07,1.0561503813732998e-06,1.6189341067729401e-06,2.9039763376204064e-06,1.1319963277856004e-06,4.4193069470566115e-07,2.4873975235095713e-07,1.6100865707358025e-07,4.509201545488395e-08,3.612208487879798e-08,2.540596177880161e-08,1.7685561459757082e-08,1.0680983564270718e-07,9.106953058335421e-08,9.521919537291978e-07,4.940121016261401e-06,9.211469205183676e-07,2.1602954802801833e-06,1.9035101104236674e-06,4.0437913639834733e-07,2.534969212319993e-07,3.947054949549056e-07,2.2573503599687683e-07,1.452930007417308e-07,3.748101917722124e-08,1.2729631748698012e-07,3.415953244712e-07,1.1712971854649368e-06,9.428927683075017e-07,5.298399173625512e-06,3.43548731507326e-06,4.772561624122318e-06,2.2324718429445056e-06,1.8114453723683255e-06,2.6548889309196966e-06,8.242786293521931e-07,1.6031434597607586e-06,1.3512858458852861e-06,3.797362637669721e-07,1.4242034751532628e-07,7.879433638890987e-08,7.567097526361977e-08,7.453421346781397e-08,8.888268610007799e-08,1.475845721188307e-07,9.004512691035416e-08,1.1317575143721115e-07,3.6404034631232207e-07,3.566263728771446e-07,2.69043312073336e-07,2.976060784476431e-07,3.419867198317661e-07,2.0874232120604574e-07,2.786224229112122e-07,2.7424226800576434e-07,3.4321004704906954e-07,2.8850624289589177e-07,1.4443867257796228e-07,2.641170340211829e-07,3.580564396088448e-07,3.82100438400812e-07,3.378909809725883e-07,3.873157368161628e-07,7.825232728464471e-07,5.777005185336748e-07,5.341508995115873e-07,8.908547215469298e-07,1.7030519074978656e-06,2.2123213057057e-06,4.179326424491592e-06,7.768159775878303e-06,1.054260428645648e-05,8.448461812804453e-06,1.4986688256612979e-05,2.3398088160320185e-05,4.268768407200696e-06,1.3944363672635518e-06,3.529856985551305e-05,0.0003110967227257788,0.00034202111419290304,0.10717079788446426
98,The place of birth of Hamilton MacFadden is,The place of birth of the director of Hold That Girl is,Hamilton MacFadden,the director of Hold That Girl, Boston,2.6374980734544806e-05,3.1293905067286687e-06,9.832583600655198e-06,1.4193242350302171e-05,4.939109658153029e-06,7.936377187434118e-06,6.235619366634637e-06,3.374639391040546e-06,2.1608241240755888e-06,1.9056739120060229e-06,6.777463568141684e-07,1.0205897069681669e-06,1.0132233683179948e-06,4.382356109999819e-06,1.3158748970454326e-06,8.138298994708748e-07,1.6450771909148898e-06,5.503223974301363e-07,3.1977316439224523e-07,4.848224079978536e-07,1.9391022476611397e-07,1.353942025161814e-07,8.547045808882103e-07,2.431169605188188e-06,2.9737800559814787e-06,2.2653666746919043e-06,8.761808771851065e-07,5.141734504832129e-07,1.657662210163835e-06,2.8204897262185114e-06,1.5177532759480528e-06,2.2451263248512987e-06,8.686413821124006e-06,2.1411446141428314e-05,3.092462065978907e-05,6.435465911636129e-05,3.663653114927001e-05,0.00013399068848229945,0.0002494429936632514,5.429746306617744e-05,5.496079393196851e-05,3.911639214493334e-05,3.3735690522007644e-05,1.7922980987350456e-05,1.6244270227616653e-05,1.8191427443525754e-05,5.214366410655202e-06,6.884819413244259e-06,9.55829364102101e-06,8.844345757097472e-06,3.8159969335538335e-06,4.475820787774865e-06,4.063150299771223e-06,5.410761332313996e-06,4.0041627471509855e-06,1.1890929272340145e-06,8.831086120153486e-07,3.645230322035786e-07,2.3269005566817214e-07,3.025579076165741e-07,4.938561346534698e-07,6.067529625397583e-07,2.4234842044279503e-07,1.6420051451859763e-07,2.7751053721658536e-07,3.589421453398245e-07,1.0801040843944065e-06,7.167193416535156e-07,6.461602879426209e-07,4.3028876461903565e-07,2.5449713803027407e-07,2.770961771147995e-07,5.626339429909422e-07,4.594905362864665e-07,2.8182174105495506e-07,9.10381004359806e-07,5.943425662735535e-07,5.366501341086405e-07,9.961804607883096e-07,2.382745833529043e-06,0.0003059215669054538,0.005256148520857096
99,The place of birth of Agnes Carlsson is,The place of birth of the performer of Stranded is,Agnes Carlsson,the performer of Stranded, Vänersborg,1.2979381608602125e-05,4.008081305073574e-06,5.334438901627436e-05,3.257950083934702e-06,5.508423782885075e-06,3.0484568924293853e-05,2.218425834144e-05,3.3292360512859887e-06,1.2138874581069103e-06,1.68284748269798e-06,7.342009666899685e-07,3.215188826288795e-07,7.379649105132557e-07,2.4914265850384254e-06,1.531357156636659e-06,1.891049350888352e-06,2.4073074200714473e-06,1.196679249915178e-06,1.0162423222936923e-06,1.2587672699737595e-06,7.608780947521154e-07,4.4773804575015674e-07,5.129127202962991e-07,4.1085405655394425e-07,3.0329880473800586e-07,1.3361029971292737e-07,1.195483889659954e-07,2.267142065193184e-07,3.3839134516711056e-07,7.489360314139049e-07,3.6847345086243877e-07,5.006191372558533e-07,8.696936788510357e-07,2.424255285404797e-07,3.359868117058795e-07,5.765284640801838e-07,5.3849603318667505e-06,7.40178575142636e-06,2.3522856281488203e-05,9.358172064821701e-06,3.5357354590814793e-06,4.030657692055684e-06,1.4413302551474771e-06,9.068916710930353e-07,5.211043117014924e-07,9.55461359808396e-07,7.290411758731352e-07,1.181047792897516e-08,1.2541503835450385e-08,2.298881618401083e-08,5.626428034588571e-08,2.1968698149521515e-07,1.1790152143476007e-07,4.847196919399721e-07,3.093049372182577e-07,4.6318686486301885e-07,6.6449086943976e-07,1.1073979067077744e-06,1.6478788893437013e-06,2.693938995435019e-06,5.601890734396875e-06,3.614839897636557e-06,2.854154445230961e-06,4.186517344351159e-06,5.969919129711343e-06,6.364835371641675e-06,3.3461610655649565e-06,4.2698234210547525e-06,3.773692924369243e-06,7.686400749662425e-06,1.2845462151744869e-05,0.0004039074992761016,0.07185963541269302,0.019756540656089783,0.04259803518652916,0.08182629942893982,0.07255522906780243,0.8195559978485107,0.15282361209392548,0.0455131009221077,0.0007396109867841005,0.8861384987831116
