Unnamed: 0,explicit_sentence,obscure_sentence,explicit_entity,obscure_entity,answer,ans_prob_lens_edit_layer0,ans_prob_lens_edit_layer1,ans_prob_lens_edit_layer2,ans_prob_lens_edit_layer3,ans_prob_lens_edit_layer4,ans_prob_lens_edit_layer5,ans_prob_lens_edit_layer6,ans_prob_lens_edit_layer7,ans_prob_lens_edit_layer8,ans_prob_lens_edit_layer9,ans_prob_lens_edit_layer10,ans_prob_lens_edit_layer11,answer_prob_obs,answer_prob_exp
0,The country of citizenship of Jaap Speyer is,The country of citizenship of the director of Lilli's Marriage is,Jaap Speyer,the director of Lilli's Marriage, Dutch,3.12934105295426e-07,3.478380313026719e-05,0.00041690992657095194,2.8152305731055094e-06,5.53377894618734e-08,6.3816396504989825e-06,8.651549433125183e-05,9.791407501325011e-05,2.6631423679646105e-06,0.00017343876243103296,6.677834335278021e-06,2.788902747852262e-06,7.233590440591797e-05,0.00012331905600149184
1,The place of birth of Dušan Hanák is,"The place of birth of the director of I Love, You Love is",Dušan Hanák,"the director of I Love, You Love", Bratislava,6.0456528672148124e-09,6.163555776872442e-11,1.3658544295580555e-09,2.9668498768842255e-09,3.782559820919573e-10,4.6390571384336e-09,8.534327022857724e-09,5.1033524073318404e-08,2.9359231490388993e-08,2.8886459446653134e-08,7.279443159369237e-10,2.385041053543091e-09,4.9751986807677895e-05,3.523608756950125e-05
2,The place of death of James Vincent is,The place of death of the director of Gold and the Woman is,James Vincent,the director of Gold and the Woman, New York,7.494746114389272e-06,3.3062780858017504e-05,2.660781319718808e-06,1.5060058444760216e-07,1.1644928576970415e-07,3.673383389468654e-06,1.566381229167746e-07,3.011943050523769e-08,2.341223570567763e-08,2.9897927333877306e-07,6.65264177079905e-10,1.4017130789412136e-09,0.0004968644352629781,0.00024908612249419093
3,The place of birth of Emil Loteanu is,The place of birth of the director of Lăutarii is,Emil Loteanu,the director of Lăutarii, Romania,2.127688070174827e-08,1.6565628868647764e-08,1.4819517683319072e-13,4.5598672407387575e-12,2.430907142247918e-10,1.233167168379623e-08,2.942349283330259e-06,2.325223704247037e-06,2.766815443422388e-09,1.2632749069041438e-08,9.365332509503332e-09,1.8361672182720667e-09,2.7184536520508118e-05,2.5828379875747487e-05
4,The country of citizenship of Archduke Karl Salvator of Austria is,The country of citizenship of the father of Archduke Leopold Salvator of Austria is,Archduke Karl Salvator of Austria,the father of Archduke Leopold Salvator of Austria, Italian,9.29213929339312e-05,5.0582748372107744e-05,4.18195195379667e-05,4.782017640536651e-05,0.00010419190948596224,9.257012425223365e-05,3.828951594186947e-05,8.707987717571086e-07,5.565586320699367e-07,1.8158178249905177e-07,9.132034506365017e-07,1.6766250610089628e-07,0.0002784242096822709,0.0002562694135122001
5,The place of birth of Joseph Louis De Grasse is,The place of birth of the director of Father and the Boys is,Joseph Louis De Grasse,the director of Father and the Boys, New Brunswick,0.0001693142985459417,0.00021374299831222743,0.0004857862077187747,1.0518287126615178e-05,3.2826492315507494e-06,2.0939638488925993e-05,6.851742000435479e-07,1.3866997505829204e-06,1.2607927146746079e-07,1.4587625685180683e-07,5.0213708191471085e-11,5.826984034174032e-11,0.00048338607302866876,0.00022907227685209364
6,The place of death of M. B. Sreenivasan is,The place of death of the composer of Onappudava is,M. B. Sreenivasan,the composer of Onappudava, Lakshadweep,4.222265914677337e-08,3.6382707957471894e-09,5.3200097105410293e-11,9.512914012077545e-09,9.547929114006592e-10,2.299021162246312e-13,1.6283188989871245e-12,4.7573968012639203e-14,4.910925080492141e-15,8.47574254247155e-18,6.3807991415544205e-15,4.020834483913589e-15,2.7344822228769772e-05,8.209732186514884e-06
7,The place of death of Zine El Abidine Ben Ali is,The place of death of the spouse of Naïma Ben Ali is,Zine El Abidine Ben Ali,the spouse of Naïma Ben Ali, Jeddah,0.002675204072147608,0.0013240474509075284,3.804795596806798e-06,9.732285980135202e-05,2.8104639568482526e-05,2.153618197553442e-06,2.577253326307982e-07,5.937976332859307e-09,1.0082140988743049e-07,1.7396151008597371e-07,1.3842262092111923e-07,4.7427397475985344e-07,4.6951470721978694e-05,5.9342204622225836e-05
8,The country of Charles University is,The country of the publisher of Prague Papers on the History of International Relations is,Charles University,the publisher of Prague Papers on the History of International Relations, Czech Republic,1.701656260344464e-09,2.2980602309985443e-08,1.404888205769339e-09,2.0796342425910552e-10,1.0497977487311516e-10,1.7016348330400888e-09,8.330552773213457e-14,5.426110000769993e-15,1.0570192970213378e-15,1.4756109480508448e-21,4.9552752145339264e-23,4.952691572638115e-20,0.0026908679865300655,1.1267959962424356e-05
9,The employer of Éric Rohmer is,The employer of the director of Triple Agent is,Éric Rohmer,the director of Triple Agent, Cahiers du cinéma,1.0201780042962127e-07,2.1297640273587604e-07,5.317665952020434e-08,8.39776959082883e-08,5.1250413690695495e-08,4.9396294343750924e-05,3.658157220343128e-05,5.810723564536602e-07,1.3701528587262146e-06,6.424274943128694e-07,4.889702267973917e-06,8.653052496754299e-09,4.707958964900172e-07,1.0843669770110864e-05
10,Khoa Do received the,The director of Footy Legends received the,Khoa Do,the director of Footy Legends, Young Australian of the Year,9.491132324512819e-10,4.906383210823151e-08,8.532122786064633e-10,2.0384073096124666e-08,4.3089620760383696e-08,1.6388435142289381e-07,1.2957715398442815e-06,8.013087153813103e-07,4.006867584394058e-07,2.3710756025252522e-08,2.3087899592155736e-08,5.812486492118296e-09,0.0001903028169181198,4.937221092404798e-05
11,The place of death of Luciano Salce is,The place of death of the director of Basta guardarla is,Luciano Salce,the director of Basta guardarla, Rome,3.072549816351966e-06,0.00040492566768079996,2.977990334329661e-07,5.3925422349720975e-08,5.681417860614602e-07,3.412753528664325e-07,1.880093769557334e-08,3.1593425653397844e-09,7.22511961370742e-09,1.2178683164165705e-06,1.703716225165408e-05,5.690912985301111e-06,3.4326938475714996e-05,7.732910307822749e-05
12,The place of birth of Fernando Di Leo is,The place of birth of the director of Mister Scarface is,Fernando Di Leo,the director of Mister Scarface, San Ferdinando di Puglia,5.292352398100775e-06,1.60038562171394e-05,2.958639242933714e-06,1.0110220216574817e-07,5.600091412816255e-08,2.8647846761487017e-07,2.0406123724114877e-07,1.2663413428981585e-07,1.9032438558497233e-07,5.744915597460931e-06,2.6254736440023407e-05,5.3401003242470324e-05,5.710366531275213e-05,0.00018027036276180297
13,The employer of Éric Rohmer is,The employer of the director of Love in the Afternoon is,Éric Rohmer,the director of Love in the Afternoon, Cahiers du cinéma,4.6644288431707537e-07,3.4067440992657794e-06,1.23879556213069e-06,1.6290901839965954e-05,2.1502388847238763e-07,5.11183388880454e-05,3.248098073527217e-05,2.545145321164455e-07,4.242720592628757e-07,1.8281186342505862e-08,6.787592496948491e-07,1.4659974345576643e-09,8.476534389956214e-07,1.0843669770110864e-05
14,The date of death of Sergei Eisenstein is,The date of death of the director of The General Line is,Sergei Eisenstein,the director of The General Line, 11 February 1948,6.190735923894408e-09,4.3701919860694716e-10,1.1063578525538631e-10,2.8134328200479786e-10,3.298963316064607e-12,7.357016107434333e-10,7.866262641265109e-10,3.95453021440062e-08,7.737567031540493e-09,6.832044618931832e-08,4.405730464895896e-07,4.258410069013507e-09,0.002522627590224147,0.0007949296268634498
15,The cause of death of Philippa of Hainault is,The cause of death of the mother of Joan of England is,Philippa of Hainault,the mother of Joan of England, edema,5.594966712152427e-09,1.1067211147519629e-08,7.91783847375882e-08,2.701468417853903e-07,7.61980913921434e-07,6.711436384421177e-08,5.783765999467505e-08,4.012197865610467e-11,2.9543657017322422e-12,2.579239044564474e-09,1.5437381151173213e-08,3.325365582895756e-08,4.664736934500979e-06,5.212684300204273e-06
16,The place of death of Adolf IV of Berg is,The place of death of the father of Count Engelbert I of Berg is,Adolf IV of Berg,the father of Count Engelbert I of Berg, Altenberg,1.337061377171267e-07,1.1909899058082374e-06,5.315442308528873e-08,2.9520032285290654e-07,8.323552719957661e-06,3.970126999774948e-05,2.8291022317716852e-05,1.1079512660217006e-05,7.732994163234252e-06,6.176966508064652e-06,1.4548750186804682e-06,2.1198244212428108e-05,0.00011316976451780647,0.0001679572742432356
17,The date of death of Baudouin de Courtenay is,The date of death of the father of Cezaria Jędrzejewiczowa is,Baudouin de Courtenay,the father of Cezaria Jędrzejewiczowa, 3 November 1929,2.6335859729442745e-05,0.0004247482866048813,0.001802588813006878,0.00021462884615175426,0.0001137553554144688,4.5777913328493014e-05,5.8263605751562864e-05,1.068511755875079e-05,1.808419483495527e-06,3.1566120828330213e-09,3.099867171840742e-07,1.945694627636385e-08,0.0015453097876161337,0.0006742554251104593
18,The place of birth of Carlos F. Borcosque is,The place of birth of the director of My Country's Wings is,Carlos F. Borcosque,the director of My Country's Wings, Valparaíso,1.2063567282893928e-06,1.8105260096490383e-05,1.108248739001283e-06,1.78517520210697e-10,1.144497205340933e-10,2.2099374413775408e-11,3.4744838117717336e-09,2.099196337590481e-11,5.5461531200950986e-11,6.778564515252938e-11,1.6470270702839684e-09,1.6579871697786075e-08,0.00010031083365902305,0.00010867132368730381
19,The employer of Joseph Barbera is,The employer of the director of Gallopin' Gals is,Joseph Barbera,the director of Gallopin' Gals, Van Beuren Studios,2.868912133635604e-06,7.102823929017177e-07,5.764779942296627e-08,1.1549788681008977e-08,1.0698965979827335e-06,8.340122803929262e-06,4.7440764205930464e-08,7.727968487358794e-09,3.0787448146440966e-09,4.238783901655552e-08,1.4041590645774704e-07,8.822137465003266e-11,7.592391739308368e-06,1.7091686459025368e-05
20,The spouse of Faith Evans is,The spouse of the performer of Burnin' Up is,Faith Evans,the performer of Burnin' Up, Notorious B.I.G.,7.21620452281968e-09,1.3583139946149458e-08,1.750115643517347e-07,3.77118114514019e-09,2.142860777709643e-09,2.7656970047473806e-08,7.133327262209832e-09,1.0971475283838572e-08,1.3140595278571254e-09,1.5738200076498288e-08,6.235767102680256e-08,5.15073033113822e-08,8.251595863839611e-05,7.807506335666403e-05
21,Jerzy Skolimowski was educated at,The director of Walkover was educated at,Jerzy Skolimowski,the director of Walkover, National Film School in Łódź,1.6542550315690185e-11,3.284483796051063e-08,1.010584401228698e-05,2.5331204597023316e-05,2.545059032854624e-05,2.4657110770931467e-05,0.00029171485221013427,0.00015154741413425654,9.05333217815496e-05,3.595379212129046e-06,3.56163400283549e-05,1.742090898915194e-05,0.00022645716671831906,0.00023772833810653538
22,The place of death of Nefertiti is,The place of death of the mother of Ankhesenamun is,Nefertiti,the mother of Ankhesenamun, Amarna,2.521098219077089e-09,4.850513590781702e-08,1.4753945265510993e-07,1.1594521964752857e-07,6.35766525647341e-07,3.8000712265784387e-07,1.4125815100962669e-11,1.3199407122854723e-09,2.704859225488576e-09,2.1772153502297442e-07,4.314316726095058e-08,2.5942929582356555e-08,8.704825449967757e-05,7.568917499156669e-05
23,The place of birth of Adario Strange is,The place of birth of the director of Hikikomori: Tokyo Plastic is,Adario Strange,the director of Hikikomori: Tokyo Plastic, New York,6.295169896475272e-06,1.4828869097982533e-05,1.2481801547892246e-07,4.812291010125591e-08,6.520065198856173e-08,1.8815469502442284e-06,9.053292160388082e-07,4.999383236281574e-07,8.592804761065054e-07,3.6205210562911816e-06,2.8579415811691433e-07,2.7046044692724536e-07,0.000296055426588282,0.00026108790189027786
24,The place of birth of Grover Jones is,The place of birth of the director of Thrilling Youth is,Grover Jones,the director of Thrilling Youth, Indiana,1.5796388197486522e-06,0.000621706829406321,0.00010779598233057186,3.156440698148799e-06,7.210995818240917e-07,1.0430601378175197e-06,2.3572688405693043e-06,1.2339316526777111e-05,7.895467888374696e-07,3.564436212855071e-07,1.0564014552016943e-08,2.7594634133265572e-08,1.9964687453466468e-05,2.477967609593179e-05
25,The place of birth of J. Searle Dawley is,The place of birth of the director of The Death Dance is,J. Searle Dawley,the director of The Death Dance, Colorado,2.0060548777678378e-09,2.201539246016182e-05,4.921899744658731e-05,8.448087100987323e-07,1.1213813166932596e-07,1.917755071190186e-05,0.00010010990081354976,2.6038622308988124e-05,5.022391633247025e-06,5.419887543212099e-07,7.196474172133094e-08,1.6097283150884323e-06,1.0760333680082113e-05,1.9664632418425754e-05
26,The country of citizenship of Myriam Fox-Jerusalmi is,The country of citizenship of the mother of Noemie Fox is,Myriam Fox-Jerusalmi,the mother of Noemie Fox, French,1.0695681007533153e-09,6.829083409876091e-10,8.832580888906705e-09,1.3137091627868358e-06,7.895143426139839e-06,7.5006137194577605e-06,3.474168863704108e-07,6.470206699304981e-07,2.1033338626352815e-08,1.1793486720534929e-07,2.793818111967994e-06,1.3046148978901329e-06,0.00011686614016070962,0.00014018124784342945
27,The father of Dean Parisot is,The father of the director of Red 2 is,Dean Parisot,the director of Red 2, Aldo Parisot,3.590623691707151e-06,0.0005568395718000829,5.946540113654919e-06,4.392775008454919e-05,2.397706566625857e-06,1.8267388668391504e-06,3.8455539197457256e-08,8.652807359510462e-10,7.833889786867942e-11,1.9529498018755476e-09,5.335302422082577e-09,4.3301484620172914e-10,3.417804327909835e-05,1.6485761079820804e-05
28,The country of citizenship of Bonnie Tyler is,"The country of citizenship of the performer of ""What You Need From Me is",Bonnie Tyler,"the performer of ""What You Need From Me", United Kingdom,1.8301983573110192e-06,1.1619070505730633e-07,3.9601101775588177e-07,1.8880353991335141e-07,2.4353872163374035e-07,4.365960649010958e-06,2.4111747620736423e-07,5.5272639798431555e-09,3.004877839885012e-07,9.107338883040939e-07,3.730200859308752e-08,2.295267753638086e-09,4.3285854189889506e-05,8.43240341055207e-05
29,The place of birth of Esther Gronenborn is,The place of birth of the director of Alaska.de is,Esther Gronenborn,the director of Alaska.de, Oldenburg,4.711446763394633e-06,1.0508785635465756e-05,0.0002320995699847117,3.5912071325583383e-05,5.267278311293921e-07,9.422067570596937e-09,7.5771590672957245e-06,7.551118324045092e-05,0.0005658320151269436,0.006579858250916004,0.0015851472271606326,1.1839387298095971e-05,7.097119669197127e-05,0.00019712361972779036
30,The date of death of Sargent Shriver is,The date of death of the father of Timothy Perry Shriver is,Sargent Shriver,the father of Timothy Perry Shriver," January 18, 2011",1.005620364757931e-09,1.2209665278817283e-08,9.616255347566494e-09,6.471919391515257e-07,3.6771183431483223e-07,0.0008484862046316266,0.0003321089898236096,5.250706090009771e-05,2.4440616471110843e-05,2.984208731504623e-05,1.7729998944560066e-05,2.6781890483107418e-06,0.0020798014011234045,0.0010196128860116005
31,The date of death of Prince Nikita Alexandrovich of Russia is,The date of death of the father of Prince Alexander Nikitich Romanov is,Prince Nikita Alexandrovich of Russia,the father of Prince Alexander Nikitich Romanov, 12 September 1974,3.1207859137794e-05,5.257120392343495e-07,2.053206493712878e-08,8.307960342790466e-06,0.00010616996587486938,0.0009867171756923199,0.00024113750259857625,9.96514645521529e-05,0.007959805428981781,0.0009060580050572753,0.0015674878377467394,0.0015463181771337986,0.0009914577240124345,0.0019928528927266598
32,The place of death of Dikkha is,The place of death of the spouse of Saw Thanda is,Dikkha,the spouse of Saw Thanda, Mrauk U,6.108191882958636e-05,8.980296684057976e-07,1.0702201080903251e-07,8.04666271392307e-08,5.842164085834156e-08,3.340207115343219e-07,2.6541167699178914e-06,1.1953310377066373e-06,6.190051499288529e-05,8.58743987919297e-06,7.216930680442601e-05,5.439196320367046e-05,0.0003493114490993321,0.0005828180001117289
33,The place of birth of Glenn Danzig is,The place of birth of the composer of Bullet is,Glenn Danzig,the composer of Bullet," Lodi, New Jersey",2.944550487882225e-06,1.2418441656336654e-05,9.131442493526265e-05,2.3091120056051295e-06,1.8720716088438394e-09,2.2221295914448547e-09,1.6438820011899224e-06,2.797560796352627e-07,4.843935244025488e-07,1.1651551403701887e-06,5.0281450114653126e-08,1.008949479519572e-09,0.00020421941007953137,0.00010006852971855551
34,The place of death of W. Duncan Mansfield is,The place of death of the director of Girl Loves Boy is,W. Duncan Mansfield,the director of Girl Loves Boy, Hollywood,3.859901019143998e-14,7.171240462349945e-14,2.4051357693649633e-12,2.235287822893728e-11,4.013785899243012e-14,4.66327587655968e-10,7.53638037392923e-12,5.020205713808512e-13,9.624817591958722e-15,1.595264922222249e-14,2.898298260448205e-17,7.602442574127302e-15,0.00010900602501351386,1.4419292710954323e-05
35,The place of birth of S. S. Wilson is,The place of birth of the director of Tremors 4: The Legend Begins is,S. S. Wilson,the director of Tremors 4: The Legend Begins, American,4.8928068281384185e-06,7.73567080614157e-05,1.66388344950974e-05,6.967257490941847e-07,2.5552893134772603e-07,1.383050175718381e-06,9.289987792726606e-05,1.2292831343074795e-05,4.090556831215508e-05,5.659155135617766e-07,3.4765783141210704e-08,1.5099139716312493e-07,0.00011011907190550119,7.56437802920118e-05
36,The place of birth of Jonathan Binney is,The place of birth of the father of Hibbert Newton Binney is,Jonathan Binney,the father of Hibbert Newton Binney, Hull,1.2467868404364424e-10,7.853093109133624e-08,4.4716974567649004e-10,6.901460096742085e-07,9.720077287056483e-06,1.35654340738256e-06,3.6149356219539186e-07,3.219627160433447e-07,4.025117128492184e-09,1.0360097668637991e-08,8.247202032407586e-09,2.743651306147399e-09,1.0889211807807442e-05,9.50589219428366e-06
37,The country of citizenship of Eleanor of Austria is,"The country of citizenship of the mother of Maria of Portugal, Duchess of Viseu is",Eleanor of Austria,"the mother of Maria of Portugal, Duchess of Viseu", Spanish,7.600939966323494e-07,4.7294673777287244e-07,8.028414413274731e-06,4.539858267094132e-08,1.5838871547657618e-07,5.917890666751191e-05,1.1032926749976468e-06,2.7971658322911708e-09,1.4118101887561352e-07,1.4121106914899428e-06,1.1328626214890392e-06,2.257727338417226e-08,0.00021618156461045146,0.00012057532148901373
38,The spouse of Michal Bat-Adam is,The spouse of the director of The Deserter's Wife is,Michal Bat-Adam,the director of The Deserter's Wife, Moshé Mizrahi,5.042859265813604e-05,5.471187614602968e-05,1.3203329984889933e-08,2.777238172768648e-08,4.916518392406033e-08,1.0913493497355375e-05,1.508962782281742e-06,6.021213749818344e-08,1.984690456424687e-08,1.4039673601473623e-07,6.261069302126998e-06,3.4171389415860176e-05,4.3531432311283424e-05,0.00012326259457040578
39,The country of citizenship of Callicrates is,The country of citizenship of the father of Phintys is,Callicrates,the father of Phintys, Athens,2.081933025976923e-08,3.4867486675693726e-09,5.65449198575152e-08,1.7186918057632283e-06,0.0013417592272162437,0.0009461055160500109,0.0008886483265087008,2.1787351215607487e-05,0.00015627668472006917,0.001896098954603076,0.0001222833088831976,1.8787957742461003e-05,1.3608846529677976e-05,3.3147040085168555e-05
40,The date of death of Princess of Monaco is,The date of death of the mother of Albert II is,Princess of Monaco,the mother of Albert II," September 14, 1982",4.618577875703522e-08,9.509723675193982e-09,3.6575775652636366e-07,1.114242536459642e-06,6.735990609740838e-06,0.00017465157725382596,0.0018201600760221481,0.003434107406064868,0.0008155195391736925,0.010490582324564457,0.0072970204055309296,0.0005245628417469561,0.0012707054847851396,0.004670420195907354
41,The place of birth of Marcela Agoncillo is,The place of birth of the mother of Lorenza Marino Agoncillo is,Marcela Agoncillo,the mother of Lorenza Marino Agoncillo," Taal, Batangas",1.3824057454314698e-09,1.040161350829294e-06,1.8070908254230744e-06,3.3755420645320555e-06,9.687230885901954e-06,2.307571776327677e-06,1.212850548881761e-07,3.936620629474419e-08,1.162865856940698e-07,1.7433649190934375e-07,3.0727353532711277e-06,7.303457323359908e-07,5.902039447391871e-06,7.258941877807956e-06
42,The country of citizenship of Ilich Ramírez Sánchez is,The country of citizenship of the spouse of Isabelle Coutant-Peyre is,Ilich Ramírez Sánchez,the spouse of Isabelle Coutant-Peyre, Venezuelan,1.956572930339462e-07,9.535082426737063e-06,1.604077624506317e-05,6.915926496731117e-05,0.00032020584330894053,8.005236304597929e-05,0.0002555323881097138,0.0008633455145172775,0.003130233148112893,1.2100585081498139e-05,4.3211716160840297e-07,2.718444704896683e-07,5.33457432538853e-06,1.6099222193588503e-05
43,The place of death of Elizabeth of York is,The place of death of the mother of Elizabeth Tudor is,Elizabeth of York,the mother of Elizabeth Tudor, Tower,2.548921997913567e-07,1.1392019587219693e-05,4.276429990568431e-06,1.6198225694097346e-06,1.986342431337107e-05,6.459290307248011e-05,0.00011910058674402535,4.536620690487325e-05,5.7309993280796334e-05,0.0001397250161971897,0.00015746553253848106,0.00026185065507888794,2.0116474843234755e-05,3.722566179931164e-05
44,The place of birth of Lydia Maria Child is,The place of birth of the spouse of David Lee Child is,Lydia Maria Child,the spouse of David Lee Child," Medford, Massachusetts",9.331281347613185e-08,5.524247626453871e-06,5.579754088103073e-06,3.908274720743066e-06,1.2151483588240808e-06,1.2639450233109528e-06,1.143739950748568e-06,3.144206402794225e-06,1.0954457820844254e-06,2.4517621568520553e-05,7.959309732541442e-05,5.2907307690475136e-05,2.5654737783042947e-06,1.382392474624794e-05
45,The date of birth of Mechthild of Bavaria is,"The date of birth of the mother of Philip II, Margrave of Baden-Baden is",Mechthild of Bavaria,"the mother of Philip II, Margrave of Baden-Baden", 12 July 1532,5.259607405605493e-06,5.172070086700842e-05,8.546317076252308e-06,0.00022044028446543962,0.0028148393612354994,0.054895125329494476,0.0005976153188385069,0.0006345865549519658,0.004381988663226366,0.0001423994399374351,1.6532514564460143e-05,2.7450965717434883e-05,0.0018070506630465388,0.005009065847843885
46,The place of birth of Charles VII is,The place of birth of the father of Marie Marguerite de Valois is,Charles VII,the father of Marie Marguerite de Valois, Paris,1.991514864130295e-07,3.6352054699761993e-09,1.0480981638139042e-09,5.187256735261769e-10,3.043456331397465e-08,5.417470916313505e-08,1.4807605452915595e-07,1.502246504969662e-07,1.694700912935332e-08,1.2428087530456933e-14,1.0237505287946647e-11,7.888834030467251e-10,0.0005017031216993928,0.00013082358054816723
47,The place of death of Gustavo Alatriste is,The place of death of the director of Las tecnologías pesqueras is,Gustavo Alatriste,the director of Las tecnologías pesqueras," Houston, Texas",2.7765997856477043e-06,3.676312553579919e-05,5.790572004116257e-07,2.485435004473402e-07,2.2273666218097787e-06,1.8403155991109088e-05,1.561906515235023e-07,1.2023062367916282e-07,1.4320787222743547e-08,5.706201622324159e-10,6.911309718971026e-11,9.76790046416931e-13,2.9411075956886634e-05,7.105721579137025e-06
48,The spouse of Selena is,The spouse of the performer of Cien Años is,Selena,the performer of Cien Años, Chris Pérez,3.3235253340535564e-06,4.913005113849067e-07,2.1624395607489078e-09,5.096795234749152e-07,1.2947302820975892e-05,2.096679963869974e-05,1.7495042357040802e-06,9.234141543856822e-06,2.752156262886274e-07,9.922261597239412e-06,1.2787263585778419e-05,8.76232297741808e-06,8.231681363213283e-07,1.2596203305292875e-05
49,Mansoor Khan received the,The director of Jo Jeeta Wohi Sikandar received the,Mansoor Khan,the director of Jo Jeeta Wohi Sikandar, Filmfare Award for Best Director,9.312781795722813e-11,6.911711480928062e-11,6.844152414947624e-12,1.4189228947619065e-13,2.0633322828089717e-10,6.636501836965181e-08,1.27974587371682e-07,1.831279838881983e-08,3.2015130102536205e-08,1.2421595869949176e-11,2.2867607330293027e-13,4.5496775563560327e-14,0.00023058010265231133,1.7617241610423662e-05
50,The country of citizenship of Bart Sibrel is,The country of citizenship of the director of Astronauts Gone Wild is,Bart Sibrel,the director of Astronauts Gone Wild, American,4.31585647220345e-07,1.4955936933347402e-08,1.4490812816347898e-07,6.385526774010941e-08,7.101222276872932e-09,3.3312730352008657e-07,0.00011623174941632897,4.022090797661804e-05,6.372911229846068e-06,1.6532872905372642e-05,3.134298458462581e-05,1.4767782886337955e-05,0.00020560166740324348,0.00017843519162852317
51,The place of birth of Muhammad Ali Jinnah is,The place of birth of the spouse of Emibai Jinnah is,Muhammad Ali Jinnah,the spouse of Emibai Jinnah, Karachi,1.803325346827478e-07,8.539427653886378e-07,5.489025625138311e-06,8.280879342237313e-07,3.763000677281525e-06,0.00013344077160581946,7.290881285371142e-07,7.950156577862799e-05,0.0004497169575188309,0.0004695226962212473,0.003677729284390807,0.08373384177684784,1.261148281628266e-05,0.00012782502744812518
52,The place of birth of Jelena Zrinska is,The place of birth of the spouse of Francis I Rákóczi is,Jelena Zrinska,the spouse of Francis I Rákóczi, Ozalj,2.8401391460874947e-08,3.192976194554831e-08,3.1231287000998975e-10,1.7294622693952988e-06,1.6435753877885872e-06,2.2030968466424383e-05,0.00023420284560415894,1.6041517483245116e-06,1.5845768075450906e-06,3.3687473433019477e-07,2.3374459487968124e-06,1.393536990690336e-06,2.496216211511637e-06,7.828451998648234e-06
53,The place of birth of W. P. Kellino is,The place of birth of the director of Pay Box Adventure is,W. P. Kellino,the director of Pay Box Adventure, London,2.69421412263382e-11,2.0129790812006831e-07,5.6175051277307375e-09,2.2951324751829816e-07,4.522881269508616e-08,5.75347314679675e-07,4.788298042512906e-07,9.440943671279456e-08,6.993087359186134e-11,2.432634822746582e-12,1.4833146104627215e-13,7.8229096811544e-11,0.00040227005956694484,0.0001322754833381623
54,The employer of Chip Gubera is,The employer of the director of Academy of Doom is,Chip Gubera,the director of Academy of Doom, University of Missouri,3.1387428767182257e-10,1.9014164820418955e-07,5.404813805398589e-07,1.3938576159944205e-07,8.376734513149131e-06,1.7281192413065583e-05,1.1057831216021441e-05,2.465962552378187e-06,9.132692866842262e-06,0.00011206376075278968,3.777285826345178e-07,2.68036200873345e-12,4.1720377339515835e-05,4.668848850997165e-05
55,The place of birth of Lacy J. Dalton is,The place of birth of the performer of Slow Down is,Lacy J. Dalton,the performer of Slow Down, Bloomsburg,3.77538711404668e-08,1.0845175069107427e-07,2.3913047098034212e-09,1.5762695593224407e-09,9.363307004739418e-12,9.009356594091855e-10,6.456919027231223e-11,1.8337041954308297e-11,1.6363957714912725e-12,8.550473697133132e-13,3.678818249921827e-15,5.380703478261029e-13,5.40570035809651e-05,2.991292240039911e-05
56,The place of birth of Salvatore Piscicelli is,The place of birth of the director of Blues metropolitano is,Salvatore Piscicelli,the director of Blues metropolitano, Pomigliano d'Arco,1.0386276727558652e-07,7.187497317318048e-07,1.1244686959344108e-07,2.1420223674795125e-06,9.561973683958058e-07,7.318637784692328e-08,3.667173231747256e-08,3.318556451858967e-08,8.68589644653639e-10,4.4016998934637286e-09,7.93687782163488e-10,1.9438782528080623e-10,1.7548682080814615e-05,7.96793756308034e-06
57,The place of death of Ludowika Margaretha of Zweibrücken-Bitsch is,The place of death of the mother of Johanna Sibylla of Hanau-Lichtenberg is,Ludowika Margaretha of Zweibrücken-Bitsch,the mother of Johanna Sibylla of Hanau-Lichtenberg, Bouxwiller,2.2997824089543428e-08,7.756136142234027e-07,2.872783113616606e-07,7.251190709212096e-06,2.710379703785293e-06,7.09186315361876e-06,2.356235427214415e-06,5.803065050713485e-07,1.3864151924281032e-06,1.2229939727603778e-07,2.1269352146191522e-07,1.2749065945172333e-06,1.7614205489735468e-06,2.48607580033422e-06
58,The spouse of Edward Buzzell is,The spouse of the director of Ann Carver's Profession is,Edward Buzzell,the director of Ann Carver's Profession, Ona Munson,4.667630037147319e-06,7.897182285887538e-07,1.1961151358264033e-07,4.025962851983422e-08,2.332551218842127e-08,4.737042758051757e-08,1.4965064565330977e-07,3.9676738339267104e-08,5.753034937328039e-09,2.4504510420797487e-08,2.0269618516977062e-07,2.455112166899198e-07,3.7333388718252536e-06,1.265563605556963e-05
59,The date of birth of Iyasu I is,The date of birth of the father of Bakaffa is,Iyasu I,the father of Bakaffa, 1654,7.495268050661252e-08,1.387875592229193e-08,3.538579651518603e-09,9.80547341100646e-08,4.1474449972156435e-06,6.0201477936061565e-06,0.00010689544433262199,5.821794275107095e-06,1.479861907682789e-06,1.240420439974077e-11,1.2266822579931613e-07,0.0001579869131091982,0.0016819934826344252,0.002362041035667062
60,The place of burial of Johnny Horton is,The place of burial of the performer of Honky-Tonk Man is,Johnny Horton,the performer of Honky-Tonk Man, Louisiana,9.829098416958004e-05,0.00013293350639287382,1.4713899872731417e-05,2.3223765310831368e-05,2.0904728899040492e-06,2.2605247522733407e-06,1.854184301919304e-05,1.735468686092645e-06,1.967649586731568e-05,1.2582020190166077e-06,5.108950517751509e-06,1.3833672710461542e-05,1.9679309843922965e-06,5.156601673661498e-06
61,Nagesh Kukunoor received the,The director of Hyderabad Blues 2 received the,Nagesh Kukunoor,the director of Hyderabad Blues 2, Filmfare Award,3.1139904023425036e-12,3.455967337393645e-13,5.035212088315248e-14,5.320229326533088e-11,6.16963535815529e-10,2.895169615158011e-08,1.6513308498389279e-09,6.732959434430086e-08,2.3257763714923385e-08,4.262788166897735e-08,5.204725983531944e-09,4.4547491029334196e-08,6.434098031604663e-05,4.523040843196213e-05
62,Steve Vai received the,The performer of The Attitude Song received the,Steve Vai,the performer of The Attitude Song, Grammy,3.421706251671708e-10,2.51402110934551e-11,2.144653595340107e-12,7.642355498438391e-12,6.760358939317257e-09,3.421469685349621e-08,7.943154578526901e-09,3.333571960140169e-11,1.1796198410706383e-14,9.362501924318264e-20,1.4909527290719704e-19,2.336145716451223e-19,0.028651677072048187,0.000438378076069057
63,The place of birth of Gösta Bernhard is,The place of birth of the director of Sju svarta be-hå is,Gösta Bernhard,the director of Sju svarta be-hå, Västervik,6.649785518675344e-06,0.00014303645002655685,1.1343850019329693e-05,1.5809500837349333e-06,3.4672285664782976e-07,9.372795872764073e-10,1.1291460211282356e-08,1.8483921948586612e-08,5.446201822856267e-10,1.220980022816065e-12,2.5737525717432763e-13,5.025702076721927e-13,0.0022971052676439285,0.0002209760423284024
64,The place of death of Richard Pottier is,The place of death of the director of The Beautiful Otero is,Richard Pottier,the director of The Beautiful Otero, Le Plessis-Bouchard,5.320298805600032e-05,1.192791046378261e-06,6.417288886950701e-07,3.652156621569702e-08,5.373069100755856e-08,1.5405787507916102e-06,2.635758164615254e-06,3.705067896930814e-08,6.76725164794334e-08,1.7932594346348196e-05,4.71083367870051e-08,4.302376677145503e-09,5.320873606251553e-05,3.6387024010764435e-05
65,The place of birth of Herbert Maisch is,The place of birth of the director of Nights in Andalusia is,Herbert Maisch,the director of Nights in Andalusia, Nürtingen,3.895147528965026e-05,0.0001241524878423661,0.0002767220139503479,1.2240841897437349e-05,2.2983819292221597e-07,3.7139664676999473e-09,1.5315124528569868e-06,4.261411845618568e-07,6.668366836493078e-07,6.467999913439826e-09,3.663630820938124e-08,8.733113676662185e-10,0.0006473871762864292,0.0002625171036925167
66,The place of birth of Nicki Minaj is,The place of birth of the performer of Changed It is,Nicki Minaj,the performer of Changed It, Port of Spain,1.07477080746321e-05,5.19540721555245e-09,5.210131770461146e-10,6.814274922106733e-09,1.0246197916785604e-06,0.00012714479817077518,1.2643649824894965e-06,3.983674560004147e-06,1.0131985916927988e-08,7.155758208199359e-09,9.371704301486261e-09,8.571415577307562e-09,1.4112709322944283e-05,1.6813741240184754e-05
67,The date of death of Sir John Grey is,"The date of death of the father of Edmund Grey, 1st Earl of Kent is",Sir John Grey,"the father of Edmund Grey, 1st Earl of Kent", 1439,5.107235665491316e-07,5.672780503118702e-07,1.1019307066817419e-07,1.52156462718267e-05,3.404314341537429e-08,7.277015811268939e-06,1.3612615475722123e-05,2.875415930247982e-06,3.1080639928404707e-06,0.0027408222667872906,1.533487557026092e-05,5.109305857331492e-05,0.001158448401838541,0.0018901373259723186
68,The inception of Vassar College was in,The inception of the publisher of The Miscellany News was in,Vassar College,the publisher of The Miscellany News, 1861,2.4202106942539103e-05,1.3841186046192888e-06,4.048943537782179e-06,8.810834515315946e-06,2.4090409169730265e-06,1.0768512765935156e-05,7.470874265891325e-07,7.342514436459169e-06,0.0003183231456205249,5.955552069281111e-07,4.4249977015908826e-09,8.157220038329527e-11,0.004063194151967764,0.004182088654488325
69,The place of death of Albert Capellani is,The place of death of the director of Out of the Fog is,Albert Capellani,the director of Out of the Fog, Paris,9.209702511725482e-06,5.983909431961365e-06,4.527570581558393e-06,2.6893120619320143e-08,2.6062910510327164e-11,5.513134948564868e-10,3.278385207750034e-08,8.057741140987673e-10,1.512183711582793e-09,1.5216082838165335e-09,1.2135842678007158e-11,1.584383318986582e-11,6.302944530034438e-05,3.307641964056529e-05
70,The place of birth of Finbar Furey is,The place of birth of the father of Áine Furey is,Finbar Furey,the father of Áine Furey, Dublin,1.6092063237493903e-09,1.9272883289289666e-09,6.180913419973066e-11,5.365473620955186e-10,3.691469530053837e-08,1.946227570215342e-07,6.717100209385762e-09,1.898899597563286e-07,1.4177079954436067e-08,1.3477544635875915e-09,2.7022635240570025e-09,8.949457147577888e-11,5.8626064856071025e-05,3.549449684214778e-05
71,The date of birth of Gerald Drummond is,The date of birth of the father of Gerald George Drummond is,Gerald Drummond,the father of Gerald George Drummond," September 8, 1976",6.073651661608892e-07,5.26955773239024e-05,0.00011546001042006537,0.0007311535300686955,9.06435598153621e-05,0.00934688188135624,0.019673265516757965,0.010270494967699051,0.005173319950699806,0.006136104930192232,0.004905919544398785,0.0012599234469234943,0.005466096568852663,0.005612753331661224
72,The country of citizenship of Liam Lynch is,The country of citizenship of the director of Sarah Silverman: Jesus Is Magic is,Liam Lynch,the director of Sarah Silverman: Jesus Is Magic, United States,0.0009887819178402424,3.447122799116187e-05,9.600367775419727e-06,5.452708137454465e-06,3.5654988295164e-08,5.557666327149491e-07,1.966119816643186e-05,7.0555583988607395e-06,1.4419744729821105e-05,0.0021556385327130556,0.0002856858482118696,2.8319716420810437e-06,3.679379733512178e-05,5.7997913245344535e-05
73,The place of birth of Çesk Zadeja is,The place of birth of the composer of Tana is,Çesk Zadeja,the composer of Tana, Shkodër,1.3388860224949894e-06,8.8721165525385e-08,1.4515229622702464e-06,1.6437691101600649e-06,1.182888581752195e-06,8.236923143556396e-09,6.36105779161511e-10,2.465659010297827e-09,8.694517106277999e-09,9.094426878242245e-10,1.4967852512981494e-09,9.13351629028801e-14,0.0004460476920939982,0.00016506957763340324
74,The place of birth of Dulce of Aragon is,The place of birth of the mother of Theresa of Portugal is,Dulce of Aragon,the mother of Theresa of Portugal, Barcelona,7.399534977803324e-12,1.113253586537688e-11,1.861997318483577e-12,2.906279661374356e-10,6.974940625070758e-09,8.700205000877759e-08,2.867363679825985e-09,1.279328032399718e-10,1.3259047505764787e-11,3.111563334464232e-14,5.9781415928661374e-12,7.436197005756477e-16,5.189717921894044e-05,3.0455923933914164e-06
75,The country of citizenship of Master P is,The country of citizenship of the director of No Tomorrow is,Master P,the director of No Tomorrow, American,1.2137673365941737e-05,7.445323717547581e-07,6.592421186724096e-08,5.977065953288729e-09,1.0056447230510912e-08,5.596874075308733e-08,2.2971515534209175e-07,1.9668004824779928e-07,2.428204481930152e-07,4.886613851340371e-07,6.729154847562313e-06,3.045449261662725e-07,0.00013345149636734277,0.00013235113874543458
76,The place of death of James Bauer is,The place of death of the director of The Black Star is,James Bauer,the director of The Black Star, Argentina,1.015982231677981e-08,1.353284373450947e-09,1.2286541561934428e-08,2.5302047124142746e-09,3.7842898259476954e-10,9.156094193940589e-08,6.103804253143608e-07,6.149395659349466e-09,4.875205794618864e-11,1.7576985700262782e-10,4.9475853969305206e-11,7.183237338281856e-11,2.903848326241132e-06,1.309124968429387e-06
77,The place of birth of Björk is,The place of birth of the performer of Oceania is,Björk,the performer of Oceania, Reykjavík,1.0164214472752064e-05,8.897816587705165e-05,2.026902438956313e-05,2.4984274205053225e-05,3.4422882890794426e-06,8.5959502030164e-05,1.5752862054796424e-06,1.02196872830973e-06,4.6834345994284377e-05,2.5024303340615006e-07,6.148892595092548e-08,3.674207960102649e-08,1.080024321709061e-05,4.334092955105007e-05
78,The date of death of Susan of Albania is,The date of death of the mother of Prince Leka of Albania is,Susan of Albania,the mother of Prince Leka of Albania, 17 July 2004,2.6617053663358092e-06,5.140503708389588e-05,4.257492946635466e-06,0.0012985263019800186,0.00012757809599861503,0.00016589186270721257,0.0001669962948653847,0.00010816245776368305,0.0001101786911021918,0.0004229515325278044,0.001030833926051855,0.000733942782972008,0.0018656760221347213,0.0018454452510923147
79,The place of death of Augustus II the Strong is,The place of death of the spouse of Christiane Eberhardine of Brandenburg-Bayreuth is,Augustus II the Strong,the spouse of Christiane Eberhardine of Brandenburg-Bayreuth, Warsaw,1.5909042746370394e-12,5.040731387850883e-09,3.341131815659537e-10,2.6042616951826858e-08,3.624532837420702e-06,2.9567929686891148e-06,8.27844246487075e-07,5.007610752727487e-07,6.827517751162304e-08,2.6975409753160484e-11,1.1063374660835734e-09,2.286074884949585e-09,5.688997134711826e-06,2.6665111363399774e-06
80,The spouse of Anup Sengupta is,The spouse of the director of Bangla Bachao is,Anup Sengupta,the director of Bangla Bachao, Piya Sengupta,5.272821290702723e-09,2.850867417691916e-07,1.952841666152949e-09,2.0933912381337905e-08,1.9493558056637994e-07,1.781984610715881e-05,3.0120536393951625e-05,1.201904069603188e-06,3.9637164661598945e-08,1.9645766404733506e-13,1.921783478880945e-12,3.825664507406401e-10,8.56873612065101e-07,6.60505463656591e-07
81,"The place of death of James Hamilton, 4th Duke of Hamilton is","The place of death of the father of Sir James Abercrombie, 1st Baronet is","James Hamilton, 4th Duke of Hamilton","the father of Sir James Abercrombie, 1st Baronet", Hyde Park,2.1647455383799752e-08,4.210525332837278e-07,5.094149173601181e-07,7.464984008720421e-08,7.166293780613842e-09,1.566050400469976e-09,6.4360099472082766e-09,7.386943821074965e-07,5.330278995963056e-10,1.0720657868390493e-11,8.841222567425311e-13,4.458329105200276e-12,1.517153486929601e-05,6.110434242145857e-06
82,The place of death of Amelia Pincherle is,The place of death of the mother of Sabatino Enrico 'Nello' Rosselli is,Amelia Pincherle,the mother of Sabatino Enrico 'Nello' Rosselli, Florence,1.7589578404919592e-10,4.515401315074996e-07,5.062527463906008e-08,7.07256262444389e-08,1.1702617257469683e-06,8.631844821138657e-07,2.2596348969727842e-07,8.148527186335741e-09,1.301841763279299e-07,1.3920491426233639e-08,4.0877822016227583e-07,1.9605482748374925e-07,2.7734065952245146e-05,2.7091648007626645e-05
83,The country of citizenship of Artuq is,The country of citizenship of the father of Ilghazi is,Artuq,the father of Ilghazi, Seljuq empire,2.762063910921597e-10,8.658206934342161e-05,1.4384388123289682e-05,8.146875188685954e-06,1.4103082321526017e-05,6.074496354813164e-07,2.0179941202513874e-06,8.308524229505565e-06,1.9588833310990594e-07,2.892128634357505e-07,5.653909056491102e-07,9.068319428706673e-08,1.4442720157603617e-06,2.9487184747267747e-06
84,The country of citizenship of Ricardo Mella is,The country of citizenship of the father of Urania Mella Serrano is,Ricardo Mella,the father of Urania Mella Serrano, Spain,4.881458153249696e-06,6.008684749758686e-07,3.2249988635157933e-07,1.1992331565124914e-05,0.0001819679600885138,9.062058779818472e-06,3.821964128292166e-06,2.732749271672219e-05,1.498832534707617e-05,2.7879755748472235e-07,4.977719072485343e-07,4.234885864207172e-07,0.0001528574211988598,0.00014749960973858833
85,The place of birth of George Whaley is,The place of birth of the director of Clowning Around is,George Whaley,the director of Clowning Around," Castlemaine, Victoria, Australia",6.603631419466183e-08,4.136288112022157e-08,1.1843722447224536e-08,6.50241749333702e-10,1.370840593817313e-11,2.0625575913868488e-08,1.9512010851485684e-07,1.556193618412749e-09,1.4128609306801598e-12,1.095847284443563e-11,1.6998827873947512e-15,8.946464988106306e-14,8.512852946296334e-05,2.042312189587392e-05
86,The place of burial of Kato Svanidze is,The place of burial of the mother of Yakov Iosifovich Dzhugashvili is,Kato Svanidze,the mother of Yakov Iosifovich Dzhugashvili, Tiflis,3.292907877039397e-06,8.16383253550157e-05,7.638470378878992e-06,4.34061985288281e-05,0.00023949035676196218,2.971469257317949e-05,1.091481954063056e-05,1.2364612302917521e-06,5.9477592003531754e-05,5.156991392141208e-05,2.8732902137562633e-05,7.296436524484307e-05,0.00010133511386811733,0.00013385547208599746
87,The place of birth of Marcus Garvey is,The place of birth of the spouse of Amy Ashwood Garvey is,Marcus Garvey,the spouse of Amy Ashwood Garvey, Saint Ann's Bay,1.1437512512202375e-05,2.0884528566966765e-05,1.4022036509686586e-07,1.7661055551343452e-07,1.9807594071608037e-06,3.302618642919697e-05,5.012090241507394e-06,0.00011307253589620814,0.00023186531325336546,0.00015024020103737712,0.0003551176923792809,0.0007785415509715676,3.9057604226400144e-06,3.524922431097366e-05
88,"The place of birth of Sizzo, Prince of Schwarzburg is",The place of birth of the spouse of Princess Alexandra Therese Marie of Anhalt is,"Sizzo, Prince of Schwarzburg",the spouse of Princess Alexandra Therese Marie of Anhalt, Rudolstadt,2.955083511224643e-09,1.6388925772048424e-08,7.853685701775248e-09,4.2119720905509084e-11,2.823801192874953e-10,1.88005753187781e-08,5.938655078807642e-08,1.1425261448039237e-07,5.2264822443248704e-05,0.0002349224960198626,3.4122510328415956e-07,1.6600396293142694e-06,5.330660769686801e-06,4.276620165910572e-05
89,The place of burial of Coretta Scott King is,The place of burial of the mother of Dexter Scott King is,Coretta Scott King,the mother of Dexter Scott King, Georgia,6.333095159405389e-10,6.634005558225908e-07,1.0232567547063809e-05,8.923865971155465e-05,8.022264228202403e-05,2.8828120775870048e-05,2.765614954114426e-05,7.709553756285459e-06,1.7444158117996267e-08,1.205111857416341e-05,9.000083082355559e-06,3.0266511430454557e-07,2.1942056264379062e-05,2.713546928134747e-05
90,The country of citizenship of Pinedjem I is,The country of citizenship of the father of Psusennes I is,Pinedjem I,the father of Psusennes I, Ancient Egypt,3.4620564748344407e-10,5.483989928833921e-10,6.001608173107631e-13,6.991225632267672e-14,5.048850877306665e-13,2.653925516848954e-11,1.096615159790204e-11,2.1678301515004605e-11,1.681569293532359e-11,1.7974782835663942e-14,1.0404656262540286e-15,7.639636637874186e-15,2.2205585992196575e-05,2.843309857780696e-06
91,"The place of death of Humphrey Stafford, 1st Duke of Buckingham is",The place of death of the father of Humphrey Stafford is,"Humphrey Stafford, 1st Duke of Buckingham",the father of Humphrey Stafford, Northampton,0.00032407650724053383,0.002689261455088854,0.0014382810331881046,0.0007982216193340719,0.005577580071985722,0.0015727784484624863,5.762510045315139e-05,1.5722447642474435e-05,0.00011101259588031098,5.043445707997307e-05,2.9524466299335472e-05,2.5698022000142373e-05,0.00016486845561303198,0.00037127098767086864
92,The country of citizenship of Luis Bayón Herrera is,The country of citizenship of the director of Cuidado con las imitaciones is,Luis Bayón Herrera,the director of Cuidado con las imitaciones, Spanish,5.6364187912549824e-05,8.481986697006505e-06,1.1742179140128428e-06,4.620918403475116e-08,5.2638271519356294e-09,2.65051369296998e-07,3.728280972836728e-08,4.686685173282967e-08,4.063054802827537e-06,1.0797684968366639e-09,2.7141666691932187e-09,8.553284303047803e-09,0.0005524641601368785,0.00045117182889953256
93,The place of death of Martino Zaccaria is,The place of death of the father of Bartolomeo (or Bartolommeo) Zaccaria is,Martino Zaccaria,the father of Bartolomeo (or Bartolommeo) Zaccaria, Smyrna,1.2329770537888862e-10,3.100996082139318e-08,3.801427173044658e-09,1.3949413357750018e-07,1.613019048818387e-05,3.4203611676275614e-07,1.0382049140389427e-06,1.975978562995806e-07,7.012878278089829e-09,2.687986544458454e-08,5.085931675807842e-09,1.0262275751404815e-10,8.045299182413146e-06,4.259650722815422e-06
94,The country of citizenship of Frederick I of Denmark is,"The country of citizenship of the father of Dorothea of Denmark, Duchess of Mecklenburg is",Frederick I of Denmark,"the father of Dorothea of Denmark, Duchess of Mecklenburg", Norway,0.00014423561515286565,9.126897566602565e-06,2.7544870135898236e-06,4.1650171311857775e-08,3.6225942245948772e-09,2.859425421775086e-06,1.179649007099215e-05,1.4542339158651885e-05,0.0007752692326903343,0.023355064913630486,0.00349590671248734,0.0011078986572101712,0.0002462653210386634,0.00044824069482274354
95,The date of birth of  Echigues is,The date of birth of the father of Gomes Echigues is,Echigues,the father of Gomes Echigues, 985,0.0007469352567568421,0.0006569710676558316,0.0014341057976707816,0.0038598296232521534,0.013108461163938046,0.008792842738330364,0.006885760463774204,0.0023868975695222616,0.0010329432552680373,0.00019635583157651126,9.704293188406155e-05,1.1282517334620934e-05,0.0008819526992738247,0.0009922237368300557
96,The inception of American Radio Relay League was in,The inception of the publisher of National Contest Journal was in,American Radio Relay League,the publisher of National Contest Journal, 1914,0.003812377341091633,0.03627028316259384,0.0004934192984364927,0.002073124283924699,0.0015446307370439172,0.0010353707475587726,8.927814633352682e-06,1.3401678188529331e-05,4.097451437701238e-06,6.616955872118524e-09,2.9488842478997412e-09,1.0440690846602596e-11,0.005786534398794174,0.004536056891083717
97,The place of birth of Reinhold Schünzel is,The place of birth of the director of The Great Awakening is,Reinhold Schünzel,the director of The Great Awakening, Hamburg,1.6476964503908675e-07,2.5281309717684053e-05,7.014052971499041e-05,7.131145594030386e-06,1.5758506322072208e-07,1.955112111318158e-06,0.00011820369400084019,0.0006767958984710276,0.0003774869255721569,0.0004094994510523975,0.004063946194946766,0.0009403977892361581,3.120583642157726e-06,3.457691491348669e-05
98,The place of birth of Hamilton MacFadden is,The place of birth of the director of Hold That Girl is,Hamilton MacFadden,the director of Hold That Girl, Boston,1.7235225868716952e-07,1.7735938229179737e-07,1.222679657075787e-06,7.833459392259101e-08,2.735080897764419e-06,5.123906248627463e-06,4.047223683301127e-06,3.6130925309407758e-06,9.014316901811981e-07,1.0108277592735249e-06,2.2980972680386458e-09,4.570219480637405e-10,2.376164593442809e-05,2.9948221708764322e-05
99,The place of birth of Agnes Carlsson is,The place of birth of the performer of Stranded is,Agnes Carlsson,the performer of Stranded, Vänersborg,0.00016207750013563782,1.7038125577073515e-07,7.855925105104689e-06,3.464473863346029e-08,4.34829429407646e-11,2.6732430505327365e-11,8.696177999922838e-09,1.1152798684577192e-09,4.159248945256877e-09,3.4099104095908217e-10,6.421533860212492e-10,5.305647240994027e-11,0.0005589748034253716,0.0003720003878697753
100,Mark Mothersbaugh was educated at,The composer of Mama's Boy was educated at,Mark Mothersbaugh,the composer of Mama's Boy, Kent State University,1.4372333545509264e-08,3.761669795099287e-11,2.3249435709971067e-09,3.439536433447188e-09,1.1677228940243367e-05,4.572816578729544e-06,4.011054898001021e-06,9.18294176699419e-07,4.847320087719709e-05,8.830458000375074e-07,1.0157144743061508e-06,3.9731016840960365e-06,0.0005505073931999505,0.0008769346750341356
101,The place of death of Kurt Land is,The place of death of the director of Asunto terminado is,Kurt Land,the director of Asunto terminado, New York,4.6757530071772635e-05,9.312559996033087e-05,5.808856712974375e-06,1.1145814369228901e-06,2.3735112790745916e-06,5.699320126950624e-07,4.749982807084052e-08,6.377393191314695e-08,2.2813345879058033e-07,8.529393653589068e-07,1.0463502775337474e-07,6.484935255457458e-08,0.0001722308952594176,0.0002200537419412285
102,The place of death of Arnulf Schröder is,The place of death of the director of Oh! This Bavaria! is,Arnulf Schröder,the director of Oh! This Bavaria!, Munich,1.2669412394195056e-11,2.0813946832731745e-07,1.6245927270119864e-07,1.8486927266803121e-10,9.125757094441411e-11,4.0282521762691204e-10,5.72249504726674e-11,8.434841447524377e-07,4.866853448026731e-11,4.7608483995376094e-12,5.3950810663297e-15,5.53899302285939e-16,0.00013869327085558325,8.908495146897621e-06
103,The date of death of Isabel Marshal is,"The date of death of the mother of Richard de Clare, 6th Earl of Gloucester is",Isabel Marshal,"the mother of Richard de Clare, 6th Earl of Gloucester", 17 January 1240,3.1572869318985397e-12,8.406731560883784e-11,6.707595633440033e-13,2.5337183462426083e-09,9.849941307038534e-09,2.555489970745839e-07,8.873853829527434e-08,3.1018848289932066e-07,1.0717410070526512e-08,2.5506059841973183e-07,2.1480911982507678e-06,2.2112162767484733e-08,0.0016659076791256666,0.0011475577484816313
104,The country of citizenship of Sergio Gobbi is,The country of citizenship of the director of Enfantasme is,Sergio Gobbi,the director of Enfantasme, Italy,0.00014565707533620298,0.0039376006461679935,0.004380319267511368,7.584149898320902e-06,1.0353704738008673e-06,3.5037606949117617e-07,4.110096142539987e-06,4.4220354311619303e-07,5.565952960751019e-07,1.7382138395305446e-08,3.834811135305927e-09,3.8281182668242764e-08,9.300851525040343e-05,6.860086432425305e-05
105,The place of birth of Stewart Hendler is,The place of birth of the director of Halo 4: Forward Unto Dawn is,Stewart Hendler,the director of Halo 4: Forward Unto Dawn, California,2.246193231414395e-09,6.703146482323064e-08,3.1497044972184085e-08,8.927903749622601e-09,1.2206176069895491e-09,4.6214557869461714e-07,5.284375674818875e-06,1.5061688145578955e-06,5.815846634504851e-06,4.427651583682746e-05,8.332893048645929e-05,0.0001337467838311568,2.8557024052133784e-05,0.0001265894970856607
106,The date of birth of Robert Gardner is,The date of birth of the director of Ika Hands is,Robert Gardner,the director of Ika Hands," November 5, 1925",3.5352044847059005e-08,3.8128544019855326e-06,3.0140665785438614e-06,9.680675248091575e-07,3.5673625164989176e-10,4.515673168725698e-08,9.614408327252022e-07,9.870009698431659e-09,1.2403797988724818e-09,5.364123589757241e-10,2.083459238466645e-10,2.2228734408713535e-09,0.006394247058779001,0.0025269780308008194
107,The father of Ildikó Enyedi is,The father of the director of Magic Hunter is,Ildikó Enyedi,the director of Magic Hunter, György Enyedi,1.6121207480068733e-08,1.4446014517943695e-07,8.576627408274362e-09,1.2875874517703778e-06,2.2222639728397553e-08,1.47644684034276e-07,3.3206195126922466e-08,2.3349602251698798e-09,2.4387059038843972e-09,9.888130847457433e-08,7.811699731519184e-09,2.133859666741955e-08,5.3302253945730627e-05,5.834100375068374e-05
108,John Sibthorpe was educated at,The father of Humphry Waldo Sibthorp was educated at,John Sibthorpe,the father of Humphry Waldo Sibthorp, Christ Church,0.0003999242326244712,0.0005552082438953221,4.333709512138739e-06,2.8117923545067924e-09,1.5743512449262198e-07,4.702128464373345e-08,1.4614558452308302e-09,2.956192588499107e-07,6.468641913670581e-06,1.8121249922842253e-06,1.3637428310175892e-05,4.02955301979091e-05,0.00044780608732253313,0.0004767861100845039
109,The place of birth of Chris Kraus is,The place of birth of the director of The Poll Diaries is,Chris Kraus,the director of The Poll Diaries, Göttingen,2.614028971947846e-06,5.350185892893933e-05,5.798016786684457e-07,1.957642581373875e-08,5.57862311900692e-10,2.3689485928457543e-08,1.3802392562212162e-10,9.542439402673505e-14,1.0165608318232072e-14,4.027115012988913e-12,4.50472714838367e-16,1.8036960136190092e-14,2.034247518167831e-05,4.651673407352064e-06
110,The date of birth of Joseph-Stanislas Perrault is,The date of birth of the father of Joseph-Édouard Perrault is,Joseph-Stanislas Perrault,the father of Joseph-Édouard Perrault," May 13, 1846",2.892019892897224e-06,5.7657256547827274e-05,9.978166781365871e-05,4.113496470381506e-05,6.193843546498101e-06,6.51057343930006e-05,0.0001745662302710116,5.709912511520088e-05,3.810277485172264e-05,1.2352558087513898e-06,8.414825970248785e-06,9.618443982617464e-06,0.0032238787971436977,0.0031568496488034725
111,The place of death of Ang It-hong is,The place of death of the father of Eric Hung is,Ang It-hong,the father of Eric Hung, Taipei Medical University Hospital,1.0725378363218852e-09,6.690257237096375e-09,6.101623739596107e-08,4.340020964832547e-08,1.0556033913644569e-07,1.891308215817844e-06,9.820109880820382e-07,3.754690624191426e-05,0.0009440318681299686,0.00934397429227829,0.0031930559780448675,0.0006994621362537146,4.404605533636641e-06,0.00014527258463203907
112,The place of death of Krzysztof Szydłowiecki is,The place of death of the father of Elżbieta Szydłowiecka is,Krzysztof Szydłowiecki,the father of Elżbieta Szydłowiecka, Kraków,0.0014931675978004932,0.018046516925096512,0.0032017866615206003,0.00017116748495027423,2.3385320673696697e-05,1.7099175693147117e-06,4.836793777940329e-06,2.7305494754159554e-08,6.726351671204611e-07,2.808894350891933e-06,6.648325324931648e-06,1.1945300684601534e-05,0.00023264859919436276,0.0003000643919222057
113,The place of birth of Craig Moss is,The place of birth of the director of Dispatch is,Craig Moss,the director of Dispatch, American,1.7001621017698199e-06,2.37152391946438e-07,2.124643970091711e-06,4.445596005098196e-06,7.641112347300805e-07,1.4286985106082284e-07,1.5882162188063376e-05,2.3163831883721286e-06,5.08497848272782e-08,4.775644356413977e-06,3.7060988944404016e-08,6.114711226246072e-08,8.255043212557212e-05,5.6011082051554695e-05
114,The place of birth of Leticia Dolera is,The place of birth of the director of Requirements To Be A Normal Person is,Leticia Dolera,the director of Requirements To Be A Normal Person, Barcelona,3.85574239203379e-09,5.077175956103019e-06,1.663275838836853e-06,1.7485584180576552e-07,9.422475955034315e-08,2.3852861019690863e-08,4.49556864623446e-07,5.507524747372372e-08,3.6593614805013885e-09,2.2867952793603763e-05,1.0742978702182882e-06,1.2405171219143085e-06,5.035255526308902e-06,1.4848146747681312e-05
115,"The place of death of Richard Neville, 2nd Baron Latimer is",The place of death of the father of William Neville is,"Richard Neville, 2nd Baron Latimer",the father of William Neville," Snape, North Yorkshire",1.3608827606481633e-12,2.292531053882385e-09,1.7942577978935503e-10,1.9865463440904563e-10,7.017501163497641e-11,7.215306130348154e-11,3.857450359134873e-09,1.5429458599669488e-08,1.7037621091731125e-08,6.407365162885981e-07,2.6178099687967915e-07,6.933820184684691e-09,1.8591427988212672e-06,1.5463257341252756e-06
116,The place of birth of Vijaya Bhaskar is,The place of birth of the composer of Post Master is,Vijaya Bhaskar,the composer of Post Master, Karnataka,6.941991159692407e-05,5.021863762522116e-05,2.2857908277273964e-07,6.015483791088627e-07,1.6717963546852843e-07,4.957498300761642e-10,2.8507690652546103e-10,4.2350686157988093e-07,8.701707798763891e-08,4.215067747281864e-05,0.0005899034440517426,5.745533599110786e-06,1.0528068742132746e-05,0.00012461539881769568
117,"The date of death of Louis de Luxembourg, Count of Saint-Pol is","The date of death of the father of John of Luxembourg, Count of Soissons is","Louis de Luxembourg, Count of Saint-Pol","the father of John of Luxembourg, Count of Soissons", 19 December 1475,1.2609144505404402e-05,1.540368793939706e-05,3.876782284351066e-05,1.2990552932024002e-05,4.866839731221262e-07,2.3559680357720936e-06,1.1187825776914906e-07,1.2415511285723824e-08,1.2122820976234738e-11,2.5486052157575045e-10,2.2271745336865933e-08,2.96361511720189e-11,0.0012128910748288035,0.00045980940922163427
118,The place of birth of Chris Christie is,The place of birth of the spouse of Mary Pat Christie is,Chris Christie,the spouse of Mary Pat Christie, Newark,1.1435105307100457e-07,8.146870733583e-09,1.3370883567009884e-10,1.6733486818409915e-09,3.4992705955083636e-10,1.1120302900735624e-08,2.9211156160613427e-08,5.683846726611819e-09,4.527386408881284e-06,2.3319687898037955e-05,0.0020533318165689707,0.0014213764807209373,9.277890058001503e-06,0.00015367331798188388
119,The place of death of Muhammad ibn Tughj al-Ikhshid is,The place of death of the father of Abu'l-Hasan Ali ibn al-Ikhshid is,Muhammad ibn Tughj al-Ikhshid,the father of Abu'l-Hasan Ali ibn al-Ikhshid, Damascus,2.777612826321274e-05,4.630583589460002e-06,4.89953299620538e-06,1.5177975910773966e-05,1.5295967386919074e-05,1.3234302059572656e-05,7.106260454747826e-05,0.0004231956845615059,9.656135080149397e-05,7.366656063823029e-06,1.1461823305580765e-05,3.954522526328219e-06,4.4432032154873013e-05,3.7375924875959754e-05
120,Jim Henson was educated at,The creator of The Muppets on Puppets was educated at,Jim Henson,the creator of The Muppets on Puppets," University of Maryland, College Park",8.531352068530396e-05,1.2640593922697008e-05,7.377330621238798e-05,0.00033475985401310027,0.0005979812704026699,1.8196076780441217e-05,1.730751478135062e-06,1.2923500491979212e-07,0.00039540138095617294,0.0005262810154817998,0.0010147116845473647,0.0006563494680449367,0.004556059837341309,0.0060638845898211
121,The date of death of Lalla Abla bint Tahar is,The date of death of the mother of Princess Lalla Nuzha of Morocco is,Lalla Abla bint Tahar,the mother of Princess Lalla Nuzha of Morocco, 1 March 1992,1.333936961600557e-05,7.534453470725566e-05,0.0012201977660879493,0.0001471455761929974,5.7872707657224964e-06,4.1569361997062515e-07,7.308289582397265e-07,5.514115173355094e-07,3.1629024306312203e-06,1.766203516773146e-09,2.1179482700972585e-06,9.321355776137352e-08,0.0023164600133895874,0.0021671887952834368
122,The place of burial of Bayezid II is,The place of burial of the spouse of Bülbül Hatun is,Bayezid II,the spouse of Bülbül Hatun, Turkish,6.684248154975592e-10,6.992102008496204e-09,3.0492050399379134e-13,3.785207702833304e-09,3.914808033300687e-09,7.802763990483186e-10,5.001178493557745e-08,9.506263864977882e-08,4.365165562347784e-09,1.8053906387649477e-05,4.093282768735662e-05,1.9582830645958893e-06,4.7887693654047325e-05,5.17426487931516e-05
123,The place of birth of Joseph P. Kennedy is,The place of birth of the father of Patricia Helen Kennedy Lawford is,Joseph P. Kennedy,the father of Patricia Helen Kennedy Lawford, Boston,9.55762136101157e-10,4.825340511160903e-06,7.007276394688233e-07,8.670422744216921e-07,0.00010065738024422899,1.9733139197342098e-05,1.9579927084123483e-06,2.125052924384363e-05,2.1262208974803798e-05,3.3118951250799e-05,0.0001236824318766594,5.265872459858656e-05,1.744682049320545e-05,4.712652298621833e-05
124,The place of birth of Merle Haggard is,The place of birth of the performer of My Own Kind of Hat is,Merle Haggard,the performer of My Own Kind of Hat, Bakersfield,6.855279480078025e-06,4.9836589965934763e-08,2.7093997232441325e-06,2.811273589031771e-06,6.409165393961302e-07,3.4816036986740073e-07,5.857734777237056e-07,1.2364424151201092e-08,6.39631059229373e-09,7.464272755441925e-08,1.1226488488835784e-10,7.330389073523236e-10,0.00029031684971414506,0.00016880949260666966
125,The country of citizenship of Guy Green is,The country of citizenship of the director of The Devil's Advocate is,Guy Green,the director of The Devil's Advocate, British,2.7440974008641206e-05,4.7021570935612544e-05,9.237232006853446e-05,3.836009909718996e-06,2.370428262565838e-07,1.5452764273504727e-05,1.6627178410999477e-05,2.3788181351847015e-05,1.2107410839234944e-05,0.00019715323287528008,3.0339258955791593e-05,1.3791932360618375e-05,0.00028018734883517027,0.00035078919609077275
126,The place of birth of Henrik Adam Due is,The place of birth of the father of Stephan Henrik Barratt-Due is,Henrik Adam Due,the father of Stephan Henrik Barratt-Due," Saint Paul, Minnesota",1.3691923413716722e-05,4.2533611122053117e-05,4.932874162477674e-07,1.5552157606180117e-07,1.6921209180509322e-06,7.236780220409855e-06,1.414253006259969e-06,2.1745215406099305e-08,6.248434374356293e-07,1.0640825820473765e-07,1.6411003400662594e-07,1.6392989721225604e-07,4.168859959463589e-05,3.865158942062408e-05
127,The date of birth of Benjamin Pierce is,The date of birth of the father of Benjamin Kendrick Pierce is,Benjamin Pierce,the father of Benjamin Kendrick Pierce," December 25, 1757",7.702229595452081e-06,2.8073653083993122e-05,7.141923560993746e-05,0.0005088580655865371,0.00014648892101831734,0.00027065270114690065,0.0009674992761574686,0.0006825852324254811,0.00012822196003980935,2.0309384126449004e-05,4.0504226490156725e-05,1.2933477592014242e-05,0.007022755686193705,0.003733402583748102
128,Nicholas Eversfield was educated at,The father of Edward Eversfield was educated at,Nicholas Eversfield,the father of Edward Eversfield, Trinity College,5.418908655130394e-10,3.735147799943661e-07,1.4378192645381205e-06,8.325346811943746e-07,2.2542624265042832e-06,6.530932523673982e-07,2.801587584144727e-07,5.21702759215259e-07,5.8892881497740746e-05,0.00012324289127718657,0.0003607315884437412,9.668167331255972e-05,0.011885659769177437,0.011533491313457489
129,"The place of death of Mary of Burgundy, Duchess of Cleves is","The place of death of the mother of Adolph of Cleves, Lord of Ravenstein is","Mary of Burgundy, Duchess of Cleves","the mother of Adolph of Cleves, Lord of Ravenstein", Kalkar,8.827865105587307e-10,4.833907496504253e-07,8.190407356778451e-07,3.7683646496589063e-06,0.00030110537772998214,4.495160101214424e-05,2.4864912120392546e-05,1.5905175132502336e-06,1.1802715107478434e-06,8.5550695416714e-08,2.7621171128089372e-08,9.808529682908684e-11,0.0003623085794970393,7.300969446077943e-05
130,The place of death of Richard Pottier is,The place of death of the director of Barry is,Richard Pottier,the director of Barry, Le Plessis-Bouchard,3.227577508368995e-06,2.400914240752172e-07,3.1862475680100033e-06,8.172631169145461e-06,1.8821980120264925e-05,1.4752600918654935e-07,8.781335054663941e-07,1.5678506315452978e-07,1.2973198693089216e-07,1.3721756658924278e-05,2.6057143998059473e-08,1.0896702984375395e-10,6.859394488856196e-05,3.6387024010764435e-05
131,The place of birth of Yongle is,The place of birth of the spouse of Empress Xu is,Yongle,the spouse of Empress Xu, Nanjing,9.860510630232966e-08,6.000455243793112e-08,2.3161628864842854e-12,1.2727785405480807e-13,2.0457831609310695e-11,1.0320568011312758e-10,5.748834186469765e-10,3.906261536457123e-09,1.8232716669785987e-08,4.864976199669968e-10,2.38799452434435e-10,5.858319385154687e-11,0.00010271939390804619,3.258372817072086e-05
132,The date of death of Ermengarde of Tours is,The date of death of the mother of Lothair II is,Ermengarde of Tours,the mother of Lothair II, 20 March 0851,4.15097556327737e-09,3.6869199360189953e-10,6.692127385576896e-08,4.366315988590941e-05,1.1502893357828725e-05,8.736364179640077e-06,5.6317014241358265e-05,4.97275723319035e-05,0.00015108546358533204,0.00011046224244637415,0.0019324269378557801,0.003028979990631342,0.0007449664990417659,0.0012192236026749015
133,The date of death of Yolande of Valois is,"The date of death of the mother of Philibert I, Duke of Savoy is",Yolande of Valois,"the mother of Philibert I, Duke of Savoy", 23 August 1478,7.881372994233971e-07,1.520639216323616e-06,5.50385584574542e-06,6.694883632007986e-05,5.2819996199104935e-05,0.002825692528858781,0.0006139289471320808,3.1918207241687924e-05,1.9622881097802747e-08,3.764676392847832e-08,3.1539940797964405e-11,4.74468385316517e-15,0.002090459456667304,0.00034295034129172564
134,The child of Malena Ernman is,The child of the performer of La voix is,Malena Ernman,the performer of La voix, Greta Thunberg,3.5155029110001124e-08,1.8236426257978167e-11,2.8257714390633737e-08,1.9429657882596985e-09,5.453368867591735e-10,1.6338946862148873e-09,1.2710425593975838e-11,1.222401069256307e-10,2.240866780328643e-12,1.7820673756108185e-11,1.9492636671447627e-12,3.436959850294623e-14,2.994858959937119e-06,5.600258532467706e-07
135,The place of birth of Carlos F. Borcosque is,The place of birth of the director of El Calavera is,Carlos F. Borcosque,the director of El Calavera, Valparaíso,2.968730257180141e-07,9.062765457201749e-05,1.7173157175420783e-05,3.1943937983669457e-07,5.247220542514697e-07,3.3637398422214915e-10,9.591125404995182e-08,1.739031557645987e-10,2.342855631720653e-10,4.4024464074254865e-09,1.2114481640068675e-09,2.6592164581451527e-10,0.00027494976529851556,0.00010867132368730381
136,The country of citizenship of Anawrahta is,The country of citizenship of the spouse of Agga Mahethi of Pagan is,Anawrahta,the spouse of Agga Mahethi of Pagan, Burma,1.609156896620334e-07,2.2739081032341346e-05,1.0446155101817567e-05,2.821077487169532e-06,1.9027989139885904e-07,2.4179689361858436e-08,8.452232691524841e-07,2.2324663007111667e-07,2.3286139594347333e-07,4.6659960339923146e-09,9.916503174167701e-09,4.8174904065945157e-08,9.15760756470263e-06,2.2084013835410587e-05
137,The date of death of Miklós Rózsa is,The date of death of the composer of Ben-Hur is,Miklós Rózsa,the composer of Ben-Hur, 27 July 1995,2.785313597541972e-07,3.4683978356042644e-06,4.224153915544093e-09,4.973256864104769e-07,6.802333246014314e-06,1.1927119885513093e-05,2.6217496724711964e-06,2.936901921657409e-07,1.0187113019810567e-07,7.167342240543828e-12,1.5587778463832525e-12,4.3211987807434404e-12,0.001071510254405439,0.00030706575489602983
138,The place of birth of Muhammad bin Saud is,The place of birth of the father of Imam Abdul Aziz bin Muhammad is,Muhammad bin Saud,the father of Imam Abdul Aziz bin Muhammad, Diriyah,1.2224049897313627e-11,1.9931251316052112e-08,4.1597517097535786e-10,4.9964594239781945e-08,7.136744670788175e-07,1.5527056973496656e-07,6.299168120449394e-08,6.077827663375501e-08,2.496033630450256e-05,2.2365023255588312e-07,6.288433107570768e-10,4.331904279730736e-10,2.8727260996674886e-06,3.882639248331543e-06
139,The place of death of Albert Capellani is,The place of death of the director of Camille is,Albert Capellani,the director of Camille, Paris,2.4835089789121412e-05,2.437194098092732e-06,3.520202881190926e-06,1.016023443156655e-08,2.6096158654148605e-12,1.2378464919748922e-10,1.2635830159979378e-09,3.7727629353945247e-10,2.17599918118927e-12,3.3435151755535283e-14,9.13657806028245e-16,6.511925771020017e-15,0.00025251953047700226,3.30764232785441e-05
140,The date of death of Vsevolod Meyerhold is,The date of death of the director of The Picture of Dorian Grey is,Vsevolod Meyerhold,the director of The Picture of Dorian Grey, 2 February 1940,0.00023598929692525417,3.597811215616531e-10,1.116820591562373e-08,3.3599022231101117e-07,6.619631562898576e-07,2.5287820335506694e-06,0.0001383320486638695,5.892728586331941e-05,0.00014590253704227507,2.1334519260562956e-05,3.151889541186392e-05,1.4671125825316267e-07,0.00206963624805212,0.0008670074748806655
141,The place of birth of Nathan Juran is,The place of birth of the director of Highway Dragnet is,Nathan Juran,the director of Highway Dragnet, Gura Humorului,1.5802651631702247e-08,4.883637302555144e-06,2.1335816313694522e-07,1.6316626272327994e-07,7.394019974071853e-08,1.6699326010893856e-07,2.1154694707092858e-07,1.4410015580779145e-07,9.63415658361555e-08,5.0115471772471665e-09,2.6679560782838507e-09,5.725489859997879e-09,0.00031826706253923476,0.00019312910444568843
142,The place of birth of Vlad Yudin is,The place of birth of the director of Jeremy Scott: The People's Designer is,Vlad Yudin,the director of Jeremy Scott: The People's Designer, Russian,3.461666722159862e-07,1.2825346857425757e-05,1.1871270544361323e-05,7.606789040437434e-06,2.2709969016432296e-07,2.100457692222335e-07,5.752291144744959e-06,9.365287041873671e-06,4.4321575387584744e-07,1.0957545782730449e-05,3.048950247830362e-06,2.9185401217546314e-05,1.0342241694161203e-05,0.0001632421335671097
143,"The place of burial of Henry Nevill, 2nd Earl of Abergavenny is","The place of burial of the father of William Nevill, 4th Earl of Abergavenny is","Henry Nevill, 2nd Earl of Abergavenny","the father of William Nevill, 4th Earl of Abergavenny", East Grinstead,6.176985152706038e-06,2.700337427086197e-05,8.768498810240999e-05,0.0029165151063352823,0.00266901683062315,0.0016423414926975965,0.00045033780043013394,3.0935687391320243e-05,3.7820329453097656e-05,1.182814685307676e-05,7.020139037194895e-06,2.76455762104888e-06,4.7343452024506405e-05,3.912169995601289e-05
144,The employer of Jacques Rivette is,The employer of the director of Around a Small Mountain is,Jacques Rivette,the director of Around a Small Mountain, Cahiers du cinéma,2.822002898028586e-06,5.754611152042344e-07,4.2618157891638475e-08,5.249867172096856e-07,6.840146227204968e-08,2.8953163564438e-05,0.0012766622239723802,9.022446465678513e-05,0.00019193034677300602,3.9769054183125263e-07,2.4949721932898683e-07,2.4057280612055365e-08,1.2235281019457034e-06,1.4385062968358397e-05
145,The country of citizenship of Victor Sjöström is,The country of citizenship of the director of The Tower of Lies is,Victor Sjöström,the director of The Tower of Lies, Swedish,9.837276593316346e-06,1.342316181762726e-06,1.9440425603534095e-05,8.234000233642291e-06,7.229759262372681e-07,5.418747150542913e-06,1.1078879651904572e-05,1.680044260865543e-05,0.01417340524494648,0.19815467298030853,0.06762590259313583,0.5507815480232239,2.4869326807674952e-05,0.00040259750676341355
146,The country of citizenship of Billy Murray is,"The country of citizenship of the performer of Daddy, Come Home is",Billy Murray,"the performer of Daddy, Come Home", United States,2.325644891243428e-05,2.906015834014397e-05,1.0272743793393602e-06,1.8510101540414325e-07,7.263498691401082e-09,1.948733552126214e-05,0.0005956809036433697,2.3435300136043224e-06,0.00033155022538267076,0.0003257695643696934,1.4286343912317534e-06,4.749566357986623e-07,0.00016271260392386466,0.0001057437839335762
147,The place of death of Wolfgang Schleif is,The place of death of the director of Holiday in Tyrol is,Wolfgang Schleif,the director of Holiday in Tyrol, Berlin,2.485358230330803e-08,2.8216732061991934e-07,2.372571179876104e-05,1.1270376489846967e-06,1.4260391090203939e-08,1.4997053598975185e-09,1.947095995546988e-08,7.462686824055709e-08,5.164734773188684e-08,5.565964329434792e-07,2.7520408707459865e-07,3.056849664062611e-06,2.5440158424316905e-05,6.0229733207961544e-05
148,The date of birth of Charles Bretagne Marie de La Trémoille is,The date of birth of the father of Louis Charles de La Trémoille is,Charles Bretagne Marie de La Trémoille,the father of Louis Charles de La Trémoille, 24 March 1764,2.2443886336986907e-05,7.133409235393628e-05,0.00033650625846348703,0.00091832026373595,0.0017658814322203398,0.007742794696241617,0.014318222180008888,0.004331799224019051,0.001652875798754394,0.002431716537103057,0.0031200535595417023,0.0021034558303654194,0.0007886965177021921,0.0010826874058693647
149,The place of birth of Sturla Gunnarsson is,The place of birth of the director of Beowulf & Grendel is,Sturla Gunnarsson,the director of Beowulf & Grendel, Reykjavík,3.548308768586139e-06,9.60628949542297e-06,1.2549345456136507e-06,7.515740207963972e-07,7.133898471956002e-10,2.9602807316564395e-08,7.444630328867774e-11,3.4329220022222273e-10,2.5513372747809626e-08,3.454739271546714e-06,6.86388261783577e-07,3.165423095197184e-06,8.24132985144388e-06,8.41164801386185e-05
150,The place of burial of Augustus II the Strong is,The place of burial of the father of Maurice de Saxe is,Augustus II the Strong,the father of Maurice de Saxe, Wawel Cathedral,6.661758789050509e-08,7.478140418015755e-08,2.0591098746081116e-06,9.85176484391559e-06,2.5000463210744783e-06,4.452756456885254e-06,9.937723370967433e-05,5.1522249123081565e-05,0.00015478217392228544,1.1989163795078639e-06,1.0417759312986163e-06,9.609212980876691e-08,4.155381611781195e-05,3.364427902852185e-05
151,The place of birth of Jerome Storm is,The place of birth of the director of Arabian Love is,Jerome Storm,the director of Arabian Love, Denver,1.1644908681773813e-07,8.454694761894643e-05,5.625638732453808e-05,2.5475644704897604e-08,1.1062244453796666e-07,1.6907179087866098e-05,2.3264859919436276e-05,0.00011977594840573147,2.875578104521992e-07,2.7189512863401433e-08,3.6143129023002984e-07,7.383876976518877e-08,1.0038113032351248e-05,1.2208331099827774e-05
152,The place of birth of Lasse Dahlquist is,"The place of birth of the composer of Oh boy, oh boy, oh boy! is",Lasse Dahlquist,"the composer of Oh boy, oh boy, oh boy!", Örgryte,9.073485851551766e-10,1.1352773299222463e-07,2.0809216039197054e-06,7.167231075300151e-08,1.4806680326273636e-09,7.990606509800102e-10,2.8239825408671315e-11,5.320995814100948e-12,1.4915053513000348e-13,1.3126470743696217e-10,8.02535642108193e-12,9.308186681286287e-14,1.0575744454399683e-05,1.217170961353986e-06
153,The date of death of Tommy Cooper is,The date of death of the father of Thomas Henty is,Tommy Cooper,the father of Thomas Henty, 15 April 1984,7.683543663006276e-05,9.96219455373648e-07,1.66153853342621e-07,2.0892928276339262e-08,1.64493023646628e-08,7.308228759939084e-06,7.937903319543693e-06,1.9549754597392166e-06,3.572147306840634e-07,3.3449261991336243e-06,1.4822128832747694e-05,8.33116871490347e-07,0.0005505243898369372,0.0005954092484898865
154,The place of death of Stanley Kubrick is,The place of death of the director of Killer's Kiss is,Stanley Kubrick,the director of Killer's Kiss, Childwickbury Manor,1.2840334351338356e-09,1.1256308385387825e-10,2.1264174449031614e-11,1.28227669368014e-13,4.1636429005086073e-13,5.311284190234744e-10,1.6696200628649183e-12,4.746989693688031e-12,3.307231571936242e-11,5.373204103875651e-10,1.363732998055367e-11,9.182890857223e-15,1.054360927810194e-05,5.647890247928444e-06
155,The date of birth of Jeff Garlin is,The date of birth of the director of I Want Someone to Eat Cheese With is,Jeff Garlin,the director of I Want Someone to Eat Cheese With," June 5, 1962",1.4821496563399705e-07,1.0649588375599706e-06,1.3869446320313727e-06,5.171420411897998e-07,1.1385578591038836e-10,1.5819209693290759e-06,4.493011829254101e-07,1.2763187728914716e-10,4.006651781185422e-12,6.272677689767026e-13,1.8371975219356323e-14,8.687022455544646e-13,0.027413051575422287,0.0049866726621985435
156,The place of birth of Ioan S. Nenițescu is,The place of birth of the father of Ștefan I. Nenițescu is,Ioan S. Nenițescu,the father of Ștefan I. Nenițescu, Galați,3.6101474165661784e-07,1.6525262935829232e-06,8.011601693169723e-08,2.8447189492908365e-07,9.557477369526168e-07,2.134428989108983e-08,1.792373138798098e-09,1.0522377413835216e-09,9.679414388064078e-13,2.7799490140423266e-11,1.8127751903740386e-12,2.706974455788519e-13,1.5948357031447813e-05,1.0817399015650153e-05
157,The place of birth of Eduardo Duhalde is,The place of birth of the spouse of Hilda Beatriz González de Duhalde is,Eduardo Duhalde,the spouse of Hilda Beatriz González de Duhalde, Lomas de Zamora,5.542545409298327e-07,6.822901923442259e-07,2.6857371437927213e-08,6.984706146795361e-07,5.235165190242697e-07,1.246696115231316e-06,2.2803608317190083e-06,7.761083793411672e-07,9.479951586399693e-06,5.764457000623224e-06,2.9054892820568057e-06,8.838162102620117e-06,4.664924199460074e-05,7.605666178278625e-05
158,The country of citizenship of Basiliscus is,The country of citizenship of the father of Marcus is,Basiliscus,the father of Marcus, Roman Empire,8.682240704160904e-09,1.0912601311474646e-07,2.4730391601224255e-07,1.0511530490475707e-06,4.145825641899137e-06,1.5802181678736815e-06,2.445923655614024e-06,3.545121444403776e-06,4.6476529860228766e-06,0.0003224312386009842,3.8546404539374635e-05,1.3081444194540381e-06,0.00028016563737764955,0.0004743023309856653
159,The employer of David David-Weill is,The employer of the father of Jean David-Weill is,David David-Weill,the father of Jean David-Weill, Lazard,2.1524760640545537e-08,2.10930934940734e-07,7.865052253919202e-08,3.7183045531463677e-09,4.5567676920654776e-07,4.6230448447204253e-07,1.5870567082743037e-09,1.2070756616466838e-09,3.763190647987358e-08,5.118524493141763e-10,5.0352685576626754e-08,1.8846506577574473e-08,3.7237334709061543e-06,7.2258208092534915e-06
160,"The date of death of Arnold, Duke of Guelders is",The date of death of the father of Catherine of Guelders is,"Arnold, Duke of Guelders",the father of Catherine of Guelders, 23 February 1473,3.4093600334017538e-06,0.0002858540101442486,5.08427619934082e-05,3.116362131549977e-05,1.9192891898001108e-07,8.304509080403477e-09,1.539471327305364e-06,1.337129833700601e-05,0.000591510150115937,0.00047414714936167,0.01690092496573925,0.012142130173742771,0.00045618522563017905,0.0011942315613850951
161,The spouse of Alfred Stieglitz is,The spouse of the editor of Camera Notes is,Alfred Stieglitz,the editor of Camera Notes, Georgia O'Keeffe,2.9443018689789824e-08,2.0630916424124734e-06,2.329235258002882e-06,3.674036406664527e-06,3.6023639182758416e-08,5.309258881425194e-07,1.4558003158526844e-06,4.097801991065353e-07,5.232714261893534e-09,4.710372536465002e-09,8.571460874406966e-09,4.4196892190484505e-07,2.2860383523948258e-06,1.0297927474312019e-05
162,"The date of death of Christian I, Duke of Saxe-Merseburg is","The date of death of the father of Philipp, Duke of Saxe-Merseburg-Lauchstädt is","Christian I, Duke of Saxe-Merseburg","the father of Philipp, Duke of Saxe-Merseburg-Lauchstädt", 18 October 1691,5.655664949699712e-07,9.428366070096672e-07,7.382574040093459e-06,0.0018711561569944024,0.0003308916639070958,5.789190618088469e-05,2.5429304514545947e-05,0.00028067067614756525,0.00015720789087936282,6.738096271874383e-05,0.0002332808799110353,0.0005466990987770259,0.0028232019394636154,0.0035648983903229237
163,The place of death of Henri Jeanson is,The place of death of the director of Lady Paname is,Henri Jeanson,the director of Lady Paname, Équemauville,5.856175266938379e-11,2.970715617944819e-10,8.98882603905804e-08,3.06706482433583e-09,2.646538543871202e-10,4.6076689685925487e-10,3.508493273685076e-09,1.107254110621625e-08,1.1357992324434463e-09,3.938559075322701e-06,9.389985962116043e-07,2.1259288587316405e-06,2.804937821565545e-06,5.04346235175035e-06
164,The country of UBM plc is,The country of the publisher of Game Developer is,UBM plc,the publisher of Game Developer, British,1.2731296052115315e-11,2.14192241720923e-09,1.818104000683718e-09,1.6674630565205462e-09,6.640392058443467e-08,1.9756079439048335e-07,1.6901223531817777e-08,2.7752543374504057e-08,1.1533506949490402e-07,2.799855280954944e-07,2.3462920495376238e-08,3.8643797495296894e-08,8.11437057564035e-05,3.7434692785609514e-05
165,The place of death of Wallace MacDonald is,The place of death of the director of Free Lips is,Wallace MacDonald,the director of Free Lips, Santa Barbara,7.915724076212882e-09,1.6812260028586934e-08,3.46493663982983e-07,1.2461279652598023e-07,7.146585545569906e-08,3.5990493074677943e-07,1.4309930520539638e-06,1.577769944560714e-05,5.679826813320688e-07,6.907837502012626e-08,1.6795607959974035e-10,3.847920246324854e-11,2.641778155521024e-05,1.2198282092867885e-05
166,The place of birth of Eduardo De Filippo is,The place of birth of the director of Fortunella is,Eduardo De Filippo,the director of Fortunella, Neapolitan,4.705353148892755e-06,4.8400226660305634e-05,4.087054549017921e-05,2.197596813857672e-06,3.474544030268589e-08,1.560002260703186e-08,1.0763557156678871e-07,7.433540645251924e-07,4.62571065895645e-08,7.432563009501791e-09,3.6429700922546715e-10,1.0439206443724203e-10,3.796676901401952e-05,1.9952534785261378e-05
167,The employer of Olivier Weber is,The employer of the director of Cursed for Gold is,Olivier Weber,the director of Cursed for Gold, Institut d'études politiques de Paris,8.139162233078423e-09,3.5776948070775916e-09,1.0507495318279325e-08,4.861391844634966e-11,3.646877799745596e-10,4.953678023333907e-10,2.8304896204645047e-07,1.1274072342359887e-08,2.0524529631416044e-08,8.722101085822942e-08,4.5500438972112534e-08,3.5851981106116426e-11,5.461167802423006e-07,1.2740096053676098e-06
168,The country of citizenship of Iván Noel is,The country of citizenship of the composer of Brecha is,Iván Noel,the composer of Brecha, Argentine,5.9166534782661984e-08,9.777741979632992e-06,1.512878071707746e-07,5.354720666872481e-09,5.961996452086282e-10,7.193030171492865e-08,2.184895375734186e-09,1.4475832754712314e-09,1.3103876028708328e-07,2.5578918894098024e-07,7.090085887284658e-07,1.889241190156099e-07,5.466909897222649e-06,6.977042630751384e-06
169,The employer of Dana Priest is,The employer of the spouse of William Chester Goodfellow is,Dana Priest,the spouse of William Chester Goodfellow, University of Maryland,1.7777408629626734e-06,1.1379305675518481e-07,5.321522042467386e-11,1.5413623502547047e-11,5.440492056862922e-09,8.161577369492079e-08,2.698360503927688e-07,3.170035256516712e-07,5.138285796846276e-09,3.0558858554741164e-08,1.3572045709508984e-09,1.0223095807393445e-11,8.926868758862838e-06,2.7928404961130582e-05
170,The spouse of Raj Kaushal is,The spouse of the director of Shaadi Ka Laddoo is,Raj Kaushal,the director of Shaadi Ka Laddoo, Mandira Bedi,5.70417842027382e-06,9.528664577374002e-07,2.46413076609997e-08,6.0921832023552724e-09,6.4530794041672834e-09,3.9914662011142354e-06,3.0252712690526096e-07,1.540395487609203e-06,1.201037633791202e-07,4.806436151860716e-11,6.331109414503544e-09,4.4537897814223015e-09,4.351557890913682e-06,4.664261268771952e-06
171,"The place of death of Edmund of Langley, 1st Duke of York is","The place of death of the father of Edward, 2nd Duke of York is","Edmund of Langley, 1st Duke of York","the father of Edward, 2nd Duke of York", Hertfordshire,7.04683270669193e-06,4.439818440005183e-06,1.6564641782679246e-06,2.674761390153435e-07,8.049826192291221e-07,9.061178474212284e-08,2.5876672680169577e-06,2.3600036058724072e-07,8.399659918723046e-07,2.2165447433053487e-07,1.5780434523549047e-06,2.5730776087584672e-06,9.21044556889683e-06,9.942790711647831e-06
172,The place of birth of Robert Adetuyi is,The place of birth of the director of Trouble Sleeping is,Robert Adetuyi,the director of Trouble Sleeping," Sudbury, Ontario",7.946287894355919e-08,1.1298101121326454e-08,1.1419796663858506e-08,6.955330089652989e-09,8.016884045503048e-09,8.501396564497554e-08,2.3466234511104744e-10,1.5369012729138376e-08,4.103818326828268e-11,1.943491589884161e-08,2.0027926539434304e-10,5.280714976407808e-09,1.8697629684538697e-06,1.5659094287912012e-06
173,The mother of Georges Lautner is,The mother of the director of Death of a Corrupt Man is,Georges Lautner,the director of Death of a Corrupt Man, Renée Saint-Cyr,6.025627641292886e-08,6.50687681513773e-08,1.284624744357643e-07,7.309561169677181e-07,5.028180649624403e-10,1.4531333647482825e-07,2.9336924001199804e-09,9.38036662234687e-11,2.252884545583811e-10,6.908881453049354e-12,1.9440365116307756e-12,7.90301765002388e-12,3.4343913284828886e-05,1.0068036317534279e-05
174,The place of birth of Christiana of Schleswig-Holstein-Sonderburg-Glücksburg is,The place of birth of the mother of Christiane of Saxe-Merseburg is,Christiana of Schleswig-Holstein-Sonderburg-Glücksburg,the mother of Christiane of Saxe-Merseburg, Copenhagen,1.3691422282136045e-05,2.540105015214067e-05,0.0003725053684320301,0.0015589998802170157,0.0028473492711782455,0.00016743071319069713,0.0007549949223175645,0.0016353148967027664,0.00015050882939249277,7.302479934878647e-05,4.369152577510249e-07,4.9908376098528606e-08,4.856140003539622e-05,7.002289203228429e-05
175,The place of birth of Francesco Galli Bibiena is,The place of birth of the father of Jean Galli de Bibiena is,Francesco Galli Bibiena,the father of Jean Galli de Bibiena, Bologna,5.9628826420521364e-05,8.836927918309812e-06,4.0189635910792276e-05,6.656965979345841e-06,3.387464630577597e-06,7.907172516752325e-07,8.997612610528449e-08,1.376007663367318e-08,1.407904335337662e-07,1.7750959813156442e-08,2.912554997180905e-08,1.7380480699102918e-07,0.00034301800769753754,0.00030134711414575577
176,The date of birth of Leslie Stephen is,The date of birth of the father of Thoby Stephen is,Leslie Stephen,the father of Thoby Stephen, 28 November 1832,2.0926161596435122e-05,0.00021440831187646836,7.867548993090168e-05,0.0017312378622591496,0.0008840200025588274,0.008269509300589561,0.003913404885679483,0.00041156061342917383,0.0006458538700826466,0.001417428837157786,0.012352007441222668,0.00046821936848573387,0.0009408863261342049,0.0013344103936105967
177,The place of death of Gracie Fields is,The place of death of the spouse of Archie Pitt is,Gracie Fields,the spouse of Archie Pitt, Isle of Capri,7.279916669489239e-09,2.575488451839192e-06,1.374985814095453e-08,1.4866517794587253e-08,4.489528393492037e-08,1.836928120724224e-08,4.0469347872829076e-09,7.045337468980506e-08,2.7181954465049785e-07,1.969941649804241e-06,1.1415207268328231e-07,6.880503389261605e-10,7.263440124916087e-07,1.060129534380394e-06
178,The father of Mahatma Gandhi is,The father of the founded by of Gujarat Vidyapith is,Mahatma Gandhi,the founded by of Gujarat Vidyapith, Karamchand Gandhi,9.259342914447188e-05,1.515583448963298e-06,1.7884916658772454e-08,3.710691476310757e-10,8.004919643811448e-11,2.377519188467847e-11,3.3271137039013465e-13,6.00612970274271e-14,2.124865902805237e-13,7.978825933285805e-12,4.0764788766800564e-10,1.2567877294422658e-11,0.00014430133160203695,7.524232933064923e-05
179,The country of citizenship of Stan Laurel is,The country of citizenship of the spouse of Lois Neilson is,Stan Laurel,the spouse of Lois Neilson, United Kingdom,7.937673944979906e-05,3.3735752822394716e-06,6.338841558317654e-07,1.0317499743450753e-08,1.1427548685105648e-08,1.3766477877652505e-06,2.543669779697666e-06,6.056426116174407e-08,1.7946922836742374e-09,7.702769089235062e-09,2.2195857241058548e-07,2.0061794714365533e-07,0.00014284085773397237,0.00022460210311692208
180,The spouse of Billy Joel is,The spouse of the performer of Scandinavian Skies is,Billy Joel,the performer of Scandinavian Skies, Alexis Roderick,1.2687488837315186e-09,2.105746155223187e-08,8.095491388360188e-09,7.571933080541271e-10,1.3217979488722165e-10,3.4994427355883317e-09,3.6993488272685227e-09,4.355574745318336e-08,3.8397697466052705e-08,9.392892934556585e-07,3.1630506214241905e-08,2.0079016574414688e-12,3.50258318349006e-07,1.567374397382082e-06
181,The country of citizenship of Charlemagne is,The country of citizenship of the spouse of Luitgard is,Charlemagne,the spouse of Luitgard, Carolingian Empire,1.946311378731025e-08,8.240326643260687e-09,1.2719061359689476e-08,6.608348002146158e-08,1.067076649263754e-08,4.510065565455079e-08,7.492477038795187e-07,2.6822971221918124e-07,2.1006927752864613e-08,3.632849029600038e-06,5.401915586844552e-06,1.5012961739557795e-05,1.0716172482716502e-07,9.84880784926645e-07
182,The country of citizenship of Psarantonis is,The country of citizenship of the father of Giorgos Xylouris is,Psarantonis,the father of Giorgos Xylouris, Greek,2.9270616153098672e-08,2.5599283617339097e-05,2.5622204702813178e-05,7.362788892351091e-06,0.00013986618432682008,4.0258099033962935e-05,3.105592986685224e-05,0.0015386148588731885,0.00039764828397892416,4.36516129411757e-05,0.00015814951620995998,8.000323759915773e-06,0.00022914922737982124,0.00033193815033882856
183,The place of birth of T. S. Nagabharana is,The place of birth of the director of  Chinnari is,T. S. Nagabharana,the director of  Chinnari, Bangalore,1.73448245277541e-06,0.00013661503908224404,4.103296760149533e-07,1.974202632482047e-06,4.79878936587852e-09,2.5504559744149446e-06,9.204305570165161e-06,9.094054007618979e-07,3.047478358553235e-08,2.3330426301981788e-07,4.771025942318374e-06,1.1347343388479203e-05,9.029764623846859e-05,0.0002179319126298651
184,The place of death of Empress Matilda is,"The place of death of the spouse of Geoffrey Plantagenet, Count of Anjou is",Empress Matilda,"the spouse of Geoffrey Plantagenet, Count of Anjou", Rouen,5.463702379415736e-09,1.5799328423327097e-07,7.736574048067268e-09,4.611317161451467e-10,2.966393623793362e-12,4.260208939094179e-12,2.5863671013898193e-12,4.327391309871809e-12,2.556789224783529e-10,2.26777019385338e-09,1.1854838888325503e-08,2.0729041594336195e-08,2.6988886929757427e-06,1.2681325642915908e-05
185,The date of death of Anna van Egmont is,The date of death of the mother of Floris van Montmorency is,Anna van Egmont,the mother of Floris van Montmorency, 1574,1.1575334610824939e-06,7.349930820055306e-05,3.783644842769718e-06,0.00040662355604581535,5.108232289785519e-05,0.0002178345457650721,0.001301301526837051,3.6664987419499084e-05,8.44803435029462e-06,1.8418015315546654e-05,0.0003593352739699185,0.0007886927924118936,0.0004114258335903287,0.0006060709129087627
186,"The date of death of Charles, Duke of Durazzo is",The date of death of the father of Joanna of Durazzo is,"Charles, Duke of Durazzo",the father of Joanna of Durazzo, 23 January 1348,2.2645799617748708e-06,8.649317896924913e-05,0.00012502382742241025,9.63335478445515e-05,8.150809662765823e-07,2.0718025073307444e-09,2.452826031174027e-08,3.506660561924946e-08,5.8122739574173465e-05,1.0259231203235686e-05,0.0011275463039055467,0.00402151420712471,0.000896716199349612,0.0015991332475095987
187,The place of birth of Caroline Kennedy is,The place of birth of the mother of Tatiana Celia Kennedy Schlossberg is,Caroline Kennedy,the mother of Tatiana Celia Kennedy Schlossberg, Manhattan,0.00023968759342096746,6.226366167538799e-06,1.5975659550804266e-07,6.667238761082217e-09,9.549506785333506e-07,2.7093659809906967e-05,1.776851604518015e-05,1.8129299860447645e-05,1.5422974684042856e-05,5.8794546930585057e-05,0.00017061017570085824,0.00042335334001109004,4.597167844622163e-06,3.0035907911951654e-05
188,The place of death of George Gershwin is,The place of death of the composer of That Certain Feeling is,George Gershwin,the composer of That Certain Feeling, Hollywood,1.866314107701328e-07,3.0709457199407098e-09,1.2607516142182362e-09,1.786968684136525e-09,2.580350155767519e-09,6.882537317842718e-10,4.770607797688342e-10,1.1709538894066895e-09,6.712815026066465e-11,6.331171142903713e-10,6.417460313157264e-11,1.0830600860600725e-09,2.6853102099266835e-05,1.913519372465089e-05
189,The country of citizenship of Harry Edwards is,The country of citizenship of the director of Three Little Twirps is,Harry Edwards,the director of Three Little Twirps, Canadian,1.6779921452325652e-06,1.2076699931640178e-05,3.4844852052628994e-06,4.867122882501462e-08,9.369933309244516e-07,3.835265670204535e-05,2.9180446290411055e-05,0.0001106555137084797,0.00019192903710063547,0.00026174343656748533,0.00010386999201728031,7.10838648956269e-05,0.00014961928536649793,0.0002233325649285689
190,"The place of death of Simon VI, Count of Lippe is","The place of death of the father of Philipp I, Count of Schaumburg-Lippe is","Simon VI, Count of Lippe","the father of Philipp I, Count of Schaumburg-Lippe", Brake,1.5594893909565144e-07,1.166497531812638e-05,6.91548166287248e-07,4.337053724157158e-06,1.9696924482559552e-06,8.388259971070511e-07,1.0138148354599252e-05,1.0996028265708446e-07,1.0144002970946531e-07,2.3296623297142105e-08,4.60989397765843e-08,2.219565402583612e-07,4.983069811714813e-05,3.877736526192166e-05
191,"The place of birth of Thomas Powys, 2nd Baron Lilford is",The place of birth of the father of Horatio Powys is,"Thomas Powys, 2nd Baron Lilford",the father of Horatio Powys, Lilford Hall,4.023955625598319e-05,1.8286726799487951e-06,1.3145042430551257e-05,3.818193727056496e-05,6.689593192277243e-06,3.6013258863931696e-07,2.759049522182977e-08,1.3501573192797878e-09,2.53058862753619e-09,1.2947244665273416e-10,1.0157486407535998e-08,5.186262530543218e-10,1.21757693705149e-06,6.419242595256947e-07
192,The place of death of Aram Khachaturian is,The place of death of the composer of Pepo is,Aram Khachaturian,the composer of Pepo, Moscow,2.765114913927391e-06,7.322819783439627e-06,1.5028470556899265e-07,9.65853178058751e-06,5.0444555199646857e-08,1.9873004930559546e-06,2.3310232791118324e-05,6.628506099559672e-08,7.189184803024773e-10,5.888457277336556e-09,8.583917576743261e-08,5.319331086717227e-10,1.9541997971828096e-05,2.425592356303241e-05
193,The date of death of Æthelweard is,The date of death of the father of Æthelmær the Stout is,Æthelweard,the father of Æthelmær the Stout, 998,3.1395356359098514e-07,1.8007674952968955e-05,3.6839134054389433e-07,1.2690920812019613e-06,6.310206572379684e-06,1.736486410663929e-05,1.1194410035386682e-05,1.1310130503261462e-06,4.822278132365909e-09,1.1011487721646063e-08,1.6734632568571328e-09,6.401140728584664e-10,0.0008033812046051025,0.00030333176255226135
194,The place of death of Don Hartman is,The place of death of the director of Holiday Affair is,Don Hartman,the director of Holiday Affair," Palm Springs, California",9.340556106351983e-11,9.41894917616537e-09,5.0623391700810316e-08,3.5449081448035713e-09,1.2833483165053394e-09,2.0517281029697187e-07,1.695366194098824e-07,5.210625886320486e-07,4.6289432731327906e-08,9.276714507677752e-08,4.020519472902606e-10,1.0613342427134853e-09,1.2403187611198518e-05,6.094503532949602e-06
195,The place of birth of Amalie Auguste of Bavaria is,The place of birth of the mother of Princess Margaretha of Saxony is,Amalie Auguste of Bavaria,the mother of Princess Margaretha of Saxony, Munich,2.5951654606615193e-05,8.524232544004917e-05,0.0003014795365743339,6.674155156360939e-05,5.546977263293229e-06,3.1864276479609543e-06,0.00011521140550030395,0.0001252810179721564,2.000009590119589e-05,1.3175914318708237e-05,0.0009155097068287432,0.005111767910420895,3.013120476680342e-06,3.625372482929379e-05
196,The date of death of Johann Sebastian Bach is,The date of death of the composer of Through a Glass Darkly is,Johann Sebastian Bach,the composer of Through a Glass Darkly, 28 July 1750,8.953273891165736e-07,3.960217782150721e-06,0.00033982252352871,0.003102302085608244,9.13217604647798e-07,6.5652634475554805e-06,0.0007685712189413607,6.676998964394443e-06,4.620350864570355e-06,8.8801161837182e-06,5.831001459455365e-08,1.335163757332225e-09,0.0017324562650173903,0.0009380047558806837
197,The place of death of Norodom Suramarit is,The place of death of the spouse of Sisowath Kossamak is,Norodom Suramarit,the spouse of Sisowath Kossamak, Phnom Penh,4.812686256627785e-06,5.496010999195278e-05,0.0003297159564681351,5.172817054699408e-06,9.163738286588341e-05,1.2778217751474585e-05,5.907134891458554e-06,1.4563750482921023e-05,4.431073466548696e-05,0.0003965564537793398,0.0008115957607515156,0.0007753872196190059,1.2300699381739832e-05,5.798597339889966e-05
198,"The date of death of Peter Browne, 2nd Earl of Altamont is","The date of death of the father of John Denis Browne, 1st Marquess of Sligo is","Peter Browne, 2nd Earl of Altamont","the father of John Denis Browne, 1st Marquess of Sligo", 28 December 1780,0.00014296920562628657,1.8022863514488563e-05,0.00018723862012848258,6.0812413721578196e-05,1.5012498806754593e-05,4.124725819565356e-05,7.578174063382903e-06,2.0893712360248173e-07,8.553265473665306e-08,1.527253168376319e-08,1.2697286138063646e-06,1.081658638213412e-06,0.0013727579498663545,0.0007654153159819543
199,The spouse of Samuel Benchetrit is,The spouse of the director of Macadam Stories is,Samuel Benchetrit,the director of Macadam Stories, Vanessa Paradis,3.621335653222757e-12,1.355804218894363e-10,1.2378521319078573e-08,1.8113162081334622e-09,4.2226025454006333e-10,4.431038203023263e-09,6.52871146034073e-10,1.0736120881205125e-09,4.907317607827366e-12,1.951654532428293e-10,2.5456488028652302e-09,7.911103772073602e-09,1.034735987559543e-06,1.0108359447258408e-06
200,The country of citizenship of Andrew Lau is,The country of citizenship of the director of A Man Called Hero is,Andrew Lau,the director of A Man Called Hero, China,1.522982529422734e-06,3.9418682717951015e-06,3.168657940477715e-07,9.181194400298409e-07,2.6073433190276774e-08,1.0369681149313692e-05,0.0002625142806209624,0.0002609269577078521,8.595073268224951e-06,9.442744158150163e-06,5.481952030095272e-07,4.355812961875927e-06,0.0001288721978198737,0.0001375582069158554
201,The country of citizenship of John Reinhardt is,The country of citizenship of the director of They Call It Love is,John Reinhardt,the director of They Call It Love, American,3.851059489079489e-07,2.4212447158333816e-08,3.543621573953715e-08,3.1189990590263506e-09,1.2643354418973018e-10,4.477926918156072e-09,1.5730247326928293e-08,4.121868641959736e-06,8.969584996521007e-06,1.4321901289804373e-05,9.014295937959105e-05,0.0001387466472806409,0.00023797040921635926,0.0002683988132048398
202,The country of citizenship of Saw Yun is,The country of citizenship of the spouse of Saw Hnaung of Sagaing is,Saw Yun,the spouse of Saw Hnaung of Sagaing, Myanmar,0.001143913483247161,0.01778423599898815,0.015641218051314354,0.028839262202382088,0.009578962810337543,0.0001217086537508294,0.0012420363491401076,0.0034844891633838415,0.011066245846450329,7.113052902241179e-07,7.562805848237986e-08,8.938098261523919e-09,4.6880282752681524e-05,7.023545913398266e-05
203,"The date of death of Sir Henry Vane-Tempest, 2nd Baronet is","The date of death of the father of Frances Anne Vane, Marchioness of Londonderry is","Sir Henry Vane-Tempest, 2nd Baronet","the father of Frances Anne Vane, Marchioness of Londonderry", 1 August 1813,0.0014440929517149925,0.0007612155168317258,2.804440839554445e-07,1.6381214607008587e-08,0.00012061056622769684,4.94236774102319e-05,1.5959543588905944e-06,2.8627975552808493e-05,2.5499815819785e-05,3.1737035897094756e-05,0.000768256199080497,0.0017161787254735827,0.0019645914435386658,0.003373677609488368
204,The place of death of George Gershwin is,The place of death of the composer of Let's Call the Whole Thing Off is,George Gershwin,the composer of Let's Call the Whole Thing Off, Hollywood,8.15068759152382e-08,1.472341346064887e-11,6.148159065189063e-11,7.443930472028626e-10,5.404653287410799e-12,2.527834608301305e-10,8.817927499293887e-10,1.760078714718727e-11,4.1391128941187585e-14,3.832363300402403e-14,1.4270273758814538e-16,6.593566618124649e-15,0.00010631452460074797,1.913519372465089e-05
205,"The date of death of Richard Annesley, 2nd Earl Annesley is",The date of death of the father of William Richard Annesley is,"Richard Annesley, 2nd Earl Annesley",the father of William Richard Annesley, 9 November 1824,0.0016042146598920226,0.0022265659645199776,0.0037803903687745333,4.545767296804115e-05,3.0601192975154845e-06,4.3939579086327285e-07,9.768521067599067e-07,8.10577986953831e-08,3.063447024942434e-07,3.4380242652787274e-08,5.050929757999256e-05,3.77104697690811e-07,0.00046472708345390856,0.0007417908636853099
206,"The date of birth of Henry Prittie, 1st Baron Dunalley is","The date of birth of the father of Henry Prittie, 2nd Baron Dunalley is","Henry Prittie, 1st Baron Dunalley","the father of Henry Prittie, 2nd Baron Dunalley", 3 October 1743,0.0014208934735506773,0.0013522187946364284,0.00011066401930293068,0.000628223002422601,0.0006623495137318969,0.0012046918272972107,0.00041322162724100053,2.109509841830004e-05,8.0125879321713e-05,1.6795345800346695e-05,4.324964265833842e-06,3.2829669294187624e-07,0.002355223521590233,0.0015575223369523883
207,The spouse of Lauryn Hill is,The spouse of the performer of Neurotic Society is,Lauryn Hill,the performer of Neurotic Society, Rohan Marley,1.0329662472940981e-05,5.923152912146179e-06,3.836268192003445e-08,4.909746564862871e-08,2.932123521759422e-08,1.1114582321170019e-07,1.33597694684795e-07,2.1814261685904057e-07,6.522358764193825e-10,2.9188655936707164e-09,1.0651498882907617e-07,6.027074839209945e-09,7.635590009158477e-05,6.709106673952192e-05
208,The date of death of Liu Yilong is,The date of death of the spouse of Yuan Qigui is,Liu Yilong,the spouse of Yuan Qigui, 453,5.5003731347369467e-08,4.163742062246456e-07,1.57666537603518e-08,1.4536769867845578e-06,1.1388316352167749e-06,9.403845069755334e-06,2.1952707811578875e-06,2.243145758029641e-08,1.8113386346385596e-08,6.057538030290743e-06,3.1281859264709055e-05,1.1246180292801e-05,6.637469050474465e-05,8.747341780690476e-05
209,The place of birth of Harry Piel is,The place of birth of the director of The White Terror is,Harry Piel,the director of The White Terror, Düsseldorf,0.0006581356865353882,5.920223429711768e-06,6.914899131515995e-06,1.0802921934782717e-07,4.7226084376461586e-08,7.100713446561713e-06,2.1293137251632288e-05,2.2620959043706534e-06,1.618860210328421e-07,7.192522843979532e-08,5.373414491138817e-10,1.7474841573772437e-09,0.0006481168093159795,0.0005461577675305307
210,The country of citizenship of Ralph Benatzky is,The country of citizenship of the composer of La hostería del caballito blanco is,Ralph Benatzky,the composer of La hostería del caballito blanco, Czech,1.5623150551036247e-09,1.2188968057103011e-08,7.941244883902243e-12,9.843333786951902e-11,1.3149077660035147e-10,8.062973932965178e-08,7.05646652932046e-06,2.3444950425499655e-09,2.122732878362399e-09,1.247830851980325e-07,1.2672873026531306e-06,8.610455779489712e-07,4.2641528125386685e-05,9.022869926411659e-05
211,The place of death of Piero Tellini is,The place of death of the director of Nel blu dipinto di blu is,Piero Tellini,the director of Nel blu dipinto di blu, Florence,1.4099258294208994e-07,4.886126703240734e-07,1.7129416107763973e-08,1.352077987348821e-07,2.090196637993813e-08,4.746949500145092e-10,3.218357247369852e-10,1.1099506203038345e-08,2.0985939386264363e-07,1.099905489354569e-06,5.268872200758778e-07,3.5634829487207753e-07,3.984880095231347e-05,6.075181590858847e-05
212,The place of death of Harald Hardrada is,The place of death of the father of Magnus II of Norway is,Harald Hardrada,the father of Magnus II of Norway, Stamford Bridge,3.6354597110488385e-10,1.6779785894094346e-11,5.6588733698959e-09,1.4863867647818552e-07,3.843879381459914e-11,9.793029720484014e-10,5.457964080690658e-10,1.3158802936175107e-08,1.1618076314334758e-06,6.824114962000749e-08,5.993140916871198e-08,2.1478792078255537e-09,5.060936473455513e-06,4.382439783512382e-06
213,The place of birth of John Paddy Carstairs is,The place of birth of the director of Top of the Form is,John Paddy Carstairs,the director of Top of the Form, London,4.1714798726388835e-07,2.8717964596580714e-05,0.0026534192729741335,0.0010061046341434121,1.2499049262260087e-06,2.7983799100184115e-06,7.575822564831469e-07,5.929413191552158e-07,2.803960228447977e-07,0.0001294175162911415,1.115200575441122e-05,1.5725654520792887e-05,0.0002654980053193867,0.0006907819188199937
214,The spouse of Guy Newall is,The spouse of the director of Rodney Steps In is,Guy Newall,the director of Rodney Steps In, Ivy Duke,6.292356715675851e-07,2.3049727460033864e-08,2.7935055157968236e-08,1.775046598595509e-08,3.6712191620047463e-10,9.549305559630739e-07,2.9324828787480328e-08,9.652533350390513e-08,4.212027171490718e-09,3.323265573840217e-08,1.221859058375685e-08,3.600049591767629e-09,1.1472961602976284e-07,3.7581432366096124e-07
215,"The date of death of Elizabeth Waldegrave, Countess Waldegrave is",The date of death of the mother of George Waldegrave is,"Elizabeth Waldegrave, Countess Waldegrave",the mother of George Waldegrave, 29 January 1816,2.197233897049955e-07,1.8996663584402995e-06,8.62961751408875e-05,1.0255582310492173e-05,8.831347741988793e-08,1.3374450436032248e-09,6.373782923674298e-08,6.019473253182639e-10,3.1757840801560633e-09,3.1662250599140407e-10,1.3014401645250473e-07,1.1699006208232277e-09,0.00042143871542066336,0.00022894346329849213
216,The date of birth of William Edwin Bell is,The date of birth of the spouse of Ting-Xing Ye is,William Edwin Bell,the spouse of Ting-Xing Ye, 27 October 1945,1.913147684717842e-08,5.820252368948786e-08,2.2659223475329782e-07,3.1221045446727658e-06,2.282683198018276e-07,1.3348648053579382e-07,2.150535891587424e-07,2.834321000122486e-09,2.097722351379616e-08,8.770411952241375e-09,8.202332679729807e-08,8.225626970670419e-07,0.0007466637180186808,0.0010245664743706584
217,The country of citizenship of Shaan is,The country of citizenship of the performer of Harabo Toke is,Shaan,the performer of Harabo Toke, India,2.3354923541774042e-05,0.002713573630899191,0.0007156556821428239,0.0008810608414933085,0.0002873851917684078,0.0011523168068379164,0.0005157063133083284,0.00034945234074257314,0.00038539888919331133,5.791152943857014e-07,9.90557782643009e-06,1.551982859382406e-05,0.0016378099098801613,0.0014709160896018147
218,The place of death of Hippias is,The place of death of the father of Aphareus is,Hippias,the father of Aphareus, Elis,5.4240146596384875e-08,8.703424100531265e-06,1.547411193314474e-05,1.6572164895478636e-05,6.457001290982589e-05,6.46881608190597e-06,1.0074929832626367e-06,9.115571629081387e-06,1.1856610399263445e-05,3.687833304866217e-05,9.927442988555413e-06,1.5506217323491e-06,3.335950168548152e-05,3.778937389142811e-05
219,The country of citizenship of John Reinhardt is,The country of citizenship of the director of El día que me quieras is,John Reinhardt,the director of El día que me quieras, American,1.5368390222647577e-06,3.979046596214175e-06,2.476544523233315e-06,6.544159077748191e-06,6.104316707933322e-05,2.813992978190072e-05,5.268353220344579e-07,1.3032113201916218e-06,1.531292639356252e-07,2.855940692825243e-07,2.0877781992112432e-07,1.0418004876555642e-06,0.00025302625726908445,0.0002683988132048398
220,The place of birth of Henry the Fowler is,The place of birth of the spouse of Hatheburg (also Hatheburch) (* 876 in Merseburg is,Henry the Fowler,the spouse of Hatheburg (also Hatheburch) (* 876 in Merseburg, Saxony,3.0542803415301023e-06,1.7504575225757435e-05,6.57821241922818e-10,1.2815351557726729e-10,3.436780374177495e-11,1.502154997612415e-11,2.6892754689811227e-10,5.388824109164858e-11,3.805351866947859e-10,2.739014019119499e-14,3.3284146109830576e-14,2.857906782321312e-14,0.0013305902248248458,3.425325849093497e-05
221,The country of citizenship of Pearry Reginald Teo is,The country of citizenship of the director of Witchville is,Pearry Reginald Teo,the director of Witchville, Singaporean,4.171246681394791e-11,1.3019365141531125e-08,4.386066621009377e-07,6.38066876490484e-06,1.6031955965445377e-05,2.594322950244532e-06,4.3070311221526936e-05,0.00011433247709646821,1.0795371053973213e-05,0.00035783505882136524,0.00040904153138399124,0.0005826373817399144,4.996418647351675e-05,0.0001890330750029534
222,The date of death of Maurice Cloche is,The date of death of the director of Women's Games is,Maurice Cloche,the director of Women's Games," March 20, 1990",2.683463051766921e-08,1.9707863430085126e-07,2.017219316030605e-07,2.0907135933612153e-07,2.6513257367355436e-08,3.8224875709147454e-08,1.2821378625460511e-08,2.5029800281017867e-12,8.983138668691715e-13,2.3389577492698155e-13,4.816750839332917e-13,3.8590024865935504e-14,0.006845846306532621,0.00040121094207279384
223,The father of George II is,The father of the founded by of University of Göttingen is,George II,the founded by of University of Göttingen, George I of Great Britain,6.464499165304005e-05,0.0002275810984428972,0.0009860785212367773,0.0004231708880979568,6.735206170560559e-09,1.5806664066531084e-07,1.0181934158026706e-05,0.00024490003124810755,1.0392912486167916e-07,9.86575969363912e-07,1.728264214762021e-05,0.00026089290622621775,0.0004299318534322083,0.0026785775553435087
224,The place of birth of John W. Blodgett is,The place of birth of the spouse of Minnie Cumnock Blodgett is,John W. Blodgett,the spouse of Minnie Cumnock Blodgett," Hersey, Michigan",0.00010614549682941288,1.0730108442658093e-05,1.1071220740177523e-07,8.820934453979135e-07,2.691187773962156e-06,1.4433405794989085e-06,2.0657469121942995e-06,2.4498431230313145e-05,6.82308154864586e-07,1.8146014326703153e-06,8.692972528479004e-07,1.3904758588978439e-06,0.0001361409667879343,6.589126132894307e-05
225,The cause of death of Vladimir of Staritsa is,The cause of death of the father of Maria Vladimirovna of Staritsa is,Vladimir of Staritsa,the father of Maria Vladimirovna of Staritsa, poison,1.6054358411565772e-06,5.5721088756399695e-06,1.2430832612153608e-06,8.027585067793552e-07,7.491899509659561e-07,9.371559883675218e-08,1.2283466048756964e-06,3.1515623959421646e-06,1.7369813576806337e-05,2.377552300458774e-05,0.0003665613185148686,0.0002675034338608384,1.5351846741396002e-05,4.186709338682704e-05
226,The date of birth of Edward Venables-Vernon-Harcourt is,The date of birth of the father of Octavius Henry Cyril Vernon Harcourt is,Edward Venables-Vernon-Harcourt,the father of Octavius Henry Cyril Vernon Harcourt, 10 October 1757,1.3552879352118907e-07,2.2257822251958714e-07,9.577409088024069e-08,3.399523484404199e-05,0.000791792816016823,6.448267959058285e-05,7.196849765023217e-07,4.851960966334445e-06,1.357917699351674e-05,7.542227831436321e-05,0.0006194291054271162,0.00140813656616956,0.0015047092456370592,0.001754307420924306
227,The date of birth of Max McGraw is,The date of birth of the founded by of McGraw Electric is,Max McGraw,the founded by of McGraw Electric, 1 February 1883,1.335833985649515e-05,2.4983926323329797e-06,1.1984539924014825e-05,1.1622212696238421e-05,6.342310371110216e-06,9.784488383957068e-07,8.789985486146179e-07,3.1228641894642806e-09,2.5133653838715908e-11,5.68311731008464e-10,6.025689929661793e-12,1.1632119573112831e-10,0.005793650168925524,0.00156606815289706
228,The country of citizenship of Bona Sforza is,The country of citizenship of the mother of Anna Jagiellon is,Bona Sforza,the mother of Anna Jagiellon, Duchy of Milan,1.908662397909211e-06,3.8687070968990156e-07,5.868415655641002e-07,5.287937483444693e-07,1.4841510846963502e-06,3.1915669751469977e-06,6.3032166153220714e-09,7.859498829532185e-09,1.674651972649599e-09,4.4221501460661727e-10,6.619376487909667e-12,9.300449993476789e-11,0.00017579835548531264,7.898646435933188e-05
229,The country of citizenship of Karl von Habsburg is,The country of citizenship of the spouse of Francesca von Habsburg is,Karl von Habsburg,the spouse of Francesca von Habsburg, Austria,9.049449545273092e-07,0.0001799992169253528,3.1691281037637964e-05,7.286129402928054e-06,1.4500818906526547e-05,3.6256053135730326e-05,0.0001643992291064933,4.926130350213498e-05,7.974106847541407e-05,3.6542456882671104e-07,1.775555756466929e-05,0.00010834145359694958,0.00010035284503828734,0.00030970576335676014
230,The date of death of Francesco I Crispo is,The date of death of the father of William II Crispo is,Francesco I Crispo,the father of William II Crispo, 1397,1.3982362645492685e-07,1.1871082783443399e-08,1.7630263471346552e-08,3.3316680401185295e-06,0.000496419204864651,0.0011326438980177045,9.666564437793568e-05,8.882115071173757e-05,5.659054750140058e-06,5.877927833353169e-06,0.001018788549117744,0.0038395675364881754,0.0005213254480622709,0.0012353966012597084
231,The place of birth of Małgorzata Szumowska is,The place of birth of the director of 33 Scenes From Life is,Małgorzata Szumowska,the director of 33 Scenes From Life, Kraków,3.626735633588396e-05,6.173127985675819e-06,1.047837213263847e-05,1.996475111809559e-05,3.0630424134869827e-06,2.4831834366523253e-07,1.0342910172767006e-05,6.802709776820848e-06,4.515667129112444e-08,7.763902232227338e-08,2.4048627977890646e-08,8.696611430991652e-09,0.0006147670792415738,0.0006452355883084238
232,The place of birth of Roel Reiné is,The place of birth of the director of Pistol Whipped is,Roel Reiné,the director of Pistol Whipped, Dutch,9.726275038701715e-07,3.0491175948554883e-06,1.8422454104438657e-06,1.2207684676468489e-06,2.614183358673472e-07,1.313118559664872e-06,6.474538736256363e-07,8.924199391913135e-06,4.821024504053639e-07,1.918592261063168e-06,4.915218596579507e-07,2.180157753173262e-05,4.596180951921269e-05,0.00015783763956278563
233,The place of death of Ralph Habib is,The place of death of the director of Women's Club is,Ralph Habib,the director of Women's Club, Paris,2.94450419602299e-09,4.664109654051174e-10,3.329652109584913e-09,1.5852363866031283e-10,2.0762849772815173e-11,3.895823108557295e-10,5.668525544788583e-12,3.7081037025654684e-13,9.173749000029874e-14,3.508521111206047e-16,3.4505456764334305e-16,2.0107030732248454e-14,0.0001262831356143579,1.9637158402474597e-05
234,The place of birth of Édouard Brissaud is,The place of birth of the father of Pierre Brissaud is,Édouard Brissaud,the father of Pierre Brissaud, Besançon,1.2317282198637258e-06,1.5676037889988947e-07,1.245233306690352e-06,1.4078665344641195e-06,1.2346993571554776e-05,5.602957753580995e-05,4.6828722588543314e-06,2.2986809199210256e-05,2.2384867406799458e-05,5.09035999129992e-07,6.327512096504506e-07,7.421792957984508e-08,7.009163255133899e-06,1.0961400221276563e-05
235,The place of birth of William Clemens is,The place of birth of the director of Crime by Night is,William Clemens,the director of Crime by Night," Saginaw, Michigan",2.2523587176692672e-05,3.2787495001684874e-05,2.133055568265263e-05,3.5730554373003542e-06,7.23354958154232e-07,5.334875652351911e-09,3.289768301328877e-06,1.1560505441821078e-08,1.647104319602022e-08,6.92446411321157e-09,1.1599092519798404e-10,3.4529955283968405e-11,0.0007596535724587739,0.00017514552746433765
236,The place of birth of Ted Geoghegan is,The place of birth of the director of Mohawk is,Ted Geoghegan,the director of Mohawk, Beaverton,1.9560518182970554e-07,2.1424889951049408e-07,4.972466527419783e-08,4.1746153556232457e-07,3.116017978754826e-06,4.302302869518826e-08,2.96683655420793e-08,1.2060718646011992e-08,1.8203294774310486e-12,8.449965212304234e-16,1.4488497503993623e-15,1.4672859518919442e-15,1.2247727681824472e-05,1.006871684694488e-06
237,The place of birth of Marina Semyonova is,The place of birth of the spouse of Lev Mikhailovich Karakhan is,Marina Semyonova,the spouse of Lev Mikhailovich Karakhan, Petersburg,2.531390652649179e-10,3.911669210765467e-09,5.651849543930609e-10,1.6227354182607456e-10,4.323855509746899e-12,7.963591741599885e-08,2.2901767238181492e-07,4.618871400907665e-07,3.819951466255134e-09,3.780786528295721e-07,1.0150258276553359e-05,1.6840718899402418e-06,9.80413915385725e-07,4.6226118683989625e-06
238,The spouse of Brian Tse is,The spouse of the director of McDull: Me & My Mum is,Brian Tse,the director of McDull: Me & My Mum, Alice Mak,8.908954129971391e-11,5.743362452292899e-10,8.194432979391486e-12,2.8491641046457516e-07,3.059702464724978e-07,1.277807992750013e-08,1.420244616356925e-10,2.2383674080916904e-10,1.182742272176629e-11,2.3330996856696373e-11,1.3516485565349956e-13,2.731107657735765e-12,3.26144763675984e-05,4.969248948327731e-06
239,The mother of Damian Harris is,The mother of the director of Bad Company is,Damian Harris,the director of Bad Company, Elizabeth Rees-Williams,3.846044364763657e-06,3.4017323287116596e-06,1.4571359315596055e-05,4.952167955707409e-07,4.240441775493764e-09,5.378454126514498e-09,4.1312336884757883e-10,5.291795127093657e-11,2.2274401019397455e-13,1.3078910350572404e-11,1.316143158000549e-12,5.55301334428937e-12,0.00019188043370377272,8.107064786599949e-05
240,The mother of Lisa Azuelos is,The mother of the director of Dalida is,Lisa Azuelos,the director of Dalida, Marie Laforêt,1.357685619041149e-06,9.130982192573356e-08,3.954693017504951e-09,1.8007972357736435e-07,1.1317692560908199e-08,4.813119347524264e-10,1.0425540292180457e-10,6.945768287781873e-13,5.746585390702108e-13,1.6512688568934286e-12,3.78002837364555e-12,1.894544634020723e-12,4.631471892935224e-05,2.2530159185407683e-05
241,The country of citizenship of Marie Louise Gonzaga is,The country of citizenship of the mother of Maria Anna Theresa Vasa is,Marie Louise Gonzaga,the mother of Maria Anna Theresa Vasa, Polish-Lithuanian Commonwealth,3.0834587660955037e-10,6.605984093077666e-10,3.600265188197227e-07,2.506464014118137e-08,2.4655768982029258e-08,1.1290406831676592e-07,3.981612906045484e-08,1.6593034724010636e-09,5.671141334318008e-10,7.907372534532442e-10,3.2205222932901734e-09,1.064160648489576e-09,0.00013656093506142497,6.151083653094247e-05
242,The country of citizenship of Barbara of Brandenburg is,The country of citizenship of the mother of Gianfrancesco Gonzaga is,Barbara of Brandenburg,the mother of Gianfrancesco Gonzaga, Germany,1.5421934222104028e-05,2.0814910385524854e-05,1.6975484413706e-06,0.0006321018445305526,0.00034234626218676567,7.491073483834043e-05,0.0014417340280488133,0.00019882773631252348,0.0008503631688654423,0.3631224036216736,0.346401184797287,0.12819743156433105,0.0002060416736640036,0.0020172609947621822
243,The country of citizenship of Barbra Streisand is,"The country of citizenship of the performer of Papa, Can You Hear Me? is",Barbra Streisand,"the performer of Papa, Can You Hear Me?", America,5.844673978572246e-06,2.885676364527967e-09,7.147350515879225e-06,1.6524131396522534e-08,7.67834062997963e-09,9.803560629961794e-08,2.6559780962998047e-05,1.3078542906441726e-06,6.36054338087888e-08,6.800366918469081e-07,8.49550531256682e-07,4.1962323393818224e-08,0.00031209425651468337,0.00015454384265467525
244,The place of death of Paul Allen is,The place of death of the founded by of Interval Research Corporation is,Paul Allen,the founded by of Interval Research Corporation, Seattle,1.8344906038691988e-08,2.487342101176182e-07,1.8043343208429263e-10,5.992313312219721e-09,2.080083731925697e-07,5.2957231673644856e-05,0.0002881165419239551,8.249012171290815e-05,3.131703124381602e-05,1.2177746100405784e-07,2.722453196213337e-08,2.1789479376366216e-07,1.1902830010512844e-05,2.8264495995244943e-05
245,The place of birth of Poppaea Sabina is,The place of birth of the mother of Claudia Augusta is,Poppaea Sabina,the mother of Claudia Augusta, Pompeii,4.848857759753855e-09,6.6446443902634655e-09,4.5512064161812305e-07,1.6085074094007723e-05,2.3131409761845134e-05,0.00012090889504179358,0.00023921912361402065,2.1925323380855843e-05,0.0005380825605243444,0.03727500140666962,0.09640052169561386,0.007993390783667564,1.491060174885206e-05,3.854457463603467e-05
246,The place of birth of Lana Del Rey is,The place of birth of the performer of Yayo is,Lana Del Rey,the performer of Yayo, New York,0.0016932969447225332,0.0004838522872887552,4.424435246619396e-06,2.3548054741695523e-06,2.6060016011797416e-07,3.3272215205215616e-07,1.4169783923989598e-07,6.757329629181186e-07,3.257092373587511e-08,2.346337453218439e-07,1.1293525403743843e-06,1.8994404626937467e-06,0.00018995371647179127,0.00036390882451087236
247,The place of death of Franklin W. Olin is,The place of death of the father of John Merrill Olin is,Franklin W. Olin,the father of John Merrill Olin, St. Louis,3.792346436881644e-09,0.00018468566122464836,0.00019105113460682333,0.0001144579000538215,0.00010772985115181655,0.00012103295011911541,1.0066558388643898e-05,4.160543085163226e-06,2.764914825093001e-06,1.1648278814391233e-05,9.095792847801931e-06,1.0002855560742319e-05,0.00014151682262308896,0.00014187437773216516
248,The country of citizenship of Louis Ralph is,The country of citizenship of the director of Our Emden is,Louis Ralph,the director of Our Emden, Austria,6.888122356940585e-07,9.527876500214916e-06,1.981038167286897e-06,1.8595867901094465e-10,2.3649399105707403e-10,4.596353520014418e-08,1.127057345229332e-07,5.47143463336397e-06,1.275583872484276e-05,5.6394231506828874e-08,1.5801964536876767e-06,3.074069354624953e-07,3.110626130364835e-05,3.340410330565646e-05
249,The place of birth of Björk is,The place of birth of the composer of Unravel is,Björk,the composer of Unravel, Reykjavík,6.057132486603223e-05,0.0005648261867463589,0.00021250919962767512,5.9672682255040854e-05,2.558733740443131e-06,1.291854823648464e-05,6.577730715662256e-08,1.3963249045900739e-07,2.1473223910106753e-07,8.338187029721666e-08,1.2947550587227852e-08,2.2260064902468457e-09,2.1902671505813487e-05,4.334092955105007e-05
250,The date of birth of Helene Hegemann is,The date of birth of the director of Axolotl Overkill is,Helene Hegemann,the director of Axolotl Overkill, 19 February 1992,1.5345219539497634e-09,1.7043437594566058e-07,1.993796104216017e-06,7.001901394687593e-06,2.445607606205158e-06,0.00015817764506209642,0.00068338040728122,8.369293936993927e-06,1.1876671806021477e-06,6.937097623449517e-06,9.438633128411311e-07,9.006333101524433e-08,0.0010949727147817612,0.0004911597352474928
251,"The country of citizenship of Thomas Lyon-Bowes, 11th Earl of Strathmore and Kinghorne is","The country of citizenship of the father of Thomas George Lyon-Bowes, Lord Glamis is","Thomas Lyon-Bowes, 11th Earl of Strathmore and Kinghorne","the father of Thomas George Lyon-Bowes, Lord Glamis", British,4.1660157990008884e-08,7.483722129109083e-06,3.7445927318913164e-06,1.6486363165313378e-05,1.0876937267312314e-05,9.034502727445215e-05,1.579018498887308e-05,7.447985694852832e-07,6.693904197163647e-06,0.0016394824488088489,0.00047248907503671944,0.002473547589033842,0.0010713718365877867,0.001876644091680646
252,The place of birth of Aleksa Gajić is,The place of birth of the director of Technotise: Edit & I is,Aleksa Gajić,the director of Technotise: Edit & I, Belgrade,1.7293203313784034e-08,1.8822802871909516e-08,9.493145114447543e-08,1.1459784445833066e-06,9.232844888629188e-08,7.103909127614827e-10,8.596358291868e-09,5.8952509540688425e-09,4.701063005541073e-08,3.2874240218916384e-08,3.7725425561241366e-10,2.346555127985539e-08,3.614622983150184e-05,6.313885387498885e-05
253,The date of death of Grace Kelly is,The date of death of the mother of Princess Stéphanie of Monaco is,Grace Kelly,the mother of Princess Stéphanie of Monaco," September 14, 1982",2.4470895368722267e-05,5.386927568906685e-06,1.7662470952473086e-07,2.4447892428725027e-05,1.3265006373330834e-06,6.500739982584491e-05,0.001020378665998578,0.0005272551206871867,1.4439324331760872e-06,4.475709829421248e-06,0.0008988753543235362,0.0030089064966887236,0.0022014393471181393,0.006784494034945965
254,The country of citizenship of Ryan Briscoe is,The country of citizenship of the spouse of Nicole Briscoe is,Ryan Briscoe,the spouse of Nicole Briscoe, Australian,9.176223102258518e-06,1.631824670766946e-05,1.6379632938878785e-07,9.631011721467075e-08,1.3155705858025613e-07,1.4794612980040256e-05,2.4982196009659674e-06,3.0325793431984494e-07,1.1513747040226008e-06,3.007039310887194e-07,1.7889726677822182e-07,6.00970251340982e-09,4.842451016884297e-05,7.321891462197527e-05
255,The place of death of Michael Truman is,The place of death of the director of Girl in the Headlines is,Michael Truman,the director of Girl in the Headlines," Newbury, Berkshire",1.0530291092436528e-06,1.9467572656139964e-06,1.9940246147598373e-06,1.0063902777801559e-07,2.3192181508591148e-09,8.8374299878069e-08,1.2614320610282448e-07,3.234739409663234e-08,8.079795499327247e-09,1.1343303185640252e-08,8.81630324300886e-11,2.6464364033529364e-10,0.0007148185395635664,0.0002955772215500474
256,Theodore Dwight Woolsey was educated at,The father of Theodore Salisbury Woolsey was educated at,Theodore Dwight Woolsey,the father of Theodore Salisbury Woolsey, Yale College,4.718894160760101e-06,8.250818268606963e-07,1.8352007828070782e-05,0.0005593552486971021,0.07255171984434128,0.033842749893665314,0.00014294746506493539,0.0007482499931938946,0.0014345014933496714,4.8893682105699554e-05,0.0002900501131080091,0.0011518242536112666,0.005250230431556702,0.017132984474301338
257,The student of of Franz Schubert is,The student of of the composer of Prometheus is,Franz Schubert,the composer of Prometheus, Antonio Salieri,1.9857405277434736e-05,1.3373259207583033e-05,3.245530706408317e-06,3.7528570828726515e-05,7.679844316044182e-08,1.0420453833148713e-08,1.904373991834518e-09,4.612365387401951e-07,1.1230852692278859e-08,3.9966237242415603e-13,1.0201453397307159e-11,5.170024835760706e-14,4.873723810305819e-05,9.154471626970917e-06
258,The place of birth of Prince Ludwig of Löwenstein-Wertheim-Freudenberg is,The place of birth of the spouse of Princess Anne of Löwenstein-Wertheim-Freudenberg is,Prince Ludwig of Löwenstein-Wertheim-Freudenberg,the spouse of Princess Anne of Löwenstein-Wertheim-Freudenberg, Kreuzwertheim,0.0002768381964415312,0.00024139964079950005,8.999343845061958e-05,1.8500159058021381e-06,8.147291623572528e-07,2.791263432300184e-05,5.508043159352383e-07,4.557935540105973e-07,1.5260187637977651e-06,7.449221470778866e-07,8.605262280525494e-08,7.766038834233768e-07,8.546833669242915e-06,9.318053344031796e-06
259,The place of birth of Duke Louis of Württemberg is,The place of birth of the father of Duchess Maria Dorothea of Württemberg is,Duke Louis of Württemberg,the father of Duchess Maria Dorothea of Württemberg, Treptow an der Rega,5.750604259446845e-07,5.052319920650916e-06,1.5150372973948834e-06,3.977605445015797e-07,1.80012727923895e-06,1.1120295312139206e-05,1.6532480003661476e-05,7.489695690310327e-06,7.92886748968158e-06,8.421172310590919e-07,3.65348824971079e-07,2.608814781979163e-07,3.534408824634738e-05,3.0053000955376774e-05
260,The place of birth of Călin Peter Netzer is,The place of birth of the director of Medal of Honor is,Călin Peter Netzer,the director of Medal of Honor, Petroșani,7.883611630177256e-08,6.898856952375354e-08,7.47682236124092e-08,5.140202574693831e-07,5.368736921695927e-08,1.628213119886368e-08,3.8542688685083704e-07,1.5729761937421927e-09,4.473415859962415e-09,5.346805220796114e-10,2.2924223630482743e-10,9.713853721393662e-09,1.7113490002884646e-06,1.4471419262918062e-06
261,The place of death of Colin Low is,The place of death of the director of Circle of the Sun is,Colin Low,the director of Circle of the Sun, Montreal,6.383501727214025e-08,4.411360166045597e-08,1.1245197129028384e-07,2.400841196958936e-07,1.958061233153785e-07,3.5011962040698563e-07,4.6733235059548406e-09,3.107665458301767e-09,1.1241576558518318e-09,3.0648925619658485e-09,1.704201775358516e-12,2.201610421748157e-12,1.7807607946451753e-05,9.422843504580669e-06
262,The place of death of Frank O'Connor is,The place of death of the director of Spangles is,Frank O'Connor,the director of Spangles, L.A.,6.96070173944463e-06,1.412692540725402e-06,1.3366334314923733e-06,2.5007009298860794e-06,9.271069467686743e-10,2.2476878136501455e-09,2.5384773394421245e-08,3.0046162891039785e-08,2.7081296138931066e-07,1.9878966384112573e-07,7.914365829364556e-10,3.751102484184088e-10,0.0001092416569008492,5.6728324125288054e-05
263,The employer of Christophe Honoré is,The employer of the director of Man at Bath is,Christophe Honoré,the director of Man at Bath, Cahiers du cinéma,5.288953164317434e-10,4.985217572084366e-09,2.6392534380192956e-08,5.8433151650660875e-08,3.732746378659613e-08,1.7066108739527408e-06,5.977030355097668e-07,4.039103771447117e-07,1.4906486001109442e-07,1.7234805249621843e-10,1.1836480240390301e-08,2.9697435621756085e-08,9.084494081434968e-07,1.3780696463072672e-05
264,The country of citizenship of Massari is,The country of citizenship of the performer of Latin Moon is,Massari,the performer of Latin Moon, Lebanese,2.4778209990472533e-06,1.8877440766118525e-07,1.1934255894630041e-07,3.390050835605507e-07,8.754235750529915e-06,3.679558358271606e-05,1.7912394696395495e-06,2.1559499145951122e-05,1.5502735095651587e-06,8.460701792500913e-06,7.396497949230252e-06,2.1390526399045484e-06,6.2558488025388215e-06,9.409985068487003e-06
265,The place of birth of Tony Bettenhausen is,The place of birth of the father of Tony Lee Bettenhausen Jr. is,Tony Bettenhausen,the father of Tony Lee Bettenhausen Jr., Tinley Park,8.224503744713729e-07,9.232906705847199e-08,1.413746844036723e-07,9.07344656297937e-06,1.1578517842281144e-06,5.40307382834726e-07,2.852319994417485e-05,1.1590779649850447e-05,5.30932493347791e-06,1.492686692472489e-06,3.7289393617356836e-07,1.2375653390961361e-08,1.201632926495222e-06,1.11324118279299e-06
266,The place of death of Ricardo Becher is,The place of death of the director of Back Long Ago is,Ricardo Becher,the director of Back Long Ago, Buenos Aires,5.1405733003662135e-09,3.121610525624874e-09,9.250120669435091e-10,3.808786619430293e-11,1.6457194764937788e-12,2.3785071134874158e-11,2.700488055396022e-09,2.678464047778384e-11,3.5407412678906125e-12,7.995112349945543e-10,1.0282049656140657e-09,2.2115824727109157e-09,1.1672422033370822e-06,1.1342028756189393e-06
267,The place of birth of Philip Pendleton Barbour is,The place of birth of the father of Sextus Barbour is,Philip Pendleton Barbour,the father of Sextus Barbour," Gordonsville, Virginia",7.667106729059014e-06,5.482554001901008e-07,2.7653388769977028e-06,4.128444288653554e-06,1.6249022394276835e-07,1.9689200598804746e-06,4.576031997771679e-08,4.3860197251888167e-08,1.7346879985780106e-06,4.7077758580371665e-08,2.0907842568362867e-08,1.0125674604344326e-10,2.610425690363627e-05,1.9037004676647484e-05
268,The place of birth of David Lloyd George is,The place of birth of the spouse of Margaret Lloyd George is,David Lloyd George,the spouse of Margaret Lloyd George, Manchester,0.0013969732681289315,0.00044796537258662283,0.00016193807823583484,5.436798164737411e-05,5.2832281653536484e-05,0.00013683941506315023,0.0009830569615587592,0.0005513064679689705,0.0007398725720122457,0.000761368777602911,0.00016667277668602765,0.0008771223947405815,1.5672927474952303e-05,6.878844578750432e-05
269,The country of citizenship of Tao Ruspoli is,The country of citizenship of the director of Fix is,Tao Ruspoli,the director of Fix, American,4.73445140869444e-07,1.5524067009664577e-07,6.782469341715114e-08,5.465595336318074e-07,1.257783708297211e-07,6.572764732482028e-07,2.0345309167169034e-05,2.178994327550754e-05,1.7967697658605175e-06,7.687593210903287e-07,1.2570501439768123e-06,2.967659895602992e-07,0.0002011109027080238,0.00010934457532130182
270,The spouse of Rosanne Cash is,The spouse of the performer of Hold On is,Rosanne Cash,the performer of Hold On, John Leventhal,1.3210302313382272e-05,1.927833909576293e-05,5.9918471379205585e-05,5.252880873740651e-05,7.280582940438762e-05,5.899975440115668e-05,4.993401034880662e-07,3.9757185277267126e-07,1.5296387800844968e-07,1.3589934724222985e-06,1.3220162145444192e-05,2.5641942556831054e-05,7.846142580092419e-06,5.916560985497199e-05
271,The place of death of Andy Williams is,The place of death of the performer of I Can Sing a Rainbow is,Andy Williams,the performer of I Can Sing a Rainbow," Branson, Missouri",1.8490137421167674e-08,1.930098534330682e-07,8.389141048503745e-10,7.889889297452157e-10,2.0805413214475266e-07,6.142782393858681e-10,9.085353980253785e-08,3.7554578113940806e-08,3.006753601653145e-08,2.1608881795032175e-08,1.7313711575539514e-10,1.0625261781527229e-10,4.6669527364429086e-05,1.9653296476462856e-05
272,Nisha Ganatra was educated at,The director of Late Night was educated at,Nisha Ganatra,the director of Late Night, Tisch,2.06362372523472e-07,6.808502917010628e-07,1.5477330634894315e-06,2.447297902108403e-06,9.599123586667702e-06,4.849269771511899e-06,1.0327245036023669e-05,2.6668003556551412e-05,3.5666231269715354e-05,2.0496276897929988e-10,5.624569894280285e-07,1.8193512687503244e-06,0.0012208862463012338,0.004417701158672571
273,The place of birth of H. R. Bhargava is,The place of birth of the director of Nammoora Raja is,H. R. Bhargava,the director of Nammoora Raja, Hunsur,3.837729138922441e-07,6.576760824827943e-08,4.399534532240068e-07,1.647572673846298e-07,6.4212804318231065e-06,4.6349393301170494e-07,5.457582119561266e-07,4.146509979818802e-07,1.2871352055299212e-06,9.784935173229314e-08,3.3846922633529175e-06,2.751298961811699e-05,5.011156645196024e-06,1.6789050278021023e-05
274,The employer of Nathaniel Wallich is,The employer of the father of George Charles Wallich is,Nathaniel Wallich,the father of George Charles Wallich, Calcutta Botanical Garden,5.039433759179701e-09,2.9297299874997407e-07,7.321103367985415e-08,3.7920012800896075e-06,5.4377131164073944e-05,8.579309360357001e-05,9.790612693905132e-07,6.46566206796706e-07,7.167961371123965e-07,3.1001601996649697e-07,6.498912341612595e-08,5.002208092186322e-10,2.660516111063771e-05,3.4090480767190456e-05
275,The place of birth of John Francis Dillon is,"The place of birth of the director of Smile, Brother, Smile is",John Francis Dillon,"the director of Smile, Brother, Smile", New York,2.247377551611862e-06,4.99678571941331e-06,0.00010551077139098197,4.6289471811178373e-07,2.4213362426195317e-09,2.302572738699382e-06,1.6660315793615155e-07,1.4294920447355253e-06,5.807488037135045e-07,5.176891590963351e-06,1.5298470543712028e-06,3.6105808248976246e-05,0.00014293509593699127,0.00048709852853789926
276,The place of birth of Danny O'Keefe is,The place of birth of the performer of Good Time Charlie's Got the Blues is,Danny O'Keefe,the performer of Good Time Charlie's Got the Blues," Spokane, Washington",2.503705576195614e-10,8.108019811103873e-10,1.075209921097553e-09,1.575342167825511e-08,1.9391241945498905e-09,3.794144376456643e-08,2.458571124464015e-08,1.7077399494525025e-09,1.0926256521770483e-07,1.10162368116562e-09,1.0583044857126467e-12,1.6077692291654316e-13,3.066991666855756e-06,1.3993118272992433e-06
277,The place of birth of Julia Michaels is,The place of birth of the performer of Jump is,Julia Michaels,the performer of Jump, Davenport,5.524073458218481e-06,0.00022013946727383882,8.244574928539805e-06,2.692217321964563e-06,3.9560152487183586e-08,4.073442472218858e-09,1.0674846606661959e-07,7.383523836779204e-08,2.9703752346676993e-08,5.580019646345136e-08,1.1627853124807075e-09,1.9011685559178204e-09,0.0006097483565099537,0.0003723523113876581
278,The place of birth of Les Mayfield is,The place of birth of the director of Code Name: The Cleaner is,Les Mayfield,the director of Code Name: The Cleaner," Albuquerque, New Mexico",5.577913131382672e-10,8.312033727975177e-09,9.120438848597701e-10,2.9178706673071986e-10,6.613232184093931e-11,1.2076017128492822e-06,7.919663403299637e-06,8.594783139415085e-06,1.8231112619560008e-07,1.6323177476351702e-08,4.438200848499996e-11,1.4477297138881795e-09,3.388255663594464e-06,2.3687471184530295e-06
279,The place of birth of Bashar Warda is,The place of birth of the founded by of Catholic University in Erbil is,Bashar Warda,the founded by of Catholic University in Erbil, Baghdad,8.329495315706481e-09,6.685058906441554e-08,2.3751329081278527e-06,4.039948180434294e-06,5.890453280699148e-07,4.6376570139727846e-07,3.95771394323674e-06,0.001446262584067881,5.762983164459001e-06,4.9734075364959995e-12,1.0894506130565418e-10,2.3849111162495273e-13,0.0007538338541053236,0.0002180511801270768
280,The place of death of Juliana of Stolberg is,The place of death of the mother of Louis of Nassau is,Juliana of Stolberg,the mother of Louis of Nassau, Dillenburg,1.0857622783078114e-06,1.5802980612988904e-07,4.227360932418378e-06,7.421045324917941e-07,0.00010848358942894265,1.3857865269528702e-05,1.1895858520460934e-08,1.4370147294329172e-09,7.525140927056029e-11,8.032802895074909e-11,5.189889074053156e-10,4.287171475030743e-13,2.745248366409214e-07,1.0689838347843761e-07
281,The place of birth of Mary McGuckian is,The place of birth of the director of Inconceivable is,Mary McGuckian,the director of Inconceivable, Northern Ireland,4.895977312457944e-08,1.550832848806749e-07,3.219911741325632e-05,6.580044953352626e-08,1.4380813206926746e-10,9.942310974508928e-09,3.0891489586792886e-05,4.045294190291315e-05,8.506139238306787e-06,6.1426826505339704e-06,6.337385798360629e-07,1.886224708869122e-06,1.2489739674492739e-05,3.2644176826579496e-05
282,The place of birth of Edmund Ironside is,The place of birth of the father of Edward the Exile is,Edmund Ironside,the father of Edward the Exile, Wessex,1.553049355784708e-10,3.0316193999624375e-09,3.224320721528784e-08,1.7798211615627224e-07,1.1455021109441077e-07,5.002011960186792e-08,9.349847118755861e-07,7.089486757649865e-07,3.2496916446689283e-07,2.861247139662737e-06,8.90786751028827e-08,1.281906664152288e-10,1.0523832315811887e-05,7.84748681326164e-06
283,Bommarillu Bhaskar was educated at,The director of Bangalore Days was educated at,Bommarillu Bhaskar,the director of Bangalore Days, Film and Television Institute of Tamil Nadu,2.4505576387556793e-11,3.0810382999242603e-13,2.5039196410725495e-11,2.780970120852544e-09,1.0485771895218932e-07,1.7712685007609252e-07,1.935295657062852e-08,5.587861839906338e-10,8.657984551518894e-08,6.763444027058085e-09,1.9319944255524746e-10,1.8589560446535813e-11,0.0002597809361759573,4.527010241872631e-05
284,The place of burial of Herod the Great is,The place of burial of the spouse of Cleopatra of Jerusalem is,Herod the Great,the spouse of Cleopatra of Jerusalem, Herodium,2.7213857833885413e-07,1.9219665773562156e-05,3.241023023292655e-06,1.8641205201674893e-07,1.0382888831372838e-05,1.2307275198963907e-08,2.7327740099281073e-05,8.485382068101899e-07,4.649997720207466e-08,8.091170511370649e-10,9.922447308241544e-10,4.827964417142283e-11,0.0010688507463783026,0.00017130986088886857
285,"The date of birth of William I, Count of Holland is",The date of birth of the father of Otto van Holland is,"William I, Count of Holland",the father of Otto van Holland, 1167,0.0005406204145401716,4.438385985849891e-06,8.708207133167889e-07,3.0315910407807678e-05,2.5229179300367832e-05,1.2767787893608329e-06,4.971651833329815e-06,7.703354754085012e-08,2.360015741942334e-06,2.5048083784895425e-07,7.606318831676617e-05,0.0005724934744648635,0.0022476627491414547,0.004954467061907053
286,The place of birth of Adelqui Migliar is,The place of birth of the director of Pages of Life is,Adelqui Migliar,the director of Pages of Life, Concepción,3.7121569107512187e-07,5.48714629289293e-10,2.439263513398515e-10,1.6095182131525831e-10,1.0870779970639788e-11,4.981749388011103e-11,3.6762027449954715e-11,1.335110910716253e-10,3.422187810908639e-10,2.9585278671362403e-09,4.953298327059485e-10,5.5063105186548e-09,3.075803306273883e-06,3.4077706914104056e-06
287,The place of birth of Binnya U is,The place of birth of the father of Baw Ngan-Mohn is,Binnya U,the father of Baw Ngan-Mohn, Martaban,1.3193680592493706e-09,6.235762128881106e-08,1.99193528338526e-09,3.131253478727558e-08,5.1183921101483065e-08,1.0962232863676036e-06,9.883604070637375e-05,0.00017202056187670678,7.0249861892079934e-06,4.373029514681548e-05,7.596360319439555e-06,7.108186764526181e-06,3.8892585507710464e-06,8.450263521808665e-06
288,Julius Sang was educated at,The spouse of Tekla Chemabwai was educated at,Julius Sang,the spouse of Tekla Chemabwai, North Carolina Central University,9.033124115376268e-06,1.885125357148354e-06,6.806842975493055e-06,3.831165668088943e-05,0.0001857307506725192,1.5101601093192585e-05,4.5425294956658036e-06,1.8561771867098287e-05,9.233737330305303e-09,2.5281922262365697e-06,5.561413374266522e-08,1.6684632342389705e-08,0.0010890081757679582,0.0025405881460756063
289,Julius Rockwell was educated at,The father of Francis Williams Rockwell was educated at,Julius Rockwell,the father of Francis Williams Rockwell, Yale,1.2013809680411214e-07,8.980534403235652e-06,0.00039273497532121837,0.00022565445397049189,0.0006770346662960947,0.000298443395877257,1.9876240912708454e-05,0.00011953529610764235,0.0010613990016281605,0.0006900678272359073,0.0072551304474473,0.06028987467288971,0.007431108970195055,0.016411125659942627
290,The place of death of José Saramago is,The place of death of the spouse of Pilar del Río is,José Saramago,the spouse of Pilar del Río, Lanzarote,7.87966775162019e-11,4.785458074252347e-08,6.245819150763054e-08,6.148072770884028e-07,4.008928442544857e-07,9.248452670362894e-07,2.9966773240630573e-07,1.1079709594241649e-07,1.556164264115978e-08,9.570064918307253e-08,5.4862425713508856e-09,3.0833362529847363e-08,2.4373230189667083e-06,4.771719886775827e-06
291,The father of Oskar Roehler is,The father of the director of Sources of Life is,Oskar Roehler,the director of Sources of Life, Klaus Roehler,6.106174055275915e-07,5.8708547356900453e-08,7.949165592435747e-08,4.761695038268954e-09,1.8160851240813652e-13,4.739419412480572e-10,1.512518756074943e-11,4.170723835739132e-11,6.086422164874872e-12,2.0375719600451703e-07,3.116623972787558e-11,4.637849132516081e-12,2.730357664404437e-05,1.839349715737626e-05
292,Jan Łomnicki was educated at,The director of Akcja pod Arsenałem was educated at,Jan Łomnicki,the director of Akcja pod Arsenałem, National Film School in Łódź,0.0002222887851530686,1.3458730791171547e-05,2.513650724722538e-05,1.7786571333999746e-05,0.0002267778618261218,9.575814328854904e-05,0.00019343526219017804,3.947650839108974e-05,1.8917369743576273e-05,1.3271220927757454e-11,2.656599829009565e-09,2.4045911928283203e-09,0.0006032356759533286,0.0004895129823125899
293,The place of death of Karunanidhi is,The place of death of the father of M. K. Muthu is,Karunanidhi,the father of M. K. Muthu, kauvery hospital,0.0001308960054302588,1.393969114360516e-06,2.4548294064175025e-08,1.1038491010140206e-07,1.4800669305259362e-05,0.0008588492055423558,9.207070979755372e-05,3.402328502488672e-06,0.0001108813812606968,2.136641342076473e-06,1.0815464520419482e-05,4.2502892029006034e-05,8.818595961201936e-05,0.0001344119373243302
294,"The date of death of Charles Augustus, Hereditary Grand Duke of Saxe-Weimar-Eisenach is",The date of death of the spouse of Princess Pauline of Saxe-Weimar-Eisenach is,"Charles Augustus, Hereditary Grand Duke of Saxe-Weimar-Eisenach",the spouse of Princess Pauline of Saxe-Weimar-Eisenach, 20 November 1894,7.927249498607125e-06,1.1802519566117553e-06,4.901304782833904e-05,0.00031645619310438633,2.5654289856902324e-05,1.278640979762713e-07,5.802846203550871e-09,2.3245023683671207e-08,1.3899664736527484e-05,2.3231427803693805e-06,0.00012000805145362392,0.0006397293764166534,0.0014804661041125655,0.0023524179123342037
295,The country of citizenship of Mark Burnett is,The country of citizenship of the creator of Pirate Master is,Mark Burnett,the creator of Pirate Master, British,1.6495409482786272e-08,7.61881665312103e-07,2.238812513155608e-08,1.5064253489072144e-07,3.180622627496632e-07,1.8220507627120242e-06,2.832104655681178e-06,5.338726793979731e-08,1.1682627132358903e-07,6.194364914335893e-07,7.308685212592536e-09,3.885887722709924e-10,0.0003333789063617587,0.0003268917207606137
296,The place of birth of William Penn is,The place of birth of the father of John Penn is,William Penn,the father of John Penn, London,8.822266295283043e-07,5.810271977679804e-05,0.00014901116082910448,0.00010012765415012836,0.0001534183684270829,0.00024256098549813032,0.0006828808691352606,0.0005049259052611887,4.167537917965092e-05,0.00037702612462453544,5.6276909162988886e-05,1.1296389857307076e-05,0.00029186822939664125,0.0005093179061077535
297,Jack Lee was educated at,The director of The Woman in the Hall was educated at,Jack Lee,the director of The Woman in the Hall, Marling School,1.777144098014105e-05,2.201270490331808e-06,7.66647372074658e-06,9.375786248710938e-06,0.00012720809900201857,1.0262735486321617e-05,8.70203657541424e-05,0.0007615878130309284,0.0017329583643004298,3.7875670386711136e-06,0.00012876439723186195,6.853136437712237e-05,0.0004883428919129074,0.0006017100531607866
298,The place of burial of Curtis Bernhardt is,The place of burial of the director of The Tunnel is,Curtis Bernhardt,the director of The Tunnel, Forest Lawn Memorial Park,2.449266622850388e-10,6.652692619013578e-09,2.584956249052084e-09,1.4975304551967383e-08,1.288011297617686e-08,2.1941028993666123e-09,2.4491337171639316e-06,7.598524462082423e-06,0.00019271933706477284,3.153698708047159e-05,4.748379524244228e-06,3.7140607673791237e-06,1.9420995158725418e-05,2.5219562303391285e-05
299,The place of death of Karl Aloys zu Fürstenberg is,The place of death of the spouse of Elisabeth zu Fürstenberg is,Karl Aloys zu Fürstenberg,the spouse of Elisabeth zu Fürstenberg, Stockach,2.2164785562495126e-08,4.290647666493896e-06,8.390697075810749e-06,1.2222972145536914e-05,3.28846181218978e-05,8.71123393153539e-06,3.500912953313673e-06,5.792899173684418e-07,9.283356803280185e-07,4.961503691447433e-06,3.309462499601068e-06,8.085197805485222e-06,6.502337441816053e-07,1.7419342839275487e-06
