Unnamed: 0,explicit_sentence,obscure_sentence,explicit_entity,obscure_entity,answer,ans_prob_lens_edit_layer0,ans_prob_lens_edit_layer1,ans_prob_lens_edit_layer2,ans_prob_lens_edit_layer3,ans_prob_lens_edit_layer4,ans_prob_lens_edit_layer5,ans_prob_lens_edit_layer6,ans_prob_lens_edit_layer7,ans_prob_lens_edit_layer8,ans_prob_lens_edit_layer9,ans_prob_lens_edit_layer10,ans_prob_lens_edit_layer11,ans_prob_lens_edit_layer12,ans_prob_lens_edit_layer13,ans_prob_lens_edit_layer14,ans_prob_lens_edit_layer15,ans_prob_lens_edit_layer16,ans_prob_lens_edit_layer17,ans_prob_lens_edit_layer18,ans_prob_lens_edit_layer19,ans_prob_lens_edit_layer20,ans_prob_lens_edit_layer21,ans_prob_lens_edit_layer22,ans_prob_lens_edit_layer23,ans_prob_lens_edit_layer24,ans_prob_lens_edit_layer25,ans_prob_lens_edit_layer26,ans_prob_lens_edit_layer27,ans_prob_lens_edit_layer28,ans_prob_lens_edit_layer29,ans_prob_lens_edit_layer30,ans_prob_lens_edit_layer31,answer_prob_obs,answer_prob_exp
0,The country of citizenship of Jaap Speyer is,The country of citizenship of the director of Lilli's Marriage is,Jaap Speyer,the director of Lilli's Marriage, Dutch,5.3922325605526567e-05,5.339229574019555e-06,2.3322488686972065e-06,2.5708261546242284e-06,7.869031293239459e-08,1.683805976426811e-06,1.4986218275225838e-06,4.881862309957796e-07,7.935217581689358e-06,1.0403109627077356e-05,1.8310687664779834e-05,6.346259851852665e-06,1.2223629710206296e-05,7.057806215016171e-06,2.0626321202144027e-05,4.8944079026114196e-05,0.0019216231303289533,0.03732951730489731,0.02919549122452736,0.06875085085630417,0.10120059549808502,0.4045071303844452,0.3058788478374481,0.21005453169345856,0.8121576309204102,0.7452932596206665,0.8096085786819458,0.7750476598739624,0.296554297208786,0.15233515202999115,0.03489035367965698,0.034731414169073105,3.687319258460775e-05,0.0018955129198729992
1,The place of birth of Dušan Hanák is,"The place of birth of the director of I Love, You Love is",Dušan Hanák,"the director of I Love, You Love", Bratislava,8.757868954489822e-07,1.4603596127926721e-06,8.065720066952053e-06,2.6053185138152912e-06,3.5163029679097235e-06,1.8563733874543686e-06,2.760076824870339e-07,8.381617817576625e-07,8.5586023601536e-08,1.024457446874294e-06,3.54847588823759e-06,1.5397888546431204e-06,7.06846947196027e-07,2.0096990738238674e-06,2.8550846764119342e-05,3.917882713722065e-05,9.855795724433847e-06,4.655829616240226e-05,0.00015673435700591654,0.0005032300832681358,0.00035403433139435947,0.00047205007285811007,0.009247012436389923,0.0018214568262919784,0.006772640161216259,0.023270633071660995,0.049734096974134445,0.02912316657602787,0.21137355268001556,0.3134206235408783,0.19290313124656677,0.4708002507686615,0.00045534525997936726,0.04947078973054886
2,The place of death of James Vincent is,The place of death of the director of Gold and the Woman is,James Vincent,the director of Gold and the Woman, New York,2.2726128463546047e-06,9.944178600562736e-06,3.389222183614038e-05,2.330158167751506e-05,9.912873792927712e-06,3.285051934653893e-05,5.002044781576842e-05,0.00021355565695557743,0.0002269389369757846,6.679242505924776e-05,1.0629946700646542e-05,0.0003079699235968292,2.542776201153174e-05,1.5661320503568277e-05,9.323915583081543e-05,8.536221866961569e-05,1.7905327695189044e-05,1.557926952955313e-05,0.0001675100065767765,3.223067324142903e-05,6.613386358367279e-05,2.1217878384049982e-05,9.56539861363126e-06,5.142574991623405e-06,3.0175558549672132e-06,4.7583321247657295e-06,1.17759454951738e-05,5.461181899590883e-06,5.345829094949295e-07,4.160680759923707e-07,1.1774747690651566e-05,2.3479991796193644e-05,0.001122611341997981,8.37918632896617e-05
3,The place of birth of Emil Loteanu is,The place of birth of the director of Lăutarii is,Emil Loteanu,the director of Lăutarii, Romania,2.8594643026735866e-06,7.4015861173393205e-06,1.10857422441768e-06,9.146067895926535e-06,6.094761829444906e-06,5.177788352739299e-06,4.390547019283986e-06,1.6987854905892164e-05,3.1442450563190505e-06,8.361117579624988e-06,4.567664745991351e-06,4.634298420569394e-06,5.3320418373914436e-06,2.163486215067678e-06,8.618725587439258e-06,9.155567386187613e-05,0.00017810249119065702,0.0019304355373606086,0.01254583615809679,0.0036237575113773346,0.021447526291012764,0.005761668551713228,0.0024355759378522635,0.005427376367151737,0.0004904959350824356,0.00033835385693237185,9.736423817230389e-05,2.240601315861568e-05,2.3909415176603943e-05,7.958936294016894e-06,7.758289939374663e-07,2.1147081497474574e-05,0.00481195654720068,0.002034316770732403
4,The country of citizenship of Archduke Karl Salvator of Austria is,The country of citizenship of the father of Archduke Leopold Salvator of Austria is,Archduke Karl Salvator of Austria,the father of Archduke Leopold Salvator of Austria, Italian,1.4983731489337515e-05,2.689493339858018e-05,4.10729671784793e-06,1.363602223136695e-06,4.2199221184091584e-07,5.365051492844941e-06,5.237369350652443e-06,3.4384192986181006e-05,9.185338967654388e-06,1.0547512829361949e-05,3.861267941829283e-06,4.856089617533144e-06,2.5425347303098533e-06,2.9185293897171505e-06,2.2628571969107725e-05,2.7668655093293637e-05,1.068852361640893e-05,1.378131582896458e-05,1.1187567906745244e-05,4.112217720830813e-05,0.00018932917737402022,9.598796896170825e-05,0.0002278252795804292,0.00021626906527671963,0.0003762737906072289,0.0001411197445122525,0.00021674354502465576,0.00036868173629045486,0.0012072563404217362,0.005047062411904335,0.0020435720216482878,0.004414851311594248,1.6736430552555248e-05,0.00035608006874099374
5,The place of birth of Joseph Louis De Grasse is,The place of birth of the director of Father and the Boys is,Joseph Louis De Grasse,the director of Father and the Boys, New Brunswick,2.608608610898955e-06,2.074544499919284e-05,2.4213712094933726e-05,9.41672442422714e-06,1.213787527376553e-05,2.5364932298543863e-05,1.2572361811180599e-05,0.00026663177413865924,0.00017799616034608334,0.0016032212879508734,0.0003596812312025577,0.001988518750295043,8.80526567925699e-05,0.0002764980017673224,0.0018446651520207524,0.009608101099729538,0.00044551657629199326,0.000480828428408131,0.0004072976007591933,0.0003074225678574294,0.00031049654353410006,0.00019148307910654694,0.0003626174002420157,0.000147904283949174,0.0007590631139464676,0.0013689158950001001,0.0006700749509036541,0.000805331626906991,0.00019833438273053616,0.00017456199566368014,0.0014190311776474118,0.0002987973566632718,0.007045171223580837,0.00602232338860631
6,The place of death of M. B. Sreenivasan is,The place of death of the composer of Onappudava is,M. B. Sreenivasan,the composer of Onappudava, Lakshadweep,7.287068001460284e-06,2.3685572159592994e-05,4.257894488546299e-06,4.4517250898934435e-06,1.1340650416968856e-05,4.7952915338100865e-05,1.6817784853628837e-06,3.555112562025897e-05,1.9729326595552266e-05,5.8868749874818604e-06,2.5233162887161598e-05,6.92905541654909e-06,8.126050374812621e-07,9.857460554485442e-07,1.9229278791499382e-07,5.531503575184615e-07,8.427700208812894e-07,2.241617039544508e-06,2.3266742573468946e-05,1.4647918760601897e-05,7.825892680557445e-06,5.412706741481088e-06,1.4867334357404616e-05,2.5992649170802906e-05,1.9156148482579738e-05,1.0265538548992481e-05,4.348959919298068e-06,1.934356987476349e-06,1.6130468338815263e-06,1.8917216948466375e-06,1.0569893902356853e-06,8.153682529155049e-07,5.869304368388839e-05,2.7171119654667564e-05
7,The place of death of Zine El Abidine Ben Ali is,The place of death of the spouse of Naïma Ben Ali is,Zine El Abidine Ben Ali,the spouse of Naïma Ben Ali, Jeddah,7.20434109098278e-05,0.00015867968613747507,0.0001170963078038767,1.9241129848523997e-05,1.708301351754926e-05,1.3188788216211833e-05,3.51715279975906e-05,5.736410003009951e-06,5.800352937512798e-06,7.011793059064075e-06,2.2403211914934218e-05,1.061618695530342e-05,2.2618251023232006e-05,1.0656417543941643e-05,5.535023956326768e-05,1.5015972167020664e-05,3.353595502630924e-06,5.82025768380845e-06,1.5921654039630084e-07,9.73047121988202e-07,4.1748518242457067e-07,1.6267520663859614e-07,4.2181186472589616e-06,7.448417136401986e-07,1.1148683825012995e-06,1.1274880762357498e-06,9.80580921350338e-07,6.876118732179748e-06,1.2649033124034759e-05,5.277234322420554e-06,3.112519334536046e-05,1.4682733308291063e-05,0.0002301120839547366,4.396155782160349e-05
8,The country of Charles University is,The country of the publisher of Prague Papers on the History of International Relations is,Charles University,the publisher of Prague Papers on the History of International Relations, Czech Republic,9.536723155179061e-06,6.114315965533024e-06,3.409976216062205e-06,1.0517115697439294e-05,1.6964826272669598e-06,3.667921646410832e-06,5.2910118029103614e-06,9.765104550751857e-06,4.173437446297612e-06,1.2717291610897519e-06,4.196755071461666e-06,3.075204801916698e-07,2.2304365643321944e-07,4.657716701217396e-08,7.094099885307514e-08,2.417021391920571e-07,4.245216587150935e-06,1.4690104990222608e-06,1.4760111071154824e-06,1.0315966392226983e-05,9.45647570915753e-06,2.0114151993766427e-05,1.4664379705209285e-05,1.6553989553358406e-05,0.00038832423160783947,0.00047374985297210515,0.0001367477816529572,0.00027852284256368876,8.8660599431023e-05,5.255846190266311e-05,8.747031824896112e-05,0.0004281193541828543,0.06457751244306564,0.028546705842018127
9,The employer of Éric Rohmer is,The employer of the director of Triple Agent is,Éric Rohmer,the director of Triple Agent, Cahiers du cinéma,2.078904799418524e-06,2.1808598376082955e-06,1.6757091998442775e-06,1.5051281479827594e-05,3.7407534136946197e-07,7.657035894226283e-08,3.03958199765475e-06,1.99921737475961e-06,2.3214237444335595e-05,1.1358013580320403e-05,4.573008027364267e-06,4.205784989608219e-06,9.37662844080478e-06,3.129727701889351e-06,6.337403988254664e-07,4.102900419411526e-08,1.8634439413744985e-07,1.325221774095553e-06,8.039816634664021e-08,3.694887595884211e-07,2.1891030428378144e-06,9.545141438138671e-06,1.1612140951910987e-05,2.498301910236478e-05,8.835996413836256e-05,7.095518958522007e-05,0.00018232948787044734,4.7742178139742464e-05,5.2328483434394e-05,2.0370836864458397e-05,8.199171134037897e-05,8.717439777683467e-05,3.727771627382026e-06,4.274486127542332e-05
10,Khoa Do received the,The director of Footy Legends received the,Khoa Do,the director of Footy Legends, Young Australian of the Year,3.411474153836025e-06,1.0288929843227379e-05,2.9746519430773333e-05,3.959874084102921e-05,1.3739138921664562e-05,3.4532836252765264e-06,1.0958400707750116e-05,9.661685908213258e-06,9.229997885995544e-06,8.952714551924146e-07,8.973546528068255e-07,2.731344238782185e-06,2.925794717612007e-07,4.751611584197235e-07,9.464533832215238e-07,1.301562178923632e-06,2.138540367013775e-06,5.033120032749139e-06,3.2876203476917e-05,0.0002784070966299623,0.0005395663320086896,0.0007993811741471291,0.0007922781514935195,0.0030447577591985464,0.0034953877329826355,0.0038798570167273283,0.001692590769380331,0.002387318527325988,0.002091265982016921,0.00319981318898499,0.002070172457024455,0.0018168024253100157,0.001398396329022944,0.008005631156265736
11,The place of death of Luciano Salce is,The place of death of the director of Basta guardarla is,Luciano Salce,the director of Basta guardarla, Rome,3.0926864837965695e-06,6.074803877709201e-06,2.805646772685577e-06,3.003164238180034e-06,2.6549714675638825e-05,2.349527130718343e-05,0.00012409224291332066,0.00011634223483270034,0.0002605535264592618,2.9926994102424942e-05,7.478668067051331e-06,8.746028470341116e-06,1.026957488647895e-05,8.331207027367782e-06,1.7813794329413213e-05,5.98261431150604e-06,2.8081471100449562e-05,1.665293711994309e-05,1.607458216312807e-05,3.9978862332645804e-05,1.3576092896983027e-05,8.108769179671071e-06,6.172068424348254e-06,1.7961323237614124e-06,1.8045009710476734e-05,1.4867130630591419e-05,0.0004427399835549295,0.001241739490069449,0.0014259349554777145,0.0003763434651773423,0.000827956770081073,0.003637733170762658,0.0031918107997626066,0.006232523359358311
12,The place of birth of Fernando Di Leo is,The place of birth of the director of Mister Scarface is,Fernando Di Leo,the director of Mister Scarface, San Ferdinando di Puglia,4.5098899136064574e-05,6.363646662066458e-06,4.43967837782111e-06,2.2972901660978096e-06,3.286141918579233e-06,3.7087476812303066e-05,1.6860305549926125e-05,0.00033677503233775496,9.605080413166434e-05,0.00012826798774767667,2.461529766151216e-05,1.4228281543182675e-05,6.315070095297415e-06,4.188837556284852e-05,0.0010883810464292765,5.5413802328985184e-05,3.245503467041999e-05,0.00015109317610040307,4.497890768107027e-05,6.883694004500285e-05,4.3574738811003044e-05,0.00010998840298270807,0.0011637061834335327,0.00027098777354694903,0.0004180136602371931,8.472595800412819e-05,0.00021432864014059305,0.00015353545313701034,0.0007107681012712419,0.0002570752985775471,0.0002525718882679939,0.0010047588730230927,0.0027119843289256096,0.004866722039878368
13,The employer of Éric Rohmer is,The employer of the director of Love in the Afternoon is,Éric Rohmer,the director of Love in the Afternoon, Cahiers du cinéma,2.0648917598009575e-06,1.5251970353347133e-06,1.8632313185662497e-06,6.337044851534301e-06,3.326512796775205e-06,2.9838304271834204e-07,8.170472028723452e-06,2.4147802832885645e-06,3.626797843025997e-05,4.632232230505906e-05,4.183745841146447e-05,2.342995685467031e-05,1.8627535609994084e-05,3.4786223750415957e-06,2.911480123657384e-07,1.8159632020342542e-08,4.036483858271822e-08,3.8215389963625057e-07,4.3586677378470995e-08,1.192699983221246e-07,8.936976314544154e-07,9.494955520494841e-06,7.687232027819846e-06,2.352960655116476e-05,6.810700142523274e-05,5.23069356859196e-05,0.00012708964641205966,3.4327164030401036e-05,3.1320676498580724e-05,1.1407461897761095e-05,6.281403329921886e-05,4.195321162114851e-05,1.0047546311398037e-05,4.274486127542332e-05
14,The date of death of Sergei Eisenstein is,The date of death of the director of The General Line is,Sergei Eisenstein,the director of The General Line, 11 February 1948,6.09435373917222e-05,0.0021714395843446255,0.02959103137254715,0.022234296426177025,0.03704201802611351,0.412640243768692,0.8545781970024109,0.2796575129032135,0.7003766894340515,0.4443369507789612,0.8771425485610962,0.15964508056640625,0.015390658751130104,0.2175469547510147,0.16067880392074585,0.0008437591604888439,0.4031921327114105,0.9098441004753113,0.8817206025123596,0.7654057145118713,0.731342613697052,0.04693993553519249,0.04616827145218849,0.0034224994014948606,0.02957949973642826,0.0063867755234241486,0.013401954434812069,3.603149889386259e-05,0.016639910638332367,0.000765679928008467,0.0009431426296941936,0.09742218255996704,0.05380070582032204,0.14506413042545319
15,The cause of death of Philippa of Hainault is,The cause of death of the mother of Joan of England is,Philippa of Hainault,the mother of Joan of England, edema,0.00018056486442219466,9.552575647830963e-06,1.1531240033946233e-06,1.0841736184374895e-05,3.724805355886929e-05,2.9703689506277442e-05,1.4262291188060772e-05,4.3437457861728035e-06,1.165972207672894e-06,2.452449280099245e-06,4.5146865090828214e-07,6.554676446057783e-08,2.0868128558504395e-07,7.883371608841117e-07,4.062134848936694e-06,1.858832888501638e-06,1.1835745681310073e-06,1.2692023574345512e-06,1.7969197187994723e-06,3.3995033845712896e-06,1.8177894389737048e-06,5.634034323520609e-07,1.0898352797994448e-07,1.8090329945152916e-07,1.5261906582964002e-07,1.8959896408432542e-07,2.1348239442886552e-07,1.6037263605994667e-07,1.372451038150757e-06,2.910439036440948e-07,3.8200619201234076e-07,8.044814308050263e-07,1.2475730670757912e-07,6.907479388473803e-08
16,The place of death of Adolf IV of Berg is,The place of death of the father of Count Engelbert I of Berg is,Adolf IV of Berg,the father of Count Engelbert I of Berg, Altenberg,6.252696039155126e-05,4.8709887778386474e-05,8.429768786299974e-05,7.707223267061636e-05,1.2670803926084773e-06,2.025709363806527e-05,2.932178358605597e-05,1.4959844520490151e-05,7.080737304931972e-06,1.8157476233682246e-06,2.5229539915017085e-06,1.8816475858329795e-05,1.557880750624463e-05,2.0789020709344186e-06,9.067918654181994e-06,3.557458967407001e-06,7.317272320506163e-06,4.424401049618609e-05,2.4687985842319904e-06,1.1391161024221219e-05,8.822161134958151e-07,1.6856904494488845e-07,8.621296387900657e-07,1.1111996656154588e-07,3.104294421518716e-07,1.8633922991284635e-06,1.1582862498471513e-05,1.7270935131818987e-05,2.3386033717542887e-05,7.794126759108622e-06,2.9748198357992806e-05,2.9107113732607104e-05,1.641965536691714e-05,9.424022209714167e-06
17,The date of death of Baudouin de Courtenay is,The date of death of the father of Cezaria Jędrzejewiczowa is,Baudouin de Courtenay,the father of Cezaria Jędrzejewiczowa, 3 November 1929,0.0001653570361668244,0.005957083310931921,0.0007146087591536343,0.010208522900938988,0.011514092795550823,0.8437411785125732,0.8048780560493469,0.011260331608355045,0.7629380822181702,0.8409000635147095,0.9702067971229553,0.3380831778049469,0.011677833274006844,0.005488398484885693,0.13326972723007202,0.0015573773998767138,0.005270990543067455,0.003930883482098579,0.04349937662482262,0.12932218611240387,0.042893677949905396,0.00031095751910470426,0.0022371832747012377,0.0005455295904539526,6.30764452580479e-06,0.00048687864909879863,0.00044342741603031754,1.4080625987844542e-05,1.282280936720781e-05,0.00020046179997734725,0.0006273764302022755,0.012762092053890228,0.009946560487151146,0.0193764790892601
18,The place of birth of Carlos F. Borcosque is,The place of birth of the director of My Country's Wings is,Carlos F. Borcosque,the director of My Country's Wings, Valparaíso,3.746918935121357e-07,1.020588797473465e-06,2.6375542802270502e-05,1.0277974979544524e-05,8.591464393248316e-07,2.2904364413989242e-06,1.1282592140560155e-06,4.987326519767521e-06,2.7776463866757695e-06,1.233084390150907e-06,2.984987190757238e-07,6.070382596590207e-07,5.095903361507226e-06,1.199935741169611e-05,1.315984900429612e-05,4.728627118311124e-06,9.564641004544683e-06,1.1979707778664306e-05,3.645204742497299e-06,2.4899096388253383e-05,3.727894727489911e-05,5.2921255701221526e-05,0.00012068800424458459,0.00027496603433974087,0.0005844871629960835,0.002055844059213996,0.004989788867533207,0.005443205591291189,0.005942953750491142,0.015345094725489616,0.007938726805150509,0.030900519341230392,0.00012891476217191666,0.005812336690723896
19,The employer of Joseph Barbera is,The employer of the director of Gallopin' Gals is,Joseph Barbera,the director of Gallopin' Gals, Van Beuren Studios,5.69411859032698e-05,1.4037958862900268e-05,6.345977453747764e-06,7.0985834099701606e-06,0.0001419331383658573,6.535320608236361e-06,5.684027200913988e-06,4.616040030214208e-07,1.1311947218928253e-06,2.5002165671139664e-07,8.734436107715737e-08,3.531415018187545e-07,4.491118033911334e-06,3.367706995049957e-06,2.561579776738654e-06,9.000320460472722e-06,9.110346582019702e-06,1.1801410437328741e-05,5.06494143337477e-06,5.854507253388874e-05,3.586869570426643e-05,1.4258679584600031e-05,2.0918190784868784e-05,2.0281790966691915e-06,7.600833669130225e-06,2.176636144213262e-06,1.935427690114011e-06,1.366109700029483e-06,6.33943102457124e-08,1.5825317944972994e-08,5.687338216375792e-06,1.049867114488734e-05,9.624354788684286e-06,5.629313091048971e-05
20,The spouse of Faith Evans is,The spouse of the performer of Burnin' Up is,Faith Evans,the performer of Burnin' Up, Notorious B.I.G.,7.6966989581706e-06,2.861612301785499e-05,0.0007013956201262772,9.821256389841437e-05,4.325334157329053e-05,7.950513099785894e-05,9.130714170169085e-05,0.0002148446801584214,6.227984158613253e-06,4.9883645260706544e-05,0.0001501139486208558,4.50603365607094e-05,1.850851958806743e-06,5.6965345720527694e-05,1.3768292774329893e-05,1.8392570382275153e-06,5.441552630713886e-08,6.803438736824319e-06,2.7548762204787636e-07,0.0001253218506462872,3.717908839462325e-05,1.064276511897333e-05,1.9672881535370834e-05,5.354180029826239e-05,5.174640682525933e-05,0.0007702720467932522,0.0010154509218409657,0.0003433902747929096,0.00030070976936258376,0.002757097128778696,0.00042482526623643935,0.000705049023963511,4.868940595770255e-05,0.00802165362983942
21,Jerzy Skolimowski was educated at,The director of Walkover was educated at,Jerzy Skolimowski,the director of Walkover, National Film School in Łódź,0.00017721159383654594,0.0002884441346395761,0.00015999386960174888,0.00047354536945931613,0.00040261351387016475,0.00014443004329223186,0.00014672669931314886,0.0003362507268320769,0.001287303981371224,0.0007875561714172363,0.0007769264047965407,0.0018577619921416044,0.00022210346651263535,5.0216607633046806e-05,0.0038880144711583853,0.0011959978146478534,0.0003861850709654391,8.319240441778675e-05,8.352455915883183e-05,3.754409044631757e-05,5.7342989748576656e-05,4.126768544665538e-05,5.610617154161446e-05,2.7975787020295684e-07,6.2994369720570376e-09,2.2543165112409724e-09,4.6304606371450063e-07,1.1022556236639502e-06,3.1284009764931398e-06,1.5870138668105938e-05,1.4980057130742352e-05,6.083321750338655e-06,0.00024813981144689023,1.9298327970318496e-05
22,The place of death of Nefertiti is,The place of death of the mother of Ankhesenamun is,Nefertiti,the mother of Ankhesenamun, Amarna,3.597807108235429e-06,2.9592065402539447e-06,4.815953161596553e-06,9.085654892260209e-05,1.1297496484985459e-06,4.213959527987754e-06,9.439588097848173e-07,1.1924150385311805e-05,2.4962935185612878e-06,2.1005882899771677e-06,4.269101191312075e-05,0.00017656621639616787,2.538045373512432e-05,1.79160269908607e-06,5.685347446160449e-07,3.910601549250714e-07,1.6932149264903273e-06,1.7146770915132947e-05,1.3045765854258207e-06,7.725212526565883e-06,1.3902143791710841e-07,1.0176017184448938e-07,9.849701143593848e-08,2.6653893314687593e-07,3.101516767856083e-07,3.931911294330348e-07,2.3576026819682738e-07,3.42286512022838e-07,2.658424591572839e-07,2.0446118753625342e-07,2.2745085459519032e-07,2.468657100962446e-07,8.808930033410434e-06,2.9001182610954857e-07
23,The place of birth of Adario Strange is,The place of birth of the director of Hikikomori: Tokyo Plastic is,Adario Strange,the director of Hikikomori: Tokyo Plastic, New York,2.583574314485304e-06,3.609525811043568e-05,5.9540387155720964e-05,9.087645594263449e-05,7.366268255282193e-05,4.254944360582158e-05,2.6949190214509144e-05,6.386928725987673e-05,3.891415326506831e-05,8.52615776238963e-05,2.086973654513713e-05,0.00011356279719620943,1.0207365448877681e-05,3.248396751587279e-05,0.00040142476791515946,0.0001876383030321449,8.202884782804176e-05,0.00031137329642660916,0.009642970748245716,0.005284860264509916,0.015079355798661709,0.047448523342609406,0.04705793038010597,0.019980641081929207,0.016050782054662704,0.01632356271147728,0.008790986612439156,0.0015765095595270395,0.000514920218847692,0.00041278277058154345,0.0024737778585404158,0.005461875349283218,0.00016976108599919826,0.006995812989771366
24,The place of birth of Grover Jones is,The place of birth of the director of Thrilling Youth is,Grover Jones,the director of Thrilling Youth, Indiana,8.821876690490171e-06,1.1746434211090673e-05,2.1709138309233822e-05,1.7293001292273402e-05,2.863198460545391e-06,1.7595097233424895e-05,1.3490246601577383e-05,0.0007139098597690463,0.00043441509478725493,6.628708797506988e-05,1.2254779903742019e-05,8.665256245876662e-06,2.397579009993933e-06,2.0464583940338343e-05,1.707459887256846e-05,1.9630764654721133e-05,5.173843601369299e-05,2.808404497045558e-05,3.163437213515863e-05,2.2545489628100768e-05,8.237611473305151e-05,4.744739271700382e-05,1.8842585632228293e-05,2.931470407929737e-05,1.7350637790514156e-05,3.818315963144414e-05,0.00010599162487778813,0.00015714472101535648,4.0215531043941155e-05,7.590365567011759e-05,0.00014789590204600245,0.00011942857236135751,3.230131551390514e-05,0.0007023208308964968
25,The place of birth of J. Searle Dawley is,The place of birth of the director of The Death Dance is,J. Searle Dawley,the director of The Death Dance, Colorado,3.964822462876327e-05,3.9005059079499915e-05,1.3627520274894778e-05,4.3434200051706284e-05,1.1652782632154413e-05,0.00010507944534765556,5.672286715707742e-05,7.768543582642451e-05,5.578052150667645e-05,2.3818047338863835e-05,4.37317930845893e-06,1.1314814400975592e-06,6.02728903231764e-07,8.328496505782823e-07,1.0682629181246739e-06,1.1998222362308297e-06,1.0974868928315118e-05,1.0925564311037306e-05,6.149518412712496e-06,1.5839254047023132e-05,9.217511433234904e-06,2.508526449673809e-06,3.475785206319415e-07,5.509880338649964e-07,1.6873181607479637e-07,4.931840180688596e-07,5.217643206378852e-07,5.312051030159637e-07,1.0426150538478396e-06,4.9361960918759e-07,2.8952047159691574e-06,2.8877814202132868e-06,0.00013343487808015198,4.029433330288157e-05
26,The country of citizenship of Myriam Fox-Jerusalmi is,The country of citizenship of the mother of Noemie Fox is,Myriam Fox-Jerusalmi,the mother of Noemie Fox, French,1.3283503903949168e-05,8.870477176969871e-05,5.337620223144768e-06,1.0296047321389779e-06,1.6283609056699788e-06,5.732091722165933e-06,2.430611800718907e-07,2.015976861002855e-06,5.000848886993481e-06,1.2544053788587917e-05,2.489977077857475e-06,3.6288556657382287e-06,1.6992748896882404e-06,1.2486301784520037e-05,0.0002592103846836835,8.334241283591837e-05,0.00041919309296645224,0.0003407241019885987,0.0002332311705686152,0.0016184160485863686,0.0029558599926531315,0.014536689035594463,0.015079212374985218,0.02245524525642395,0.05174943059682846,0.07352738827466965,0.019188204780220985,0.012876479886472225,0.06042849272489548,0.07264409214258194,0.01226755604147911,0.03894030302762985,0.004131904803216457,0.025275392457842827
27,The father of Dean Parisot is,The father of the director of Red 2 is,Dean Parisot,the director of Red 2, Aldo Parisot,6.737919466104358e-05,2.0413253878359683e-05,1.4978536455600988e-06,3.968345026805764e-06,1.1775223356380593e-05,5.394047093432164e-06,5.505302738129103e-07,3.226208264095476e-06,2.4498299922015576e-07,2.993963789776899e-05,1.6679892951287911e-06,1.6674681319273077e-05,8.45404156279983e-06,3.1963201763574034e-05,1.8399707187199965e-05,8.348875780939125e-06,1.236210550814576e-06,1.6440675608464517e-05,1.977737520064693e-05,3.39009529852774e-05,1.66928020917112e-05,9.661285730544478e-06,5.1228203119535465e-06,2.603877419460332e-06,1.662835188653844e-06,1.0078867489937693e-05,9.00389022717718e-06,1.750441333570052e-05,4.097343116882257e-05,5.5964534112717956e-05,1.7738786482368596e-05,1.538104515930172e-05,4.9399895942769945e-06,5.093040090287104e-05
28,The country of citizenship of Bonnie Tyler is,"The country of citizenship of the performer of ""What You Need From Me is",Bonnie Tyler,"the performer of ""What You Need From Me", United Kingdom,1.2046774827467743e-05,0.00015302935207728297,0.0001167139780591242,6.56966440146789e-05,0.00031818432034924626,2.6990439437213354e-05,0.00041548931039869785,0.0001047583282343112,0.0007314251852221787,0.0012030552607029676,5.011362736695446e-05,0.00014030354213900864,0.00022800496662966907,0.00375550938770175,0.011271475814282894,0.03281886503100395,0.22813288867473602,0.16654646396636963,0.43099990487098694,0.273125022649765,0.14240404963493347,0.34061533212661743,0.8841193318367004,0.08944054692983627,0.00027304174727760255,3.506672874209471e-05,5.359096758184023e-05,0.0001635752705624327,0.9712263345718384,0.9140688180923462,0.6680828928947449,0.7685487270355225,3.3117214570665965e-06,0.1581730991601944
29,The place of birth of Esther Gronenborn is,The place of birth of the director of Alaska.de is,Esther Gronenborn,the director of Alaska.de, Oldenburg,4.999050815968076e-06,9.463113201491069e-06,1.535231785965152e-05,8.269616955658421e-06,1.8683798543861485e-06,1.2097358194296248e-05,8.21897901914781e-06,3.192689109710045e-05,1.1497047125885729e-05,3.473346441751346e-05,3.3818057545431657e-06,6.396963726729155e-06,1.176097612187732e-05,2.234526618849486e-06,5.651260380545864e-06,8.029584023461211e-06,5.387189958128147e-06,8.026995601539966e-06,8.60010550240986e-05,7.988716970430687e-05,1.9073413568548858e-05,1.3616815977002261e-06,1.6182782474061241e-06,7.746554615550849e-07,1.2839778946727165e-06,2.616487790874089e-07,3.768763690459309e-06,1.748660724842921e-05,5.904210411245003e-06,5.3481835493585095e-06,4.050952702527866e-05,1.67466150742257e-05,0.00012713928299490362,7.059612107696012e-05
30,The date of death of Sargent Shriver is,The date of death of the father of Timothy Perry Shriver is,Sargent Shriver,the father of Timothy Perry Shriver," January 18, 2011",5.579478238360025e-05,0.0004238376277498901,0.0006526730721816421,0.00018878327682614326,0.00015710212755948305,0.0007250108756124973,0.00023837873595766723,0.0008233989938162267,0.0003156451275572181,0.0005883187404833734,0.00013658941315952688,0.000301757943816483,0.000315003446303308,0.0011195119004696608,0.0010094294557347894,0.0001827792584663257,0.0013149055885151029,0.0012858721893280745,0.00041948555735871196,0.0022581794764846563,0.008917235769331455,0.022999120876193047,0.024980120360851288,0.008369062095880508,0.015008476562798023,0.014938052743673325,0.1382455676794052,0.16222421824932098,0.05953125283122063,0.12230255454778671,0.07248252630233765,0.06543152034282684,0.015708021819591522,0.09905537217855453
31,The date of death of Prince Nikita Alexandrovich of Russia is,The date of death of the father of Prince Alexander Nikitich Romanov is,Prince Nikita Alexandrovich of Russia,the father of Prince Alexander Nikitich Romanov, 12 September 1974,4.941168299410492e-05,0.005335236433893442,0.00023742046323604882,0.03828338533639908,0.024192987009882927,0.7037010192871094,0.12938861548900604,0.001455529942177236,0.3305908441543579,0.0077759874984622,0.1806352436542511,0.0032948902808129787,0.00019124362734146416,0.002466829027980566,0.027030983939766884,0.00038629528717137873,0.00624204333871603,0.005477911327034235,0.040296223014593124,0.07037033885717392,0.1428837776184082,0.0021260911598801613,0.08324318379163742,0.007258324418216944,0.0015316143399104476,0.0021473404485732317,0.0033113157842308283,2.203515214205254e-05,0.002164422767236829,0.006424190476536751,0.010237122885882854,0.11425193399190903,0.02683090791106224,0.06966687738895416
32,The place of death of Dikkha is,The place of death of the spouse of Saw Thanda is,Dikkha,the spouse of Saw Thanda, Mrauk U,0.0010512511944398284,0.003055139910429716,0.0030754930339753628,0.0008673221454955637,0.00014768332766834646,0.002263533417135477,0.009912661276757717,0.0006500468007288873,0.0003364722360856831,0.0006147334934212267,0.0005190609954297543,0.0041683693416416645,0.0031184181571006775,0.0004464680387172848,0.0038640012498944998,0.0006012864760123193,0.0002342874213354662,0.0004789115919265896,5.7246958022005856e-05,3.3829957828857005e-05,1.0035033483291045e-05,5.306060484144837e-05,4.1429553675698116e-05,2.454661989759188e-05,2.7191610570298508e-05,0.0001426465023541823,8.220780728152022e-05,0.0004514989850576967,0.0003710610035341233,0.0004140375822316855,0.00035952922189608216,0.00018826361338142306,0.0034358552657067776,0.0013606040738523006
33,The place of birth of Glenn Danzig is,The place of birth of the composer of Bullet is,Glenn Danzig,the composer of Bullet," Lodi, New Jersey",0.0003931073588319123,0.0017984396545216441,0.0004110784793738276,7.830149115761742e-06,3.6476863897405565e-05,2.0890971427434124e-05,9.934970876201987e-06,3.0888641049386933e-05,5.109841367811896e-07,9.335088179796003e-06,1.8229281977255596e-06,3.596463557187235e-06,2.1479336282936856e-06,4.736131813842803e-05,0.005634772125631571,1.0456532436364796e-05,4.1880785062176074e-08,1.4414378313176712e-07,2.389992870277524e-09,2.742759441787257e-08,4.729972413741734e-09,1.1543109579292832e-08,7.571289728502961e-08,1.618654437152145e-07,1.5607973580245016e-07,2.998696970735182e-07,1.5517571227974258e-06,8.325033462597276e-08,8.940315296968038e-07,1.9476308807497844e-05,0.00018170989642385393,0.00011902671394636855,0.0020558848045766354,0.19711746275424957
34,The place of death of W. Duncan Mansfield is,The place of death of the director of Girl Loves Boy is,W. Duncan Mansfield,the director of Girl Loves Boy, Hollywood,6.752923695785285e-07,2.4716600819374435e-06,1.5954754417180084e-05,8.640861778985709e-06,5.496583980857395e-06,3.1639440294384258e-06,1.7150427083834074e-05,4.6965931687736884e-05,1.6366151612601243e-05,1.0915799975919072e-05,1.328571124759037e-05,1.3103957599014393e-06,2.3039712004901958e-07,1.6297526883590763e-08,5.825076527798956e-07,4.48377974748837e-08,4.956719408255594e-07,1.6992711380225956e-06,7.019388249318581e-06,1.521019839856308e-05,0.00011602188169490546,1.5130998690437991e-05,3.3498770790174603e-05,6.363771535689011e-05,2.457550544932019e-05,1.6535972463316284e-05,3.5212138755014166e-05,0.00010120533988811076,0.0001813915150705725,6.551751721417531e-05,0.00025450577959418297,1.8071408703690395e-05,6.446537736337632e-05,4.7296744014602154e-06
35,The place of birth of S. S. Wilson is,The place of birth of the director of Tremors 4: The Legend Begins is,S. S. Wilson,the director of Tremors 4: The Legend Begins, American,4.870680641033687e-05,8.205489575630054e-05,6.407393084373325e-05,4.197419184492901e-05,5.458648956846446e-06,0.0001382309856126085,1.9890971088898368e-05,0.0012041052104905248,8.254499698523432e-05,8.5225619841367e-05,9.792863238544669e-06,1.7380101780872792e-05,0.0004081695806235075,2.90981352009112e-05,5.698240420315415e-05,0.000672165653668344,6.388171459548175e-05,3.6470908526098356e-05,3.813560397247784e-06,1.2294045745875337e-06,7.262937288032845e-06,7.86664713814389e-06,1.1613236893026624e-05,1.6151572708622552e-05,1.3503468835551757e-05,1.2118125596316531e-05,7.852533599361777e-06,1.0239220500807278e-05,9.568831956130452e-06,5.208038146520266e-06,1.4460954844253138e-05,2.8134209060226567e-06,0.00014033021579962224,2.4151295292540453e-05
36,The place of birth of Jonathan Binney is,The place of birth of the father of Hibbert Newton Binney is,Jonathan Binney,the father of Hibbert Newton Binney, Hull,1.8071582417178433e-06,5.923204298596829e-06,1.8216412627225509e-06,1.7922011465998366e-05,1.5134724890231155e-05,2.49352706305217e-06,1.4534218280459754e-05,5.092890569358133e-05,1.0270512120769126e-06,3.412814066905412e-07,5.37293267655059e-08,8.337573831340706e-07,1.1727054243237944e-06,1.081652499124175e-06,9.442164383699492e-08,1.3593714811577229e-06,3.5291090938471825e-08,9.590339544729432e-08,1.9610268964243005e-08,1.0635523750579523e-07,1.0938703809415529e-07,1.0583867293689764e-07,1.4683834024253883e-06,3.6383742099133087e-06,2.968687340398901e-06,5.388075123846647e-07,8.640702162665548e-07,3.0247003905969905e-06,2.3577320462209173e-05,1.53248111018911e-05,6.143884547782363e-06,2.2121628717286512e-05,3.05530775221996e-05,0.00018270326836500317
37,The country of citizenship of Eleanor of Austria is,"The country of citizenship of the mother of Maria of Portugal, Duchess of Viseu is",Eleanor of Austria,"the mother of Maria of Portugal, Duchess of Viseu", Spanish,0.00040431844536215067,5.391446757130325e-05,3.900126466760412e-05,2.5167048079310916e-05,2.047026555374032e-06,0.00015035875549074262,6.763698911527172e-05,0.00012161813356215134,1.59479914145777e-05,1.5007575711933896e-05,1.8572742419564747e-06,4.6662760723847896e-05,1.9075710042670835e-06,1.7887128933580243e-06,6.966206910874462e-06,3.525441115925787e-06,6.656874120380962e-06,3.0665687518194318e-06,4.847191235057835e-07,2.6751345103548374e-06,9.28665576793719e-06,5.560065687859606e-07,4.963591891282704e-06,1.1711817933246493e-05,1.9750221326830797e-05,2.038183629338164e-05,1.654540392337367e-05,1.6123298337333836e-05,6.646196561632678e-05,0.00021820850088261068,3.07569898723159e-05,4.091078881174326e-05,4.479823473957367e-06,1.0975420082104392e-05
38,The spouse of Michal Bat-Adam is,The spouse of the director of The Deserter's Wife is,Michal Bat-Adam,the director of The Deserter's Wife, Moshé Mizrahi,0.0008815472247079015,0.00011456884385552257,0.0009832159848883748,6.549508543685079e-05,0.0003533370327204466,2.384719300607685e-05,1.7895972632686608e-05,0.0002528904296923429,0.0001982610410777852,0.00011183353490196168,2.3019203581498004e-05,5.014440102968365e-05,3.37650126311928e-05,8.668239024700597e-05,0.001745639368891716,1.3274420780362561e-05,1.0161894351767842e-05,1.3761768059339374e-05,0.0001557066716486588,0.0024420476984232664,5.585806502494961e-05,5.458899249788374e-05,2.3504483124270337e-06,1.2958184925082605e-05,9.53437449879857e-07,2.731992572080344e-05,8.459819582640193e-06,9.577927812642884e-06,1.539485492685344e-05,4.400527359393891e-06,3.059435812247102e-06,5.566934487433173e-05,0.00019777259149122983,0.0030017681419849396
39,The country of citizenship of Callicrates is,The country of citizenship of the father of Phintys is,Callicrates,the father of Phintys, Athens,1.3540646932597156e-06,3.782400881391368e-07,1.2741158172957512e-07,2.3411876881596072e-08,3.705881113091891e-07,6.931681468813622e-07,1.118793534260476e-06,1.1570787137316074e-05,1.7315173863607924e-06,7.24873302715423e-07,1.0947122746074456e-06,4.150275287884142e-07,9.808777576836292e-07,5.494367087521823e-06,1.2782646763298544e-06,4.302102922792983e-07,2.6761647404782707e-06,4.8769928980618715e-05,1.3876605180485058e-06,1.4464225387200713e-05,6.568161097675329e-06,2.036079877143493e-06,9.445516298001166e-07,4.844819613936124e-06,5.539589619729668e-05,2.9211092623881996e-05,0.00018878841365221888,0.0008864563424140215,0.00027393773780204356,0.0002937673998530954,0.0015268698334693909,0.013766529969871044,0.0025375760160386562,0.03538954257965088
40,The date of death of Princess of Monaco is,The date of death of the mother of Albert II is,Princess of Monaco,the mother of Albert II," September 14, 1982",2.5440014724154025e-05,5.849871376994997e-05,7.134568295441568e-05,8.931020602176432e-06,1.5349600289482623e-05,9.840704478847329e-06,2.2135640392662026e-05,0.0002174477995140478,0.00012792331108357757,8.941815758589655e-05,2.870878006433486e-06,3.1644834962207824e-05,3.258964716224e-05,2.2145639377413318e-05,2.3958273231983185e-05,3.461378946667537e-05,3.881958036799915e-05,1.742563836160116e-05,1.5989480743883178e-05,9.02013125596568e-05,0.0006020615110173821,0.0004453639849089086,0.00030156999127939343,0.00012760056415572762,0.00037057395093142986,0.001474534161388874,0.003911549225449562,0.005894057918339968,0.005584994331002235,0.003958970308303833,0.003707421012222767,0.009834573604166508,0.0008483442361466587,0.017765291035175323
41,The place of birth of Marcela Agoncillo is,The place of birth of the mother of Lorenza Marino Agoncillo is,Marcela Agoncillo,the mother of Lorenza Marino Agoncillo," Taal, Batangas",1.1396109584893566e-05,2.6151665224460885e-06,8.609398491898901e-07,9.907425919664092e-07,3.825309704552637e-06,5.663601768901572e-06,3.6042638384969905e-06,7.149739394662902e-05,2.8049327738699503e-05,4.669729605666362e-06,9.493863217358012e-06,0.0001612681953702122,1.2376224731269758e-05,8.45570903038606e-05,0.0024247956462204456,0.0012209299020469189,4.402847480378114e-06,4.917173555440968e-06,6.98328358339495e-06,0.00010426413064124063,1.1156270375067834e-05,2.5495237423456274e-06,4.177081336820265e-06,1.4670060409116559e-05,2.8633953661483247e-06,1.3443359421216883e-05,6.215581379365176e-05,0.00026317810988985,0.0002374828327447176,0.003335576504468918,0.0028977561742067337,0.0017737452872097492,0.00015619953046552837,0.003741954220458865
42,The country of citizenship of Ilich Ramírez Sánchez is,The country of citizenship of the spouse of Isabelle Coutant-Peyre is,Ilich Ramírez Sánchez,the spouse of Isabelle Coutant-Peyre, Venezuelan,1.0408458592792158e-06,4.03819996108723e-07,1.3397931297731702e-07,4.3034830810029234e-07,2.0744577966524957e-07,1.9617264115368016e-06,1.9145048213431437e-08,2.0412510366440983e-06,1.882507802974942e-07,5.3055746320751496e-06,5.5326081564999186e-06,2.2682086637360044e-05,4.050504503538832e-05,2.2644080672762357e-05,4.091108166903723e-06,6.598155778192449e-06,0.00011798418563557789,2.0839543140027672e-05,0.00021372665651142597,0.0006400024285539985,0.0006097207078710198,0.009709528647363186,0.008316060528159142,0.014084499329328537,0.02664627879858017,0.040309738367795944,0.022456325590610504,0.02604333683848381,0.012090727686882019,0.009527862071990967,0.005330412182956934,0.0025107020046561956,1.4332219507195987e-05,0.010311643593013287
43,The place of death of Elizabeth of York is,The place of death of the mother of Elizabeth Tudor is,Elizabeth of York,the mother of Elizabeth Tudor, Tower,2.544458766351454e-05,5.365994297790166e-07,5.408576271292986e-07,1.4015665783517761e-06,2.199060560315047e-07,5.073437023384031e-06,3.3095186608989025e-06,5.647661964758299e-06,4.401371370477136e-06,1.2736286407744046e-06,2.7077535946773423e-07,1.6420184465459897e-06,1.7861070773506071e-06,3.785431772485026e-06,5.972272901999531e-06,2.647702103786287e-06,1.3527618420994258e-06,1.3326050520845456e-06,2.90920695533714e-07,4.165971404290758e-06,3.365674103861238e-07,1.0938797601056649e-07,2.0731957306452387e-07,1.9960359054493892e-07,2.8753896685884683e-07,1.295755396313325e-06,2.8574800126079936e-06,5.717035037378082e-06,2.969883098558057e-06,6.493673936347477e-06,1.8424458176014014e-05,4.781451934832148e-06,9.904037057140158e-08,4.991121045350155e-07
44,The place of birth of Lydia Maria Child is,The place of birth of the spouse of David Lee Child is,Lydia Maria Child,the spouse of David Lee Child," Medford, Massachusetts",8.01814894657582e-06,2.1519717847695574e-05,1.7301819752901793e-05,9.166104973701295e-06,2.0522240902209887e-06,6.245448275876697e-06,2.7188275453227106e-06,2.1980458768666722e-05,2.347485497011803e-05,1.154993151430972e-05,2.1222870145720663e-06,6.344576831907034e-06,4.846232855015842e-07,1.2648472420551116e-06,3.327174636069685e-05,3.210173235856928e-05,1.2704214896075428e-05,0.00015867639740463346,0.00017595953249838203,8.377186895813793e-05,0.0016303507145494223,0.0009741929243318737,0.0009662116644904017,0.00019420418539084494,0.0004137241921853274,0.0002329931448912248,0.0002953249786514789,8.779505878919736e-05,0.0001684810413280502,0.00014950582408346236,0.001247216365300119,0.0022637657821178436,1.4923708476999309e-05,0.011430238373577595
45,The date of birth of Mechthild of Bavaria is,"The date of birth of the mother of Philip II, Margrave of Baden-Baden is",Mechthild of Bavaria,"the mother of Philip II, Margrave of Baden-Baden", 12 July 1532,3.676789492601529e-05,0.012990331277251244,0.009016805328428745,0.06022639572620392,0.09967298060655594,0.9933149218559265,0.8983439207077026,0.01893019676208496,0.1915055513381958,0.8160645365715027,0.962384045124054,0.1984931081533432,0.005523474421352148,0.055588576942682266,0.024517731741070747,0.0008073135395534337,7.354108220170019e-06,4.6027929784031585e-05,0.0007895873277448118,0.0017880757804960012,0.00043609683052636683,0.00014651594392489642,0.002463841810822487,0.0011742444476112723,0.00013964013487566262,0.002278277650475502,0.01888885349035263,0.0022456191945821047,0.0009356379159726202,0.0025241277180612087,0.001357581466436386,0.011299594305455685,0.01849365420639515,0.007656380068510771
46,The place of birth of Charles VII is,The place of birth of the father of Marie Marguerite de Valois is,Charles VII,the father of Marie Marguerite de Valois, Paris,4.672064460464753e-05,1.7505544747109525e-05,2.1947807908873074e-06,3.0905637231626315e-06,2.5208839815604733e-07,5.85028828936629e-06,1.0879623459914e-06,1.5942930986057036e-05,5.973124279989861e-05,1.3014727301197127e-05,8.364403583982494e-06,1.3716531839236268e-06,1.9115580016659806e-06,1.2494908787630266e-06,7.052694286358019e-07,1.4313310714442196e-07,1.0311197229384561e-06,9.691503692010883e-06,1.1758633263525553e-05,7.947193807922304e-06,2.0918781956424937e-05,6.507631042040884e-05,2.9806478778482415e-05,8.392090421693865e-06,9.916162525769323e-06,4.193705535726622e-05,2.66093629761599e-05,4.8145502660190687e-05,2.7725980544346385e-05,2.1535724954446778e-05,4.043686203658581e-05,0.0001043943630065769,0.0007060697535052896,0.0007733721868135035
47,The place of death of Gustavo Alatriste is,The place of death of the director of Las tecnologías pesqueras is,Gustavo Alatriste,the director of Las tecnologías pesqueras," Houston, Texas",1.5124717720027547e-05,3.0361041353899054e-05,1.5946674466249533e-05,1.4233846741262823e-05,1.3232346418590168e-06,1.2071413948433474e-06,3.269568793484723e-08,2.9113965638316586e-07,2.0079974092368502e-06,2.2365344420904876e-07,4.3480039835230855e-07,6.530155474138155e-07,1.6677807934684097e-06,6.3454353949055076e-06,2.215683343820274e-05,5.007610525353812e-06,8.294412509712856e-06,2.2654237454844406e-06,8.509781764587387e-06,2.44715283770347e-05,2.914910965046147e-06,3.5859793570125476e-06,7.226817047012446e-07,9.15635212095367e-07,4.921205913888116e-07,3.2524280868528876e-07,1.1604220162553247e-06,1.3514587635654607e-06,9.236869686901628e-07,1.8518821889301762e-06,5.95150640947395e-06,3.3332815974063124e-07,2.659037136254483e-06,7.642622676939936e-07
48,The spouse of Selena is,The spouse of the performer of Cien Años is,Selena,the performer of Cien Años, Chris Pérez,2.921912596320908e-07,8.442472108072252e-07,1.4889008070895215e-06,1.5205870340651018e-07,2.2298002022580476e-06,4.969150268152589e-06,3.3743642688932596e-06,3.959465175285004e-06,1.7619465779716847e-06,9.324709822067234e-07,1.7838740404840792e-06,1.189413251267979e-05,2.349044621041685e-07,3.3304609132756013e-06,4.146596438658889e-06,5.77464788875659e-06,5.45537295693066e-05,6.741874676663429e-05,2.5447929147048853e-05,4.9953294364968315e-05,0.0006967164226807654,0.00045788389979861677,9.58536402322352e-05,6.594319711439312e-05,9.07631911104545e-05,3.2824144000187516e-05,0.00011045799328712747,0.00031383652822114527,0.0004988985601812601,0.034351564943790436,0.005723185371607542,0.026508204638957977,1.9115388568025082e-05,0.008471851237118244
49,Mansoor Khan received the,The director of Jo Jeeta Wohi Sikandar received the,Mansoor Khan,the director of Jo Jeeta Wohi Sikandar, Filmfare Award for Best Director,1.0010082405642606e-05,5.526273980649421e-06,9.477045750827529e-06,5.840990525030065e-06,7.331309916480677e-06,0.00010782586468849331,1.1093309694842901e-05,1.6433468772447668e-05,1.1968503713433165e-05,5.259244971966837e-06,9.098740520130377e-06,1.487185841142491e-06,5.105123364046449e-07,1.091903243377601e-07,9.386180863657501e-07,8.351625524483097e-07,4.697592146385432e-07,1.3308864254213404e-05,1.1759774679376278e-05,6.680125352431787e-06,3.07103582599666e-05,1.190891725855181e-05,2.796034323182539e-06,9.277604476665147e-06,1.119541957450565e-05,8.093215001281351e-06,7.312640263990033e-06,2.1564701455645263e-05,3.190081042703241e-05,6.481463060481474e-05,0.00020974500512238592,6.718449003528804e-05,0.0691235214471817,0.008172087371349335
50,The country of citizenship of Bart Sibrel is,The country of citizenship of the director of Astronauts Gone Wild is,Bart Sibrel,the director of Astronauts Gone Wild, American,2.335954923182726e-05,5.33202983206138e-05,0.0001091845624614507,6.0660717281280085e-05,0.0020133843645453453,0.0009358100360259414,0.0001530845620436594,0.002613504184409976,0.0006429163622669876,0.002855274360626936,0.0002022264088736847,0.00018509264918975532,0.0014069153694435954,0.0015200090128928423,0.005414064973592758,0.027444468811154366,0.009639376774430275,0.013928827829658985,0.041227731853723526,0.15689769387245178,0.4805774390697479,0.49117231369018555,0.2142033576965332,0.3390714228153229,0.14484769105911255,0.3113870918750763,0.022788070142269135,0.014904553070664406,0.014896883629262447,0.014031626284122467,0.009648754261434078,0.0828225314617157,0.0007662413991056383,0.03435147553682327
51,The place of birth of Muhammad Ali Jinnah is,The place of birth of the spouse of Emibai Jinnah is,Muhammad Ali Jinnah,the spouse of Emibai Jinnah, Karachi,2.1203748019615887e-06,1.3068283806205727e-06,1.5973978406691458e-07,4.057366368215298e-06,4.71328917228675e-07,2.9187972927502415e-07,2.555894518252444e-08,6.050134970791987e-08,7.44031396493483e-08,1.4696628625188168e-07,9.345395568516324e-08,6.18174382793768e-08,1.2218033873523382e-07,5.7023083144258635e-08,8.793681161023414e-08,1.3626297459268244e-06,2.0812018192373216e-05,2.2661173716187477e-05,1.070573489414528e-05,1.4013260624778923e-05,1.60622857947601e-05,0.00012095014244550839,4.784170232596807e-05,9.585589577909559e-05,0.0001285356265725568,9.587913518771529e-05,8.664993947604671e-05,7.058768824208528e-05,0.0002942397550214082,0.0022342221345752478,0.009656052105128765,0.0026555699296295643,0.01164916343986988,0.3984578549861908
52,The place of birth of Jelena Zrinska is,The place of birth of the spouse of Francis I Rákóczi is,Jelena Zrinska,the spouse of Francis I Rákóczi, Ozalj,1.422921286575729e-05,1.536848139949143e-05,2.6561856429907493e-06,6.697475782857509e-07,2.715654261464806e-07,7.229016318888171e-07,3.973303535076411e-07,1.5813404388609342e-05,8.562567472836236e-07,1.4546417332894634e-06,1.2812029126507696e-07,4.103618209683191e-07,3.551537020030082e-07,1.7256898843243107e-07,1.6840396710904315e-05,0.00010551969171501696,7.671982166357338e-05,2.635751479829196e-05,1.0146007298317272e-05,1.9634149794001132e-05,5.528621477424167e-05,7.213012577267364e-05,7.941327930893749e-05,7.075142639223486e-05,4.639447797671892e-05,1.0243516044283751e-05,4.682106009568088e-06,7.738609383522999e-06,6.7481223595677875e-06,1.7068117813323624e-05,3.1427553039975464e-05,5.5469656217610464e-05,8.196968224183365e-07,9.55765790422447e-05
53,The place of birth of W. P. Kellino is,The place of birth of the director of Pay Box Adventure is,W. P. Kellino,the director of Pay Box Adventure, London,2.830986431945348e-06,1.9816801795968786e-05,2.8529440896818414e-05,1.5155763321672566e-05,2.0825405954383314e-05,9.071661770576611e-05,0.0008536169771105051,0.00024192617274820805,0.0009533962584100664,0.00019031121337320656,0.00039743180968798697,6.0085905715823174e-05,1.6298987247864716e-05,9.732888429425657e-06,4.142399848205969e-05,5.192044045543298e-05,1.4757730241399258e-05,3.069269223487936e-05,1.723920831864234e-05,9.11478309717495e-06,1.748286376823671e-05,1.638648063817527e-05,1.0842167284863535e-05,2.6706156859290786e-06,2.7561276510823518e-05,3.2896259654080495e-05,7.433446171489777e-06,1.2772308764397167e-05,2.018369013967458e-05,1.0356200618844014e-05,4.717206320492551e-05,0.00011553383956197649,0.0012148196110501885,0.0009453092352487147
54,The employer of Chip Gubera is,The employer of the director of Academy of Doom is,Chip Gubera,the director of Academy of Doom, University of Missouri,9.765269351191819e-05,9.736673746374436e-06,3.6875662772217765e-05,0.00023094953212421387,4.300648583921429e-07,2.21100549424591e-06,7.468873263860587e-06,0.00038396159652620554,0.00044316775165498257,4.9871661758515984e-05,3.048162216146011e-05,8.368374437850434e-06,2.9564276701421477e-05,1.653014260227792e-05,3.2644442399032414e-05,8.619837899459526e-06,2.0067320292582735e-05,4.651808922062628e-05,9.421381400898099e-05,5.125135066919029e-05,4.72121246275492e-05,3.2405558158643544e-05,6.162538920762017e-05,9.538290032651275e-05,2.6069947125506587e-05,7.066167745506391e-05,1.8647619071998633e-05,1.4083719179325271e-05,9.42678889259696e-06,1.2513970432337373e-05,9.589836736267898e-06,2.4499283881596057e-06,0.0005800591898150742,0.0002717791358008981
55,The place of birth of Lacy J. Dalton is,The place of birth of the performer of Slow Down is,Lacy J. Dalton,the performer of Slow Down, Bloomsburg,4.366577002201666e-07,1.8351646531300503e-06,8.164628866325074e-07,1.7647787444730056e-06,9.115951797866728e-07,1.7719841594043828e-07,1.871512722573243e-08,6.814439643676451e-07,6.588488190573116e-07,1.9067971379627124e-06,5.006997412237979e-07,4.2874617633970047e-07,2.3135545745844865e-07,5.688506234946544e-07,2.8879346700705355e-06,2.3559429962460854e-07,6.97886162015493e-06,1.652898390602786e-06,1.5716675534349633e-06,2.73275162498976e-07,2.4315456812473712e-06,1.4974080841057003e-05,7.752468036414939e-07,2.0265585476408887e-07,1.0426151675346773e-06,2.3355842415639927e-07,3.21236484523979e-07,1.3143818478056346e-07,2.3063256548994104e-07,3.3928537845895335e-07,4.7681479031780327e-07,2.045376277237665e-05,8.223372788052075e-06,0.00011841870582429692
56,The place of birth of Salvatore Piscicelli is,The place of birth of the director of Blues metropolitano is,Salvatore Piscicelli,the director of Blues metropolitano, Pomigliano d'Arco,3.1840038445807295e-06,4.963746960129356e-07,1.5049585044835112e-07,1.3437763300316874e-05,2.607093847473152e-06,4.0780258814265835e-07,1.4336276308313245e-06,4.3163814211766294e-07,6.347432446318635e-08,1.8658079525835092e-08,5.405886849274566e-09,3.8293526927191124e-07,1.0834103250090266e-06,2.008776078810115e-07,1.1298159279249376e-06,7.571341598122672e-07,2.552833393565379e-06,1.1551278475963045e-06,2.1358712274377467e-06,3.996226041635964e-06,1.3068828366158414e-06,3.010705711403716e-07,1.5131381587707438e-06,1.2488628726714524e-06,2.800722995743854e-07,3.3100891982940084e-07,2.5403019776604197e-07,4.582884400861076e-07,2.9862508199585136e-06,1.726096888887696e-05,5.638898528559366e-06,2.016091821133159e-05,1.868176150310319e-05,0.00016646404401399195
57,The place of death of Ludowika Margaretha of Zweibrücken-Bitsch is,The place of death of the mother of Johanna Sibylla of Hanau-Lichtenberg is,Ludowika Margaretha of Zweibrücken-Bitsch,the mother of Johanna Sibylla of Hanau-Lichtenberg, Bouxwiller,2.3813070129108382e-06,4.6293869672808796e-05,5.126635642227484e-06,1.1126280696771573e-06,1.46091707620144e-07,1.4471162046447716e-07,1.4404412773671993e-08,2.8807106033923446e-08,1.2917162450776232e-07,1.0291210372770365e-07,1.4337641296435777e-08,4.029132139038438e-09,1.4774378165327562e-08,4.159592226216091e-09,7.640425536692419e-08,9.353981056392513e-08,5.6171323592479894e-08,8.511069182759456e-08,3.753028821051885e-08,2.2561470913728954e-08,2.4180105029358856e-08,5.512362122317427e-08,9.024648761624121e-08,4.5525433733928367e-07,5.937038736192335e-07,1.3700972658625687e-06,4.1406683521927334e-06,5.505539320438402e-06,2.170224797737319e-05,1.1898122465936467e-05,0.0001721959706628695,0.0004968693829141557,6.636904359424989e-09,1.3482407439369126e-06
58,The spouse of Edward Buzzell is,The spouse of the director of Ann Carver's Profession is,Edward Buzzell,the director of Ann Carver's Profession, Ona Munson,6.83200778439641e-06,2.7959164071944542e-05,6.021362787578255e-05,8.282134331238922e-06,1.3728063095186371e-06,1.5493787941522896e-06,4.6505369937221985e-06,8.474440619465895e-06,1.2778797099599615e-05,4.156258364673704e-05,2.5019027816597372e-05,0.00033723338856361806,0.0001408777170581743,0.00022423701011575758,0.00010754384129540995,4.476290996535681e-05,0.0001444546942366287,0.0005417385837063193,3.407520125620067e-05,8.551571954740211e-05,3.111322712356923e-06,7.935431312944274e-06,4.367575820651837e-05,3.900394949596375e-05,4.1078616050072014e-05,5.329713985702256e-06,7.430412370013073e-05,7.597755029564723e-05,2.5580266083125025e-05,1.5197150787571445e-05,6.940567345736781e-06,2.31503727263771e-05,3.270023444201797e-05,5.321027128957212e-05
59,The date of birth of Iyasu I is,The date of birth of the father of Bakaffa is,Iyasu I,the father of Bakaffa, 1654,0.0003882940218318254,0.0003402921720407903,0.0025743977166712284,0.5825359225273132,0.0442914217710495,0.6596412658691406,0.8703183531761169,0.009222450666129589,0.9946570992469788,0.1973034292459488,0.4815644323825836,0.06764891743659973,0.008024121634662151,0.00908802542835474,0.015665685757994652,0.0009648798732087016,4.3459556763991714e-05,4.685657586378511e-06,9.124144708039239e-05,0.0026444229297339916,0.0026423323433846235,1.697438710834831e-05,0.00033616076689213514,1.662523573031649e-05,9.163803952105809e-06,0.00030433660140261054,0.000338967889547348,5.564077218878083e-05,1.4717720659973565e-05,6.736690556863323e-05,8.055742364376783e-05,0.0012058906722813845,0.03600725904107094,0.005563002545386553
60,The place of burial of Johnny Horton is,The place of burial of the performer of Honky-Tonk Man is,Johnny Horton,the performer of Honky-Tonk Man, Louisiana,2.4224982553278096e-05,3.091711187153123e-05,7.570520392619073e-05,4.606127276929328e-06,8.273943421954755e-06,2.621084149723174e-06,6.142725396784954e-06,1.1781482498918194e-05,7.860265213821549e-06,1.9153465473209508e-05,1.594213790667709e-05,5.259888439468341e-06,2.801057462420431e-06,6.320444299490191e-06,1.0285884854965843e-05,3.711049794219434e-05,0.001177086727693677,0.00045661182957701385,6.944932829355821e-05,4.179238749202341e-05,9.27469227463007e-06,3.330550953251077e-06,1.0448079592606518e-05,3.561663470463827e-05,3.99458222091198e-05,2.011028482229449e-05,5.313027031661477e-06,4.899398845736869e-06,2.4636283342260867e-06,1.9364786112419097e-06,2.066982460746658e-06,9.037111681209353e-07,1.117081683332799e-05,5.7164525060215965e-06
61,Nagesh Kukunoor received the,The director of Hyderabad Blues 2 received the,Nagesh Kukunoor,the director of Hyderabad Blues 2, Filmfare Award,1.1528031791385729e-05,4.8088463699969e-06,1.2126867659389973e-05,9.6056373877218e-06,1.52101065395982e-05,0.00019647392036858946,1.0465677405591123e-05,7.115059474926966e-07,4.619543574335694e-07,4.4523287101583264e-07,1.4034853847988416e-06,4.1748748458303453e-07,1.0920456361418474e-06,3.8300099731714e-06,1.0277728506480344e-05,2.5004828785313293e-06,1.4876989098411286e-06,6.334549107123166e-05,0.000165439530974254,0.0027242149226367474,0.0024231835268437862,0.0031097130849957466,0.014005640521645546,0.011018017306923866,0.07520825415849686,0.02097548171877861,0.006523498799651861,0.0014711673138663173,0.0011170485522598028,0.0009431741782464087,0.005371876992285252,0.00258846627548337,0.007744200993329287,0.03159971535205841
62,Steve Vai received the,The performer of The Attitude Song received the,Steve Vai,the performer of The Attitude Song, Grammy,6.752774424967356e-06,8.225917554227635e-06,3.561054427336785e-06,4.8943606998363975e-06,1.1384784102119738e-06,1.3585234910351573e-06,2.219204588982393e-07,2.3200063026251883e-07,6.35951550975733e-07,1.4906711385265226e-06,1.513416577836324e-06,2.035625357166282e-06,7.447010830219369e-07,2.8469671633502003e-06,4.842798716708785e-06,1.4606964668928413e-06,2.2276368838447524e-07,5.90254899179854e-07,3.0388090976884996e-07,8.734147627365019e-07,1.4383855386768118e-06,1.1327433639962692e-06,3.1999270504456945e-06,5.4540282690140884e-06,2.1693780581699684e-05,1.578273622726556e-05,2.7419511752668768e-05,2.3944094209582545e-05,2.4373457563342527e-05,9.64870832831366e-06,8.275803702417761e-05,3.9864429709268734e-05,0.004983270075172186,0.03741254657506943
63,The place of birth of Gösta Bernhard is,The place of birth of the director of Sju svarta be-hå is,Gösta Bernhard,the director of Sju svarta be-hå, Västervik,1.2279302609385923e-05,0.0001498186611570418,0.00010537436173763126,7.00329519531806e-06,0.0009765818249434233,4.4470589273259975e-06,2.642194158397615e-05,5.591648368863389e-05,0.0001683375594438985,5.7671528338687494e-05,1.191704268421745e-05,1.2912036254419945e-05,9.043726095114835e-06,4.0644949876877945e-06,0.0002973836089950055,4.067326517542824e-05,0.0002455830399412662,8.09385091997683e-05,5.0015314627671614e-05,4.517276101978496e-05,0.00011953676585108042,3.981144254794344e-05,2.271231460326817e-05,1.6411503338531475e-06,0.00010930500866379589,0.0001727148483041674,0.0003001927107106894,0.0009191728313453496,0.0005981826107017696,0.00043814521632157266,0.0016123834066092968,0.0003722914552781731,0.0021408475004136562,0.0021041922736912966
64,The place of death of Richard Pottier is,The place of death of the director of The Beautiful Otero is,Richard Pottier,the director of The Beautiful Otero, Le Plessis-Bouchard,2.9944267225801013e-06,1.8464294271325343e-06,1.0131841463589808e-06,4.4250492692299304e-07,7.232185339489661e-08,2.0250132592991577e-07,5.0090970944438595e-06,4.848761818720959e-06,3.1028671401145402e-06,1.825795266086061e-06,2.477557245583739e-06,7.823883606761228e-06,1.159324796162764e-07,1.9451370292244974e-07,3.690742914841394e-06,4.51653431809973e-06,1.5584637367282994e-05,1.5835967133170925e-05,0.0008026777650229633,0.0006279715453274548,0.0001923493400681764,2.7690753995557316e-05,1.668284494371619e-05,5.53376821699203e-06,1.427748520654859e-05,1.0829260645550676e-05,6.97007417329587e-05,0.00010612075129756704,3.681307498482056e-05,7.42759448257857e-06,4.476897083804943e-05,0.001238076714798808,8.30551070976071e-05,0.0002472366613801569
65,The place of birth of Herbert Maisch is,The place of birth of the director of Nights in Andalusia is,Herbert Maisch,the director of Nights in Andalusia, Nürtingen,0.0001082733433577232,0.0019641765393316746,0.0007679387927055359,0.00017206788470502943,7.986489072209224e-05,3.8936999771976843e-05,0.0046114493161439896,0.0005484844441525638,0.0008157063275575638,0.00022764010645914823,5.6639684771653265e-05,0.0009812184143811464,3.919210212188773e-05,2.6605855964589864e-05,0.0006115144933573902,3.987934906035662e-05,1.6263624047496705e-07,1.4532112402321218e-07,2.2926681708668184e-07,1.005004506282603e-07,1.5339487902110704e-07,2.5623884880587866e-07,1.4661573288776708e-08,1.1580311820580391e-08,1.1030726454919204e-05,1.949641045939643e-06,3.5117916468152544e-06,1.1501672815938946e-05,4.225016164127737e-05,1.674253144301474e-05,0.00013022821804042906,0.0005557684344239533,0.0010460964404046535,0.0008752431604079902
66,The place of birth of Nicki Minaj is,The place of birth of the performer of Changed It is,Nicki Minaj,the performer of Changed It, Port of Spain,9.155274938166258e-07,5.798692654934712e-07,7.112120101737673e-07,7.649914834928495e-08,8.32772570902307e-07,3.545235358615173e-06,3.49777650399119e-07,3.441561148065375e-06,7.344334790104767e-06,1.9253734535595868e-06,3.1790791581443045e-06,7.201764447017922e-07,1.0823758884725976e-06,1.7045952063199366e-06,1.1218773579457775e-05,4.427919520821888e-06,1.151779815700138e-05,3.2552925404161215e-05,2.1310665033524856e-05,8.023516420507804e-05,0.00012887580669485033,2.4619712348794565e-05,3.619236667873338e-05,1.4676062164653558e-05,3.874436970363604e-06,7.277072290889919e-05,0.0009527135989628732,0.00025294075021520257,0.0039009752217680216,0.011107640340924263,0.0003556431911420077,0.003525924403220415,0.0002046260779025033,0.017490800470113754
67,The date of death of Sir John Grey is,"The date of death of the father of Edmund Grey, 1st Earl of Kent is",Sir John Grey,"the father of Edmund Grey, 1st Earl of Kent", 1439,4.60848787042778e-05,0.018400438129901886,0.0013799007283523679,0.0012025536270812154,0.04388934746384621,0.49345773458480835,0.3204475939273834,0.0015319660305976868,0.07468042522668839,0.13466811180114746,0.646960437297821,0.2181379348039627,0.003918597940355539,0.0007081773946993053,0.027893854305148125,0.0010703852167353034,0.00016348603821825236,0.00014401282533071935,0.000441913289250806,0.0008548522018827498,0.00473773991689086,4.9095750000560656e-05,6.408840999938548e-05,3.665717667900026e-05,1.1801444088632707e-05,0.00012556348519865423,0.00012303743278607726,0.00011362358782207593,1.3175698768463917e-05,0.00023463662364520133,0.0004303450114093721,0.004117775708436966,0.006052390206605196,0.0066311778500676155
68,The inception of Vassar College was in,The inception of the publisher of The Miscellany News was in,Vassar College,the publisher of The Miscellany News, 1861,0.0004255985259078443,0.0019857222214341164,0.00852991733700037,0.0032556839287281036,0.0383586548268795,0.20182780921459198,0.5536571145057678,0.929818868637085,0.899910569190979,0.8133713603019714,0.9777047634124756,0.9817774295806885,0.9816837906837463,0.9480929374694824,0.8358772397041321,0.9259233474731445,0.34544652700424194,0.6492727994918823,0.062455687671899796,0.0604492612183094,0.06257782876491547,0.03187983110547066,0.00816263072192669,0.04660611227154732,0.2248288244009018,0.05649636313319206,0.7738347053527832,0.08356501162052155,0.5485405325889587,0.5870252847671509,0.7021399140357971,0.7808783054351807,0.6628125905990601,0.8540331125259399
69,The place of death of Albert Capellani is,The place of death of the director of Out of the Fog is,Albert Capellani,the director of Out of the Fog, Paris,1.946646261785645e-05,2.8931264751008712e-05,6.625384230574127e-06,2.9948541850899346e-06,1.0890120165640838e-06,4.581608664011583e-06,4.405712752486579e-05,5.678549860022031e-05,7.433828432112932e-05,0.00015561701729893684,3.4399603464407846e-05,1.7623500752961263e-05,7.779527550155763e-06,1.1188341886736453e-05,1.0386328540334944e-05,2.7737200980482157e-07,7.03846581018297e-07,1.5029719406811637e-06,5.567970674746903e-06,1.8392078345641494e-05,5.1571496442193165e-06,9.397817279932497e-07,1.3458757166517898e-06,9.768098863105479e-08,7.584067134303041e-07,4.230784725223202e-06,7.620648830197752e-05,0.0001222343707922846,0.00032824836671352386,0.0007328853826038539,0.0011854404583573341,0.010346662253141403,0.0005893156048841774,0.001423026085831225
70,The place of birth of Finbar Furey is,The place of birth of the father of Áine Furey is,Finbar Furey,the father of Áine Furey, Dublin,5.593624905486649e-07,9.180334927805234e-07,3.018449490355124e-07,2.1523032955883536e-07,1.6987571882509656e-07,7.382713533843344e-07,1.4683040490126587e-06,3.167957856931025e-06,3.411615523418732e-07,1.1502363577164942e-06,9.457926353206858e-08,1.8440168503275345e-07,4.631704797475322e-08,3.510390911287686e-08,5.335464834388404e-07,2.115921233780682e-05,0.009025041945278645,0.00043732469202950597,0.00011363488010829315,0.009630340151488781,0.005875457543879747,0.011017492040991783,0.03816213458776474,0.06310485303401947,0.003090371610596776,0.001163778710179031,0.00021980536985211074,0.0001352977124042809,0.0006226069526746869,0.0009276820346713066,0.000537184183485806,0.0007901648059487343,0.004092999268323183,0.04663382098078728
71,The date of birth of Gerald Drummond is,The date of birth of the father of Gerald George Drummond is,Gerald Drummond,the father of Gerald George Drummond," September 8, 1976",1.995251113839913e-05,6.0255799326114357e-05,5.370362850953825e-05,9.214689634973183e-05,7.484910020139068e-05,6.370120900101028e-06,2.2884631107444875e-05,4.358067599241622e-05,2.2263907339947764e-07,1.366104015687597e-06,6.905022331693544e-08,1.0773756002890877e-06,1.0687010217225179e-05,1.2742802027787548e-05,5.882375262444839e-06,3.9220078178914264e-05,0.0001567373110447079,8.256315777543932e-05,9.486563067184761e-05,0.0002496621455065906,0.0005356648471206427,0.001537966076284647,0.0016854522982612252,0.003209613962098956,0.00467595225200057,0.014174890704452991,0.011244949884712696,0.017705559730529785,0.03109891340136528,0.014540988020598888,0.01812649331986904,0.032734692096710205,0.00027593167033046484,0.013986862264573574
72,The country of citizenship of Liam Lynch is,The country of citizenship of the director of Sarah Silverman: Jesus Is Magic is,Liam Lynch,the director of Sarah Silverman: Jesus Is Magic, United States,2.7084701287094504e-05,6.310288154054433e-05,3.388385084690526e-05,1.3738662346440833e-05,7.194315116976213e-07,8.825648365018424e-06,3.434622340137139e-05,0.00013932162255514413,6.586530798813328e-05,0.00013883928477298468,1.654966763453558e-05,2.0783258150913753e-05,1.8530761735746637e-05,0.0003330330364406109,0.000525830895639956,0.0008746212115511298,0.00541828153654933,0.0030044489540159702,0.010996812954545021,0.0013786812778562307,0.0011829757131636143,0.012082040309906006,0.09286344051361084,0.00104966526851058,4.77219828098896e-07,8.311703325603048e-09,1.5977648093468133e-09,1.8032301207782098e-09,2.208287774863038e-08,1.1098666163888993e-07,1.0423156027172809e-07,1.9473040424600185e-07,0.05357679724693298,0.0026593641377985477
73,The place of birth of Çesk Zadeja is,The place of birth of the composer of Tana is,Çesk Zadeja,the composer of Tana, Shkodër,1.8884915334638208e-05,5.601881639449857e-05,3.6948502383893356e-05,7.191991358013183e-07,1.3615976968139876e-07,1.9996912214992335e-06,1.8469980204827152e-05,3.469543298706412e-05,1.3652552297571674e-06,4.754531801154371e-06,2.4040793960011797e-06,1.066242589331523e-06,4.343025466368999e-06,1.4988322618592065e-05,0.00018263250240124762,3.7261517718434334e-05,1.69254944921704e-05,1.158732902695192e-05,1.6703057781342068e-06,7.669095793971792e-06,1.1766195711970795e-05,2.5940540581359528e-05,0.00011057293158955872,5.90902054682374e-05,0.0010601449757814407,0.0014629206852987409,0.0032176575623452663,0.005330955144017935,0.007351443637162447,0.0022599841468036175,0.01575276628136635,0.016106106340885162,0.0027928457129746675,0.01107077393680811
74,The place of birth of Dulce of Aragon is,The place of birth of the mother of Theresa of Portugal is,Dulce of Aragon,the mother of Theresa of Portugal, Barcelona,3.421945848458563e-06,2.2839410576125374e-06,3.034969324744452e-07,1.6233243513852358e-06,8.186916602426209e-07,1.2850568964495324e-06,4.778697970664325e-08,6.063523017019179e-08,5.222669940962987e-08,7.289488479500505e-08,1.485930134492719e-08,2.696643264243903e-08,2.938945264929771e-08,3.693876848842592e-08,9.985377573684673e-07,6.418794100682135e-07,1.0072243412651005e-06,3.0421853125517373e-07,2.2899955354205304e-07,1.1682980129990028e-06,6.577360522896925e-07,1.1405758186811e-06,8.494565690853051e-07,8.038672945076542e-07,3.03048418572871e-05,4.578207517624833e-05,4.3737505620811135e-05,4.37661110481713e-05,3.648675192380324e-05,6.0411024605855346e-05,0.0001871429558377713,0.0005567272892221808,7.077138889144408e-06,0.0010491041466593742
75,The country of citizenship of Master P is,The country of citizenship of the director of No Tomorrow is,Master P,the director of No Tomorrow, American,1.558203439344652e-05,5.9814160522364546e-06,5.034027253714157e-06,1.1629489563347306e-05,7.360344170592725e-05,0.00023900535597931594,0.00029142043786123395,0.0006245096446946263,0.000916139455512166,0.001125039649195969,0.00041683990275487304,0.001720972009934485,0.002755099209025502,0.0012538201408460736,0.0027346517890691757,0.00477329408749938,0.001037027919664979,0.0012138703605160117,0.030260032042860985,0.10599193722009659,0.3046764135360718,0.4918391704559326,0.49891766905784607,0.5638006925582886,0.21495306491851807,0.19609659910202026,0.012507935054600239,0.023517148569226265,0.047596320509910583,0.015723347663879395,0.017653396353125572,0.014433255419135094,0.004473320674151182,0.028208564966917038
76,The place of death of James Bauer is,The place of death of the director of The Black Star is,James Bauer,the director of The Black Star, Argentina,7.306300176423974e-06,2.0313878849265166e-05,1.1725591321010143e-05,1.2692677046288736e-05,5.3422713790496346e-06,5.4376382649934385e-06,9.905527804221492e-06,3.4994169254787266e-05,1.1361240467522293e-05,8.122302824631333e-05,5.159806732990546e-06,6.870715424156515e-06,1.8102774674844113e-06,4.557278771244455e-06,1.2083957699360326e-05,6.501314146589721e-06,1.9239138055127114e-05,3.546010475474759e-06,2.5175286282319576e-06,1.898885238915682e-05,3.0997359772300115e-06,3.5321448876857175e-07,8.628966838841734e-07,1.949285660884925e-06,3.2804393867991166e-08,1.0854742527044436e-07,4.139280207482443e-08,5.611522979620531e-08,2.2196095983417763e-07,2.2613839689711313e-07,1.0665281706678797e-06,8.127418027470412e-07,3.099699461017735e-05,1.0863527677429374e-06
77,The place of birth of Björk is,The place of birth of the performer of Oceania is,Björk,the performer of Oceania, Reykjavík,1.1074231451857486e-06,1.56090970904188e-06,1.1080199868729323e-07,2.321685542483465e-06,2.9642942536156625e-06,1.8592561445984757e-06,9.774523732630769e-07,1.3424257758742897e-06,1.2573689218697837e-06,1.972148083950742e-06,9.475033948547207e-07,6.729609935973713e-07,5.33190927853866e-07,8.46658394948463e-07,2.6537696840023273e-07,5.344082865121891e-07,7.446068593708333e-06,8.054461068240926e-05,1.8944896510220133e-05,0.0016859177267178893,0.00102826370857656,0.00032679238938726485,0.00016314843378495425,0.0249970443546772,0.3250257968902588,0.18683145940303802,0.5791179537773132,0.3857981860637665,0.0759095773100853,0.040229856967926025,0.030261622741818428,0.007033118978142738,7.5085358730575535e-06,0.29156121611595154
78,The date of death of Susan of Albania is,The date of death of the mother of Prince Leka of Albania is,Susan of Albania,the mother of Prince Leka of Albania, 17 July 2004,0.00011022900434909388,0.021305404603481293,0.020270012319087982,0.5274088978767395,0.23122115433216095,0.37189537286758423,0.86928391456604,0.01703912578523159,0.8953515887260437,0.09772498905658722,0.7120211720466614,0.3722580075263977,0.004327032249420881,0.040917593985795975,0.34550926089286804,0.0017174181994050741,0.00039923223084770143,0.0007547079003416002,0.05046304315328598,0.19490844011306763,0.009424343705177307,0.00015707736019976437,0.0015129214152693748,0.0001903982920339331,9.486711860517971e-06,0.0003651668375823647,0.0014195060357451439,9.18638615985401e-05,2.814197796396911e-05,6.154578295536339e-05,0.00032826614915393293,0.013687795028090477,0.038519375026226044,0.0456325002014637
79,The place of death of Augustus II the Strong is,The place of death of the spouse of Christiane Eberhardine of Brandenburg-Bayreuth is,Augustus II the Strong,the spouse of Christiane Eberhardine of Brandenburg-Bayreuth, Warsaw,1.3553993767345673e-06,1.2329642231634352e-06,8.858948241652342e-09,4.088154259562771e-09,2.0001920120193972e-09,1.9524990513275498e-09,1.5933812047563833e-09,1.6129497737438214e-08,1.6305182981568578e-08,1.85593709289833e-08,4.8443693501099006e-09,1.2582107800085396e-08,4.1890224622420646e-08,3.113560609335764e-08,1.568010645769391e-07,9.771997611096594e-08,6.04142314841738e-07,1.2113684988435125e-06,1.8620062292029615e-06,1.1148277963002329e-06,3.708768474552926e-07,1.2267663862530753e-07,1.0938023820017406e-07,7.094073453117744e-07,2.34752747019229e-06,1.3014998330618255e-05,6.103060059103882e-06,4.62955631519435e-06,4.103784249309683e-06,5.2848195082333405e-06,1.93598880287027e-05,3.101119727944024e-05,9.703850992082153e-06,7.032619032543153e-05
80,The spouse of Anup Sengupta is,The spouse of the director of Bangla Bachao is,Anup Sengupta,the director of Bangla Bachao, Piya Sengupta,4.7989742597565055e-06,2.7278094876237446e-06,2.9645646009157645e-06,8.607455129094888e-06,0.00012439709098543972,4.137486939725932e-06,2.7520532057678793e-06,1.5500096424148069e-06,5.825927473779302e-08,3.5463921221889905e-07,7.563000394839037e-07,1.5438531590916682e-06,2.2701453872286947e-06,8.510179441145738e-07,9.995884511226905e-07,8.756070428717067e-07,8.933044455261552e-07,2.8771174243047426e-07,4.1621748891884636e-07,2.292647423018934e-06,6.040647349436767e-06,1.862331941993034e-06,1.0214384928985965e-06,5.065371624368709e-07,1.987144742088276e-06,4.5958568080095574e-06,9.37988625082653e-06,3.4046197470161133e-06,8.894317033991683e-06,1.9745299141504802e-05,5.579814751399681e-05,5.4330444982042536e-05,1.0761856401586556e-06,4.3184430978726596e-05
81,"The place of death of James Hamilton, 4th Duke of Hamilton is","The place of death of the father of Sir James Abercrombie, 1st Baronet is","James Hamilton, 4th Duke of Hamilton","the father of Sir James Abercrombie, 1st Baronet", Hyde Park,3.3389997042831965e-06,1.1586854270717595e-05,1.767816320352722e-05,3.965645646530902e-06,4.409731900523184e-06,1.490617478339118e-06,1.3752876839134842e-05,4.516353510553017e-05,2.810207115544472e-05,1.6069212506408803e-05,9.396080713486299e-06,1.6263004454231123e-06,1.1136086186525063e-06,1.2905612720714998e-06,3.042941330022586e-07,5.378380478759937e-07,8.50578144309111e-05,2.714880793064367e-05,1.0496021786821075e-05,5.283095015329309e-05,0.0001676483516348526,0.0001568423758726567,0.0003228738787584007,0.00012769138265866786,0.0002096831740345806,0.0007197016384452581,0.0005193111137486994,0.00049875263357535,0.00028960613417439163,0.0001490956638008356,0.00016831723041832447,0.00011364796228008345,1.5062855709402356e-06,5.7577333791414276e-05
82,The place of death of Amelia Pincherle is,The place of death of the mother of Sabatino Enrico 'Nello' Rosselli is,Amelia Pincherle,the mother of Sabatino Enrico 'Nello' Rosselli, Florence,1.3497293593900395e-06,1.6459489415865391e-06,9.117227364185965e-07,1.4612346603826154e-06,1.6452144109280198e-06,7.180272518780839e-07,1.4534321053361055e-06,6.842963102826616e-07,2.9156078653613804e-06,1.8970389419337153e-06,5.38703261554474e-06,1.0368636139901355e-05,1.4641409507021308e-05,1.4064570450500469e-06,4.010883003502386e-06,3.713187879839097e-06,2.629896243888652e-06,6.615818506361393e-07,1.485043071625114e-06,2.8748261229338823e-06,1.7400294893832324e-07,2.2075249717090628e-07,2.405639349944977e-07,5.159936904419737e-07,5.48838397662621e-06,2.6737741336546605e-06,2.910560397140216e-05,6.988488166825846e-05,0.00010804924386320636,7.804115739418194e-05,0.00015709731087554246,9.9211058113724e-05,4.0839131543179974e-05,0.00044052358134649694
83,The country of citizenship of Artuq is,The country of citizenship of the father of Ilghazi is,Artuq,the father of Ilghazi, Seljuq empire,1.681189473856648e-06,3.603803691021312e-07,7.566468411823735e-07,3.6549423043652496e-07,4.275361789041199e-07,6.70240467570693e-08,2.125880627090737e-07,9.142610792878259e-07,1.4882660934745218e-06,1.2127969739594846e-06,1.0972452173518832e-06,1.7472204945079284e-06,8.555442946089897e-06,3.4737174701149343e-06,5.525807864614762e-06,2.563267571531469e-06,1.1737931799871149e-06,7.558673132734839e-06,1.915407210617559e-06,4.027396698802477e-06,3.8628313632216305e-06,1.8781265680445358e-05,6.976054010010557e-06,1.2658852938329801e-05,6.038808714947663e-05,2.1980951714795083e-05,1.5861980500631034e-05,5.226955636317143e-06,4.448844265425578e-06,1.518350245532929e-06,8.806365258351434e-06,1.1146572433062829e-05,8.078656537691131e-05,1.7916387150762603e-05
84,The country of citizenship of Ricardo Mella is,The country of citizenship of the father of Urania Mella Serrano is,Ricardo Mella,the father of Urania Mella Serrano, Spain,7.009291584836319e-05,0.00027400319231674075,9.1247093223501e-05,0.00016759650316089392,0.00033777611679397523,0.00014735397417098284,4.053384600410936e-06,0.00045640862663276494,2.482161289663054e-05,3.815816398855532e-06,1.016112946672365e-06,3.4376537314528832e-06,6.730772383889416e-06,1.1997832189081237e-05,2.598345781734679e-05,0.00032505576382391155,0.0005051119369454682,0.016353841871023178,0.007718153763562441,0.007485189940780401,0.06516768783330917,0.20828771591186523,0.23362085223197937,0.6140439510345459,0.931797981262207,0.9495728015899658,0.9670426845550537,0.9550267457962036,0.9756598472595215,0.9460369348526001,0.9790453314781189,0.9581735134124756,0.06457163393497467,0.786858856678009
85,The place of birth of George Whaley is,The place of birth of the director of Clowning Around is,George Whaley,the director of Clowning Around," Castlemaine, Victoria, Australia",9.554335065331543e-07,9.089411605600617e-07,9.68627205111261e-07,1.906494730974373e-06,6.352784112095833e-07,6.256937581383681e-07,3.5792530184153293e-07,2.2857980184198823e-06,2.457714117554133e-06,1.7391602114003035e-06,7.309846523639862e-07,1.6825708371470682e-05,9.705998991194065e-07,5.664925083692651e-06,3.161808081131312e-06,5.846928843311616e-07,5.739566404372454e-07,1.4950082913856022e-06,9.610542974769487e-07,1.0273403177052387e-06,7.202695542218862e-07,9.345816920358629e-07,5.77708988203085e-07,2.2780388064802537e-07,2.4330705628017313e-07,3.855828651921911e-07,7.051135497704308e-08,3.3799160803482664e-08,1.5579196599446732e-08,7.612100461074078e-08,2.804285372803861e-07,7.655189619981684e-07,8.997038821689785e-05,1.2358033927739598e-05
86,The place of burial of Kato Svanidze is,The place of burial of the mother of Yakov Iosifovich Dzhugashvili is,Kato Svanidze,the mother of Yakov Iosifovich Dzhugashvili, Tiflis,0.0004638486716430634,0.0005056217778474092,0.0005914687644690275,0.0001392031117575243,2.6872057787841186e-05,6.615601159865037e-05,0.0003264526021666825,0.0007567810243926942,7.192514749476686e-05,0.0005127883632667363,0.0006247584824450314,6.623970693908632e-05,0.0001574286143295467,1.9886840163962916e-05,0.0004173182533122599,5.6483109801774845e-05,8.843263458402362e-06,3.260807352489792e-05,3.186598405591212e-05,6.073336771805771e-05,4.090006768819876e-05,5.9453282119648065e-06,0.00014586873294319957,2.497405876056291e-05,6.271292659221217e-05,0.00019355576660018414,7.859628385631368e-05,0.00012414703087415546,0.00036934626405127347,0.0010158611694350839,0.00045101475552655756,0.00023052871983963996,4.722680023405701e-05,0.00017166396719403565
87,The place of birth of Marcus Garvey is,The place of birth of the spouse of Amy Ashwood Garvey is,Marcus Garvey,the spouse of Amy Ashwood Garvey, Saint Ann's Bay,1.7706623111735098e-05,2.334125201741699e-05,6.098995072534308e-06,5.780109859188087e-06,1.219691512233112e-06,1.1520487532834522e-05,1.485751567997795e-06,1.0633981446517282e-06,2.8042454687238205e-06,1.412055644323118e-05,3.327817239551223e-06,4.2824558477150276e-05,2.2829412046121433e-05,0.00011263669148320332,0.00011449928570073098,0.0002314586308784783,0.0002636233111843467,4.025458838441409e-05,5.5110194807639346e-05,0.0004359555314294994,9.599022450856864e-05,0.0001369197852909565,0.0008020465611480176,0.00027085738838650286,0.00010742156155174598,0.00013622146798297763,0.000182754680281505,0.00021910734358243644,0.00012841356510762125,0.00023781918571330607,0.0004734153626486659,5.423053153208457e-05,3.226134867873043e-05,0.0008400080259889364
88,"The place of birth of Sizzo, Prince of Schwarzburg is",The place of birth of the spouse of Princess Alexandra Therese Marie of Anhalt is,"Sizzo, Prince of Schwarzburg",the spouse of Princess Alexandra Therese Marie of Anhalt, Rudolstadt,1.242858616024023e-06,6.593274520128034e-06,2.9412990443233866e-06,4.6349245508281456e-07,3.5867793712895946e-07,1.8931632439489476e-07,2.901162815760472e-06,2.5141100650216686e-06,9.452130029785621e-07,1.5296594710889622e-06,8.133757773975958e-07,5.606838021776639e-05,3.2996653317241e-05,1.110196808440378e-05,2.8063677746104077e-05,8.602054003858939e-05,0.00011524171713972464,9.436754044145346e-05,4.5207838411442935e-05,5.983502705930732e-05,1.0022874448623043e-05,4.1870493987516966e-06,2.040696745098103e-05,2.9079519663355313e-05,0.00015541259199380875,0.0005848765722475946,3.3259861083934084e-05,9.787065209820867e-06,5.0993556214962155e-05,0.0024935025721788406,0.003445361042395234,0.022547077387571335,2.3234675609273836e-05,0.003164531895890832
89,The place of burial of Coretta Scott King is,The place of burial of the mother of Dexter Scott King is,Coretta Scott King,the mother of Dexter Scott King, Georgia,3.087192453676835e-05,4.271023499313742e-05,8.390884431719314e-06,7.0527589741686825e-06,4.156754584982991e-06,8.348166375071742e-06,5.285324732540175e-05,1.4162142178975046e-06,1.401076588081196e-06,1.2467694432416465e-06,2.334344117116416e-06,1.7956070905711385e-06,5.671221515513025e-06,1.0252704669255763e-05,2.04213683900889e-05,9.439401765121147e-06,0.0009307099971920252,0.00019410051754675806,6.0896025388501585e-05,0.00044367447844706476,0.0002766111574601382,0.0006894998950883746,0.0002017771766986698,2.4921371732489206e-05,0.00041059410432353616,0.0003418420674279332,6.336905062198639e-05,9.593945287633687e-05,0.00010076673061121255,0.00013630981266032904,0.0003220209327992052,5.973689985694364e-05,0.00010144812404178083,0.00011282286141067743
90,The country of citizenship of Pinedjem I is,The country of citizenship of the father of Psusennes I is,Pinedjem I,the father of Psusennes I, Ancient Egypt,2.0201379811624065e-05,1.3877606761525385e-05,1.3716779903916176e-05,1.3789020158583298e-05,1.1527629794727545e-05,6.159386248327792e-05,4.5682005293201655e-05,1.3299476449901704e-05,2.609705006761942e-06,5.555323809858237e-07,5.575162163040659e-07,7.009581963757228e-07,4.496465066949895e-07,4.7603708708265913e-07,3.5954906252300134e-07,1.8131682963939966e-06,8.77685579325771e-06,1.4223379366740119e-05,3.2119976367539493e-06,1.6672973288223147e-05,3.3668402465991676e-05,1.1526798516570125e-05,1.0358926374465227e-05,3.205074608558789e-05,0.00033665663795545697,0.0001769146037986502,0.0002961543505080044,1.0007172932091635e-05,1.9346214685356244e-05,0.002642536535859108,0.0029633815865963697,0.007530561648309231,2.7379353468859335e-06,0.0005426221759989858
91,"The place of death of Humphrey Stafford, 1st Duke of Buckingham is",The place of death of the father of Humphrey Stafford is,"Humphrey Stafford, 1st Duke of Buckingham",the father of Humphrey Stafford, Northampton,4.85835007566493e-05,9.444772877031937e-05,6.134601790108718e-06,1.5337366221501725e-07,1.378684402197905e-07,1.6257591539670102e-07,2.022559613124031e-07,5.96563552335283e-07,5.079026777821127e-06,1.7203893776240875e-06,3.8290781958494335e-06,1.7973483409150504e-05,1.0715265489125159e-05,3.5088394270132994e-06,6.945797849766677e-06,1.0361283784732223e-05,1.8709790310822427e-05,6.089041107770754e-06,1.0219236173725221e-05,9.669295650382992e-06,6.16194010945037e-05,8.648605216876604e-06,4.238633482600562e-05,2.9101336622261442e-05,4.1074748878600076e-05,4.880960477748886e-05,1.8495456970413215e-05,4.191043626633473e-05,3.5616882087197155e-05,6.733377085765824e-05,5.66588896617759e-05,0.0008342505316250026,6.699101959384279e-06,0.0001522407546872273
92,The country of citizenship of Luis Bayón Herrera is,The country of citizenship of the director of Cuidado con las imitaciones is,Luis Bayón Herrera,the director of Cuidado con las imitaciones, Spanish,0.0001865934464149177,0.00013017402670811862,3.844640013994649e-05,2.1758167349616997e-05,5.651363608194515e-06,2.377703640377149e-05,1.6865750467331964e-06,3.575768641894683e-05,1.9682234778883867e-05,8.831386367091909e-06,1.4138230426397058e-06,1.5127679944271222e-05,2.458157950968598e-06,5.107066044729436e-06,7.751303201075643e-06,1.9232104023103602e-05,5.7434485825069714e-06,4.0196514419221785e-06,6.770409072487382e-06,4.336417987360619e-06,9.901476914819796e-06,1.0975702934956644e-05,2.4169958123820834e-05,4.824490679311566e-05,1.6009038517950103e-05,4.767624704982154e-05,2.20338497456396e-05,3.444753019721247e-05,4.837776577915065e-05,7.735811232123524e-05,1.620081275177654e-05,3.203641972504556e-05,0.008058818988502026,0.0013392406981438398
93,The place of death of Martino Zaccaria is,The place of death of the father of Bartolomeo (or Bartolommeo) Zaccaria is,Martino Zaccaria,the father of Bartolomeo (or Bartolommeo) Zaccaria, Smyrna,4.5665456127608195e-06,1.6842178638398764e-06,6.885966740810545e-06,0.00013458079774864018,1.2437026271072682e-05,1.4747283785254695e-05,1.2556499768834328e-06,2.9180344540691294e-07,5.733404577767942e-07,3.0997764355333857e-08,3.002482173997123e-07,1.0024682524090167e-06,8.358644117834046e-05,6.219327588041779e-06,1.384277220495278e-05,1.1832371455966495e-06,2.2680333131575026e-06,5.415150212684239e-07,2.345658884905788e-07,6.270505537031568e-07,2.2923053677459393e-08,1.156674933611157e-08,4.828720889804572e-08,1.5342411074925622e-07,1.1480649675377208e-07,2.6463462177162e-07,8.19925730866089e-07,4.5607739593833685e-06,3.984329396189423e-06,7.234262966449023e-07,4.259883098711725e-06,1.0626295988913625e-05,1.1069905667682178e-06,4.15373779105721e-06
94,The country of citizenship of Frederick I of Denmark is,"The country of citizenship of the father of Dorothea of Denmark, Duchess of Mecklenburg is",Frederick I of Denmark,"the father of Dorothea of Denmark, Duchess of Mecklenburg", Norway,3.093358100159094e-05,0.00021286029368638992,6.94289046805352e-05,4.771523890667595e-05,2.5957946490962058e-05,2.1295107217156328e-05,8.958456305663276e-07,1.953457342551701e-07,4.740996075724979e-07,4.684452960646013e-06,3.616024287111941e-06,2.0954295905539766e-05,1.4089796422922518e-06,4.440276768491458e-07,8.230167054534832e-07,3.9814983665564796e-07,6.732349788762804e-07,2.014313764675535e-07,3.328074456021568e-07,4.145584568959748e-07,4.859562068304513e-07,5.4204221555664844e-08,3.11131287844546e-07,1.0753757351267268e-06,6.817719167884206e-06,2.8135593765910016e-06,6.005527666275157e-07,2.861501570805558e-06,3.5846724131261e-06,1.0970445146085694e-05,1.2680991858360358e-05,0.0001164130080724135,0.016816604882478714,0.012957426719367504
95,The date of birth of  Echigues is,The date of birth of the father of Gomes Echigues is,Echigues,the father of Gomes Echigues, 985,9.937292634276673e-05,0.035935353487730026,0.5360633134841919,0.04733847454190254,0.0151714738458395,0.02925102226436138,0.5571221113204956,0.42088261246681213,0.6585083603858948,0.01360817439854145,0.7853281497955322,0.028254380449652672,0.31091684103012085,0.7110852003097534,0.9519833922386169,0.10199878364801407,0.06928340345621109,0.4193386137485504,0.3855818212032318,0.633195161819458,0.25705134868621826,0.13607987761497498,0.2837901711463928,0.23080973327159882,0.1801859587430954,0.46869775652885437,0.8383117318153381,0.5592063069343567,0.8254244327545166,0.9604741334915161,0.714848518371582,0.6346656680107117,0.0250677689909935,0.10951241105794907
96,The inception of American Radio Relay League was in,The inception of the publisher of National Contest Journal was in,American Radio Relay League,the publisher of National Contest Journal, 1914,0.0001461872598156333,0.0010219295509159565,0.00035719916922971606,0.0026373034343123436,0.1312578022480011,0.13199938833713531,0.6224660873413086,0.5601916909217834,0.9674267768859863,0.9298262596130371,0.9388282895088196,0.8385754227638245,0.8486075401306152,0.9891180396080017,0.46908870339393616,0.9561286568641663,0.0011241970350965858,0.4291617274284363,0.09410137683153152,0.5673198699951172,0.009453697130084038,0.003765188157558441,0.002020196057856083,0.002689704531803727,4.260648347553797e-05,1.2574812444654526e-06,6.144999588286737e-06,8.946149318944663e-05,6.538590969284996e-05,0.2537989914417267,0.03727337345480919,0.10286949574947357,0.5386022329330444,0.6952226758003235
97,The place of birth of Reinhold Schünzel is,The place of birth of the director of The Great Awakening is,Reinhold Schünzel,the director of The Great Awakening, Hamburg,1.2779524922734709e-06,3.059121809201315e-06,7.160736004152568e-07,2.4468606625305256e-06,6.963919986446854e-06,5.196720394451404e-06,1.406897240485705e-06,1.045610360961291e-06,7.470171112800017e-07,6.220162731551682e-07,1.1125275278800473e-07,8.083145530690672e-07,1.6260643178611645e-06,6.742677101101435e-07,3.7723086734331446e-06,7.412091918013175e-07,2.707658097733656e-07,8.468389751215e-06,1.7704562651488231e-06,8.199510375561658e-06,1.1430975973780733e-05,1.7702528566587716e-05,5.459244675876107e-06,1.7125710655818693e-05,0.002441667253151536,0.0019889865070581436,0.0011340453056618571,0.00014450725575443357,0.0007150906603783369,0.0007887574611231685,0.0008231215178966522,0.008658753708004951,0.0002040041290456429,0.017752688378095627
98,The place of birth of Hamilton MacFadden is,The place of birth of the director of Hold That Girl is,Hamilton MacFadden,the director of Hold That Girl, Boston,5.004522790841293e-06,3.658954028651351e-06,8.398791919717041e-07,1.0896458206843818e-06,5.604606485576369e-07,4.139958775795094e-07,1.4520459501454752e-07,4.21905679104384e-06,2.315505662409123e-05,7.2143611760111526e-06,1.4857519090583082e-05,5.193395554670133e-05,6.0393849707907066e-06,4.222347797622206e-06,1.3223020687291864e-05,1.592835360497702e-06,6.284653295551834e-07,1.5517571227974258e-06,2.2980657377047464e-06,1.0323474270990118e-06,3.481099838609225e-06,4.735659786092583e-06,4.257485670677852e-06,2.1476703295775224e-06,7.465207545465091e-07,2.4106543605739716e-06,3.4915922242362285e-06,2.3726590825390304e-06,2.3362276806437876e-06,2.2288825221039588e-06,1.82725543709239e-05,2.0176310044917045e-06,0.00012682704254984856,0.00023057720682118088
99,The place of birth of Agnes Carlsson is,The place of birth of the performer of Stranded is,Agnes Carlsson,the performer of Stranded, Vänersborg,6.0110258345957845e-05,0.00041403283830732107,6.480453885160387e-05,6.495081470347941e-05,4.23396922997199e-05,3.372107812538161e-06,0.0001155465142801404,0.000436799309682101,2.4123193725245073e-05,1.794888339645695e-05,7.299752724065911e-06,4.53424809165881e-06,1.0033108083007392e-05,4.093464212928666e-06,0.00018907320918515325,4.0627928683534265e-06,2.3237420464283787e-05,2.1604109861073084e-05,1.2469489774957765e-05,4.3999643821734935e-05,8.404324034927413e-06,3.061819597860449e-07,2.9141863251425093e-06,7.5217976700514555e-06,5.466534958031843e-07,5.367394624045119e-05,0.0002537965774536133,0.0011985620949417353,0.020076636224985123,0.06650722771883011,0.016162846237421036,0.1528165489435196,0.0005395295447669923,0.13571645319461823
100,Mark Mothersbaugh was educated at,The composer of Mama's Boy was educated at,Mark Mothersbaugh,the composer of Mama's Boy, Kent State University,3.1185043098957976e-06,6.513619865700093e-08,1.7259591800211638e-07,2.506309328964562e-07,5.23617245562491e-07,2.856755259017518e-07,2.7371179101010057e-08,2.5112253609904656e-08,2.1816150308495708e-07,8.668863671346116e-08,1.518009185019764e-08,3.883201600274333e-07,2.2501717822365208e-08,7.475717325178266e-07,4.983706389793952e-07,2.2921347408555448e-05,3.1498791486228583e-06,2.8300084522925317e-05,2.2880156393512152e-05,2.6814273041964043e-06,9.310445420851465e-06,2.6492398319533095e-06,2.9029513370915083e-06,4.536932010523742e-06,1.076634703167656e-06,1.733221779431915e-06,5.240503742243163e-05,0.000483463954878971,0.004756247624754906,0.010201260447502136,0.0042650108225643635,0.005141631234437227,9.897120617097244e-05,0.3194664418697357
101,The place of death of Kurt Land is,The place of death of the director of Asunto terminado is,Kurt Land,the director of Asunto terminado, New York,7.039320280455286e-06,6.778576789656654e-05,7.715207902947441e-05,2.7727483029593714e-05,3.417040716158226e-05,0.00011680220632115379,1.5138394701352809e-05,0.000192393155884929,0.0011980098206549883,7.7285039878916e-05,4.261377398506738e-05,6.379347905749455e-05,4.3602631194517016e-05,2.218038571299985e-05,0.00019425612117629498,4.315236583352089e-05,3.339352406328544e-05,4.065296161570586e-05,0.0009497251594439149,0.00032381698838435113,0.0001840986224124208,5.6659937399672344e-05,4.7896039177430794e-05,1.5907118722680025e-05,2.047561611107085e-05,1.5854528101044707e-05,0.00010749117063824087,3.4416556445648894e-05,2.4025407583394554e-06,1.9636161141534103e-06,0.0001616093359189108,0.0005684490315616131,6.877926352899522e-05,4.931063449475914e-05
102,The place of death of Arnulf Schröder is,The place of death of the director of Oh! This Bavaria! is,Arnulf Schröder,the director of Oh! This Bavaria!, Munich,1.149808394984575e-05,1.102091573557118e-05,4.106007963855518e-06,7.0154014792933594e-06,3.892347649525618e-06,2.4019709599087946e-06,4.004064635410032e-07,1.3435890195978573e-06,1.210297909892688e-06,3.5671837395057082e-06,1.2535576843220042e-07,7.418996119668009e-07,2.085855385303148e-06,1.5258463008649414e-06,7.228523827507161e-06,1.731990437292552e-06,1.869534713705434e-07,2.756202377440786e-07,5.6269534809416655e-08,7.480572605800262e-08,2.1754486212444135e-08,6.280929110147326e-09,8.042662535956424e-09,2.9196625117577923e-09,2.8681768071692204e-10,5.261017177460303e-10,1.7206957636517473e-08,2.4806682930034185e-08,1.2389313042149297e-07,1.1288612000726062e-07,1.9254827066106373e-07,1.1368955910029399e-07,0.0018986302893608809,0.00013816836872138083
103,The date of death of Isabel Marshal is,"The date of death of the mother of Richard de Clare, 6th Earl of Gloucester is",Isabel Marshal,"the mother of Richard de Clare, 6th Earl of Gloucester", 17 January 1240,2.011521974054631e-05,0.0038986895233392715,0.001982053043320775,0.0001794724230421707,0.017530785873532295,0.005414040293544531,0.18192653357982635,0.021223578602075577,0.8756372332572937,0.995242714881897,0.9982123374938965,0.9125792384147644,0.06774439662694931,0.04505635425448418,0.7579562664031982,0.032150838524103165,0.17899633944034576,0.02779446914792061,0.33823370933532715,0.43068113923072815,0.34634125232696533,0.004301187116652727,0.0778324156999588,0.004543988034129143,0.0012692681048065424,0.011974554508924484,0.019257713109254837,5.6726032198639587e-05,0.0030144741758704185,0.00617590406909585,0.003108656033873558,0.07981521636247635,0.0026704829651862383,0.031146014109253883
104,The country of citizenship of Sergio Gobbi is,The country of citizenship of the director of Enfantasme is,Sergio Gobbi,the director of Enfantasme, Italy,2.6860303478315473e-05,0.00010353718244004995,4.414017530507408e-05,1.7505259165773168e-05,2.7881191272172146e-05,1.0907582691288553e-05,7.82451024861075e-06,3.4836932172765955e-05,1.4746991837455425e-05,2.817212589434348e-06,5.65762206861109e-07,6.70255190016178e-07,5.837239314132603e-08,2.0003274130431237e-06,4.141601675655693e-05,1.3411025975074153e-05,6.551371916430071e-05,0.0012221414363011718,0.001156856189481914,0.002798555651679635,0.024980710819363594,0.015547757968306541,0.05889908969402313,0.29046231508255005,0.6497509479522705,0.7292737364768982,0.8650857210159302,0.7756551504135132,0.8488655090332031,0.943703830242157,0.7221212387084961,0.9754844307899475,0.002540545305237174,0.7697105407714844
105,The place of birth of Stewart Hendler is,The place of birth of the director of Halo 4: Forward Unto Dawn is,Stewart Hendler,the director of Halo 4: Forward Unto Dawn, California,0.00010725677566369995,0.0001263847661903128,0.00016172038158401847,5.266335574560799e-05,1.482621519244276e-05,0.0002344354143133387,0.001654201652854681,0.010805065743625164,0.0019091445719823241,0.001235782285220921,0.00017107439634855837,0.00015715610061306506,8.399119542445987e-05,0.00014786420797463506,0.0004890094278380275,0.0012182405916973948,3.909747829311527e-05,0.004064044449478388,0.002106158761307597,0.002147627528756857,0.00013119663344696164,0.00028176725027151406,0.00022360699949786067,0.0013852164847776294,0.0005907524027861655,0.0008683227933943272,0.00018032972002401948,0.00016317475819960237,6.569903780473396e-05,9.395192319061607e-05,0.00037689131568185985,0.0001429381809430197,0.0014650968369096518,0.004754731897264719
106,The date of birth of Robert Gardner is,The date of birth of the director of Ika Hands is,Robert Gardner,the director of Ika Hands," November 5, 1925",3.3940363209694624e-05,4.885067028226331e-05,0.000134413261548616,1.347028501186287e-05,0.00013208114251028746,1.2603903996932786e-05,1.1877120869030477e-06,3.3658398024272174e-05,2.302409484400414e-06,1.6518224583705887e-05,1.5489256838918664e-05,6.502258474938571e-05,6.535986176459119e-05,7.771706441417336e-05,2.5260180336772464e-05,0.000111527850094717,6.699247023789212e-05,2.36234518524725e-05,0.0001388730015605688,0.000664351973682642,0.0013373802648857236,0.0009170721750706434,0.0009010076173581183,0.0013987498823553324,0.0012677705381065607,0.008744276128709316,0.0023592356592416763,0.003130684606730938,0.0024125566706061363,0.0013356771087273955,0.003278094343841076,0.005097207147628069,0.019633911550045013,0.022841094061732292
107,The father of Ildikó Enyedi is,The father of the director of Magic Hunter is,Ildikó Enyedi,the director of Magic Hunter, György Enyedi,3.1510592179984087e-07,2.7320490403326403e-07,1.0861519683658116e-07,7.232950594016074e-08,6.878305214286229e-08,7.200620188996254e-08,4.763246153061118e-08,3.256267433471294e-08,2.616588012926968e-08,6.173950684029705e-09,2.3121011771820577e-09,4.972320333251901e-09,6.000085317481307e-09,1.6156866955441274e-09,1.1197893279302207e-08,8.587615951682892e-08,1.0469381805933153e-07,1.8158543753088452e-05,1.3499707165465225e-05,0.00037212003371678293,0.0010646670125424862,0.012098120525479317,0.002915462711825967,0.0013897642493247986,0.00037135352613404393,0.012588570825755596,0.02223156951367855,0.10746878385543823,0.3414638340473175,0.2122657746076584,0.32127711176872253,0.17518547177314758,3.4296174362680176e-06,0.013164245523512363
108,John Sibthorpe was educated at,The father of Humphry Waldo Sibthorp was educated at,John Sibthorpe,the father of Humphry Waldo Sibthorp, Christ Church,3.411287025301135e-06,6.633487146245898e-07,4.2359388316981494e-06,1.8242989199279691e-06,1.2383533430693205e-05,3.120069550277549e-06,1.3731298622587929e-06,4.690631158155156e-06,2.0722771296277642e-05,0.00012793685891665518,9.163325739791617e-05,9.432559454580769e-05,0.0005032601184211671,0.00040243216790258884,0.000558735802769661,0.0005966425524093211,0.00011906323925359175,0.00032911874586716294,0.000977040734142065,0.00011174367682542652,0.00019765101023949683,0.00010960960935335606,0.0002205806813435629,4.364118285593577e-05,0.004852013196796179,0.012452604249119759,0.01925547420978546,0.04680109769105911,0.03119349479675293,0.036913346499204636,0.036148469895124435,0.060287781059741974,0.06187201663851738,0.036691129207611084
109,The place of birth of Chris Kraus is,The place of birth of the director of The Poll Diaries is,Chris Kraus,the director of The Poll Diaries, Göttingen,0.00012592649727594107,0.00013271704665385187,0.00048410307499580085,4.8085130401887e-06,2.4442806534352712e-05,6.984316132729873e-05,7.874049333622679e-05,0.00033445958979427814,0.00018717434431891888,0.0008152679074555635,8.34928869153373e-05,0.0003541424230206758,1.0670628398656845e-05,0.0002079182886518538,0.02221052348613739,0.00041940787923522294,1.9016799512883154e-07,7.814433615749294e-07,2.484779884071031e-07,4.44624745910005e-08,5.499359900795753e-08,2.7535094204722554e-07,3.1968188523023855e-06,3.4144804885727353e-06,4.204556535114534e-05,8.192925633920822e-06,2.669165724000777e-06,2.884639980038628e-05,1.4050313438929152e-05,3.300314688203798e-07,3.995651809418632e-07,1.952088496182114e-06,0.0023431985173374414,0.000520363450050354
110,The date of birth of Joseph-Stanislas Perrault is,The date of birth of the father of Joseph-Édouard Perrault is,Joseph-Stanislas Perrault,the father of Joseph-Édouard Perrault," May 13, 1846",2.5829640435404144e-05,8.096665260381997e-05,3.074186315643601e-05,2.19763951463392e-05,4.692627044278197e-06,5.505018179974286e-06,2.012004733842332e-05,1.6353164028259926e-05,3.0536227768607205e-07,8.605887842350057e-07,1.0795472960012376e-08,1.3643511920236051e-06,1.7432806771466858e-06,3.8731650420231745e-06,5.1465635806380305e-06,2.8182268579257652e-05,2.4121100068441592e-05,1.709240132186096e-05,2.5937159080058336e-05,0.0002847323485184461,0.00015525007620453835,0.00013538901112042367,0.0006019191932864487,0.0003918740258086473,0.0004833940474782139,0.004096143878996372,0.007888894528150558,0.003331179730594158,0.007803189102560282,0.004249789752066135,0.004299473483115435,0.007775118574500084,0.0001486830151407048,0.0026427521370351315
111,The place of death of Ang It-hong is,The place of death of the father of Eric Hung is,Ang It-hong,the father of Eric Hung, Taipei Medical University Hospital,1.3732181969317026e-06,8.323168003698811e-07,2.8562891429828596e-07,7.46625943293111e-08,2.842583342044236e-07,2.651250952112605e-07,6.758951798246926e-08,5.412087489276018e-07,2.1932183358330803e-07,6.92032529059361e-08,3.8065529395225894e-08,7.848186101000465e-08,1.7113225680986943e-07,1.4667993752937036e-07,5.546576744563936e-07,1.1335670251355623e-06,2.048971327894833e-05,2.9360151074797614e-06,6.159667123029067e-07,3.7407767194963526e-07,5.698884919524971e-09,7.49405248967605e-09,5.842529127164653e-09,3.032200623920289e-08,9.596927696975399e-08,1.783021588153133e-07,4.463160792056442e-07,1.3322147651706473e-06,1.1379162287994404e-06,1.7577010567038087e-06,7.418890618282603e-06,1.029435770760756e-05,6.328528979793191e-05,3.110880788881332e-05
112,The place of death of Krzysztof Szydłowiecki is,The place of death of the father of Elżbieta Szydłowiecka is,Krzysztof Szydłowiecki,the father of Elżbieta Szydłowiecka, Kraków,5.815484200866194e-07,1.4839089601537125e-07,1.1857623327671263e-08,4.8457557966230524e-09,1.716103170679162e-08,1.361669221822126e-09,6.383273909449372e-10,2.423749423385857e-09,8.51430870252301e-10,3.8459688767034095e-09,3.199627673922123e-09,3.659736069749897e-09,1.779133818047285e-08,2.8670743557057676e-09,1.932014104255586e-09,3.2304297015173233e-09,1.6465134811127768e-09,3.7036402833479087e-09,2.5763802202760644e-09,1.1892406348579243e-07,8.284798624913492e-09,3.906622936256099e-08,8.447772259501107e-09,2.1253994120229436e-08,1.329762397972445e-07,2.615412881823431e-07,3.5411824228503974e-06,2.234904059150722e-06,8.827531928545795e-06,3.110167381237261e-05,4.288868876756169e-05,3.420996290515177e-05,9.713666804600507e-05,0.0003001010336447507
113,The place of birth of Craig Moss is,The place of birth of the director of Dispatch is,Craig Moss,the director of Dispatch, American,4.162502955296077e-05,2.5766554244910367e-05,4.87987526867073e-05,3.8026406400604174e-05,3.51020171365235e-05,0.0004545696428976953,0.0006297363433986902,0.012153524905443192,0.0055179656483232975,0.00890570692718029,0.0011194177204743028,0.0014239796437323093,0.0016960430657491088,0.0006272244499996305,0.005239646881818771,0.0003454103716649115,9.477452840656042e-05,0.00040252244798466563,0.01045446190983057,0.009881585836410522,0.00989213865250349,0.01562795601785183,0.03349116072058678,0.03130495548248291,0.011216999962925911,0.008339900523424149,0.0030382429249584675,0.0025503216311335564,0.0015542712062597275,0.0005678835441358387,0.0005186768830753863,0.00016793300164863467,4.391989568830468e-05,0.000416313239838928
114,The place of birth of Leticia Dolera is,The place of birth of the director of Requirements To Be A Normal Person is,Leticia Dolera,the director of Requirements To Be A Normal Person, Barcelona,2.6883415102929575e-06,1.4747182603969122e-06,3.601514322326693e-07,2.2408694348996505e-06,2.3743357360217487e-06,7.567660986751434e-07,4.509573443556292e-07,3.2053634413387044e-08,3.587106434110865e-08,5.3024763246867224e-08,2.6018881271738792e-08,1.855014346574535e-07,3.574732332367603e-08,3.035281892493913e-08,8.979474728221248e-07,2.0887722484985716e-07,6.645509529334959e-06,0.00011888660810654983,0.0008266720687970519,0.0010100237559527159,0.01768399402499199,0.0319676548242569,0.19037896394729614,0.4525311589241028,0.8929018974304199,0.7623562216758728,0.8321864008903503,0.9115267992019653,0.9289058446884155,0.9577381014823914,0.6429232954978943,0.7076976299285889,0.0002091630594804883,0.6282620429992676
115,"The place of death of Richard Neville, 2nd Baron Latimer is",The place of death of the father of William Neville is,"Richard Neville, 2nd Baron Latimer",the father of William Neville," Snape, North Yorkshire",1.3804444165543828e-07,3.518676550129385e-08,3.3515357245050836e-07,4.318937953939894e-07,7.651471605640836e-06,3.195287945345626e-08,9.331441219728731e-08,5.155572466719605e-07,5.259035447124916e-07,8.597349960837164e-07,2.2558764101177076e-07,1.8683047997569702e-08,1.606340482851465e-08,1.040281105701979e-07,3.1377894060824474e-07,9.389967203787819e-08,6.6800419062929e-07,3.8291301507342723e-07,1.748624640640628e-07,7.441147431563877e-07,2.164473698940128e-06,3.297965804449632e-06,1.3885289718018612e-07,6.676658159676663e-08,1.8551608604866487e-07,8.515712579537649e-07,6.4514165387663525e-06,9.56673284235876e-06,6.63223408992053e-06,3.6701887893286766e-06,7.105075837898767e-06,2.5180026568705216e-05,5.0561876463461886e-08,1.5831062682991615e-06
116,The place of birth of Vijaya Bhaskar is,The place of birth of the composer of Post Master is,Vijaya Bhaskar,the composer of Post Master, Karnataka,3.391017173726141e-07,2.1541774231081945e-07,2.617414196492973e-08,1.9867134426476696e-07,5.157523332854907e-07,6.44343245426171e-08,3.744375831615798e-08,1.705057144363309e-07,1.1832139534817543e-07,4.496208205750918e-08,2.1548819972849742e-07,1.544161989386339e-07,4.058626359437767e-07,1.8745167551514896e-07,2.4280763000206207e-07,2.0781834564331803e-07,8.352573672709696e-07,2.779489250315237e-06,8.783533758105477e-07,5.196605798118981e-06,7.64308606449049e-06,2.976912128360709e-06,1.7787844626582228e-05,2.7692702133208513e-05,2.5898554667946883e-05,3.3136231650132686e-05,1.1858291145472322e-05,9.938807124854065e-06,1.2029847312078346e-05,4.512641680776142e-06,1.10961818791111e-05,9.837499965215102e-05,0.00022951164282858372,0.0007545495755039155
117,"The date of death of Louis de Luxembourg, Count of Saint-Pol is","The date of death of the father of John of Luxembourg, Count of Soissons is","Louis de Luxembourg, Count of Saint-Pol","the father of John of Luxembourg, Count of Soissons", 19 December 1475,8.650114614283666e-05,0.0029846562538295984,0.003271288238465786,0.09091158211231232,0.2032776027917862,0.3910374939441681,0.17762236297130585,0.0008716521551832557,0.2304176241159439,0.12954433262348175,0.8822791576385498,0.16038307547569275,0.004477579612284899,0.044350165873765945,0.126153826713562,0.0019218212692067027,0.02481173723936081,0.011112202890217304,0.4555782079696655,0.20130448043346405,0.45313289761543274,1.497028824815061e-05,0.0006016676197759807,0.0001058102716342546,4.151984103373252e-05,0.0004510618164204061,0.00031030294485390186,1.86654801836994e-07,0.0004330990486778319,5.0562659453134984e-05,0.00010632166231516749,0.0018147636437788606,0.012316275388002396,0.035035859793424606
118,The place of birth of Chris Christie is,The place of birth of the spouse of Mary Pat Christie is,Chris Christie,the spouse of Mary Pat Christie, Newark,1.2401856110955123e-06,7.743845742425037e-08,4.235608130898072e-08,5.30180130908775e-08,3.744847276720975e-08,9.143116841414667e-08,1.1387439258214727e-07,3.09741380988271e-07,6.195538304609727e-08,2.932624511231552e-06,2.4146272608049912e-06,8.700059765942569e-07,5.173724275664426e-07,4.6209166271182767e-07,3.2973088082144386e-07,7.861403901188169e-06,0.0016999965300783515,0.00021692052541766316,1.3998747817822732e-05,0.00014087287127040327,0.00011530669871717691,6.179948832141235e-05,8.607479685451835e-05,0.0021332441829144955,0.0007726931944489479,0.0007567240973003209,0.0005146610201336443,0.0001799636665964499,5.7752822613110766e-05,1.7104095604736358e-05,1.158926261268789e-05,5.031391265220009e-05,0.000777480541728437,0.33231768012046814
119,The place of death of Muhammad ibn Tughj al-Ikhshid is,The place of death of the father of Abu'l-Hasan Ali ibn al-Ikhshid is,Muhammad ibn Tughj al-Ikhshid,the father of Abu'l-Hasan Ali ibn al-Ikhshid, Damascus,1.3592216419056058e-07,5.491995693773788e-07,1.9083404367847834e-06,9.733449246596138e-08,6.668998686620853e-09,2.3185119601976112e-08,4.906275830052209e-09,2.5934290270868132e-09,2.426729039939346e-09,8.379239524458626e-09,2.3959665362838223e-09,2.900005346972989e-09,1.019930362389232e-08,5.425183147167445e-08,1.0897174718138558e-08,2.1201385536073758e-08,6.558080372087716e-07,1.397984306095168e-06,6.404926580216852e-07,1.055432790053601e-06,3.385319136128828e-09,2.4598849179824356e-08,3.749921617668406e-08,3.495282641097219e-08,5.968333880446153e-07,3.303942719412589e-07,3.4405200040055206e-06,4.060913852299564e-06,4.611435997503577e-06,1.2508547115430702e-05,2.6424182578921318e-05,1.825493382057175e-05,0.0005069812759757042,0.00010961802036035806
120,Jim Henson was educated at,The creator of The Muppets on Puppets was educated at,Jim Henson,the creator of The Muppets on Puppets," University of Maryland, College Park",0.0005328023689799011,8.662549953442067e-05,0.001371856196783483,0.00020096982188988477,0.0001566471328260377,0.00017159675189759582,0.0003999042382929474,0.0003413613303564489,0.00028104879311285913,0.00020626664627343416,2.0731496988446452e-05,0.00015565022476948798,0.00021587942319456488,0.003198858816176653,0.0017002220265567303,0.002163317985832691,0.027991563081741333,0.05395474657416344,0.035175446420907974,0.0009870294015854597,0.00021599853062070906,5.6002176279434934e-05,0.00023678241996094584,1.2229334970470518e-05,9.821097773965448e-05,1.584946585353464e-05,2.809020043059718e-05,6.506914360215887e-05,0.0003335979417897761,0.0002294130390509963,0.00027233391301706433,0.00025393671239726245,0.015320202335715294,0.004234873689711094
121,The date of death of Lalla Abla bint Tahar is,The date of death of the mother of Princess Lalla Nuzha of Morocco is,Lalla Abla bint Tahar,the mother of Princess Lalla Nuzha of Morocco, 1 March 1992,9.182425128528848e-05,0.0014589985366910696,0.0009280133526772261,0.019306132569909096,0.04556996747851372,0.48058515787124634,0.009725700132548809,0.003960098139941692,0.41494837403297424,0.18506468832492828,0.9706771969795227,0.19397085905075073,0.01875133439898491,0.0024205967783927917,0.025247497484087944,0.028713665902614594,0.0003686601994559169,0.00011850840382976457,0.006364119239151478,0.008272872306406498,0.0014857547357678413,3.3377531508449465e-05,0.0003464978944975883,5.3180254326434806e-05,1.1644586265902035e-05,0.00023472805332858115,0.000875030062161386,0.00014680101594422013,9.77242598310113e-05,0.0007700359565205872,0.0007830080576241016,0.011011064052581787,0.0653744786977768,0.03837035968899727
122,The place of burial of Bayezid II is,The place of burial of the spouse of Bülbül Hatun is,Bayezid II,the spouse of Bülbül Hatun, Turkish,1.8060070942738093e-05,3.0843862077745143e-06,1.9383339804335264e-06,1.6729451317587518e-06,2.0932799316142336e-07,5.625685730592522e-07,5.78036122078629e-07,2.5211770662281197e-06,5.632202260130725e-07,8.341158945768257e-07,5.201848694014188e-07,1.6074518498498946e-06,4.789133981830673e-06,1.5042501217976678e-06,2.4688724806765094e-05,3.00549636449432e-05,1.0263477633998264e-05,9.396456334798131e-06,7.178672603913583e-06,0.00019621651154011488,3.4040675700452994e-07,1.0719386409618892e-06,2.1128266780578997e-06,3.910026862286031e-06,0.00039762930828146636,4.1457762563368306e-05,0.00015890430950094014,0.000155647678184323,7.713238301221281e-05,0.00010569291043793783,0.00016545329708606005,6.645279790973291e-05,2.8765571187250316e-05,3.5993551136925817e-05
123,The place of birth of Joseph P. Kennedy is,The place of birth of the father of Patricia Helen Kennedy Lawford is,Joseph P. Kennedy,the father of Patricia Helen Kennedy Lawford, Boston,4.432362402440049e-06,1.26770119095454e-05,1.100528265851608e-06,1.6949630321505538e-07,5.793221475869359e-07,5.952769583927875e-07,9.76336195890326e-07,4.84047768622986e-06,2.488673771949834e-06,2.00781778403325e-06,5.686280928784981e-06,3.5062232655036496e-06,1.3585167835117318e-06,2.121021509537968e-07,9.628515726944897e-06,1.4153512211123598e-06,0.006309911143034697,0.004175862297415733,0.0523657500743866,0.029941746965050697,0.037414561957120895,0.009792824275791645,0.057011764496564865,0.0072637926787137985,0.11829270422458649,0.18572568893432617,0.05597911775112152,0.011852708645164967,0.0006067163776606321,0.0009881354635581374,0.0003913553664460778,0.025032684206962585,0.004390845075249672,0.11795247346162796
124,The place of birth of Merle Haggard is,The place of birth of the performer of My Own Kind of Hat is,Merle Haggard,the performer of My Own Kind of Hat, Bakersfield,7.933549932204187e-05,0.00018495965923648328,0.0015029656933620572,1.7149610357591882e-05,4.948084551870124e-06,2.0432862584129907e-06,2.746226527960971e-05,1.3959809166408377e-06,1.0538104788793135e-06,1.967810749192722e-05,3.197628757334314e-05,1.3000596936763031e-06,1.0494849220776814e-06,2.9080818421789445e-05,0.00011644637561403215,1.3728279554925393e-05,9.050281164491025e-07,2.1982854377711192e-05,1.9063895706494804e-06,1.7895110431709327e-05,2.849901420631795e-06,1.715039979899302e-05,1.0185133305640193e-06,2.4955927074188367e-05,3.2429659768240526e-05,2.5758805577424937e-07,1.5447803889401257e-06,1.3655660495714983e-06,4.0394235838903114e-05,0.00030373476329259574,0.004611145239323378,0.0015522653702646494,0.0017598830163478851,0.08844155818223953
125,The country of citizenship of Guy Green is,The country of citizenship of the director of The Devil's Advocate is,Guy Green,the director of The Devil's Advocate, British,2.7779429728980176e-05,5.52300589333754e-05,3.823143197223544e-05,1.2611765669134911e-05,9.682899872132111e-06,1.2023438102914952e-05,1.6119121937663294e-05,0.00013983907410874963,4.806822107639164e-05,2.8061995180905797e-05,9.531665455142502e-06,2.3831903490645345e-06,0.00012838833208661526,0.001099840272217989,0.0007589333108626306,0.0033027080353349447,0.003670079866424203,0.007440159562975168,0.03782135620713234,0.07322604954242706,0.15910957753658295,0.24975359439849854,0.10937444120645523,0.04129801318049431,0.034515704959630966,0.03570445626974106,0.001576080801896751,0.031562354415655136,0.007024784572422504,0.004150076303631067,0.002081846119835973,0.00901457853615284,4.581198300002143e-05,0.0024366488214582205
126,The place of birth of Henrik Adam Due is,The place of birth of the father of Stephan Henrik Barratt-Due is,Henrik Adam Due,the father of Stephan Henrik Barratt-Due," Saint Paul, Minnesota",2.525857780710794e-06,4.170156898908317e-05,1.4309592188510578e-05,1.3244205547380261e-05,1.151006244981545e-06,1.3170578313292935e-05,2.8539176128106192e-05,1.9710729247890413e-05,4.656804776459467e-06,0.00012850661005359143,6.618919996981276e-06,9.780845721252263e-05,1.4553918845194858e-05,1.96735309145879e-05,0.00012193679140182212,0.00042768314597196877,0.00018022957374341786,0.0002303432993358001,0.000571156560909003,0.0015287636779248714,0.00037031015381217003,0.000769787875469774,0.00047432573046535254,0.00017753351130522788,0.0001149757590610534,0.00013751913502346724,4.681416612584144e-05,9.200599743053317e-05,0.00019626680295914412,0.00015335249190684408,0.00014051140169613063,5.661323666572571e-05,4.4869120756629854e-05,9.934124682331458e-05
127,The date of birth of Benjamin Pierce is,The date of birth of the father of Benjamin Kendrick Pierce is,Benjamin Pierce,the father of Benjamin Kendrick Pierce," December 25, 1757",2.100683377648238e-05,0.00010740998550318182,0.00020733823475893587,0.00011786771210609004,7.945326069602743e-05,1.9389748558751307e-05,3.657387424027547e-05,0.00024765811394900084,4.636013272829587e-06,1.756156052579172e-05,3.2758071029093117e-06,1.277425963053247e-05,0.00013325337204150856,0.00014521731645800173,2.6990534024662338e-05,0.00027627430972643197,0.0008864930714480579,0.0004789847007486969,0.0012766089057549834,0.009987556375563145,0.0024763718247413635,0.00293938210234046,0.002031950047239661,0.0019674310460686684,0.005004582926630974,0.020756589248776436,0.019976427778601646,0.038931190967559814,0.015881016850471497,0.014054996892809868,0.014978377148509026,0.021923452615737915,0.00425302516669035,0.024703072383999825
128,Nicholas Eversfield was educated at,The father of Edward Eversfield was educated at,Nicholas Eversfield,the father of Edward Eversfield, Trinity College,2.449410430926946e-06,6.848742373222194e-07,1.2076089660695288e-05,1.0824936680364772e-06,2.5925025965989335e-06,2.5041762796718103e-07,3.2953482786979293e-06,4.9684498662827536e-05,0.0003743938868865371,3.5945893614552915e-05,2.0563487851177342e-05,5.524046719074249e-05,3.083778210566379e-05,0.00011395228648325428,0.0002043938438873738,6.885641778353602e-05,0.00010080007632495835,0.00018907884077634662,0.0015004627639427781,0.001885067205876112,0.0007504880195483565,0.004896432626992464,0.00039835419738665223,0.0010598180815577507,0.0005219916929490864,0.0006198420887812972,0.0006963746272958815,0.0013757927808910608,0.0004334347031544894,0.00116833730135113,0.00016440844046883285,0.00011246244685025886,0.06881831586360931,0.015522216446697712
129,"The place of death of Mary of Burgundy, Duchess of Cleves is","The place of death of the mother of Adolph of Cleves, Lord of Ravenstein is","Mary of Burgundy, Duchess of Cleves","the mother of Adolph of Cleves, Lord of Ravenstein", Kalkar,2.7737934942706488e-05,4.207327583571896e-05,2.431843677186407e-05,4.404539504321292e-05,3.7793088267790154e-05,7.97527263785014e-06,5.8105051721213385e-05,5.829817382618785e-05,6.3602033151255455e-06,2.997985757247079e-05,9.43321174418088e-06,3.702174581121653e-05,4.011885903310031e-05,3.695327177410945e-05,0.00014305477088782936,2.687063351913821e-05,1.6803109019747353e-06,1.1766235274990322e-06,3.696804469655035e-06,5.139352651895024e-06,3.68536202586256e-05,2.4238033802248538e-05,2.629393020470161e-05,3.4945044262713054e-06,1.4589365491701756e-05,7.01301614753902e-05,6.272715836530551e-05,0.00023212580708786845,0.0002488336758688092,0.00040820936555974185,2.4930552172008902e-05,5.0978884246433154e-05,0.0002686685766093433,0.00014023142284713686
130,The place of death of Richard Pottier is,The place of death of the director of Barry is,Richard Pottier,the director of Barry, Le Plessis-Bouchard,3.6869018913421314e-06,3.240508476665127e-06,9.903411637424142e-07,4.6164902300915855e-07,1.678685634942667e-07,3.136462680686236e-07,2.045324436039664e-06,1.0656098083927645e-06,7.607633847328543e-07,5.246164960226452e-07,7.892865596659249e-07,3.71378951058432e-06,4.0362075992561586e-07,2.3732249587737897e-07,7.513853574891982e-07,2.470169192747562e-06,6.449156899179798e-06,1.1720201655407436e-05,0.00016752984083723277,0.00018925084441434592,3.739757448784076e-05,2.833174676197814e-06,3.0453934414254036e-06,2.3037715379814472e-07,7.525571845690138e-07,2.3313766632782063e-06,6.088639929657802e-05,0.00023678499564994127,5.296919334796257e-05,6.383243089658208e-06,4.822726987185888e-05,0.0012531462125480175,9.318426600657403e-05,0.0002472366613801569
131,The place of birth of Yongle is,The place of birth of the spouse of Empress Xu is,Yongle,the spouse of Empress Xu, Nanjing,1.245674957317533e-05,5.350841456674971e-05,1.9599587176344357e-05,1.559879456181079e-05,2.234447129012551e-05,7.575169092888245e-06,2.7520568437466864e-06,0.0005641169263981283,0.0008628765353932977,8.681344479555264e-05,6.78429423714988e-05,9.260360093321651e-05,0.00011010011075995862,5.716272789868526e-05,4.98215013067238e-05,0.0003513658884912729,0.0012173611903563142,0.0005120632704347372,0.0036886052694171667,0.0029928407166153193,0.00496314512565732,0.005717279855161905,0.01500402670353651,0.1495695263147354,0.13331246376037598,0.11411924660205841,0.10262610018253326,0.264066219329834,0.07454424351453781,0.06303506344556808,0.035871054977178574,0.04749913886189461,0.001644269796088338,0.014469975605607033
132,The date of death of Ermengarde of Tours is,The date of death of the mother of Lothair II is,Ermengarde of Tours,the mother of Lothair II, 20 March 0851,1.0668031791283283e-05,0.03515036031603813,0.0038137873634696007,0.31801044940948486,0.04118010774254799,0.949295699596405,0.3797875642776489,0.004957149736583233,0.522130012512207,0.820611298084259,0.994446873664856,0.835435152053833,0.05879896879196167,0.049684107303619385,0.23852241039276123,0.009223890490829945,0.0024827204179018736,0.0011520669795572758,0.004785602912306786,0.08570994436740875,0.02605215460062027,0.0006941260071471334,0.007473841775208712,0.0021354123018682003,4.546851778286509e-05,0.001541624078527093,0.001372308935970068,8.249370876001194e-05,7.740309229120612e-05,0.00042968313209712505,0.0010417761513963342,0.015245170332491398,0.0020691973622888327,0.006791886407881975
133,The date of death of Yolande of Valois is,"The date of death of the mother of Philibert I, Duke of Savoy is",Yolande of Valois,"the mother of Philibert I, Duke of Savoy", 23 August 1478,2.4377735826419666e-05,0.028720540925860405,0.04780707508325577,0.05332862585783005,0.06342704594135284,0.3340398967266083,0.32042983174324036,0.0005129178171046078,0.23728951811790466,0.15183742344379425,0.931596577167511,0.141733780503273,0.0018717942293733358,0.030055005103349686,0.30472925305366516,0.0006958176963962615,0.22824974358081818,0.0735950618982315,0.2542683482170105,0.13565166294574738,0.3240676820278168,0.0016609079902991652,0.15804843604564667,0.006242522969841957,0.0006094919517636299,0.0025737194810062647,0.004976899828761816,1.491042212364846e-06,0.009602944366633892,0.005666674114763737,0.0020174020901322365,0.01537062507122755,0.001638780697248876,0.06457621604204178
134,The child of Malena Ernman is,The child of the performer of La voix is,Malena Ernman,the performer of La voix, Greta Thunberg,0.00028122772346250713,6.690178997814655e-05,7.070726132951677e-05,1.1105511475761887e-05,5.568540655076504e-05,7.17194561730139e-05,0.00068691122578457,4.311845259508118e-05,1.6744910453780903e-06,1.3358835531107616e-05,2.141397317245719e-06,5.5083642109821085e-06,7.177238876465708e-05,5.6718249652476516e-06,7.58954047341831e-06,1.456478798900207e-06,6.019953070790507e-05,3.7603399505314883e-06,2.22610524360789e-05,0.0001760724262567237,4.969212750438601e-05,4.3240721424808726e-05,2.656040305737406e-05,0.00018385573639534414,0.00016412122931797057,0.001695272047072649,0.004331819713115692,0.0013884373474866152,0.03391038626432419,0.011013816110789776,0.0069726905785501,0.011310710571706295,0.00015848188195377588,0.010245288722217083
135,The place of birth of Carlos F. Borcosque is,The place of birth of the director of El Calavera is,Carlos F. Borcosque,the director of El Calavera, Valparaíso,2.653634965099627e-07,1.6086313507912564e-06,2.6947409423883073e-05,6.597895207960391e-06,3.836828739167686e-07,1.3755247891822364e-06,9.408157666257466e-07,5.901471467950614e-06,2.2595716018258827e-06,7.531858727816143e-07,2.773709866232821e-07,2.0145020585005113e-07,3.48965909324761e-06,6.529602615046315e-06,1.1541840649442747e-05,5.253143626759993e-06,2.184994855269906e-06,2.475082055752864e-06,2.0873485482297838e-06,8.751720997679513e-06,3.582048884709366e-05,6.968449451960623e-05,6.987668893998489e-05,0.00021314863988664,0.00045909741311334074,0.0013990417355671525,0.005533027928322554,0.0027718825731426477,0.004122438374906778,0.006934759672731161,0.012974519282579422,0.044327955693006516,0.0004270402423571795,0.005812336690723896
136,The country of citizenship of Anawrahta is,The country of citizenship of the spouse of Agga Mahethi of Pagan is,Anawrahta,the spouse of Agga Mahethi of Pagan, Burma,3.5870762076228857e-06,2.8978126920264913e-06,8.282471526399604e-07,1.498898853924402e-07,6.770466853822654e-08,3.608263625665131e-07,1.7851129996415693e-07,4.864190827902348e-07,4.641889006506972e-08,1.3972231727166218e-07,2.2715443037668592e-07,6.945047914541647e-08,1.4323515529213182e-07,2.1561204377462673e-08,1.121262940273482e-07,3.274274718023662e-07,3.434313612160622e-06,1.551320110593224e-06,8.323380029651162e-07,4.5799049530614866e-07,4.355510156983655e-07,1.0438665185574791e-06,5.97283133174642e-06,1.94302192539908e-05,0.054949309676885605,0.1131308525800705,0.086434505879879,0.30143678188323975,0.04565490782260895,0.02810218185186386,0.024473167955875397,0.015279584564268589,0.0023803492076694965,0.03774775564670563
137,The date of death of Miklós Rózsa is,The date of death of the composer of Ben-Hur is,Miklós Rózsa,the composer of Ben-Hur, 27 July 1995,2.4874942027963698e-05,0.0007341857417486608,0.0006312333862297237,6.836550892330706e-05,0.0015137929003685713,0.00398738868534565,0.1412791758775711,0.8627595901489258,0.9668172001838684,0.786579430103302,0.9698269963264465,0.11185065656900406,0.0028185020200908184,0.05459997430443764,0.050292763859033585,0.0039888727478682995,0.11900186538696289,0.04367571324110031,0.10548780858516693,0.1166045293211937,0.06689117103815079,0.0005298526375554502,0.0016821175813674927,9.560339094605297e-05,0.00031546573154628277,7.736602856311947e-05,0.0006049357471056283,3.1015875379125646e-07,0.0021161180920898914,6.888574716867879e-05,0.00017058986122719944,0.007765586953610182,0.033930860459804535,0.07361987978219986
138,The place of birth of Muhammad bin Saud is,The place of birth of the father of Imam Abdul Aziz bin Muhammad is,Muhammad bin Saud,the father of Imam Abdul Aziz bin Muhammad, Diriyah,1.2985462490178179e-05,2.8709023354167584e-06,7.891600830589596e-07,2.254545961477561e-06,4.351725692686159e-06,1.089648549168487e-06,8.302358196488058e-07,1.973208782146685e-06,2.5958888727473095e-07,4.701178113464266e-07,4.370389206087566e-08,8.521781751369417e-07,2.962360667879693e-07,6.916123140854324e-08,2.836761439084512e-07,1.8637578023117385e-06,1.21599566682562e-06,1.7151346582977567e-06,2.2624978157637088e-07,4.83135636386578e-07,4.207136612421891e-07,1.7249317352252547e-07,3.125408625237469e-07,1.982530619670797e-07,6.331282293103868e-06,2.2484432520286646e-06,2.424220156171941e-06,6.807058525737375e-06,2.100196434184909e-05,1.526666346762795e-05,8.301203342853114e-05,9.570146357873455e-05,8.124456508085132e-05,0.00016942521324381232
139,The place of death of Albert Capellani is,The place of death of the director of Camille is,Albert Capellani,the director of Camille, Paris,2.121831857948564e-05,3.5963788832305e-05,6.348330771288602e-06,2.626069772304618e-06,9.296110761169984e-07,7.20728576197871e-06,1.6394104022765532e-05,2.1884890884393826e-05,3.650013968581334e-05,0.00012682992382906377,9.35631396714598e-06,3.14829480885237e-06,8.850983590491524e-07,3.0654796319140587e-06,3.37592655341723e-06,3.229175504770865e-08,1.8321522077258123e-07,8.245061735578929e-07,3.6047138110006927e-06,6.3516117734252475e-06,1.7841279031927115e-06,8.417678998284828e-08,2.1000325034492562e-07,1.1525377097143519e-08,5.734105457122496e-08,1.9737917966722307e-07,4.926215751765994e-06,8.494062967656646e-06,1.2591297490871511e-05,7.197057129815221e-05,0.00010514812311157584,0.0007586399442516267,0.006203105207532644,0.001423026085831225
140,The date of death of Vsevolod Meyerhold is,The date of death of the director of The Picture of Dorian Grey is,Vsevolod Meyerhold,the director of The Picture of Dorian Grey, 2 February 1940,1.1300605365249794e-05,0.003070940263569355,0.004443568643182516,0.011752177961170673,0.0012116360012441874,0.09766501933336258,0.38050588965415955,0.33171346783638,0.940767765045166,0.26650819182395935,0.9602304697036743,0.23640136420726776,0.024414999410510063,0.0346330963075161,0.04557720571756363,0.06043368950486183,0.1239226683974266,0.20917047560214996,0.4986707270145416,0.41205382347106934,0.6753596067428589,0.006859606597572565,0.060807883739471436,0.0026539971586316824,0.0012121513718739152,0.0032208478078246117,0.0011318890610709786,7.92923219705699e-06,0.00010328617645427585,0.0005444514681585133,0.0005592401721514761,0.01773814670741558,0.09701504558324814,0.08786015957593918
141,The place of birth of Nathan Juran is,The place of birth of the director of Highway Dragnet is,Nathan Juran,the director of Highway Dragnet, Gura Humorului,0.0002149478968931362,0.00013688889157492667,0.0004006681265309453,2.571684672147967e-05,1.2432822586561088e-05,1.7303496861131862e-05,4.609618918038905e-05,0.00010006838419940323,0.00024301474331878126,0.001476621488109231,6.924667104613036e-05,0.0002541528083384037,3.974490482505644e-06,0.00011653695401037112,0.0019836658611893654,0.000185897879418917,1.2760202707795543e-06,4.392367827676935e-06,1.95818373072143e-07,9.458638032810995e-07,8.538154929738084e-07,1.8277970639246632e-06,0.00021634349832311273,6.2459075707010925e-06,0.0001979726948775351,7.193315832410008e-05,6.347925227601081e-05,0.0001430266711395234,8.298233296955004e-05,0.0001741854939609766,0.0002616781275719404,0.00036003655986860394,0.002137408358976245,0.0008403488318435848
142,The place of birth of Vlad Yudin is,The place of birth of the director of Jeremy Scott: The People's Designer is,Vlad Yudin,the director of Jeremy Scott: The People's Designer, Russian,1.701514884189237e-05,6.599420430575265e-06,4.048599748784909e-06,3.319521738376352e-06,5.441258053906495e-06,2.708414058361086e-06,2.3516889996244572e-05,9.402127761859447e-05,5.401376256486401e-05,4.941465886076912e-05,3.0361277822521515e-05,5.790102659375407e-05,7.219085091492161e-05,7.026523962849751e-05,0.0006572164711542428,0.00013676047092303634,8.767307008383796e-05,0.0007599137024953961,0.004616323858499527,0.03850460425019264,0.017216093838214874,0.042743101716041565,0.04079587385058403,0.02670273184776306,0.2152537852525711,0.13510066270828247,0.08766220510005951,0.06918244808912277,0.11055310070514679,0.03398461267352104,0.03084610588848591,0.006219984032213688,9.156965461443178e-06,0.0007773159304633737
143,"The place of burial of Henry Nevill, 2nd Earl of Abergavenny is","The place of burial of the father of William Nevill, 4th Earl of Abergavenny is","Henry Nevill, 2nd Earl of Abergavenny","the father of William Nevill, 4th Earl of Abergavenny", East Grinstead,1.86632987606572e-05,4.9346381274517626e-05,1.1546611858648248e-05,8.185558726836462e-06,2.7224998120800592e-05,2.6387655452708714e-05,3.934583583031781e-05,1.8528498912928626e-05,1.6199066976696486e-06,3.046223582714447e-06,4.674303681895253e-07,3.438480007389444e-06,8.165952749550343e-06,6.234813554328866e-06,1.9315313693368807e-05,6.813386789872311e-06,1.1165439900651108e-05,5.392263119574636e-05,2.042210689978674e-05,0.0001303979370277375,6.686410051770508e-05,9.300228703068569e-05,0.00015938340220600367,0.00026081790565513074,0.0001229931367561221,0.0003487784997560084,0.00016942303045652807,0.00032079368247650564,0.00041780283208936453,0.000511286489199847,0.000806027150247246,0.00017107596795540303,4.307701965444721e-05,9.054872498381883e-05
144,The employer of Jacques Rivette is,The employer of the director of Around a Small Mountain is,Jacques Rivette,the director of Around a Small Mountain, Cahiers du cinéma,5.2914119805791415e-06,1.93930281966459e-05,7.002330221439479e-06,4.915385943604633e-06,2.6602731395541923e-06,1.2839113878726494e-06,1.6440951640106505e-06,3.092126803494466e-07,2.925396529462887e-07,2.5037633122337866e-07,2.1426166085802834e-07,4.6625021354884666e-07,1.399726443196414e-06,1.4365200229349284e-07,1.9087384828253562e-07,8.367325676772452e-08,5.750679292759742e-07,1.8798509699990973e-06,2.806942234201415e-08,2.517031738591413e-08,2.7125145152240293e-07,2.0416187851424183e-07,4.4605408788811474e-07,9.977708259611973e-07,1.6543234551136266e-06,8.243778211181052e-07,1.2026749800497782e-06,7.85240672485088e-07,7.103446364453703e-07,3.697746251418721e-07,1.1814458957815077e-06,2.4255191419797484e-06,8.157871343428269e-05,1.6738598787924275e-05
145,The country of citizenship of Victor Sjöström is,The country of citizenship of the director of The Tower of Lies is,Victor Sjöström,the director of The Tower of Lies, Swedish,8.766774953983258e-06,3.44316940754652e-05,2.343781716263038e-06,7.632230335730128e-06,5.768889081991802e-07,2.533010410843417e-05,5.750687819272571e-07,7.47626700103865e-07,7.743975629637134e-07,3.009389502039994e-06,1.0664592764442204e-06,4.828752480534604e-06,3.832276433968218e-06,4.549357072392013e-06,1.2673330274992622e-05,4.920386345474981e-05,0.0011088639730587602,0.021588245406746864,0.04548141360282898,0.05937467887997627,0.05293538048863411,0.19678336381912231,0.0342133529484272,0.019899433478713036,0.08499639481306076,0.06750251352787018,0.0052175335586071014,0.004604700952768326,0.003167701419442892,0.03291673585772514,0.0029673678800463676,0.0016963416710495949,8.963676009443589e-06,0.0008494684007018805
146,The country of citizenship of Billy Murray is,"The country of citizenship of the performer of Daddy, Come Home is",Billy Murray,"the performer of Daddy, Come Home", United States,2.000783570110798e-05,0.00011149135389132425,0.0001139734304160811,0.0001161991895060055,3.988053776993183e-06,1.6768884961493313e-05,4.43293515672849e-07,4.840803740080446e-05,0.00015645498933736235,0.001012610038742423,0.0003247637359891087,0.00030407164013013244,0.0005139877903275192,0.003622462972998619,0.007019374053925276,0.027191229164600372,0.13829515874385834,0.27467623353004456,0.23470044136047363,0.29213815927505493,0.4250229299068451,0.5644077658653259,0.6667492389678955,0.530454158782959,0.7647958397865295,0.43992185592651367,0.7038924694061279,0.7471855282783508,0.7808443307876587,0.9056345820426941,0.6043944954872131,0.5478516221046448,0.08307276666164398,0.25814592838287354
147,The place of death of Wolfgang Schleif is,The place of death of the director of Holiday in Tyrol is,Wolfgang Schleif,the director of Holiday in Tyrol, Berlin,2.0737406885018572e-06,9.442242117074784e-06,3.393768338355585e-06,3.0714147669641534e-07,2.1335458768589888e-06,2.355433252887451e-06,1.1981265970462118e-06,1.2027140883219545e-06,3.1245779155142372e-06,6.399855465133442e-06,5.550566584133776e-07,6.489792667707661e-07,5.320113359630341e-06,9.468740245210938e-07,7.442700393767154e-07,3.0921947313800047e-07,1.187072982133941e-07,3.9689084019300935e-07,1.2206065775899333e-06,1.1006588920281501e-06,2.220565704647015e-07,8.162514291143452e-07,9.664857998359366e-07,2.9325136097213544e-08,3.477850896160817e-08,4.7155033655599254e-08,8.531352477803011e-07,1.0034243587142555e-06,3.8400407902372535e-06,8.290268851851579e-06,1.2141548722865991e-05,0.0005388985155150294,8.40698976389831e-06,0.00018569710664451122
148,The date of birth of Charles Bretagne Marie de La Trémoille is,The date of birth of the father of Louis Charles de La Trémoille is,Charles Bretagne Marie de La Trémoille,the father of Louis Charles de La Trémoille, 24 March 1764,7.750740769552067e-05,0.001215281430631876,0.0004326188936829567,0.009549570269882679,0.002396899275481701,0.2413424551486969,0.04907630756497383,0.024918507784605026,0.9313681125640869,0.28651532530784607,0.9986976385116577,0.9617701172828674,0.138706773519516,0.3763256072998047,0.40852561593055725,0.016120370477437973,0.020949065685272217,0.015502347610890865,0.2142937183380127,0.44959259033203125,0.2889643609523773,0.08116384595632553,0.28789806365966797,0.0794634073972702,0.004775984212756157,0.032404862344264984,0.24057947099208832,0.003092798637226224,0.18016576766967773,0.3519797623157501,0.04246852919459343,0.43564796447753906,0.0019011427648365498,0.03234843537211418
149,The place of birth of Sturla Gunnarsson is,The place of birth of the director of Beowulf & Grendel is,Sturla Gunnarsson,the director of Beowulf & Grendel, Reykjavík,3.128750904579647e-06,1.5507529269598308e-06,5.51331176268377e-08,1.7057157037925208e-06,5.97773032495752e-06,3.810309135587886e-05,1.2062349014740903e-05,3.038877139260876e-06,1.0608008551571402e-06,6.919264023963478e-07,2.2333534133167632e-08,1.9677229090575565e-07,9.394695155151567e-08,1.0733127453477209e-07,2.5328250785605633e-07,4.945713385495765e-07,2.3577307217692578e-07,9.290556022278906e-07,6.670331913483096e-06,7.797390571795404e-05,0.0018837014213204384,0.0001457382459193468,0.00044298157445155084,0.00433196360245347,0.08733780682086945,0.3053346872329712,0.8471441864967346,0.9730678796768188,0.9122381210327148,0.6242977976799011,0.6704245209693909,0.3990018367767334,0.00452564749866724,0.18280285596847534
150,The place of burial of Augustus II the Strong is,The place of burial of the father of Maurice de Saxe is,Augustus II the Strong,the father of Maurice de Saxe, Wawel Cathedral,8.700547186890617e-05,7.905549864517525e-05,0.00013853245764039457,7.535388431278989e-05,2.3680349841015413e-05,1.253666869160952e-05,4.359349622973241e-05,0.00020110052719246596,0.0002946083259303123,7.79954789322801e-05,0.001390904188156128,0.00020434980979189277,5.763280569226481e-05,0.0002465749566908926,0.0001679327542660758,0.00017418050265405327,3.341606861795299e-05,2.4608341846033e-05,1.4440443919738755e-05,0.00018890679348260164,0.00046346348244696856,0.0003154462610837072,0.0007670508930459619,9.18124642339535e-05,0.00016699027037248015,0.00019235143554396927,0.00011314643052173778,0.0008659558952786028,0.0009174748556688428,0.0011200368171557784,2.1624126020469703e-05,0.000305277033476159,1.883948607428465e-05,0.00017563052824698389
151,The place of birth of Jerome Storm is,The place of birth of the director of Arabian Love is,Jerome Storm,the director of Arabian Love, Denver,2.380334308327292e-06,3.138861984552932e-06,6.453732112277066e-06,2.2785111468692776e-06,5.256122790342488e-07,3.5391752817304223e-07,4.596994642724894e-07,3.6288708997744834e-06,8.220565632655052e-07,3.1272236356016947e-07,3.488257505068759e-07,1.6599731225142023e-06,3.262262566749996e-07,2.545912138884887e-07,1.0701721294026356e-05,9.39896324325673e-07,3.7725051242887275e-06,4.657839326682733e-06,2.876000689866487e-05,2.875784230127465e-05,1.477957448514644e-05,9.96536709862994e-06,2.5641234060458373e-06,2.6338880161347333e-06,2.4071562165772775e-06,7.851562259020284e-06,4.466382961254567e-06,5.615162990579847e-06,3.8431048778875265e-06,5.519707883649971e-06,1.7875339835882187e-05,5.798398706247099e-05,1.4615487998526078e-05,0.000462048570625484
152,The place of birth of Lasse Dahlquist is,"The place of birth of the composer of Oh boy, oh boy, oh boy! is",Lasse Dahlquist,"the composer of Oh boy, oh boy, oh boy!", Örgryte,2.739283218033961e-06,1.1167197044414934e-05,4.343023192632245e-06,4.193284894427052e-06,4.911007636110298e-07,2.3766926915413933e-07,1.1034579472379846e-08,1.160678380074387e-07,1.7076635216994873e-08,9.327146699433797e-08,1.326710474813808e-07,2.488404334144434e-06,7.520962981288903e-07,2.190182158301468e-06,5.163672085473081e-06,1.216169857798377e-05,3.376577069502673e-06,0.00020082351693417877,1.8464508684701286e-05,2.3326207156060264e-05,3.805251617450267e-05,7.481061766156927e-05,7.772720709908754e-05,5.432379475678317e-05,5.090257104711782e-07,2.0106635929550976e-06,8.911250006349292e-06,1.4594124877476133e-05,0.00012021068687317893,0.0003809489426203072,0.0006235470063984394,0.0003014364920090884,6.036316335666925e-05,0.009161117486655712
153,The date of death of Tommy Cooper is,The date of death of the father of Thomas Henty is,Tommy Cooper,the father of Thomas Henty, 15 April 1984,9.39133133215364e-06,0.008760220371186733,0.007079309783875942,0.002726861974224448,0.008758979849517345,0.014498185366392136,0.2400011420249939,0.0016567130805924535,0.7188855409622192,0.6205204725265503,0.9861419796943665,0.2652364671230316,0.017654895782470703,0.0600978247821331,0.031275492161512375,0.0006050688098184764,0.020876044407486916,0.022353550419211388,0.3192269802093506,0.11290675401687622,0.019219040870666504,1.8626349628902972e-05,0.0006575894658453763,3.531343099894002e-05,0.00015986210200935602,3.702684261952527e-05,0.002809608820825815,2.945942583210126e-07,0.0004417153832037002,6.020399450790137e-05,0.00014746125089004636,0.029396405443549156,0.004309485666453838,0.10254285484552383
154,The place of death of Stanley Kubrick is,The place of death of the director of Killer's Kiss is,Stanley Kubrick,the director of Killer's Kiss, Childwickbury Manor,1.1468804359537899e-06,7.583640126540558e-06,7.082337560859742e-06,6.858343795101973e-07,1.07468099486141e-06,3.123219016742951e-07,9.930115396628025e-08,9.055464147422754e-07,1.1665903230095864e-06,7.266633588187688e-07,2.0144539121247362e-06,5.9014901125920005e-06,8.550968232157174e-06,5.333020908437902e-06,2.2362421532307053e-06,1.0310535571989021e-06,1.259340820070065e-06,1.3357097486732528e-05,5.844823590450687e-06,7.641399861313403e-06,4.711434485216159e-06,1.3077261428406928e-05,1.6762724044383503e-05,3.185524474247359e-05,9.625498933019117e-05,0.0001795184944057837,9.333785419585183e-05,0.00011270894174231216,0.00010793436376843601,0.00013458797184284776,0.0009208368719555438,0.0033738259226083755,3.6310532323113875e-06,9.308492008130997e-05
155,The date of birth of Jeff Garlin is,The date of birth of the director of I Want Someone to Eat Cheese With is,Jeff Garlin,the director of I Want Someone to Eat Cheese With," June 5, 1962",2.060633596556727e-05,6.086315624997951e-05,0.0010068246629089117,5.6404176575597376e-05,0.00011499405081849545,3.506344364723191e-05,0.000502724084071815,0.00046073182602413,1.3041125384916086e-05,2.7568657969823107e-06,2.542628408264136e-06,1.761976454872638e-05,9.810893971007317e-05,9.550242793920916e-06,8.07462402008241e-06,0.0005093793733976781,0.00044329441152513027,0.00013848341768607497,4.273368858775939e-07,2.6166219413426006e-06,5.015587589696224e-07,2.5231386757695873e-07,7.778967869853659e-08,8.574260164095904e-07,8.425517421528639e-07,1.6367008583983989e-06,5.618864520329225e-07,3.141582283205935e-07,7.695127715123817e-05,1.0467496394994669e-05,0.002453726017847657,0.022728700190782547,0.036417897790670395,0.29689761996269226
156,The place of birth of Ioan S. Nenițescu is,The place of birth of the father of Ștefan I. Nenițescu is,Ioan S. Nenițescu,the father of Ștefan I. Nenițescu, Galați,9.11780489332159e-07,3.6355189081405115e-07,6.493423132525322e-09,2.694650333978643e-07,9.037504611342229e-08,1.4786309066039394e-07,7.167331972368629e-08,9.556656550557818e-07,7.86609177794162e-07,1.2110593843317474e-06,4.872998147220642e-07,7.947678568598349e-06,4.162002733210102e-05,4.1167291783494875e-05,9.121767652686685e-05,2.8677777663688175e-05,4.135475683142431e-05,6.311626202659681e-05,1.4922402442607563e-05,4.634403012460098e-05,0.0002278239408042282,0.00038412128924392164,4.082280065631494e-05,0.00021108741930220276,0.0005486948066391051,0.0013015810400247574,0.0005677802255377173,0.0011144966119900346,0.00044035245082341135,0.00039687880780547857,0.0005378682399168611,0.004761729389429092,5.621985474135727e-05,0.0006585606024600565
157,The place of birth of Eduardo Duhalde is,The place of birth of the spouse of Hilda Beatriz González de Duhalde is,Eduardo Duhalde,the spouse of Hilda Beatriz González de Duhalde, Lomas de Zamora,0.0003321685653645545,0.0018831273773685098,0.0005947508616372943,6.39703866909258e-05,7.232957432279363e-05,0.00013854599092155695,0.0013420439790934324,0.0002996547846123576,5.3057192417327315e-05,0.0007277727127075195,0.0007456240709871054,0.0006383084692060947,0.0009153569699265063,0.0016566816484555602,0.02374080941081047,8.142976003000513e-05,3.60762351192534e-05,9.40862882998772e-05,1.7606650715151773e-07,3.5746206776821055e-06,6.844654620863366e-08,1.687013764239964e-06,2.9467396416293923e-06,1.098616121453233e-05,1.9905266526620835e-05,7.029486005194485e-05,0.0003482905449345708,9.63186175795272e-05,3.42229068337474e-05,4.226457895128988e-05,0.0006760149844922125,6.104466592660174e-05,0.00045949226478114724,0.06290780007839203
158,The country of citizenship of Basiliscus is,The country of citizenship of the father of Marcus is,Basiliscus,the father of Marcus, Roman Empire,0.0001521096273791045,0.00018108334916178137,1.8565644495538436e-05,2.038816774074803e-06,1.2435895769158378e-05,3.638609314293717e-06,1.7650686459091958e-06,3.602687684178818e-06,1.2561404219013639e-06,7.816778634150978e-06,3.5117614061164204e-07,1.1711567822203506e-06,5.30678562427056e-06,1.564775811857544e-05,1.6901441995287314e-05,3.336402642162284e-06,7.874933544371743e-06,2.8076710805180483e-06,2.972245965793263e-06,7.777931386954151e-06,4.92486969960737e-06,4.5170918383519165e-06,8.684093700139783e-06,1.0721748367359396e-05,8.008316945051774e-05,0.00011273411655565724,0.00031090789707377553,0.0007524079992435873,0.0003417138650547713,0.0001447223621653393,0.0003836688119918108,0.006511278450489044,0.00010712340008467436,0.0018540200544521213
159,The employer of David David-Weill is,The employer of the father of Jean David-Weill is,David David-Weill,the father of Jean David-Weill, Lazard,0.00027461169520393014,0.0013059820048511028,0.00020777682948391885,6.415490133804269e-06,8.210079158743611e-07,7.33433771529235e-05,0.0002821938833221793,0.0003841737925540656,0.0002939522673841566,3.445748734520748e-05,8.642049942864105e-05,4.577065919875167e-05,0.0007904578233137727,0.00020332321582827717,0.0011668518418446183,0.00028141585062257946,0.00011459933739388362,7.209905743366107e-05,0.0008834075415506959,0.00018107092182617635,9.51845504459925e-05,0.00019241450354456902,4.014493242721073e-05,0.00010518488852540031,9.366260201204568e-05,0.00010565070988377556,7.750812073936686e-05,4.577197614707984e-05,0.000264316622633487,0.0006110236281529069,0.0024344518315047026,0.00892234779894352,0.0013162489049136639,0.007101469673216343
160,"The date of death of Arnold, Duke of Guelders is",The date of death of the father of Catherine of Guelders is,"Arnold, Duke of Guelders",the father of Catherine of Guelders, 23 February 1473,7.117741188267246e-05,0.003435413120314479,0.0021607731468975544,0.04780678451061249,0.00041092262836173177,0.2408875674009323,0.09519238770008087,0.0012878747656941414,0.5298845171928406,0.016115041449666023,0.4309723675251007,0.0761096403002739,0.0010952346492558718,0.013354506343603134,0.01039949618279934,0.00025125345564447343,0.0017565024318173528,0.004617525730282068,0.39045655727386475,0.1870008260011673,0.3951074779033661,7.346659549511969e-05,0.033015958964824677,0.006251639220863581,9.36030555749312e-05,0.002764225471764803,0.001554473303258419,1.1966593547185767e-06,0.0017440683441236615,0.0008726303349249065,0.0012915718834847212,0.038482435047626495,0.011524667032063007,0.07818561792373657
161,The spouse of Alfred Stieglitz is,The spouse of the editor of Camera Notes is,Alfred Stieglitz,the editor of Camera Notes, Georgia O'Keeffe,3.961980473832227e-05,3.683486283989623e-05,1.085008989321068e-05,9.476423292653635e-05,0.0001293896493734792,0.00012826008605770767,7.233888754853979e-05,2.011314245464746e-05,4.4314747356111184e-05,9.324433449364733e-06,8.032232472032774e-06,3.0071480523474747e-06,1.4309925063571427e-05,4.718128911918029e-05,1.5124567653401755e-05,2.9304519557626918e-05,0.0001010847045108676,4.468153929337859e-05,5.935873923590407e-05,9.307661821367219e-05,0.00024022844445426017,0.00032939412631094456,0.0004406575462780893,0.00032994625507853925,0.0004314216785132885,0.003552905051037669,0.03909934684634209,0.19452837109565735,0.2687684893608093,0.2014724314212799,0.032872576266527176,0.3472730219364166,1.1470232493593358e-05,0.13134407997131348
162,"The date of death of Christian I, Duke of Saxe-Merseburg is","The date of death of the father of Philipp, Duke of Saxe-Merseburg-Lauchstädt is","Christian I, Duke of Saxe-Merseburg","the father of Philipp, Duke of Saxe-Merseburg-Lauchstädt", 18 October 1691,5.4647498473059386e-05,0.008581973612308502,0.0007183145498856902,0.052569881081581116,0.14557471871376038,0.8420380353927612,0.19087152183055878,0.005898363422602415,0.8084403276443481,0.08459833264350891,0.8018440008163452,0.11657202988862991,0.015082966536283493,0.14413881301879883,0.24985620379447937,0.0006420681602321565,0.05936389043927193,0.1708516925573349,0.8699153661727905,0.5146819353103638,0.807019054889679,0.0005481097614392638,0.24685002863407135,0.004508255980908871,0.000494691077619791,0.004520409740507603,0.005001464392989874,4.227062504469359e-07,0.000591654097661376,8.210127271013334e-05,0.00034676026552915573,0.009716372936964035,0.013079844415187836,0.06152908876538277
163,The place of death of Henri Jeanson is,The place of death of the director of Lady Paname is,Henri Jeanson,the director of Lady Paname, Équemauville,1.0204007594438735e-05,8.384035936614964e-06,1.8554052303443314e-06,1.506438934484322e-06,3.1961551485437667e-06,5.923329240431485e-07,2.3669436188811233e-07,6.686410074507876e-07,2.8407969239196973e-06,1.0028153155872133e-05,2.1580394786724355e-06,4.175758658675477e-05,7.411318620142993e-06,3.7787999644933734e-06,1.1820288818853442e-06,3.784732314215944e-07,5.083658379589906e-06,5.564672756008804e-05,8.835511835059151e-05,3.576260860427283e-05,1.2174788025731687e-05,1.8964173023050535e-06,7.8762450357317e-06,6.8762246883125044e-06,2.101371319440659e-05,1.0785391168610658e-05,1.65477285918314e-05,3.829299384960905e-05,1.3159816262486856e-05,9.205492460750975e-06,5.457048609969206e-05,0.0009316754876635969,0.0001391623227391392,0.0004999905358999968
164,The country of UBM plc is,The country of the publisher of Game Developer is,UBM plc,the publisher of Game Developer, British,2.437548573652748e-05,9.091119864024222e-06,2.30661407840671e-06,1.0068419214803725e-05,4.875978447671514e-07,1.3302459365149844e-06,9.175063496513758e-06,2.6099780825461494e-06,2.1324842691683443e-06,1.373960458295187e-06,1.8066012330564263e-07,1.775304212969786e-06,4.944788543070899e-07,4.597552205609645e-08,5.084518761577783e-08,1.142244855145691e-06,3.064651900785975e-05,0.000957141222897917,0.0001601110416231677,0.000527953146956861,0.000444903620518744,0.0010821924079209566,0.0016659009270370007,0.0007592757465317845,0.0011484430870041251,0.002930310321971774,8.02367358119227e-05,0.0005745832459069788,0.0005186931812204421,0.00021437890245579183,9.806130401557311e-05,0.0014744261279702187,0.00015727878781035542,0.0007959378999657929
165,The place of death of Wallace MacDonald is,The place of death of the director of Free Lips is,Wallace MacDonald,the director of Free Lips, Santa Barbara,7.331680080824299e-06,1.9254224753240123e-05,5.4459856073663104e-06,2.115134293489973e-06,1.9772231496517634e-07,5.255726591713028e-07,1.3492012840288226e-06,9.030294023659735e-08,4.232765149936313e-06,1.1051980663978611e-06,4.80624066767632e-07,4.710572284238879e-06,3.240626540446101e-07,3.4263206316609285e-07,5.976267402729718e-06,5.053133463661652e-06,7.92376886238344e-06,2.5561399525031447e-05,3.176985410391353e-05,2.4927388949436136e-05,5.228623194852844e-05,3.831491994787939e-06,1.6996593785734149e-06,5.361201829146012e-07,3.641930277353822e-07,5.709437118639471e-07,1.2312716535234358e-06,1.5307800822483841e-06,5.721564662053424e-07,1.0858209407160757e-06,3.1159304398897802e-06,2.0410450360941468e-06,2.5476081646047533e-05,3.4419113035255577e-06
166,The place of birth of Eduardo De Filippo is,The place of birth of the director of Fortunella is,Eduardo De Filippo,the director of Fortunella, Neapolitan,5.703834176529199e-06,5.3607482186635025e-06,9.253268217435107e-06,1.9866056391038e-06,6.652981028310023e-06,1.8834986121873953e-06,7.5913258115178905e-06,0.00010162434773519635,6.358549580909312e-05,2.6092122425325215e-05,1.4080741493671667e-05,1.0858304449357092e-05,6.572381607838906e-06,1.080303604794608e-06,5.974706436973065e-05,0.0001569418382132426,0.0005873666959814727,6.382329593179747e-05,1.6063466318883002e-05,0.00028957115137018263,0.0005572052905336022,0.00015953698311932385,0.0005503062857314944,8.49179778015241e-05,0.00015530515520367771,4.921431536786258e-05,0.00039195804856717587,0.000270324555458501,0.00394390057772398,0.019091473892331123,0.0022155174519866705,0.0022846495267003775,0.00016322486044373363,0.006317138206213713
167,The employer of Olivier Weber is,The employer of the director of Cursed for Gold is,Olivier Weber,the director of Cursed for Gold, Institut d'études politiques de Paris,6.284068376771756e-07,1.5978386613824114e-07,2.6879433789872564e-07,2.141227071206231e-07,6.792839002400797e-08,2.6292344301737103e-08,6.500797553599114e-07,3.015607887846272e-07,1.0301507700205548e-06,2.8818717510148417e-06,6.191474994921009e-07,2.0235883368968643e-07,7.823212513358158e-07,9.369830991090566e-07,7.248251563396479e-07,3.306016083115537e-07,2.058300054841311e-07,7.417972369694326e-07,1.1479161798888526e-07,1.3278030053243128e-07,1.2424618489603745e-07,5.413030066847568e-06,5.393400897446554e-06,2.748700580923469e-06,9.393389518663753e-06,1.0811170795932412e-05,1.7108819520217367e-05,1.28221881823265e-05,1.2935591257701162e-05,3.238325734855607e-05,2.6928080842480995e-05,0.0001841638149926439,8.339354167219426e-07,2.0136472812737338e-05
168,The country of citizenship of Iván Noel is,The country of citizenship of the composer of Brecha is,Iván Noel,the composer of Brecha, Argentine,6.698442120978143e-06,1.6341758737326018e-06,6.076488716644235e-07,1.899961034723674e-06,2.954048454739677e-07,4.5169199438532814e-06,2.151533408323303e-06,1.812407276702288e-06,1.307960957319665e-07,7.189272537289071e-07,2.0569578396134602e-07,1.7093425697112252e-07,1.2374447067031724e-07,2.479058025528502e-07,5.32069122982648e-07,3.639586623194191e-07,3.1229586738845683e-07,3.610144290178141e-07,1.7722571783451713e-06,3.146231165374047e-06,2.3876609702710994e-06,8.086003617790993e-06,1.0526797268539667e-05,1.7797168766264804e-05,1.7408810890628956e-05,9.65451545198448e-05,1.0166341780859511e-05,2.580160253273789e-05,1.870029700512532e-05,2.336425859539304e-05,4.577536674332805e-05,1.6928706827457063e-05,0.0008320021443068981,0.0028565581887960434
169,The employer of Dana Priest is,The employer of the spouse of William Chester Goodfellow is,Dana Priest,the spouse of William Chester Goodfellow, University of Maryland,5.354005770641379e-05,4.2646093788789585e-05,4.492107473197393e-05,0.001517735538072884,7.990276935743168e-05,3.883106546709314e-05,4.327726855990477e-05,0.00016963595408014953,0.002258352469652891,0.0020388285629451275,0.0008614087710157037,0.00015472984523512423,0.0003581167256925255,9.431280341232195e-05,0.0007607425795868039,0.000415110494941473,2.3561849957332015e-05,2.3316959413932636e-05,8.255656211986206e-06,1.7040218153852038e-05,7.471052958862856e-05,2.6850491849472746e-05,4.64946560896351e-06,5.115612566441996e-06,2.9209115837147692e-06,9.157580279861577e-06,1.7675187109489343e-06,7.46816454011423e-07,2.3964100819284795e-06,2.2612493921769783e-06,1.0259570899506798e-06,2.1744099854004162e-07,0.0017084338469430804,8.488524144922849e-06
170,The spouse of Raj Kaushal is,The spouse of the director of Shaadi Ka Laddoo is,Raj Kaushal,the director of Shaadi Ka Laddoo, Mandira Bedi,7.935935173009057e-06,2.703287282201927e-05,1.5372741472674534e-05,4.769020051753614e-06,7.013910362729803e-05,1.2851627616328187e-05,1.7796763131627813e-05,1.4067862821320887e-06,1.451891876058653e-05,9.863080776995048e-06,1.1395219416954205e-06,6.101356007093273e-07,3.214479988855601e-07,1.7141700254796888e-06,6.974454208830139e-06,1.9555468497856054e-06,4.0089582853397587e-07,4.808075004802959e-07,5.757758003710478e-07,2.8690896215266548e-05,5.361119747249177e-06,6.257179848034866e-06,6.169209996187419e-07,3.6904114040225977e-06,1.8926749589809333e-06,4.258419357938692e-05,2.3881315428297967e-05,4.294590689823963e-05,0.00013010365364607424,0.000261696899542585,0.0007142880349420011,0.0017454135231673717,7.894762529758736e-05,0.014499136246740818
171,"The place of death of Edmund of Langley, 1st Duke of York is","The place of death of the father of Edward, 2nd Duke of York is","Edmund of Langley, 1st Duke of York","the father of Edward, 2nd Duke of York", Hertfordshire,0.00034338058321736753,0.0005036564543843269,0.00048337283078581095,4.670132329920307e-05,1.7741591364028864e-05,0.0001194609867525287,7.390839164145291e-05,0.0006580157205462456,7.413691491819918e-05,0.00012663543748203665,2.4608898456790484e-05,7.732352241873741e-05,6.726289575453848e-05,5.014063935959712e-05,0.00010346044291509315,3.6930054193362594e-05,5.284064172883518e-06,1.171202166005969e-05,1.1152445040352177e-05,2.819975452439394e-05,4.633293065126054e-05,7.056565664242953e-05,4.94403975608293e-05,9.276773198507726e-06,1.5597694073221646e-05,0.00012034022074658424,0.00010775263945106417,0.0006968324305489659,0.00035818605101667345,0.00029001315124332905,0.0003984055947512388,0.0011172433150932193,8.115792297758162e-05,0.0001718876010272652
172,The place of birth of Robert Adetuyi is,The place of birth of the director of Trouble Sleeping is,Robert Adetuyi,the director of Trouble Sleeping," Sudbury, Ontario",4.1688576857268345e-07,3.628687636592076e-06,3.637235579390108e-07,7.924998499220237e-06,7.811640898580663e-06,6.366979050653754e-07,3.414709226490231e-07,6.320655302261002e-06,1.4604569287257618e-06,4.190954314253759e-06,7.03195013329605e-08,2.7292348931950983e-06,2.599128038127674e-06,1.1162284181409632e-06,6.731777830282226e-06,1.806101863621734e-05,9.289656759392528e-07,1.0901032510446385e-05,9.102272088057362e-06,2.6147099561057985e-05,1.2227800652908627e-05,1.6901036360650323e-05,1.858049836300779e-05,2.9654966056114063e-06,1.4685186400242856e-08,3.10327656904974e-08,1.6193781959827902e-07,9.250442190023023e-07,9.422747098142281e-07,3.571493152776384e-06,3.9430537981388625e-06,3.5411660519457655e-06,7.326696504605934e-05,3.3164666092488915e-05
173,The mother of Georges Lautner is,The mother of the director of Death of a Corrupt Man is,Georges Lautner,the director of Death of a Corrupt Man, Renée Saint-Cyr,0.00010228015162283555,5.726656308979727e-05,0.0003458546125330031,0.001124040805734694,2.6976358640240505e-05,2.727991341089364e-05,3.911584281013347e-05,6.396955723175779e-05,1.2298565707169473e-05,3.3404074201826006e-05,6.578504689969122e-05,2.802079325192608e-05,0.00020779226906597614,2.9928074582130648e-05,3.715091588674113e-05,2.501352719264105e-05,1.3976212358102202e-05,0.00022147581330500543,6.907480565132573e-05,0.0005480623221956193,0.00022437915322370827,0.0001485758402850479,0.00021931352966930717,0.0009503308683633804,0.0010196786606684327,0.0012553362175822258,0.0009835152886807919,0.0010856208391487598,0.00044229227933101356,0.0006882101879455149,0.00040611770236864686,0.0008001242531463504,2.9518649171222933e-05,0.001021690433844924
174,The place of birth of Christiana of Schleswig-Holstein-Sonderburg-Glücksburg is,The place of birth of the mother of Christiane of Saxe-Merseburg is,Christiana of Schleswig-Holstein-Sonderburg-Glücksburg,the mother of Christiane of Saxe-Merseburg, Copenhagen,5.52806386622251e-06,2.180199771828484e-06,1.1376982200772545e-07,4.946981491116276e-08,1.004006549010228e-06,2.8839301648986293e-06,1.607266312930733e-05,1.0822343199379247e-07,2.4982725790323457e-06,2.208604655606905e-06,4.14811978544094e-07,1.1027599100543739e-07,4.305637446577748e-08,1.7529425022644318e-08,6.47927222985345e-08,8.513970328749565e-07,9.407820584783622e-07,2.4915711946960073e-06,4.491676918405574e-06,5.314397640177049e-06,2.8596459742402658e-06,7.970460274009383e-07,2.8180218691886694e-07,2.804623022711894e-07,0.00015650245768483728,0.0003153603756800294,0.0002239140885649249,0.0002732627035584301,0.00017747902893461287,7.359167648246512e-05,0.00037673598853871226,0.00032118105445988476,5.137768539498211e-07,0.00037886048085056245
175,The place of birth of Francesco Galli Bibiena is,The place of birth of the father of Jean Galli de Bibiena is,Francesco Galli Bibiena,the father of Jean Galli de Bibiena, Bologna,0.00011447609722381458,0.0012708022259175777,0.002644436666741967,9.176595995086245e-06,9.16462522582151e-06,6.32820010650903e-05,0.00045989133650437,0.00013036555901635438,2.712623063416686e-05,0.0005536856479011476,0.0014978942926973104,0.0006313201738521457,0.0003115568251814693,5.443708141683601e-05,0.0009483190951868892,0.0004503345990087837,0.00014342689246404916,0.003945866134017706,6.259752990445122e-05,0.0014135584933683276,0.0004849039833061397,0.0005004349513910711,0.004833279177546501,0.0004163898411206901,0.0005739093758165836,0.0006275232881307602,0.0015734159387648106,0.00114419253077358,0.0035543651320040226,0.005004118662327528,0.0015353613998740911,0.006035315804183483,0.00030768115539103746,0.001360763912089169
176,The date of birth of Leslie Stephen is,The date of birth of the father of Thoby Stephen is,Leslie Stephen,the father of Thoby Stephen, 28 November 1832,5.515991506399587e-05,0.02253768779337406,0.0035107205621898174,0.002487520920112729,0.024805456399917603,0.459485799074173,0.8180104494094849,0.467421293258667,0.9361817836761475,0.964588463306427,0.9987506866455078,0.9653229117393494,0.7254348993301392,0.9948220252990723,0.9973848462104797,0.21118496358394623,0.8307596445083618,0.4240434765815735,0.9610223174095154,0.7601686120033264,0.28972575068473816,0.017064757645130157,0.22739970684051514,0.021267151460051537,0.0055312118493020535,0.049521565437316895,0.29267391562461853,0.0028570606373250484,0.3504938781261444,0.18938374519348145,0.05956946313381195,0.4136706292629242,0.03770070523023605,0.12043613195419312
177,The place of death of Gracie Fields is,The place of death of the spouse of Archie Pitt is,Gracie Fields,the spouse of Archie Pitt, Isle of Capri,6.597713309020037e-06,9.373133025292191e-07,1.1374220321158646e-07,2.0506583950918866e-06,2.0100253550481284e-06,3.8883388242538786e-07,2.198070632175586e-07,3.2970953611766163e-07,5.359161718843097e-07,2.168276523661916e-06,2.320786279597087e-06,8.623844109933998e-07,7.719395966887532e-07,3.0075536869844655e-06,2.810093633343058e-07,6.110315098339925e-06,1.939641833814676e-06,1.705340366697783e-07,8.198894363431464e-08,1.807011358323507e-07,1.9516154736720637e-07,1.742472761634417e-07,3.9634574022784363e-07,3.6785525026061805e-06,1.6612474382782239e-06,1.1669075092868297e-06,2.0190002487652237e-06,1.6521358929821872e-06,6.412549851120275e-07,4.2299720348637493e-07,1.2926717829486734e-07,1.4241069834497466e-07,9.21279479371151e-06,5.7440549426246434e-05
178,The father of Mahatma Gandhi is,The father of the founded by of Gujarat Vidyapith is,Mahatma Gandhi,the founded by of Gujarat Vidyapith, Karamchand Gandhi,0.00010053188452729955,0.00010037623724201694,0.00014464458217844367,9.308058906754013e-06,0.00011760600318666548,0.00013550365110859275,0.000517852371558547,0.0004025364760309458,9.810760275286157e-06,2.248441342089791e-05,7.820935934432782e-07,2.3791091052771662e-07,3.1688503554505587e-07,1.4279670494943275e-06,3.377184839337133e-05,2.2851113499200437e-06,8.987512046587653e-06,2.1170069430809235e-06,2.849422799044987e-06,8.14163558970904e-06,1.5995951798686292e-06,1.5445426470250823e-05,2.719689064178965e-06,7.534332780778641e-06,1.8151006315747509e-06,3.839357668766752e-05,2.50103730650153e-05,6.480225420091301e-05,0.0020772372372448444,0.020876243710517883,0.995879054069519,0.9975433349609375,0.001182743115350604,0.9000687003135681
179,The country of citizenship of Stan Laurel is,The country of citizenship of the spouse of Lois Neilson is,Stan Laurel,the spouse of Lois Neilson, United Kingdom,1.8216260286862962e-05,0.0003200929786544293,0.00020024145487695932,8.15669700386934e-05,0.0002585636102594435,6.303504051174968e-05,0.0009247324196621776,0.0009055122500285506,0.004024064633995295,0.002384280087426305,0.00042535271495580673,0.0006721395766362548,0.0007259630365297198,0.007155345752835274,0.00014828065468464047,0.0027155764400959015,0.008020867593586445,0.06646627187728882,0.05698225274682045,0.10742715001106262,0.08276990801095963,0.3739500343799591,0.7534918785095215,0.23871615529060364,0.47230109572410583,0.09029123932123184,0.1741078644990921,0.814164400100708,0.9883365035057068,0.9968655705451965,0.9745553731918335,0.9232866764068604,0.011781967245042324,0.3978452980518341
180,The spouse of Billy Joel is,The spouse of the performer of Scandinavian Skies is,Billy Joel,the performer of Scandinavian Skies, Alexis Roderick,1.4545322528647375e-06,2.918416794273071e-05,3.009475221915636e-06,6.730428481205308e-07,6.723290653098957e-07,1.1234521224423588e-07,6.368360061514977e-08,4.2323776483499387e-07,4.159530533343059e-07,2.0861148186668288e-07,5.3293341295557184e-08,7.686401204409776e-08,2.3114745673069592e-08,1.2770890123192657e-07,3.7949597242459276e-08,1.7561841048063798e-07,1.907204278950303e-07,7.993763517788466e-08,9.062904382517445e-07,2.3794216019723535e-07,1.6800981939013582e-06,4.282914005671046e-07,8.238060900112032e-07,4.826437816518592e-06,2.6670484658097848e-05,3.49582769558765e-05,1.380746289214585e-05,3.432450466789305e-05,7.140554225770757e-05,0.0088289063423872,0.006297509651631117,0.20289494097232819,9.928075996867847e-06,0.8755524158477783
181,The country of citizenship of Charlemagne is,The country of citizenship of the spouse of Luitgard is,Charlemagne,the spouse of Luitgard, Carolingian Empire,1.7662005120655522e-06,1.6251764236585586e-06,1.0730436770245433e-06,3.332507105824334e-07,2.2415680689391593e-07,6.711871947118198e-07,7.841332205771323e-08,2.1234423002169933e-06,6.448843237194524e-07,6.678922090941342e-07,4.027578768273088e-07,1.5064662193253753e-06,3.4714491903287126e-06,2.5927238311851397e-05,1.4872526662657037e-05,7.0388441599789076e-06,3.688955257530324e-05,1.7882788597489707e-05,3.5295879570185207e-06,7.755837032163981e-06,6.0591473811655305e-06,4.3669806473189965e-06,1.1364044212314184e-06,3.657052616290457e-07,9.454053042645683e-07,6.914827963555581e-07,1.1784687785620918e-06,2.518336259527132e-06,1.0436880074848887e-05,5.090930062578991e-05,2.1990226741763763e-05,1.1205947885173373e-05,3.5098921671306016e-06,4.351882580522215e-06
182,The country of citizenship of Psarantonis is,The country of citizenship of the father of Giorgos Xylouris is,Psarantonis,the father of Giorgos Xylouris, Greek,1.4477296645054594e-05,9.105910976359155e-06,5.154195150680607e-07,1.34900631110213e-06,1.6914848401938798e-06,4.343817181506893e-06,1.5231526958814356e-05,2.6917297873296775e-05,1.5844735798964393e-06,5.8760524552781135e-06,1.0216149348707404e-05,3.203144660801627e-05,1.9144790712743998e-05,2.212338768003974e-05,0.00016836266149766743,2.4942179152276367e-05,0.00014211850066203624,0.0021062411833554506,0.0021988111548125744,0.0493132509291172,0.0411512516438961,0.12129367142915726,0.0218365341424942,0.04538300633430481,0.2928864359855652,0.14740291237831116,0.025909466668963432,0.033022940158843994,0.01586262136697769,0.03081522509455681,0.005878856871277094,0.0023070480674505234,0.0028018085286021233,0.00538347102701664
183,The place of birth of T. S. Nagabharana is,The place of birth of the director of  Chinnari is,T. S. Nagabharana,the director of  Chinnari, Bangalore,4.3586464926193e-07,9.443785415896855e-07,1.1189877824335781e-07,5.438683103875519e-08,2.4241241902700494e-08,2.99054221386541e-08,2.1596413546376425e-09,6.900982452151538e-09,3.863361186517977e-09,1.1609693650882491e-08,1.4127286362963787e-07,2.8360747705846734e-07,6.260837039917533e-07,5.994795060360048e-08,5.604743336107276e-08,2.72161475578514e-08,1.6693267070877482e-06,1.350460934190778e-05,3.1475359719479457e-05,0.0002267202507937327,0.002181875053793192,0.0059158108197152615,0.103056900203228,0.2660115957260132,0.07091721892356873,0.14936724305152893,0.09955425560474396,0.06978388130664825,0.08448662608861923,0.01724172756075859,0.008531087078154087,0.007870858535170555,0.0033012975472956896,0.07843033969402313
184,The place of death of Empress Matilda is,"The place of death of the spouse of Geoffrey Plantagenet, Count of Anjou is",Empress Matilda,"the spouse of Geoffrey Plantagenet, Count of Anjou", Rouen,4.487635010264057e-07,6.776484724468901e-07,3.3306625937257195e-06,7.262254257511813e-06,3.1624480470782146e-05,4.156827799306484e-06,5.810048264720535e-07,3.5374947060518025e-07,1.831155168474652e-05,1.3710770872421563e-05,1.3770131772616878e-05,2.0065528588020243e-05,1.1055928553105332e-05,6.450877663155552e-06,1.3922433026891667e-05,1.752923708409071e-06,7.178861665124714e-07,1.7007555470627267e-06,1.4743059750799148e-07,3.3991346981565584e-07,6.123826068460403e-08,1.7522194184493856e-07,1.6746164988035162e-07,4.5903709633421386e-07,7.829593755559472e-07,1.5271227482571703e-07,3.041178331386618e-07,3.1475917694478994e-07,4.716132764315262e-07,3.7399155417006114e-07,6.507868874905398e-07,4.024671795832546e-07,8.826691191643476e-05,1.912219573796392e-07
185,The date of death of Anna van Egmont is,The date of death of the mother of Floris van Montmorency is,Anna van Egmont,the mother of Floris van Montmorency, 1574,0.00013701041461899877,0.07560243457555771,0.008548990823328495,0.0005406180862337351,0.0008874639752320945,0.2618396282196045,0.6641237139701843,0.02005838416516781,0.7802202105522156,0.6842510104179382,0.9925591945648193,0.5674540400505066,0.035201940685510635,0.0022544816602021456,0.21077114343643188,0.002766450634226203,0.01296925637871027,0.0021254674065858126,0.06727627664804459,0.11340809613466263,0.3859122395515442,0.0008376212208531797,0.0048893047496676445,0.0006222610245458782,0.00011262707266723737,0.0006274871993809938,0.000970211171079427,2.4164468413800932e-05,0.00014271819964051247,0.0012994884746149182,0.002502633025869727,0.08242195844650269,0.003089187666773796,0.019939754158258438
186,"The date of death of Charles, Duke of Durazzo is",The date of death of the father of Joanna of Durazzo is,"Charles, Duke of Durazzo",the father of Joanna of Durazzo, 23 January 1348,0.0001552253233967349,0.00122495845425874,0.0005271100089885294,0.014549595303833485,0.0020005814731121063,0.7780751585960388,0.08047664910554886,0.0011892544571310282,0.8601969480514526,0.013988294638693333,0.43522071838378906,0.027011554688215256,0.000612803443800658,0.0007918176706880331,0.0017859273357316852,0.00035029021091759205,0.0025003745686262846,0.0016989056020975113,0.05353834480047226,0.08074993640184402,0.1601875275373459,0.0003499484446365386,0.021702265366911888,0.0019632154144346714,0.00010440727055538446,0.0012882316950708628,0.00107696617487818,1.2223068551975302e-05,0.00022345929755829275,0.0018347171135246754,0.0027177990414202213,0.048519786447286606,0.006323204841464758,0.027701718732714653
187,The place of birth of Caroline Kennedy is,The place of birth of the mother of Tatiana Celia Kennedy Schlossberg is,Caroline Kennedy,the mother of Tatiana Celia Kennedy Schlossberg, Manhattan,8.866058124112897e-06,1.2307350516493898e-06,4.714616750334244e-07,8.267728617283865e-07,3.7202224234533787e-07,1.6452213458251208e-07,2.8362882176224957e-07,1.661366582084156e-07,1.2377597613522084e-08,2.6614015879999897e-08,1.5448087253844278e-08,2.1031292263273826e-08,2.5704520112412865e-07,1.9340509993526211e-07,2.28777958000137e-06,4.672588147514034e-06,3.625053068390116e-05,5.199270526645705e-05,1.9044126020162366e-05,1.4548299077432603e-05,1.6082094589364715e-06,1.6763073062975309e-06,3.7358643112384016e-06,9.352124834549613e-06,6.432112058973871e-06,5.75732428842457e-06,6.1157588788773865e-06,5.4650304264214355e-06,3.3817661460489035e-05,3.883197859977372e-05,1.3362609024625272e-05,0.0001891404390335083,0.004091277252882719,0.054678868502378464
188,The place of death of George Gershwin is,The place of death of the composer of That Certain Feeling is,George Gershwin,the composer of That Certain Feeling, Hollywood,5.08008497490664e-06,2.380468140472658e-05,1.3872672752768267e-05,7.2323696258536074e-06,1.8515078409109265e-05,5.54756770725362e-05,3.3172469557030126e-05,8.964647349785082e-06,3.2086222745419946e-06,3.808199153354508e-06,4.932183219352737e-05,4.981761321687372e-06,5.013389909436228e-06,3.478028929748689e-06,4.0487062506144866e-05,4.225098109600367e-06,1.6479165424243547e-05,7.669460319448262e-05,5.035960930399597e-05,0.000118277981528081,0.0002997189585585147,4.220100163365714e-05,8.95834673428908e-05,0.0001272279187105596,0.00013209984172135592,0.00015213027654681355,0.00018997007282450795,0.0002029444876825437,0.0001098711509257555,8.61483349581249e-05,0.0009027740452438593,0.0002671804395504296,0.0001578192168381065,0.00015098437143024057
189,The country of citizenship of Harry Edwards is,The country of citizenship of the director of Three Little Twirps is,Harry Edwards,the director of Three Little Twirps, Canadian,2.9458501558110584e-06,2.051477849818184e-06,3.5439613839116646e-06,2.2150773020257475e-06,3.983688657172024e-06,1.779899321263656e-06,3.044088543902035e-06,3.182399814249948e-05,8.48615454742685e-05,4.818759407498874e-05,9.010887879412621e-05,3.432517041801475e-05,0.00015920579608064145,0.00028952048160135746,0.00029344824724830687,0.0002866289287339896,6.5620057284832e-05,3.596502938307822e-05,3.9937141991686076e-05,9.920471711666323e-06,3.793060386669822e-05,5.0197759264847264e-05,1.2721223356493283e-05,1.5988585801096633e-05,1.029548684527981e-06,5.27280008100206e-07,6.85569787606255e-08,3.1506488085142337e-07,2.4761735062384105e-07,2.639188210196153e-07,1.5829568837943953e-06,6.68482061882969e-06,0.0002568457566667348,0.00012177737517049536
190,"The place of death of Simon VI, Count of Lippe is","The place of death of the father of Philipp I, Count of Schaumburg-Lippe is","Simon VI, Count of Lippe","the father of Philipp I, Count of Schaumburg-Lippe", Brake,4.1590442378947046e-07,4.6217643046020385e-08,7.11100156536304e-08,2.7325503992869926e-07,2.7574694527743304e-08,2.2422801393418013e-09,1.1577774294835308e-09,4.846178285333735e-07,1.2329239496011724e-07,1.0575224962394714e-07,5.3600448524093736e-09,2.2675763489132805e-09,2.4731683367917867e-09,7.643078947516813e-10,8.708398446799492e-09,1.5347876569649088e-07,1.0403302894701483e-06,9.990779972213204e-07,1.7744246179063339e-06,1.6996839349303627e-06,2.6738644010038115e-06,6.070873723729164e-07,4.1123453797808907e-07,4.833576667806483e-07,1.0557089353824267e-06,4.504231583268847e-06,8.775926289672498e-06,3.1139370548771694e-05,2.38322900258936e-05,6.1467840168916155e-06,0.002698082011193037,0.0011349620763212442,1.595883674099241e-07,1.2835442248615436e-05
191,"The place of birth of Thomas Powys, 2nd Baron Lilford is",The place of birth of the father of Horatio Powys is,"Thomas Powys, 2nd Baron Lilford",the father of Horatio Powys, Lilford Hall,9.582985285305767e-07,9.836047638600576e-07,1.4038281506145722e-06,8.251466283581976e-07,8.323177098645829e-07,2.4508947262802394e-06,4.05457649321761e-06,7.019649501671665e-07,3.3053747756639495e-06,1.8633115814736811e-06,2.1229003323242068e-05,1.9610897652455606e-05,1.3945655155112036e-05,3.7936081298539648e-06,2.3844065708544804e-06,9.840196071309038e-06,4.541926045931177e-06,6.899694199091755e-06,6.566792194462323e-07,4.067589145506645e-07,1.333170075668022e-06,1.8831278794095851e-06,5.069582584837917e-07,1.6464338159494218e-06,1.0404653494333616e-06,1.6060172356446856e-06,2.146902716049226e-06,8.192797395167872e-06,1.1686955986078829e-05,1.5639903722330928e-05,6.504527846118435e-05,4.518982314039022e-05,3.301472517591719e-08,3.615658670241828e-07
192,The place of death of Aram Khachaturian is,The place of death of the composer of Pepo is,Aram Khachaturian,the composer of Pepo, Moscow,1.2851945712100132e-06,2.6289358174835797e-06,8.992643643068732e-07,2.7472465262690093e-06,4.632173840946052e-06,1.0996684977726545e-05,9.300325700678513e-07,2.5845117761491565e-06,9.31231988943182e-06,4.064617314725183e-06,2.9075117708998732e-06,2.3633551791135687e-06,1.9710159904207103e-06,6.135190346867603e-07,4.950570655637421e-06,3.468644990789471e-06,8.163732672983315e-06,4.077444827998988e-05,2.4692306396900676e-05,5.70490701647941e-05,1.4122067113930825e-05,4.0507042285753414e-05,4.5833639887860045e-05,0.00012747939035762101,0.0002708285755943507,4.9138019676320255e-05,4.424863800522871e-05,6.891162047395483e-05,5.703900023945607e-05,6.713155016768724e-05,0.0002942621649708599,0.0012154658325016499,7.093102612998337e-05,0.0009415114764124155
193,The date of death of Æthelweard is,The date of death of the father of Æthelmær the Stout is,Æthelweard,the father of Æthelmær the Stout, 998,0.00010589157318463549,0.0005932319909334183,0.004197056870907545,0.03743386268615723,0.0018434198573231697,0.9262235164642334,0.963215172290802,0.038126230239868164,0.43498295545578003,0.5557488203048706,0.909700870513916,0.3024640679359436,0.10340986400842667,0.00582499336451292,0.10636159777641296,0.00408072117716074,0.0008781340438872576,6.619113992201164e-05,0.0007877720636315644,0.0027931900694966316,0.000581076368689537,7.618058589287102e-06,0.0004760126175824553,4.8335041356040165e-05,3.099529567407444e-05,0.0005696185398846865,0.0022342968732118607,0.0011322441278025508,8.23762675281614e-05,0.0009398926631547511,0.0006555201252922416,0.005323395598679781,0.0024806365836411715,0.0022516644094139338
194,The place of death of Don Hartman is,The place of death of the director of Holiday Affair is,Don Hartman,the director of Holiday Affair," Palm Springs, California",4.902437012788141e-06,1.217099111272546e-06,2.060716269625118e-06,1.9802514543698635e-06,2.9157213248254266e-06,9.979437010088077e-08,1.4739053995072027e-06,1.9131266526528634e-06,6.461502380261663e-06,1.559693191666156e-05,1.4222119943951839e-06,7.651121450180653e-06,2.0849854536209023e-06,2.4899534309952287e-06,2.3525859432993457e-05,2.8484535505413078e-05,7.619269308634102e-05,6.000624853186309e-05,5.253701965557411e-05,2.398947617621161e-05,3.090130485361442e-05,3.666565316962078e-05,2.1573336198343895e-05,3.1459734600503e-05,2.5687962988740765e-05,1.042875101120444e-05,9.7287142125424e-05,0.00016242566925939173,0.0002586714399512857,0.00017564481822773814,0.0006244331016205251,0.0002910213079303503,0.00013149816368240863,0.0004866498347837478
195,The place of birth of Amalie Auguste of Bavaria is,The place of birth of the mother of Princess Margaretha of Saxony is,Amalie Auguste of Bavaria,the mother of Princess Margaretha of Saxony, Munich,2.1932291929260828e-05,9.865514584816992e-06,2.800851689244155e-06,5.556460564548615e-06,9.727831411510124e-07,2.839150056388462e-06,3.069642957598262e-07,3.109470014805993e-07,1.805647400487942e-07,2.1007228667713207e-07,1.4784278690171959e-08,2.370333049839246e-07,2.583605294148583e-07,2.99664399960875e-08,2.7277633307676297e-07,6.870228475008844e-08,2.5878302949422505e-06,1.2590190635819454e-05,3.8109762954263715e-06,1.4415767509490252e-05,7.097891284502111e-06,7.102711606421508e-06,1.863689612946473e-05,1.551791501697153e-05,0.09603467583656311,0.007980579510331154,0.007548470050096512,0.01242064218968153,0.012997827492654324,0.022481190040707588,0.026316586881875992,0.02018485590815544,3.168059265590273e-05,0.024898337200284004
196,The date of death of Johann Sebastian Bach is,The date of death of the composer of Through a Glass Darkly is,Johann Sebastian Bach,the composer of Through a Glass Darkly, 28 July 1750,0.00016176897042896599,0.02338569425046444,0.00572798028588295,0.0018715651240199804,0.02574598230421543,0.5478329062461853,0.36041465401649475,0.5993711352348328,0.8965563774108887,0.5657640099525452,0.9411901831626892,0.35332801938056946,0.008390456438064575,0.014423028565943241,0.010504201985895634,0.03058486431837082,0.0024358604568988085,0.00702144019305706,0.2953564524650574,0.21852679550647736,0.024176638573408127,0.001536414260044694,0.017766905948519707,0.008062412962317467,0.0002925581648014486,0.0015605536755174398,0.0094902403652668,0.0008781698415987194,0.0016683670692145824,0.0021164470817893744,0.000746320525649935,0.006472102366387844,0.05006825923919678,0.03580601140856743
197,The place of death of Norodom Suramarit is,The place of death of the spouse of Sisowath Kossamak is,Norodom Suramarit,the spouse of Sisowath Kossamak, Phnom Penh,0.00015893213276285678,9.443911403650418e-05,3.9009075408102944e-05,7.125391130102798e-05,2.5475055736023933e-05,4.971450380253373e-06,0.0001292265806114301,7.68771678849589e-06,1.4459256817644928e-05,6.046898306522053e-06,1.7931391766978777e-06,1.5517684005317278e-05,1.7926413420354947e-06,1.3486598504641734e-07,6.922488751115452e-07,6.56997883652366e-07,5.9931917348876595e-06,2.990049688378349e-05,5.25366522197146e-05,0.00016348023200407624,9.981965376937296e-06,2.0743880668305792e-05,1.634449654375203e-05,3.816341995843686e-05,0.0003539629396982491,0.0007506827241741121,0.0004651798808481544,0.0017243374604731798,0.0006823974545113742,8.067522867349908e-05,0.0006804302684031427,0.004736441653221846,0.0014333650469779968,0.0024043528828769922
198,"The date of death of Peter Browne, 2nd Earl of Altamont is","The date of death of the father of John Denis Browne, 1st Marquess of Sligo is","Peter Browne, 2nd Earl of Altamont","the father of John Denis Browne, 1st Marquess of Sligo", 28 December 1780,0.00029857896151952446,0.018328502774238586,0.007217145524919033,0.12546952068805695,0.2059182971715927,0.3991379737854004,0.1977611631155014,0.005139691289514303,0.773897111415863,0.05492863431572914,0.8561041355133057,0.08823427557945251,0.007915166206657887,0.028601041063666344,0.304874449968338,0.0013128995196893811,0.03625573217868805,0.006515477783977985,0.31561902165412903,0.31441015005111694,0.35503873229026794,2.480440161889419e-05,0.003305690363049507,0.0009741510730236769,9.310796303907409e-05,0.0015807169256731868,0.0005036978400312364,3.7262147998262662e-06,0.00024526164634153247,0.00027810491155833006,0.0007588297012262046,0.04486317187547684,0.01944633573293686,0.0655059888958931
199,The spouse of Samuel Benchetrit is,The spouse of the director of Macadam Stories is,Samuel Benchetrit,the director of Macadam Stories, Vanessa Paradis,2.0943636627634987e-05,3.1482279155170545e-05,6.81369419908151e-06,3.549652376477752e-07,7.295519708350184e-07,4.201492345146107e-07,8.117621064229752e-07,4.0259834577227593e-08,5.219836793912691e-07,3.90443410935859e-08,1.5764067384793634e-08,3.6169534034513617e-09,5.444485040584368e-08,1.6817976700167492e-07,1.6286449522340263e-07,4.649432838732537e-08,5.768695814367675e-07,1.3487696151059936e-06,9.825143933994696e-07,9.759436352396733e-07,1.9675319435918937e-06,5.441245775728021e-06,1.0571877737675095e-06,2.414306436548941e-06,3.291198936494766e-06,2.1259913864923874e-06,4.836983407585649e-06,1.281593540625181e-05,8.714815521670971e-06,3.237795681343414e-05,8.25698152766563e-05,0.0009789452888071537,2.1995889255777e-05,0.001502879080362618
