Unnamed: 0,explicit_sentence,obscure_sentence,explicit_entity,obscure_entity,answer,ans_prob_lens_edit_layer0,ans_prob_lens_edit_layer1,ans_prob_lens_edit_layer2,ans_prob_lens_edit_layer3,ans_prob_lens_edit_layer4,ans_prob_lens_edit_layer5,ans_prob_lens_edit_layer6,ans_prob_lens_edit_layer7,ans_prob_lens_edit_layer8,ans_prob_lens_edit_layer9,ans_prob_lens_edit_layer10,ans_prob_lens_edit_layer11,ans_prob_lens_edit_layer12,ans_prob_lens_edit_layer13,ans_prob_lens_edit_layer14,ans_prob_lens_edit_layer15,ans_prob_lens_edit_layer16,ans_prob_lens_edit_layer17,ans_prob_lens_edit_layer18,ans_prob_lens_edit_layer19,ans_prob_lens_edit_layer20,ans_prob_lens_edit_layer21,ans_prob_lens_edit_layer22,ans_prob_lens_edit_layer23,ans_prob_lens_edit_layer24,ans_prob_lens_edit_layer25,ans_prob_lens_edit_layer26,ans_prob_lens_edit_layer27,ans_prob_lens_edit_layer28,ans_prob_lens_edit_layer29,ans_prob_lens_edit_layer30,ans_prob_lens_edit_layer31,ans_prob_lens_edit_layer32,ans_prob_lens_edit_layer33,ans_prob_lens_edit_layer34,ans_prob_lens_edit_layer35,ans_prob_lens_edit_layer36,ans_prob_lens_edit_layer37,ans_prob_lens_edit_layer38,ans_prob_lens_edit_layer39,ans_prob_lens_edit_layer40,ans_prob_lens_edit_layer41,ans_prob_lens_edit_layer42,ans_prob_lens_edit_layer43,ans_prob_lens_edit_layer44,ans_prob_lens_edit_layer45,ans_prob_lens_edit_layer46,ans_prob_lens_edit_layer47,ans_prob_lens_edit_layer48,ans_prob_lens_edit_layer49,ans_prob_lens_edit_layer50,ans_prob_lens_edit_layer51,ans_prob_lens_edit_layer52,ans_prob_lens_edit_layer53,ans_prob_lens_edit_layer54,ans_prob_lens_edit_layer55,ans_prob_lens_edit_layer56,ans_prob_lens_edit_layer57,ans_prob_lens_edit_layer58,ans_prob_lens_edit_layer59,ans_prob_lens_edit_layer60,ans_prob_lens_edit_layer61,ans_prob_lens_edit_layer62,ans_prob_lens_edit_layer63,ans_prob_lens_edit_layer64,ans_prob_lens_edit_layer65,ans_prob_lens_edit_layer66,ans_prob_lens_edit_layer67,ans_prob_lens_edit_layer68,ans_prob_lens_edit_layer69,ans_prob_lens_edit_layer70,ans_prob_lens_edit_layer71,ans_prob_lens_edit_layer72,ans_prob_lens_edit_layer73,ans_prob_lens_edit_layer74,ans_prob_lens_edit_layer75,ans_prob_lens_edit_layer76,ans_prob_lens_edit_layer77,ans_prob_lens_edit_layer78,ans_prob_lens_edit_layer79,answer_prob_obs,answer_prob_exp
0,The country of citizenship of Jaap Speyer is,The country of citizenship of the director of Lilli's Marriage is,Jaap Speyer,the director of Lilli's Marriage, Dutch,1.1057254596380517e-05,8.022859219636302e-06,4.455859198060352e-06,7.0054397838248406e-06,2.8444217150536133e-06,2.3943098312884104e-06,3.8688031054334715e-06,1.1676494068524335e-05,8.45824797579553e-06,1.0165481398871634e-05,5.994862476654816e-06,5.372670329961693e-06,9.967540790967178e-06,1.7516226762381848e-06,5.597399194812169e-06,1.121414925364661e-06,3.185281912010396e-06,8.811558700472233e-07,9.515564670437016e-06,8.56831047713058e-06,6.987391429902345e-07,3.67834445569315e-06,9.285792657465208e-06,7.496068974433001e-06,5.119942215969786e-05,4.3194078898523e-05,2.167875209124759e-05,2.7978720027022064e-05,0.00011392452870495617,1.6682104615028948e-05,0.0008161255391314626,0.000301250081975013,0.0007326145423576236,0.0005458049126900733,0.00045247861999087036,0.0015105492202565074,0.00022685514704789966,0.05478037893772125,0.017388176172971725,0.03126506134867668,0.008944091387093067,0.012205586768686771,0.8502002358436584,0.737680971622467,0.6647613644599915,0.5779585838317871,0.58182293176651,0.3445926308631897,0.4536660313606262,0.28048625588417053,0.23279127478599548,0.3544214367866516,0.2998186945915222,0.12810368835926056,0.0476510226726532,0.07863853871822357,0.07570366561412811,0.14781929552555084,0.09511421620845795,0.16408772766590118,0.11839599162340164,0.08480704575777054,0.06728651374578476,0.059890519827604294,0.07551631331443787,0.07563044875860214,0.09502345323562622,0.09466063231229782,0.041771791875362396,0.037274908274412155,0.03709207475185394,0.030782129615545273,0.04725492000579834,0.05020652711391449,0.06131709739565849,0.041617248207330704,0.06758297234773636,0.05484069511294365,0.029297249391674995,0.01431298442184925,0.0001257472176803276,0.00335746631026268
1,The place of birth of Dušan Hanák is,"The place of birth of the director of I Love, You Love is",Dušan Hanák,"the director of I Love, You Love", Bratislava,2.6569108513285755e-07,4.3123114323861955e-07,8.077303937170655e-05,8.09375796961831e-06,7.395241937047103e-06,1.5376523151644506e-05,4.38068946095882e-06,1.2099091691197827e-05,8.639461157144979e-06,5.18450406161719e-06,1.0873222890950274e-05,1.0259947885060683e-05,3.980003839387791e-06,4.1226844587072264e-06,9.02761621546233e-06,1.3311018847161904e-05,4.6441327867796645e-05,6.112946266512154e-06,2.537909495003987e-06,2.3496244466514327e-05,3.272761023254134e-05,7.865113002480939e-05,1.63805962074548e-05,4.352520591055509e-06,1.2159529433120042e-05,1.0384134839114267e-05,3.2225909762928495e-06,4.354420525487512e-06,6.2288886510941666e-06,9.068040526472032e-06,2.1312957869668026e-06,1.232880208590359e-06,2.270790446345927e-06,6.602533630939433e-07,3.7930374219286023e-07,7.497160368075129e-07,1.6206901420900977e-07,1.828963945627038e-06,2.1222656414465746e-06,7.704801987529208e-07,1.550280330775422e-06,2.8253950858925236e-06,2.567210799497843e-07,2.863870918190514e-07,3.005161488545127e-07,1.1430516622112918e-07,9.130432232495878e-08,4.097456383078679e-07,9.288543623142687e-08,3.9062481249629855e-08,3.1772049879918995e-08,4.290475530410731e-08,1.3709828294850013e-07,4.717852775115716e-08,3.698713513244911e-08,1.128685767071147e-08,1.1447760961402764e-08,4.963858213358208e-09,2.9048285998811707e-09,2.325360792809761e-09,2.0262997946218775e-09,1.064607846323895e-09,1.2034804264260401e-09,6.380289629959179e-10,2.3816486560690464e-09,6.647182249075456e-10,3.02972730237272e-10,1.3013151667351508e-10,5.2776241710184024e-11,1.9150694918756983e-10,4.841626544127564e-10,1.2222256540184162e-09,1.1611479777684508e-08,8.103864956865436e-08,1.9454886057701515e-07,1.8307157461094903e-06,5.376157901082479e-07,1.3088966625218745e-05,1.8970476958202198e-05,3.7869472180318553e-06,0.1128707081079483,0.8184218406677246
2,The place of death of James Vincent is,The place of death of the director of Gold and the Woman is,James Vincent,the director of Gold and the Woman, New York,2.4086350094876252e-05,1.8481478036846966e-05,2.4040116841206327e-05,1.3454198779072613e-05,2.245300856884569e-05,0.00032359850592911243,1.1181801710336003e-05,4.6516183829226065e-06,2.419749762339052e-06,7.22294373645127e-07,7.094286502251634e-06,6.372406460286584e-06,4.243326657160651e-06,2.108246235366096e-06,5.250979029369773e-07,6.227791686796991e-07,4.80150038129068e-06,1.6546823644603137e-06,8.728374268685002e-06,8.216988135245629e-06,1.0738567652879283e-06,3.2566715617576847e-06,1.3851437188350246e-06,1.0446697160659824e-05,7.622064458701061e-06,8.917145351006184e-06,1.5304325415854692e-06,2.2838805307401344e-05,3.647439007181674e-05,7.85151423770003e-05,2.3240369046106935e-05,3.0078070267336443e-05,7.660699338885024e-05,0.00010952213779091835,0.00025480694603174925,0.0009570364491082728,2.633469739521388e-05,5.572178997681476e-05,0.0001704683090792969,0.00018256768817082047,0.00023105939908418804,0.0004863616486545652,0.00010603241389617324,9.25302902032854e-06,6.759849929949269e-05,4.371740942588076e-05,5.763873559772037e-05,0.0002770806313492358,0.000186634948477149,4.933599120704457e-05,0.0002292240969836712,1.6725476598367095e-05,0.00025702131097204983,4.8629502998664975e-05,4.0997179894475266e-05,0.00010848486999748275,3.072298932238482e-05,3.1362855224870145e-05,1.9480732589727268e-05,2.145619146176614e-05,4.345702473074198e-05,4.796793655259535e-05,3.740561078302562e-05,3.409072451177053e-05,1.6999803847284056e-05,2.1920661311014555e-05,1.5778183296788484e-05,3.5401775676291436e-05,3.5942346585216e-05,0.00017142359865829349,4.1445091483183205e-05,2.851819408533629e-05,6.007600313751027e-05,8.840659575071186e-06,3.742591798072681e-05,1.5838844774407335e-05,1.5395435184473172e-05,0.00014193361857905984,9.077160939341411e-05,0.0010052561992779374,8.765982784098014e-05,0.00093993847258389
3,The place of birth of Emil Loteanu is,The place of birth of the director of Lăutarii is,Emil Loteanu,the director of Lăutarii, Romania,8.000622983672656e-06,5.192435764911352e-06,1.2381860869936645e-06,5.971089649392525e-07,4.618935918188072e-07,3.7320378964977863e-07,5.217130478740728e-07,6.696563445984793e-07,1.7799676754748361e-07,3.380767452654254e-07,5.881009883523802e-07,3.575803475541761e-07,2.673974961453496e-07,5.820528485855903e-07,3.7950604792058584e-07,8.936045787777402e-07,4.6207199488890183e-07,1.6416568371369067e-07,2.825617855251039e-07,1.0195596189532807e-07,7.570941562562439e-08,2.777936174425122e-07,1.6788533230283065e-06,3.8299222637760977e-07,1.9078267143868288e-07,2.597955983674183e-07,1.1772723240710548e-07,4.2411748779613845e-08,1.3779006735603616e-07,1.351333906995933e-07,3.406913265280309e-06,3.2979221487039467e-06,9.047154890140519e-06,3.7968229662510566e-06,8.702658647052885e-07,9.093313337871223e-07,2.791760152831557e-06,3.077754627156537e-06,5.961334863968659e-06,5.679283640347421e-05,6.110612503107404e-06,1.1897941476490814e-06,5.535280251933727e-07,5.565224228121224e-07,6.947387873879052e-07,4.339933639130322e-07,6.518531847632403e-08,5.2247038695441006e-08,2.2500662666402604e-08,3.9939955343015754e-08,2.6321934853967832e-08,6.684532039002988e-09,4.094320615877223e-08,1.1792124610110477e-08,3.1674967093664463e-09,2.2304151858776322e-09,6.688726017500812e-09,6.628575022205041e-09,6.45323838810441e-09,1.7233821480999723e-08,7.444373562037754e-09,7.936093560090285e-09,6.5495635581669376e-09,1.3467775339393029e-08,4.903275119261252e-09,8.17571965683328e-09,4.251313967529313e-09,4.96319874088158e-09,1.1767808949514347e-08,9.295111347285001e-09,4.344132520373023e-08,3.676792914575344e-08,3.863400621639812e-08,4.999028391239335e-08,3.870237108571928e-08,2.1865355392947095e-07,1.4828070504790958e-07,9.597296184438164e-07,2.0371753635117784e-06,5.644044449581997e-07,0.0019810176454484463,0.0036820208188146353
4,The country of citizenship of Archduke Karl Salvator of Austria is,The country of citizenship of the father of Archduke Leopold Salvator of Austria is,Archduke Karl Salvator of Austria,the father of Archduke Leopold Salvator of Austria, Italian,1.1003251529473346e-05,6.765008038200904e-06,4.423950940690702e-06,4.0367748965763894e-07,5.308776280799066e-07,1.6890501797206525e-07,1.928804636008863e-07,1.1581422398876384e-07,4.380926270641794e-07,7.965359714035003e-07,4.315923263220611e-07,9.314721864939202e-07,5.519129331332806e-07,5.016290174353344e-07,5.526653694687411e-07,7.929045864329964e-07,1.4584530845240806e-06,3.609410896387999e-06,3.385615400475217e-06,1.4695513527840376e-05,2.1003470465075225e-06,8.350207849616709e-07,5.10896995820076e-07,5.219101808506821e-07,5.231527779869793e-07,1.4607870753025054e-06,3.9316293509727984e-07,1.3206743005866883e-06,1.1305827456453699e-06,7.233120413729921e-07,6.294367267400958e-07,3.7371694361354457e-07,6.621258989980561e-07,1.5261387034115614e-06,5.110890128889878e-07,1.214824806083925e-06,3.4595220199662435e-07,2.0085240066691767e-06,9.914543852573843e-07,1.8852299490390578e-06,1.013321252685273e-06,8.966566724666336e-07,3.344336164445849e-06,6.093987849453697e-06,2.0624154331017053e-06,1.148403612205584e-06,1.275482986784482e-06,1.5980523357939092e-06,4.5567485358333215e-06,1.3940572216597502e-06,2.1394018858700292e-06,4.084218289790442e-06,2.434396719763754e-06,2.5821279905358097e-06,2.5512772481306456e-06,2.4856759409885854e-05,4.891162461717613e-05,2.7750100343837403e-05,4.8228288505924866e-05,3.893920802511275e-05,8.131888171192259e-05,8.460922981612384e-05,0.0001147460934589617,0.00012326294381637126,7.444137736456469e-05,0.00013428146485239267,0.00018112621910404414,6.876839324831963e-05,0.00010176815703744069,1.846582927100826e-05,3.92259971704334e-05,3.181372085236944e-05,2.2666339646093547e-05,4.15673857787624e-05,4.8317790060536936e-05,2.5716317395563237e-05,6.257380846363958e-06,1.8552085748524405e-05,0.0004558211949188262,0.00019132385205011815,4.497737972997129e-05,0.0001568612497067079
5,The place of birth of Joseph Louis De Grasse is,The place of birth of the director of Father and the Boys is,Joseph Louis De Grasse,the director of Father and the Boys, New Brunswick,5.52243109268602e-05,0.00022359406284522265,8.696309669176117e-05,3.4193442843388766e-05,7.009386899881065e-05,0.00022303382866084576,1.7159014532808214e-05,2.395822411926929e-05,8.358847844647244e-05,2.6254709155182354e-05,2.3200555006042123e-05,2.591170050436631e-05,1.5135772628127597e-05,9.625497114029713e-06,9.826259883993771e-06,3.738077111847815e-06,6.261812814045697e-05,4.64465374534484e-05,0.00016919022891670465,2.136378680006601e-05,1.1769898264901713e-05,4.797033398062922e-06,7.31339787307661e-06,7.194564204837661e-06,3.32943418470677e-05,7.517043559346348e-05,2.2552198061021045e-05,8.227381476899609e-05,0.00016105409304145724,0.0005184184992685914,0.0005799875943921506,0.0002589676878415048,0.00045501854037865996,0.00024247575493063778,0.0008826962439343333,0.0006934795528650284,3.869419015245512e-05,0.00031162198865786195,7.352957618422806e-05,8.406103006564081e-05,1.9783157767960802e-05,8.43379893922247e-05,6.570103778358316e-06,4.104995241505094e-06,3.819963694695616e-06,5.832139322592411e-06,8.687296940479428e-06,6.163855869090185e-05,0.00010434533760417253,0.00019861497275996953,0.0001924630778376013,3.834179733530618e-05,0.00015509786317124963,7.575200288556516e-05,5.638963193632662e-05,0.00010349734657211229,2.60228098341031e-05,1.5296051060431637e-05,1.0133457180927508e-05,1.986565621336922e-05,3.9244769141077995e-05,1.7034049960784614e-05,5.0186237785965204e-05,1.970654193428345e-05,1.3148669495421927e-05,5.612234417640138e-06,9.688489626569208e-06,1.578219780640211e-05,4.914088549412554e-06,5.9949845308437943e-05,4.8518722906010225e-05,3.6960454963264056e-06,3.978643235313939e-06,2.2765489120502025e-05,9.796446647669654e-06,6.047488568583503e-06,3.2712202937545953e-06,5.517469162441557e-06,7.167287549236789e-06,1.8920663933386095e-05,0.0021015105303376913,0.003255456918850541
6,The place of death of M. B. Sreenivasan is,The place of death of the composer of Onappudava is,M. B. Sreenivasan,the composer of Onappudava, Lakshadweep,1.50615312577429e-06,8.747131687414367e-06,4.093068855581805e-05,2.033069222306949e-06,5.7173820096068084e-06,1.5988449604265043e-06,9.125729434344976e-07,1.1722621593435179e-06,2.852583747880999e-06,1.0201143822996528e-06,2.1774274500785396e-05,2.2125836039776914e-05,0.0001976604398805648,2.295017839060165e-05,1.990072451008018e-05,3.7560428154392866e-06,4.9009258873411454e-06,5.853472430317197e-06,2.025715548370499e-05,1.0496679351490457e-05,2.468411139489035e-06,1.204641375807114e-05,8.7977296061581e-06,2.8760907298419625e-05,2.1458422452269588e-06,3.4081799640262034e-06,5.692858735528716e-07,3.1070933914634224e-07,7.453314765371033e-07,1.8854110805932578e-07,9.155847919828375e-07,1.3743403997068526e-06,2.7503153887664666e-06,3.5364660107006785e-06,1.6734292103137705e-06,8.66832010615326e-07,4.482660642679548e-06,2.2031410935596796e-06,8.001576929927978e-07,9.248996661881392e-07,7.072711127875664e-07,7.964174983499106e-06,4.519306003203383e-06,1.8433230479786289e-06,1.0703046200433164e-06,4.913867542200023e-06,2.68078633780533e-06,4.621653715730645e-06,3.636838528109365e-06,4.969726433046162e-06,1.966013769560959e-06,4.086431545147207e-06,1.756140932229755e-06,2.423463911327417e-06,2.4167029550881125e-06,5.818080808239756e-07,4.6759325300627097e-07,4.095341807897057e-07,3.140386866107292e-07,2.1790948778743768e-07,1.309073383026771e-07,2.2104779873188818e-07,3.557713057489309e-07,5.457011980070092e-07,6.060641908334219e-07,2.1615863943225122e-07,1.0825264951108693e-07,1.0865143451610493e-07,1.7240454042166675e-07,1.7206340885422833e-07,1.0056796639901222e-07,4.8177607681054724e-08,9.597442840458825e-08,1.9925455774227885e-07,1.3404385867943347e-07,3.2405327488049807e-07,8.788120453573356e-08,4.628943202078517e-07,1.539385152682371e-07,1.1945881794872548e-07,0.0003488212823867798,0.00012365543807391077
7,The place of death of Zine El Abidine Ben Ali is,The place of death of the spouse of Naïma Ben Ali is,Zine El Abidine Ben Ali,the spouse of Naïma Ben Ali, Jeddah,0.0004410256224218756,0.0003090240352321416,4.893554068985395e-05,8.902233821572736e-05,0.00020047744328621775,1.8375145373283885e-05,2.9828415790689178e-05,1.5844170775380917e-05,7.255918171722442e-05,2.8914801077917218e-05,2.8522808861453086e-06,2.9574608561233617e-05,3.698079672176391e-05,8.527754289389122e-06,0.00026079072267748415,0.0001784800988389179,6.43876992398873e-05,0.0001696917024673894,0.00011530621850397438,0.00012352369958534837,7.336644921451807e-05,0.00011217917199246585,3.895459303748794e-05,1.5390720591312856e-06,4.944861302647041e-06,2.3071263512974838e-06,2.555511628088425e-06,2.818023676809389e-05,6.976480563025689e-06,1.1671255379042123e-05,1.760589839250315e-05,4.869802432949655e-05,0.00027738610515370965,8.327487739734352e-05,0.0001737859274726361,0.00017020189261529595,8.8647568190936e-05,8.417858225584496e-06,9.041549492394552e-05,6.122058039181866e-06,0.00012489045911934227,0.00011226882634218782,2.9966469810460694e-05,9.900702934828587e-06,1.9919480109820142e-06,5.273842816677643e-06,5.882553750780062e-07,1.0311950973118655e-05,8.240696843131445e-06,2.6395935037726304e-06,2.2991831428953446e-05,7.871572961448692e-06,5.516286364581902e-06,1.8796734366333112e-05,2.3478945877286606e-05,4.7337434807559475e-06,2.094803494401276e-05,2.3286442228709348e-05,0.0002159168798243627,0.00022446167713496834,0.0005480105755850673,0.004613903351128101,0.013574563898146152,0.00904933176934719,0.025918269529938698,0.25429701805114746,0.06273765116930008,0.22649447619915009,0.13500548899173737,0.12202707678079605,0.33020156621932983,0.8183321356773376,0.9858211874961853,0.9833794236183167,0.9650081992149353,0.9734322428703308,0.9736359715461731,0.9972285628318787,0.6830474734306335,0.8505916595458984,4.840598558075726e-05,0.054478343576192856
8,The country of Charles University is,The country of the publisher of Prague Papers on the History of International Relations is,Charles University,the publisher of Prague Papers on the History of International Relations, Czech Republic,2.7665191737469286e-06,2.0840212755501852e-07,5.369500755136869e-08,6.222216342166575e-08,2.7674613534145465e-07,6.216105248313397e-07,1.0829219831975934e-07,7.264479506829957e-08,2.1461926280608168e-07,1.244891905116674e-07,2.2125186660559848e-07,2.5577170958968054e-07,8.169791954060202e-08,1.1837672531100907e-07,7.34417895387196e-08,7.512908695161968e-08,1.0922916260369675e-07,1.3354593875192222e-07,3.3013796496561554e-07,2.820505073941604e-07,4.02355340156646e-07,7.940207069623284e-07,3.9127931472648925e-07,1.331856765318662e-06,6.676409611827694e-06,3.4533304642536677e-06,3.724456405507226e-07,4.3186270204387256e-07,4.891801381745609e-07,1.3514735428543645e-06,9.261154900741531e-07,6.266287755352096e-07,4.015899435216852e-07,7.269929938047426e-07,7.93166520907107e-07,1.89891736113168e-07,2.553738909227832e-07,9.863862260317546e-07,6.289469069997722e-07,5.803147473670833e-07,5.710188588636811e-07,1.1426004675740842e-06,2.5086870664381422e-05,2.9947161237942055e-05,8.075824734987691e-05,4.5943394070491195e-05,3.958027809858322e-05,4.469663690542802e-05,4.542353781289421e-05,5.0718659622361884e-05,5.567942207562737e-05,4.804457421414554e-05,2.6148914912482724e-05,3.578931136871688e-05,2.512171158741694e-05,1.2368709576549008e-05,1.1934685971937142e-05,1.2219451491546351e-05,1.2237845112395007e-05,8.155097020789981e-06,1.0512073458812665e-05,5.324193807609845e-06,8.163605343725067e-06,3.936903340218123e-06,1.6393003079429036e-06,1.2723470490527689e-06,2.090223915729439e-06,2.93624020741845e-06,5.957034773018677e-06,7.462350367859472e-06,8.103931577352341e-06,2.3020626031211577e-05,2.6858857381739654e-05,1.8789081877912395e-05,1.2149833310104441e-05,1.984561822609976e-05,2.8306637886998942e-06,7.796567160767154e-07,5.096397330817126e-07,2.033379189469997e-07,0.4517287313938141,0.0672052800655365
9,The employer of Éric Rohmer is,The employer of the director of Triple Agent is,Éric Rohmer,the director of Triple Agent, Cahiers du cinéma,1.4817529745414504e-06,5.2685454647871666e-06,2.7462135676614707e-06,0.00014792363799642771,1.8969252778333612e-05,0.0001279486605199054,0.0001386561489198357,0.0002071366470772773,2.4375165594392456e-05,0.0001408869429724291,0.0002072716597467661,2.1978014046908356e-05,4.201091996947071e-06,2.3030577722238377e-05,2.8402696443663444e-06,1.3290285778566613e-06,7.463441988875275e-07,8.223156555686728e-07,9.777570539881708e-07,2.100759729728452e-06,4.409436587593518e-05,2.4820574253681116e-05,4.527554210653761e-06,9.222397238772828e-06,6.101837243477348e-06,1.5592266208841465e-05,1.2100465937692206e-05,4.933293439535191e-06,4.621287644113181e-06,2.666439058884862e-06,2.3277966647583526e-06,1.1582651495700702e-06,1.6786975720606279e-07,1.6229503785325505e-07,4.830903890251648e-07,3.369412524989457e-06,2.3674538169871084e-06,1.6975074004221824e-06,1.8672220676307916e-06,1.782303456820955e-06,1.4582676612917567e-06,2.298155322932871e-06,1.27867924675229e-05,1.1662474207696505e-05,2.8582115191966295e-05,4.38554234278854e-05,1.1764758710341994e-05,1.922140654642135e-05,1.692509977146983e-05,9.435791525902459e-07,1.0525519655857352e-06,1.4863443311696756e-06,4.610894848156022e-06,1.0785905715238187e-06,6.86988187226234e-06,1.339028949587373e-05,4.011227792943828e-05,0.00016843838966451585,0.00016032319399528205,0.00011827384878415614,7.178938540164381e-05,4.793037078343332e-05,4.9863541789818555e-05,3.711546742124483e-05,7.139132503652945e-05,3.7580382922897115e-05,3.8711510569555685e-05,4.501861985772848e-05,5.0678529078140855e-05,4.894537414656952e-05,6.37923731119372e-05,0.00010551160085014999,8.021051326068118e-05,9.867143671726808e-05,9.483831672696397e-05,0.0003226537082809955,0.0001932086597662419,7.921348878880963e-05,0.00015983650519046932,0.00015579932369291782,7.766246199025773e-06,4.225887096254155e-05
10,Khoa Do received the,The director of Footy Legends received the,Khoa Do,the director of Footy Legends, Young Australian of the Year,1.9265814898972167e-07,7.769339731567015e-07,1.747734813761781e-06,3.4763424991979264e-06,8.23325081000803e-07,2.6041279852506705e-06,6.3200127442542e-06,6.907030910952017e-05,9.170249541057274e-06,0.0001301859738305211,0.00030664028599858284,2.6270347007084638e-05,2.432708924970939e-06,1.4634681519964943e-06,3.47465925187862e-06,6.695985916849168e-07,3.3700126778057893e-07,3.4720221719908295e-07,2.651185866398009e-07,3.2525440474273637e-07,8.400684237130918e-08,1.8333822993099602e-07,6.570969048880215e-07,3.90526764704191e-07,1.0416046052341699e-06,9.455270060243492e-07,3.8304474969663715e-07,5.545131216422305e-07,7.972014373081038e-07,1.638100343370752e-06,9.024720952766074e-07,6.342494543787325e-06,1.2957760873177904e-06,2.985321543746977e-06,1.9337587673362577e-06,3.082395096498658e-06,1.1970835657848511e-05,1.98937068489613e-05,5.488220995175652e-05,5.652949766954407e-05,2.084963307424914e-05,6.386191671481356e-05,1.2494851034716703e-05,8.923461791709997e-06,1.1330572533552186e-06,6.3715019678056706e-06,1.7147949620266445e-05,1.2673232959059533e-05,1.4975480553403031e-05,1.3092851077090017e-05,6.556337666552281e-06,1.600726477590797e-06,2.2871120108902687e-06,4.120166067878017e-06,3.3789215194701683e-06,5.327870439941762e-06,3.6641149563365616e-06,6.233484327822225e-06,2.333719294256298e-06,6.882252137074829e-07,4.826487725040352e-07,7.108427553248475e-07,2.9121345050953096e-06,1.1406967814764357e-06,3.059618848055834e-06,1.885793039946293e-06,7.130469157345942e-07,2.159953282898641e-06,1.7810410781748942e-06,1.6208579154408653e-06,8.062976121436805e-06,3.555825514922617e-06,6.729368124069879e-06,1.4332340469991323e-05,1.1248183909629006e-05,1.2363379028101917e-05,3.7546894873230485e-06,5.537371635000454e-06,1.7513209968456067e-05,6.724568720528623e-06,0.002272786805406213,0.007789483293890953
11,The place of death of Luciano Salce is,The place of death of the director of Basta guardarla is,Luciano Salce,the director of Basta guardarla, Rome,1.0493412446521688e-05,2.6043110210594023e-06,2.518970859455294e-06,1.9495634262511885e-07,7.088626574613954e-08,2.0533217082174815e-07,1.406955618676875e-07,4.734291678687441e-07,1.129527049670287e-06,2.5512585466458404e-07,3.7142008295631967e-06,3.170343688907451e-06,1.7362081052851863e-06,8.439649263891624e-07,7.009787623246666e-06,8.174801223503891e-06,1.246658848685911e-05,5.675449301634217e-06,2.3617478746018605e-06,1.5349947091181093e-07,4.4739292093254335e-07,2.028578904855749e-07,1.6700454352758243e-07,5.279177344164054e-07,1.2934696087540942e-06,2.4657458652654896e-06,1.7200670754391467e-06,9.121494031205657e-07,2.2281556084635668e-06,4.50757761427667e-06,2.741133585004718e-06,2.2263229766394943e-06,1.6229203083639732e-06,1.8191818753621192e-06,1.4489761497316067e-06,3.5095001749141375e-06,8.259034075308591e-06,0.00010874951112782583,0.0003342225681990385,0.00024478367413394153,0.0001686393516138196,0.00023360834165941924,0.000374783092411235,0.0001458343758713454,0.00038375292206183076,0.0015140243340283632,0.0009740402456372976,0.001964692724868655,0.0007573503535240889,0.000649914494715631,0.0017299946630373597,0.009301859885454178,0.009722049348056316,0.00388244166970253,0.009864375926554203,0.008450151421129704,0.019271602854132652,0.014187433756887913,0.03695056214928627,0.06400053948163986,0.017384184524416924,0.014591091312468052,0.038713790476322174,0.01678580604493618,0.012356751598417759,0.21541395783424377,0.09070011228322983,0.004552954342216253,0.004947188775986433,0.013265224173665047,0.04217510297894478,0.019801735877990723,0.008037757128477097,0.003892200766131282,0.005300966091454029,0.02114691771566868,0.004705528263002634,0.0018749546725302935,0.00469808978959918,0.0004262310394551605,0.003752972697839141,0.40204694867134094
12,The place of birth of Fernando Di Leo is,The place of birth of the director of Mister Scarface is,Fernando Di Leo,the director of Mister Scarface, San Ferdinando di Puglia,1.6951793213593191e-06,1.4010970517119858e-06,5.57482781005092e-06,8.440655619779136e-06,3.6414330679690465e-06,9.23512016015593e-06,2.4498378934367793e-06,3.5752577787206974e-06,4.241314854880329e-06,4.095709300599992e-06,1.1250890565861482e-05,2.8991128147026757e-06,6.044764404578018e-07,5.7550359997549094e-06,1.1776188330259174e-05,5.251716629572911e-06,3.68916334991809e-06,2.0248769487807294e-06,1.744227483868599e-05,4.463285222300328e-06,1.0379384320913232e-06,1.3268564543977845e-05,2.7851733648276422e-06,2.3068743757903576e-05,8.039151907723863e-06,9.305185812991112e-06,1.2509887028500088e-06,4.579734195431229e-06,8.026294153751223e-07,6.934831731086888e-07,3.826346812729753e-07,3.0748736890018336e-07,1.2502189861152146e-07,1.8826414205364017e-08,3.5242244678102e-08,3.8764969190197007e-07,7.540311344200745e-07,9.94389847619459e-06,8.866146345098969e-06,2.439639501972124e-06,1.8655249505172833e-06,1.4008309108248795e-06,6.993017223067e-07,6.457857466557471e-07,4.243702846906672e-07,2.882150909044867e-07,4.327371527779178e-07,1.0656348194970633e-06,2.8608658908524376e-07,1.419066961716453e-07,6.85414704548748e-07,1.936273861247173e-07,3.6074823128728895e-07,9.2525240802388e-08,9.624192642831986e-08,4.13439558144546e-08,7.07829244106506e-08,6.741561975331933e-08,6.537631236369634e-08,1.830858842311045e-08,3.104087298311242e-08,5.1385004695703174e-08,1.4763656075444942e-08,9.049024640717107e-09,7.271358271054851e-08,4.498160421917419e-08,9.524218747003488e-09,1.1302484281827674e-08,9.600221062555647e-09,1.5454499902034513e-08,1.9043339349877897e-08,4.5982201157812597e-08,1.3598807413472969e-07,3.918577249351074e-07,1.5096561583050061e-05,8.081759006017819e-05,2.5187597202602774e-05,0.0012484259204939008,0.0003191428550053388,4.949402136844583e-05,0.006465139798820019,0.33145904541015625
13,The employer of Éric Rohmer is,The employer of the director of Love in the Afternoon is,Éric Rohmer,the director of Love in the Afternoon, Cahiers du cinéma,3.5024372664338443e-06,1.4599371525036986e-06,9.85328370006755e-07,6.553702291967056e-07,3.253349177612108e-06,1.410069853591267e-05,4.430551780387759e-05,3.437212944845669e-05,3.594019744923571e-06,2.2820382582722232e-05,5.4033720516599715e-05,5.400421287049539e-06,1.2774087281286484e-06,3.1808947369427187e-06,5.28351222328638e-07,5.419587978394702e-07,3.120782992027671e-07,1.4311993936644285e-06,5.102857016936468e-07,9.439231121177727e-07,3.672636375995353e-05,1.3627519365400076e-05,4.435325990925776e-06,2.2469666873803362e-05,1.105682531488128e-05,1.5554309356957674e-05,9.8937844086322e-06,1.844504481596232e-06,3.38231848218129e-06,2.156917844331474e-06,7.082757065290934e-07,2.937297267635586e-07,1.5273492692813306e-07,4.6406390197262226e-07,1.569540017953841e-06,2.931576545961434e-06,5.593270998360822e-06,4.103821083845105e-06,6.84055930832983e-06,5.570425855694339e-06,4.160325261182152e-06,6.6129027800343465e-06,2.748705810518004e-05,3.323549753986299e-05,0.00010414147982373834,5.3758045396534726e-05,2.8273196221562102e-05,3.440695581957698e-05,1.852111927291844e-05,1.870967139439017e-06,2.745028268691385e-06,2.6093255200976273e-06,1.746983252814971e-05,1.0135025149793364e-05,1.76737921719905e-05,4.915238241665065e-05,0.00011138545232824981,0.0006405967869795859,0.00046372725046239793,0.0005121816648170352,0.0004404126084409654,0.0004501407383941114,0.0003614510642364621,0.00023282633628696203,0.0002761849027592689,0.000178574220626615,0.0002131616056431085,0.00040316081140190363,0.000602615182287991,0.0006522397161461413,0.0010842483025044203,0.0026302719488739967,0.0010335126426070929,0.0011383701348677278,0.0026698021683841944,0.004851282108575106,0.003089569741860032,0.002514446619898081,0.0033102219458669424,0.0022033967543393373,3.966161330026807e-06,4.225887096254155e-05
14,The date of death of Sergei Eisenstein is,The date of death of the director of The General Line is,Sergei Eisenstein,the director of The General Line, 11 February 1948,0.00010973506869049743,0.0003611205902416259,0.00013625425344798714,0.0009013073286041617,0.0005186892813071609,0.0020848948042839766,3.615170862758532e-05,9.33106605316425e-07,3.666004388946931e-08,1.0974511299721712e-09,1.074147235158307e-06,2.5756449417713156e-07,1.2131066569054383e-06,2.7409164431446698e-06,0.0027587248478084803,3.211608054698445e-05,6.841150752734393e-05,5.601751399808563e-05,0.0002351195435039699,8.166113730112556e-06,4.1343231714563444e-05,7.82298666308634e-05,0.002911323681473732,0.09099677205085754,0.031316231936216354,0.00013379297161009163,0.00013501488137990236,0.00017753483552951366,0.00014437049685511738,0.00916250329464674,2.6031262677861378e-05,0.001021493342705071,0.0021248655393719673,0.0008010133751668036,6.962267070775852e-05,3.4560260246507823e-05,1.0373114491812885e-05,6.128931545390515e-06,3.472534046977671e-07,1.666774187469855e-05,1.418479769199621e-07,3.3007488298153476e-08,2.1586269213003106e-05,5.922771833866136e-06,2.3552067887067096e-06,1.659394365560729e-05,0.004301630426198244,0.001498947269283235,0.0008841512608341873,0.00024402796407230198,0.0006772109773010015,0.00013175487401895225,0.001789814792573452,2.7362023047317052e-06,0.0005574831739068031,8.371197509404738e-06,8.29404507385334e-06,0.0006458907155320048,3.0806368158664554e-05,0.0013386678183451295,5.153367601451464e-05,4.9572404350328725e-06,2.6929701562039554e-06,2.3487373255193233e-06,0.00032480471418239176,0.00010425563232274726,8.572405204176903e-05,0.00012559645983856171,0.0004258441913407296,0.00011416132474550977,0.0006238870555534959,0.00015279531362466514,0.005498901940882206,0.0004710382199846208,0.010236339643597603,0.02657313644886017,0.021511608734726906,0.012662671506404877,0.016109388321638107,0.0015738632064312696,0.09218914061784744,0.19638042151927948
15,The cause of death of Philippa of Hainault is,The cause of death of the mother of Joan of England is,Philippa of Hainault,the mother of Joan of England, edema,1.8022542462858837e-06,1.786494249245152e-05,2.8508280593086965e-05,3.339582690387033e-05,6.336661954264855e-06,1.3377797358771204e-06,9.468514008403872e-07,3.63498656952288e-07,1.033205663247827e-07,1.1368446450887859e-07,3.115414415333362e-08,8.132597884014103e-08,1.4077059518058377e-07,5.010344921174692e-07,7.66361608839361e-07,1.6882696627362748e-06,7.203118002507836e-06,5.496809535543434e-06,3.6481629649642855e-05,7.544408617832232e-06,9.266712368116714e-06,3.1763846664034645e-07,5.671464168699458e-05,1.0691947863961104e-05,1.0619447493809275e-05,1.1822161468444392e-05,1.4472897191808443e-06,3.2559369174123276e-06,1.4014722182764672e-06,1.988587200685288e-06,3.018562210854725e-06,9.794104698812589e-06,3.821349673671648e-05,1.5599616745021194e-05,1.682773836364504e-05,2.6929108571493998e-05,1.0663950888556428e-05,1.2958819752384443e-05,7.61390720072086e-06,1.1161604561493732e-05,2.1872354409424588e-05,0.00015021245053503662,6.90445740474388e-05,9.292303002439439e-05,0.0007966479170136154,0.00018416483362670988,5.289593536872417e-05,0.00026250124210491776,7.971952436491847e-05,3.131380071863532e-05,0.00020395821775309741,0.00021982529142405838,0.00014474459749180824,0.00012526811042334884,0.00012829368642996997,3.1605341064278036e-05,3.281201497884467e-05,8.726646774448454e-05,4.290055949240923e-05,8.822104427963495e-05,0.00020334689179435372,0.00020313807181082666,0.00010301697329850867,0.00011006569548044354,3.3429292670916766e-05,6.49268549750559e-05,0.0002395167830400169,0.00016235453949775547,0.0003449395881034434,0.00020725559443235397,0.00016746364417485893,0.00011057416850235313,0.00013432896230369806,0.00020579139527399093,4.3502612243173644e-05,3.9189941162476316e-05,5.684034476871602e-05,2.1523703253478743e-05,3.824871964752674e-05,1.16006567623117e-05,9.45436204347061e-06,1.1640160664683208e-05
16,The place of death of Adolf IV of Berg is,The place of death of the father of Count Engelbert I of Berg is,Adolf IV of Berg,the father of Count Engelbert I of Berg, Altenberg,3.669947182061151e-05,1.5859674022067338e-05,1.205529406433925e-05,2.233031773357652e-05,9.466851770412177e-05,2.5011335310409777e-05,2.4682314688107e-05,5.904212230234407e-06,2.4243659936473705e-05,6.47937340545468e-05,6.683421815978363e-06,5.625603080261499e-05,5.4732013268221635e-06,2.3093016352504492e-05,2.7764186597778462e-05,5.691217666026205e-06,3.0512199373333715e-05,0.00010878006287384778,2.802444032568019e-05,6.134909199317917e-06,6.144043709355174e-06,1.145831220128457e-06,7.12674636815791e-06,2.2211002033145633e-06,4.978205652150791e-06,5.764723755419254e-05,6.199273047968745e-05,5.5922806495800614e-05,1.2635825441975612e-05,2.958756340376567e-05,2.7553072868613526e-05,0.00011507424642331898,3.622395888669416e-05,1.5095698472578079e-05,1.2981575309822802e-05,4.599647581926547e-05,3.236496922909282e-05,2.21583013626514e-05,4.460740001377417e-06,1.6242942365352064e-05,1.3109706742397975e-05,5.717489329981618e-06,7.460434062522836e-06,1.4901231679687044e-06,3.489262553557637e-06,1.8980381355504505e-06,3.2029054182203254e-06,1.0221946467936505e-05,6.828286586824106e-06,3.103202516285819e-06,1.1371917025826406e-06,2.7092564778286032e-06,4.5373226384981535e-06,7.046997779980302e-06,2.090476982630207e-06,1.4061234878681717e-06,1.0236095704385662e-06,3.416969320824137e-06,1.4341137557494221e-06,1.166783204098465e-05,9.15752571017947e-06,4.210626684653107e-06,1.7857898910733638e-06,3.71132455256884e-06,1.2996592886338476e-06,1.1922427347599296e-06,1.7093648239097092e-06,5.978097874503874e-07,5.724109541915823e-07,9.563347703078762e-06,6.5075792008428834e-06,1.5712611229901086e-06,1.744488599797478e-06,2.4294996592288953e-07,5.752065703745757e-07,2.7147395940119168e-06,2.1639307306031696e-06,5.296371000440558e-06,6.318639407254523e-06,5.827174391015433e-05,0.0012031302321702242,0.00226600538007915
17,The date of death of Baudouin de Courtenay is,The date of death of the father of Cezaria Jędrzejewiczowa is,Baudouin de Courtenay,the father of Cezaria Jędrzejewiczowa, 3 November 1929,0.007767831441015005,0.0011992852669209242,0.2980698347091675,0.0007376769208349288,0.0020870526786893606,0.031532157212495804,0.0075298179872334,0.0007596802897751331,0.00025419838493689895,0.0016743838787078857,2.7835560103994794e-05,0.0006085924105718732,0.0015093698166310787,0.003589410800486803,0.0006766744190827012,0.00019290929776616395,1.809620334825013e-05,0.0012192747090011835,0.0003772448981180787,0.000457380258012563,2.2908721803105436e-05,5.156384304427775e-06,4.647195237339474e-05,0.00020827339903917164,0.012025877833366394,0.00589094078168273,0.0009994716383516788,0.008560900576412678,0.004786090925335884,0.021796444430947304,2.250237957923673e-05,7.240546437969897e-06,0.002154313027858734,0.0030625134240835905,0.7295863032341003,0.23053120076656342,0.4803382456302643,0.3039742410182953,0.6160939931869507,0.14471852779388428,0.05521149933338165,0.04985563084483147,0.06370247900485992,0.39024582505226135,0.03046441823244095,0.06758608669042587,0.0015174346044659615,0.18799234926700592,0.002386907348409295,1.5098473340913188e-05,0.00017543384456075728,0.00020171579672023654,0.0008326341630890965,0.00031809095526114106,2.8641054086619988e-05,4.46661033493001e-05,2.7352164124749834e-06,6.124047649791464e-05,3.3317069210170303e-06,4.915101271762978e-06,2.5591950816306053e-06,4.588860520016169e-06,1.085635904019e-05,2.1925599867245182e-05,0.0008874721825122833,2.3740438336972147e-05,0.005021905992180109,4.329438161221333e-05,0.0005038299132138491,4.740934673463926e-05,0.00023645696637686342,1.31583510665223e-06,7.987567869349732e-07,7.220425322884694e-05,8.181577868526801e-06,0.0004194091015961021,2.347152985748835e-05,0.0006892529199831188,0.0005366987315937877,0.00045798614155501127,0.021644646301865578,0.06292207539081573
18,The place of birth of Carlos F. Borcosque is,The place of birth of the director of My Country's Wings is,Carlos F. Borcosque,the director of My Country's Wings, Valparaíso,8.361114396393532e-07,6.792378371756058e-06,1.1205270311620552e-05,7.7275704825297e-05,1.9406415958655998e-05,2.3276859792531468e-05,2.55606573773548e-06,2.120288854712271e-06,5.5744958444847725e-06,2.160403482776019e-06,2.6000876459875144e-05,1.0799012670759112e-05,3.448730785748921e-05,9.350887557957321e-05,0.00012685540423262864,0.00019123475067317486,0.0006388433394022286,0.0007137272623367608,0.0016582113457843661,0.0012675197795033455,0.0015097031136974692,0.0003290766617283225,0.00170438876375556,0.00031674187630414963,0.0007011474808678031,0.0004377308359835297,9.625825623515993e-05,0.0002367484848946333,7.530511356890202e-05,0.0003511503164190799,0.00016669515753164887,6.977032171562314e-05,0.0002481912088114768,2.9691062081838027e-05,1.1382865523046348e-05,4.514563624979928e-05,8.016028004931286e-06,2.5159547476505395e-06,2.475559085723944e-06,2.341687149964855e-06,1.2594530289788963e-06,1.6909540363485576e-06,8.017336199372949e-07,2.053968017889929e-07,1.446141482119856e-06,1.5149935279623605e-06,1.7578749975655228e-06,6.510230832645902e-06,3.5346622553333873e-06,4.361551418696763e-06,2.9024836294411216e-06,2.29462807510572e-06,3.266859721406945e-06,6.463069439632818e-06,5.509311904461356e-06,1.9335825527377892e-06,1.8261480363435112e-06,4.063332653458929e-06,2.018008217419265e-06,8.983974112197757e-06,1.4299573194875848e-05,1.2994432836421765e-05,1.9692479327204637e-05,2.1339679733500816e-05,3.1019259040476754e-05,7.078961971274111e-06,1.2460742254916113e-05,3.589085736166453e-06,2.258460654047667e-06,8.130499736580532e-06,2.22570524783805e-05,1.736839180921379e-06,3.7522572711168323e-06,1.0894363185798284e-05,4.761115633300506e-06,2.3639131541131064e-06,4.351779352873564e-06,6.089209364290582e-06,1.6233463611570187e-05,4.148914285906358e-06,0.0005558159318752587,0.0008735129958949983
19,The employer of Joseph Barbera is,The employer of the director of Gallopin' Gals is,Joseph Barbera,the director of Gallopin' Gals, Van Beuren Studios,3.56520718014508e-06,1.2959970945303212e-06,1.5009695744083729e-06,1.590853457855701e-06,3.639964688773034e-06,2.990851498907432e-06,2.665892225195421e-06,7.628221965205739e-07,1.259642203876865e-07,1.498774508945644e-07,2.031901260579616e-07,7.886697517278662e-07,5.194107757233724e-07,4.645546312076476e-07,4.90715194700897e-07,1.5577730039240123e-07,2.870168316349009e-07,6.447534701692348e-07,8.290103323815856e-07,4.918691161037714e-07,1.0827121741385781e-06,4.135926303661108e-07,1.9393062302697217e-06,2.3110617348720552e-06,4.3113234937663947e-07,1.1283785852356232e-06,6.305157285169116e-07,8.408465390630226e-08,5.508532652243048e-08,7.285936476364441e-08,1.197916361661555e-07,1.386718082585503e-07,4.1115505666766694e-08,6.568208021917599e-08,3.4814598848242895e-07,2.651788406637934e-07,3.2028188456934004e-07,1.7594818757515895e-07,2.2373207286818797e-07,2.0784307253052248e-07,3.7840047184545256e-07,4.363427024145494e-07,3.704874984578055e-07,1.9255212180269154e-07,2.7858385465151514e-07,9.963526537148937e-08,1.991027005487922e-07,2.5398082925676135e-07,7.203321956694708e-07,7.786249511809729e-07,1.3267701888253214e-06,1.6943790797085967e-06,3.4892480016424088e-06,5.26199869455013e-07,6.364014666360163e-07,4.4959458023186016e-07,4.235580775002745e-07,4.983958206139505e-07,7.380548794344577e-08,1.058027834233144e-07,3.3248116437789577e-07,2.5143310722341994e-07,3.4378552982161636e-07,1.0247860018353094e-06,6.04182730512548e-07,4.2551661749712366e-07,8.638710369268665e-07,1.0257672329316847e-06,5.147454658072093e-07,3.245565096676728e-07,3.2709976949263364e-07,1.879745497035401e-07,2.995159604779474e-07,4.1672453221508476e-07,6.589822731939421e-08,1.980766484166452e-08,3.447900098763057e-08,1.2439278407327947e-07,1.5669500896819955e-07,2.546587154483859e-07,2.1522777387872338e-05,1.5337223885580897e-05
20,The spouse of Faith Evans is,The spouse of the performer of Burnin' Up is,Faith Evans,the performer of Burnin' Up, Notorious B.I.G.,5.409355799201876e-05,6.169352127471939e-05,7.903164078015834e-05,2.2509881091536954e-05,1.7776048480300233e-05,5.6808141380315647e-05,1.4435475350182969e-05,9.27774453884922e-06,2.5000103960337583e-06,5.85279963161156e-07,4.1556677388143726e-07,1.9078449042808643e-07,1.344924498880573e-06,1.58841748998384e-06,6.992178214204614e-07,1.3790359965071275e-08,3.6208071207965986e-08,1.1186614301550435e-07,8.973093486019934e-07,2.22865492105484e-06,2.509975502107409e-06,1.6875803339644335e-05,0.00011200960580026731,1.3324276551429648e-05,1.4377126717590727e-05,1.4796671166550368e-05,1.1082093806180637e-05,2.7839809263241477e-05,1.938064997375477e-05,9.765768481884152e-06,1.4768530490982812e-05,3.464659312157892e-05,1.089453598979162e-05,6.200284587976057e-06,4.249409357726108e-06,2.8388521968736313e-06,5.748427611251827e-06,4.577180789056001e-06,3.490746530587785e-05,3.85688053938793e-06,1.5926012565614656e-05,2.2334490495268255e-05,6.148416105133947e-06,3.09001143250498e-06,4.2113538256671745e-06,5.567068910750095e-06,3.4339880130573874e-06,4.0709396671445575e-06,2.722318095038645e-05,9.191217395709828e-05,3.400698187761009e-05,6.503036274807528e-05,5.3546467825071886e-05,0.00023137187235988677,0.00011422397801652551,2.0249637600500137e-05,6.046711405360838e-06,1.0045567250926979e-05,4.661693674279377e-05,2.3424152459483594e-05,2.5911926059052348e-05,0.00010899185144808143,3.355690205353312e-05,1.2477610653149895e-05,3.432773155509494e-05,7.291740621440113e-05,3.239090438000858e-05,0.00023181132564786822,0.00014068171731196344,6.900603329995647e-05,0.00015158040332607925,2.550681347202044e-05,0.00010654886136762798,1.9752716980292462e-05,7.894775626482442e-05,5.957587200100534e-05,1.9362974853720516e-05,1.312668132413819e-06,1.2254263310751412e-06,8.385301953239832e-06,6.273760664043948e-05,0.0014732192503288388
21,Jerzy Skolimowski was educated at,The director of Walkover was educated at,Jerzy Skolimowski,the director of Walkover, National Film School in Łódź,0.000255803344771266,5.38960775884334e-05,1.6274245353997685e-05,2.0609982129826676e-06,2.369117737544002e-06,1.2231641903781565e-06,7.556709988421062e-06,3.943095180147793e-06,7.635802830918692e-06,2.8285638109082356e-05,6.895826663821936e-05,0.0002474088396411389,5.047655122325523e-06,0.00022113350860308856,0.00026191904908046126,5.154239261173643e-05,0.00010216936061624438,1.198020254378207e-05,0.0002461846452206373,0.00015092895773705095,0.0001023498407448642,0.0001155276841018349,4.765402991324663e-06,3.375489995960379e-06,1.0334470061934553e-05,1.174568387796171e-05,2.9039938453934155e-06,6.834164310021151e-07,6.869734647807491e-07,3.0081262138992315e-06,2.1533451217692345e-05,3.832546644844115e-05,6.701269012410194e-05,0.0001203154752147384,6.161823694128543e-05,0.0006152543355710804,0.00010755380935734138,2.7177717129234225e-05,1.797777986212168e-05,4.341187832324067e-06,3.5445175399217987e-06,2.4246423890872393e-06,9.087687544706569e-07,6.925512820998847e-07,5.415543000708567e-07,2.77664241821185e-07,8.503453727826127e-07,1.22402525448706e-06,5.086968144496495e-07,1.592800629168778e-07,2.3263287118879816e-07,1.4759483235593507e-07,2.5216684207407525e-07,7.014806868710366e-08,4.655602126035774e-08,1.924153814059082e-08,2.363090878532148e-08,2.599125181745876e-08,5.864387642162683e-09,3.372631951492622e-08,3.103881240917872e-08,2.7540686176052986e-08,1.7285843867398398e-08,2.022862588546559e-08,4.2740392558471285e-08,4.363947425645165e-08,1.5989954249562288e-08,2.2403098043355385e-08,3.8689734083163785e-08,2.1284185081071882e-08,1.1721136949915945e-08,3.0909180992466645e-08,1.136733018824998e-08,1.0675584860564413e-08,2.633127138551572e-08,4.461155356239033e-08,9.906094078360184e-08,1.617655982499855e-07,9.575241932680001e-08,5.561107130347409e-08,0.0020821646321564913,0.00014927923621144146
22,The place of death of Nefertiti is,The place of death of the mother of Ankhesenamun is,Nefertiti,the mother of Ankhesenamun, Amarna,4.856530267716153e-06,1.8431539501762018e-05,2.4919405404943973e-05,7.244730659294873e-05,1.999285632336978e-05,3.772505806409754e-06,3.3988141012741835e-07,5.198896246838558e-07,2.1124566274011158e-07,3.2016944828683336e-07,4.473884587241628e-07,1.7960833247343544e-06,3.531558263603074e-07,9.83907625595748e-07,4.682642611442134e-06,5.451759079733165e-06,4.111686394026037e-06,8.110729140753392e-06,4.151113444095245e-06,1.56103415065445e-05,2.848984649972408e-06,1.7417665958419093e-06,1.1818510756711476e-06,1.7298756915806734e-07,6.53683855489362e-07,6.627436164308165e-07,5.350638275558595e-06,1.3038215001870412e-05,1.2322817383392248e-05,1.1072213965235278e-05,2.384555227763485e-05,2.0595542082446627e-05,1.108026935980888e-05,1.609655919310171e-05,1.5070763765834272e-05,2.7113870601169765e-05,1.7335252778138965e-05,9.10986364033306e-06,5.26489975527511e-06,5.751481694460381e-06,7.00044802215416e-06,4.19809066443122e-06,2.029462848440744e-05,8.740083103475627e-06,5.127959866513265e-06,1.5777238786540693e-06,1.2993307336728321e-06,2.309735464223195e-06,6.534697263305134e-07,4.435229925547901e-07,3.4632574852366815e-07,2.3253647896126495e-07,2.131107947889177e-07,1.8351335029365146e-07,1.7861246703887446e-07,8.649486460399203e-08,1.0841914388493024e-07,1.8413814473206003e-07,1.8170020155139355e-07,1.0107412862225829e-07,1.5702212863288878e-07,3.5790486663245247e-07,8.032498044485692e-08,9.558075220184037e-08,5.901949862163747e-07,1.3933875209204416e-07,7.010917357774815e-08,4.770245709551091e-08,7.849152439121099e-08,3.4179542751644476e-08,5.787877199736613e-08,6.684170017479119e-08,1.0607870137846476e-08,4.990683422079201e-08,2.1895345980738057e-08,1.6662154322943934e-08,7.205249374919731e-08,1.1901299501460016e-08,1.0861703536590994e-08,2.4256641140141255e-09,0.0001222886930918321,2.5428671506233513e-06
23,The place of birth of Adario Strange is,The place of birth of the director of Hikikomori: Tokyo Plastic is,Adario Strange,the director of Hikikomori: Tokyo Plastic, New York,6.225346442079172e-05,1.1470912795630284e-05,1.9970086668763543e-06,3.6115627608523937e-06,8.551202881790232e-06,3.560553886927664e-05,1.402964426233666e-05,1.2532958862720989e-05,2.6637599148671143e-05,7.69246707932325e-06,1.8608965547173284e-05,3.1440860766451806e-05,1.3069125088804867e-05,1.1755386140066548e-06,4.517214165389305e-06,1.848339138632582e-06,8.027724106796086e-06,1.4353851838677656e-05,5.174014859221643e-06,3.223403837182559e-06,1.2846815025113756e-06,5.228491772868438e-06,6.960335667827167e-07,5.323808636603644e-06,1.771666393324267e-05,5.059065006207675e-05,4.4282347516855225e-05,2.979198507091496e-05,0.000326532986946404,0.00019032105046790093,0.00020045341807417572,0.0008462328114546835,0.00023432447051163763,0.000160912997671403,0.00011516995436977595,0.00010227524762740359,2.0584444428095594e-05,0.00014661403838545084,0.0001274941605515778,0.00021019922860432416,8.47735718707554e-05,0.00024015075177885592,0.00011439150694059208,5.242201950750314e-05,0.00031680116080679,5.0037579057971016e-05,7.214794459287077e-05,0.00034785186289809644,0.0001858835603343323,0.0002148430357920006,0.00024045142345130444,9.382484859088436e-05,7.217053644126281e-05,0.00010667374590411782,9.420965943718329e-05,0.00025034387363120914,8.947427704697475e-05,1.9658220480778255e-05,3.0833747587166727e-05,5.183681787457317e-05,7.532982272095978e-05,2.082526589219924e-05,8.826956764096394e-05,4.7370620450237766e-05,6.854617095086724e-05,4.271368379704654e-05,3.161621862091124e-05,5.100059206597507e-05,3.206597102689557e-05,5.368969141272828e-05,4.364158303360455e-05,4.932598585583037e-06,5.15952669957187e-05,9.386515012010932e-05,2.155397305614315e-05,7.596799696329981e-05,8.731408888706937e-05,0.00017917568038683385,0.00014979239495005459,0.0002640247403178364,0.0030863808933645487,0.009805283509194851
24,The place of birth of Grover Jones is,The place of birth of the director of Thrilling Youth is,Grover Jones,the director of Thrilling Youth, Indiana,1.0879612091230229e-06,1.470691302074556e-07,9.862990282272222e-07,7.554307103418978e-06,2.0714421680168016e-06,5.720154149457812e-06,1.403625174134504e-05,5.053058703197166e-05,4.823682684218511e-05,3.2935498893493786e-05,2.561299697845243e-05,1.3169875273888465e-05,8.315560990013182e-06,1.8829447299140156e-06,5.0849821491283365e-06,1.735650016598811e-06,4.595036955379328e-07,2.847577320608252e-07,1.9605442957981722e-06,1.2123236956540495e-05,8.018725566216744e-06,2.0737163140438497e-05,6.753046181984246e-05,9.492092067375779e-05,0.00015364066348411143,4.3141975766047835e-05,5.801735460408963e-05,0.00030849638278596103,6.332910561468452e-05,0.00010077276965603232,0.00025134827592410147,8.80095612956211e-05,0.00010178102093050256,4.759125295095146e-05,4.343083128333092e-05,4.727245686808601e-05,6.98947042110376e-05,0.0001754470431478694,0.00013057510659564286,3.401195863261819e-05,7.516635378124192e-05,3.5892480809707195e-05,0.00015465474280063063,7.945322067826055e-06,2.111818321282044e-05,0.00014351784193422645,1.3023554856772535e-05,5.491456249728799e-05,0.0002115497482009232,2.8962498618056998e-05,1.5998195522115566e-05,5.402806345955469e-05,2.933712676167488e-05,1.1293863281025551e-05,3.865273538394831e-05,1.7790474885259755e-05,2.9835391615051776e-05,2.5979192287195474e-05,3.062363975914195e-05,4.742048622574657e-05,2.4349525119760074e-05,3.5996068618260324e-05,2.1555482817348093e-05,1.0385190762463026e-05,2.382171260251198e-05,2.823394061124418e-05,4.283177986508235e-05,5.3766689234180376e-05,4.098545832675882e-05,0.00011001931125065312,6.396632670657709e-05,5.547241016756743e-05,7.575252675451338e-05,6.907626811880618e-05,4.806389915756881e-05,3.731028118636459e-05,7.155974890338257e-05,0.00010967019625240937,0.00014914209896232933,0.0004079288337379694,1.2219098607602064e-05,0.0010387877700850368
25,The place of birth of J. Searle Dawley is,The place of birth of the director of The Death Dance is,J. Searle Dawley,the director of The Death Dance, Colorado,2.35776424233336e-05,0.00017588223272468895,6.500284507637843e-05,5.191750460653566e-05,8.516601155861281e-06,6.508415026473813e-06,5.67470715395757e-06,1.699496897344943e-05,3.712399484356865e-05,5.83291330258362e-06,2.347759391341242e-06,1.622125637368299e-06,1.7287974287683028e-06,9.158638363260252e-07,1.5961609278747346e-06,6.672807558061322e-06,7.805798304616474e-06,1.4125278084975434e-06,2.495629814802669e-06,6.376383794304274e-07,6.26086261945602e-07,6.4651185311959125e-06,2.4333878627658123e-06,2.1042192202003207e-06,1.2139432783442317e-06,5.713084760827769e-07,3.2381552728111274e-07,9.951112360795378e-07,1.930014605022734e-06,1.2520899872470181e-06,7.20940192877606e-07,3.259903280650178e-07,2.93266850803775e-07,1.0087899227073649e-07,3.823631189447951e-08,3.354178943482111e-07,1.8719504168984713e-07,2.5790268409764394e-07,5.956690642960893e-07,3.0345088930516795e-07,1.56764244252372e-07,5.957810458312451e-07,2.208518480983912e-06,3.626350917329546e-07,6.888349730616028e-07,2.5931176423910074e-06,6.640007654823421e-07,7.673504569538636e-07,6.671307914984936e-07,1.4704484385674732e-07,4.251558038959047e-07,1.4124030656148534e-07,1.436476679828047e-07,8.967678866156348e-08,2.5357934418934747e-07,7.533363088896294e-08,1.527246809018834e-07,3.3992452586062427e-07,9.530661770895676e-08,1.5583853496536904e-07,9.882251106319018e-08,1.008866163942912e-07,3.205539655937173e-08,3.7318727663659956e-08,8.0747213360155e-08,9.555464686172854e-08,4.255118213336573e-08,5.928703927793322e-08,2.6827805754692235e-08,9.658979394089329e-08,7.593963857743802e-08,5.583954632015775e-08,1.0292207974771372e-07,3.6972195971429755e-08,4.1531521333126875e-08,1.108174885189328e-07,3.3989575598525334e-08,1.5560112842649687e-07,8.625180214494321e-08,1.0845452180774373e-07,0.00012657055049203336,0.00015720681403763592
26,The country of citizenship of Myriam Fox-Jerusalmi is,The country of citizenship of the mother of Noemie Fox is,Myriam Fox-Jerusalmi,the mother of Noemie Fox, French,2.6639881980372593e-05,2.5221208488801494e-05,7.282877504621865e-06,7.635359224877902e-07,6.184699486766476e-06,7.954083685035584e-07,1.4013504596732673e-06,1.3617607237392804e-06,3.0841599709674483e-06,4.587283910950646e-06,6.56761767459102e-06,9.638812343837344e-07,1.3755617089827865e-07,3.599913256380205e-08,8.072747164078464e-07,3.524849887526216e-07,1.0423852927488042e-06,4.0228997022495605e-07,1.057450958796835e-06,2.3673578652960714e-06,2.6979973881680053e-06,5.2085661081946455e-06,7.995524356374517e-06,1.252357196790399e-05,4.4283162424108014e-05,6.917760765645653e-05,1.3265250345284585e-05,6.310091976047261e-06,2.1897854821872897e-05,8.659491868456826e-06,3.3537296985741705e-05,2.832214886439033e-05,1.3453835890686605e-05,1.603558484930545e-05,3.861218829115387e-06,3.651842462204513e-06,1.6430137748102425e-06,8.439333032583818e-05,1.4776476746192202e-05,7.279332930920646e-05,3.2578893296886235e-05,3.7998448533471674e-05,5.7825487601803616e-05,3.2855892641237006e-05,2.0664559997385368e-05,3.1701885745860636e-05,4.6864195610396564e-05,4.894033190794289e-05,2.5634299163357355e-05,1.1435588021413423e-05,1.415925635228632e-05,2.2748585251974873e-05,1.963564136531204e-05,3.377513348823413e-05,6.918417511769803e-06,5.279943798086606e-05,0.00011018746590707451,0.0015175476437434554,0.0019899196922779083,0.001569794025272131,0.0018597963498905301,0.002217658096924424,0.004236821550875902,0.005647666286677122,0.006383244879543781,0.016784783452749252,0.009664286859333515,0.005088526289910078,0.0073084705509245396,0.001322609488852322,0.002445145044475794,0.002094623167067766,0.05074121430516243,0.04242580011487007,0.05645669624209404,0.18760798871517181,0.07062438875436783,0.09263688325881958,0.03414689004421234,0.0013949641725048423,0.001686269068159163,0.0075929793529212475
27,The father of Dean Parisot is,The father of the director of Red 2 is,Dean Parisot,the director of Red 2, Aldo Parisot,4.12743156630313e-06,8.442229955107905e-06,2.2899723717273446e-06,7.802689651725814e-06,4.1320363379782066e-06,5.677413810190046e-06,1.9524914023349993e-06,2.13307976082433e-06,3.8277844396361616e-06,6.394785714292084e-07,4.076912034634006e-07,9.415817459057507e-08,8.488374305670732e-07,1.5585991377520259e-06,1.7744317801771103e-06,2.3442107703885995e-06,4.583935606206069e-06,1.2393473980409908e-06,1.4805754062763299e-06,1.389171870869177e-06,3.805690766967018e-07,1.534578331074954e-07,7.918831812503413e-08,3.885802186687215e-07,2.8406020646798424e-06,1.8820410332409665e-06,1.3522700328394421e-06,2.4077578473225003e-06,5.544174655369716e-06,1.7118276218752726e-06,2.694217528187437e-06,1.2519742540462175e-06,4.7051134970388375e-06,4.015895228803856e-06,1.0983563925037743e-06,3.3163137231895234e-06,7.284636012627743e-06,2.5442245714657474e-06,7.015491064521484e-06,2.0891422991553554e-06,2.2596655071538407e-06,2.1389325866039144e-06,2.5464960344834253e-06,2.0893721739412285e-06,1.0991299177476321e-06,7.545305606981856e-07,3.963326378197962e-07,2.8911850336044154e-07,4.506210018462298e-07,9.148450317297829e-07,6.491494559668354e-07,2.606310999908601e-06,1.1844316532005905e-06,1.2707528185273986e-06,4.642923272513144e-07,5.370164330997795e-07,1.3124683562182327e-07,4.7646335588069633e-07,2.260087086369822e-07,1.911687519395855e-07,2.871188371500466e-07,4.997546056983992e-07,1.3578566893102106e-07,2.2601977889280533e-07,1.70629306239789e-07,2.510043941583717e-07,1.6104034727959515e-07,1.9631706038580887e-07,3.2824658546815044e-07,2.2920660569525353e-07,1.0685896540962858e-06,1.3445468312056619e-06,1.803339159778261e-06,4.956513748766156e-06,1.127824725699611e-05,4.6969395043561235e-05,3.8373505958588794e-05,0.00010188192391069606,1.9701235942193307e-05,3.148621181026101e-05,1.3673168723471463e-05,0.001678434549830854
28,The country of citizenship of Bonnie Tyler is,"The country of citizenship of the performer of ""What You Need From Me is",Bonnie Tyler,"the performer of ""What You Need From Me", United Kingdom,5.521506864170078e-06,2.3666652850806713e-06,8.359930689039174e-06,3.151971441184287e-06,5.43192936675041e-06,5.27732083810406e-07,1.287858935938857e-06,3.902673597622197e-06,6.121981641626917e-06,5.176515969651518e-06,2.5980884856835473e-06,3.5708728773897747e-06,9.46684303926304e-06,5.451278775581159e-05,7.677094981772825e-05,1.2841285752074327e-05,0.00025819125585258007,2.0223860701662488e-05,4.474676461541094e-05,4.098848148714751e-05,0.00025131538859568536,0.0015089415246620774,0.001167097594588995,0.007226234767585993,0.0004424545622896403,0.0005234944983385503,0.0007722916197963059,0.0001624982396606356,0.00020693802798632532,5.831973976455629e-05,5.802954183309339e-05,0.0002482974960003048,7.46391451684758e-05,0.0009228270500898361,0.003194955177605152,0.007255933713167906,0.016947787255048752,0.08831599354743958,0.04176066443324089,0.0941191166639328,0.1919049620628357,0.33594420552253723,0.24047647416591644,0.34043070673942566,0.37951764464378357,0.6247945427894592,0.6611518859863281,0.4327087700366974,0.3882751166820526,0.4102744162082672,0.4372099041938782,0.620359480381012,0.6971843838691711,0.7239623069763184,0.6451406478881836,0.5545783638954163,0.43428486585617065,0.8794106245040894,0.7674480676651001,0.199417382478714,0.3487124443054199,0.19106853008270264,0.2513048052787781,0.4102610647678375,0.5369324088096619,0.7671379446983337,0.7496635913848877,0.7795103192329407,0.9709815979003906,0.9649639129638672,0.9801851511001587,0.9756751656532288,0.9259659647941589,0.8852280974388123,0.8866129517555237,0.9155821800231934,0.9202646613121033,0.9540681838989258,0.6482857465744019,0.5312482118606567,9.984005373553373e-06,0.20330440998077393
29,The place of birth of Esther Gronenborn is,The place of birth of the director of Alaska.de is,Esther Gronenborn,the director of Alaska.de, Oldenburg,4.687562977778725e-06,1.5801643939994392e-06,3.087983714067377e-06,1.433165152775473e-06,3.522251290632994e-07,3.9458544165427156e-07,1.3599600379166077e-07,6.765755529158923e-07,7.908465704531409e-06,5.73470651943353e-06,0.00014425630797632039,9.615397175366525e-06,1.0784951882669702e-05,1.3577498066297267e-05,1.32674640553887e-05,2.7434509775048355e-06,7.090529834385961e-06,2.9673051358258817e-06,7.7402000897564e-06,1.4988680959504563e-05,4.864339643972926e-05,5.397494533099234e-05,0.0001086954289348796,6.91587629262358e-05,1.5869271010160446e-05,3.24526808981318e-05,7.353772616625065e-06,1.0803672921610996e-05,1.0071780707221478e-05,1.1216556231374852e-05,9.249019058188424e-06,8.62131764733931e-06,9.411991413799115e-06,1.5008165519247996e-06,4.563406946545001e-06,2.6419183996040374e-06,8.871928685039165e-07,6.498578386526788e-07,5.01177908063255e-07,1.5875083363425802e-06,8.661978654345148e-07,5.86956389270199e-07,1.5087680083070154e-07,2.2031189317317512e-08,3.307201623670153e-08,1.1169176694636462e-08,1.1520334020076461e-08,3.491068412131426e-08,1.4435585171668208e-08,9.194751626750985e-09,1.2739306498588121e-08,2.2325060911043693e-08,5.3270795774551516e-08,7.773357424412097e-08,6.688849651936835e-08,4.015005217183898e-08,8.294323095014988e-08,1.1275494671281194e-07,3.0946971207868046e-08,1.094869830353673e-07,8.053760325310577e-08,2.7514305500631053e-08,5.491919097266873e-08,1.2176981556422106e-07,2.1642204472982485e-08,3.612753474158126e-08,2.4085919037020176e-08,2.818111433100512e-08,3.22696926957633e-08,1.9672376083690324e-07,5.543909082916798e-07,6.419476505925559e-08,5.187284273233672e-07,4.099882744412753e-07,5.617158649329212e-07,3.130191714717512e-07,1.4042611837794539e-06,1.247291947947815e-06,9.229074748873245e-06,5.25173663845635e-06,0.0008022740366868675,0.0007354757399298251
30,The date of death of Sargent Shriver is,The date of death of the father of Timothy Perry Shriver is,Sargent Shriver,the father of Timothy Perry Shriver," January 18, 2011",0.00028122286312282085,0.0005311701679602265,0.00017894874326884747,0.0001666689058765769,0.0004581572429742664,0.0001819069730117917,0.00010934247984550893,0.0003557291638571769,2.209132981079165e-05,2.9302031180122867e-05,6.115622818470001e-05,7.4775394750759e-05,0.00022869656095281243,1.9632509065559134e-05,3.089818710577674e-05,5.02751354360953e-05,1.2259833965799771e-06,0.0008610343793407083,0.0012618661858141422,0.00023470481391996145,0.00044523488031700253,0.0005035064532421529,0.00020395804313011467,0.001738005201332271,0.001755761681124568,0.0004284611495677382,0.0005638147704303265,7.736782572465017e-05,0.00041100828093476593,0.000957764801569283,0.0003460808366071433,0.00044513054308481514,0.0009360390831716359,0.030657950788736343,0.37312090396881104,0.262919545173645,0.32492369413375854,0.04435201361775398,0.11534446477890015,0.0037152059376239777,0.0030100580770522356,0.0005152670782990754,0.0011087647872045636,0.0007343292236328125,0.00023479746596422046,0.0006235103355720639,0.0003130889090243727,0.0002900627441704273,9.529333328828216e-05,0.0001484615058870986,0.00015780083776917309,4.017663741251454e-05,4.466556856641546e-05,2.5960567654692568e-05,0.00012268665886949748,0.00010022304923040792,0.00011846465349663049,0.00015010965580586344,0.0005911787739023566,0.00016737666737753898,0.00023108268214855343,0.00010808237129822373,7.408021338051185e-05,0.00014951667981222272,0.00040034702396951616,0.0001605505240149796,0.0003435715043451637,0.000720587617252022,0.001086302800104022,0.000947542255744338,0.0004329158691689372,0.00031174332252703607,0.2297784388065338,0.38256359100341797,0.37015727162361145,0.5098223090171814,0.558285117149353,0.5923025012016296,0.7501588463783264,0.7790428996086121,0.0031521981582045555,0.6483657360076904
31,The date of death of Prince Nikita Alexandrovich of Russia is,The date of death of the father of Prince Alexander Nikitich Romanov is,Prince Nikita Alexandrovich of Russia,the father of Prince Alexander Nikitich Romanov, 12 September 1974,1.156590883510944e-06,4.279452332411893e-05,1.597202572156675e-05,7.902472134446725e-06,0.05521833151578903,7.388977974187583e-05,0.00023398191842716187,0.0002984348393511027,2.5272394850617275e-05,0.00014867581194266677,0.00028371738153509796,0.000513438368216157,9.89042455330491e-05,0.012956020422279835,0.12140573561191559,0.0006372816278599203,0.0002824992698151618,0.004099159501492977,0.002031974494457245,0.00025915095466189086,0.00045116269029676914,7.869156979722902e-05,0.0001630561164347455,0.16230624914169312,0.006613652687519789,0.0007727643242105842,3.416571416892111e-05,2.3358688849839382e-05,3.596718443077407e-06,0.0004202909185551107,1.4800863937125541e-05,4.375028311187634e-06,0.00018312133033759892,0.00016878845053724945,0.00018010060011874884,8.798809722065926e-05,0.0005278185126371682,0.0008380962535738945,0.00042902163113467395,0.007347232196480036,0.000464537093648687,0.00041515452903695405,0.0055388943292200565,0.0014685170026496053,0.00016430327377747744,0.0015609880210831761,0.00026729333330877125,0.005054820328950882,0.007268237881362438,1.1751738384191412e-05,5.518605121324072e-06,4.99394855069113e-06,1.9436150978435762e-05,6.023563514645502e-08,2.6083837383339414e-06,2.284551328557427e-06,4.457757540876628e-07,5.758773841080256e-05,8.00766865722835e-05,4.603854540619068e-05,1.228269229613943e-05,7.482033834094182e-05,9.61978093982907e-06,1.541725760034751e-05,0.0002364413667237386,0.0003575878799892962,0.00017124207806773484,3.890971856890246e-05,0.0005423230468295515,6.656740879407153e-05,0.0007243808940984309,2.3945725843077525e-05,6.995293369982392e-05,0.00013505766401067376,0.0014962843852117658,0.00012607278767973185,0.0008725397055968642,0.0020114765502512455,0.0011379033094272017,0.00027129999944008887,0.02668871358036995,0.08895751088857651
32,The place of death of Dikkha is,The place of death of the spouse of Saw Thanda is,Dikkha,the spouse of Saw Thanda, Mrauk U,0.00016094632155727595,0.0001268332707695663,0.00010446066880831495,9.435635001864284e-05,0.00027820889954455197,0.00042019342072308064,0.0005674032727256417,2.312962715222966e-05,2.1688932974939235e-05,3.069888771278784e-05,5.691485512215877e-06,1.117432361752435e-06,3.4394950034766225e-06,2.605187034987466e-07,1.4070843462832272e-05,7.275357802427607e-06,1.5645674693587353e-06,3.418436563151772e-06,1.3590394701168407e-05,8.16584361018613e-06,1.0049780939880293e-05,8.132788025250193e-06,5.1407437240413856e-06,2.03542435883719e-06,1.9472363419481553e-06,7.500194669773919e-07,1.0291882972524036e-06,2.4749913336563623e-06,1.512080757493095e-06,9.670323379395995e-06,1.7738733504302218e-06,2.470707840984687e-06,3.7330879422370344e-05,5.1560000429162756e-06,9.219552339345682e-06,0.00010341806046199054,1.797661070668255e-06,7.220848601718899e-06,3.127329546259716e-05,0.00011454199557192624,7.082899537635967e-05,6.199979543453082e-05,0.0002752749715000391,5.1483544666552916e-05,0.00032120459945872426,5.553650771616958e-05,8.466139661322813e-06,5.704831437469693e-06,1.2044278264511377e-05,6.582482910744147e-06,4.218285539536737e-06,3.6791039747186005e-05,3.550826295395382e-05,8.30386852612719e-05,3.129027390968986e-05,4.301967237552162e-06,7.85377633292228e-05,4.141937097301707e-05,4.300037835491821e-05,3.466612542979419e-05,8.551975042792037e-05,6.994644081714796e-06,9.728320947033353e-06,1.9072151189902797e-05,5.992957085254602e-05,9.49938748817658e-06,3.275521521572955e-05,3.6862006709270645e-06,6.040688276698347e-06,1.6878836959222099e-06,4.21809727413347e-06,1.7415668480680324e-05,9.877359843812883e-06,0.00013362550816964358,2.536066176617169e-06,1.4306424418464303e-06,4.827059001399903e-07,2.761807138540462e-07,5.999019663249783e-07,1.3934387652625446e-06,0.0035845714155584574,0.0012816776288673282
33,The place of birth of Glenn Danzig is,The place of birth of the composer of Bullet is,Glenn Danzig,the composer of Bullet," Lodi, New Jersey",0.0001528166903881356,2.4979851787065854e-06,1.0574521184025798e-05,4.537037057161797e-06,7.150305464165285e-06,1.9116549083264545e-05,8.583016096963547e-06,7.746596565993968e-06,1.67524103744654e-05,3.6193368941894732e-06,1.0671147720131557e-05,2.9788864139845828e-06,3.1229733394866344e-06,1.010869618767174e-05,2.4335929992957972e-05,3.3696940135996556e-06,1.5101441022125073e-05,2.359246764171985e-06,4.058797458128538e-06,6.091985937928257e-07,1.8443510043653077e-06,2.94799269795476e-06,4.3491687051755434e-07,9.182213602798583e-07,1.8415864815324312e-06,8.016206720640184e-07,1.758287595521324e-07,1.0803610166476574e-06,6.436263078057891e-08,4.366480652606697e-07,1.0307085318572717e-07,9.944975545295165e-07,8.289042625619913e-07,5.793857781100087e-06,2.820348981913412e-06,1.956567984962021e-06,5.052153483120492e-06,1.0851502338482533e-05,2.3094551579561085e-05,1.667148171691224e-05,1.3250762549432693e-06,3.2947671115834964e-06,7.308341309908428e-07,1.143627628152899e-06,2.7854807171934226e-07,1.6172638197531342e-06,2.7223870802117744e-07,4.879171228822088e-06,2.7902191845896596e-07,1.354218710503119e-07,3.426225987368525e-07,4.830588977711159e-07,5.9256720419398334e-08,2.6408109476960817e-08,1.9825560571007372e-07,2.502849554275599e-07,2.000089125431259e-06,5.415471804326444e-08,9.783682486386169e-08,1.3666097231634922e-07,2.6717114565144584e-07,3.6346338561088487e-07,6.578426905434753e-07,1.5220047089314903e-07,1.6588377320658765e-06,1.1547327858352219e-06,2.2253895792800904e-07,2.5770923457457684e-06,4.853018822359445e-07,1.0313033271813765e-05,2.653197225299664e-05,6.005117029417306e-05,0.008978055790066719,0.0009816588135436177,0.0021962684113532305,0.6879845261573792,0.538984477519989,0.8871848583221436,0.0536794550716877,0.008783499710261822,0.0021290851291269064,0.7237951755523682
34,The place of death of W. Duncan Mansfield is,The place of death of the director of Girl Loves Boy is,W. Duncan Mansfield,the director of Girl Loves Boy, Hollywood,1.1068586900364608e-06,9.417640285391826e-06,9.995296750275884e-06,1.5486553820664994e-05,1.0844566531886812e-05,1.0035703780886251e-05,4.55530607723631e-06,2.057055644399952e-05,1.3528682757169008e-05,5.895761660212884e-06,8.809861174086109e-05,5.707335003535263e-05,2.378517820034176e-05,2.6355477530159988e-05,5.1265866204630584e-05,2.5520519557176158e-05,2.5986835680669174e-05,8.216004971473012e-06,7.771905984554905e-06,1.5102124962140806e-05,1.0556340384937357e-05,1.2665838085013092e-06,8.273877369902038e-07,7.429558081639698e-06,2.9378070394159295e-05,1.7224703697138466e-05,6.399468929885188e-06,4.529413672571536e-06,5.4369493227568455e-06,1.9869387415383244e-06,5.001317731512245e-06,1.589446037542075e-05,1.9027103917323984e-05,1.709979187580757e-05,4.31217958976049e-05,4.533522223937325e-05,2.0117753592785448e-05,2.8656522772507742e-05,2.0869458239758387e-05,2.2021140466677025e-05,5.5016815167618915e-05,0.00010564486001385376,8.689782407600433e-05,1.6104382666526362e-05,1.3772124475508463e-05,2.2411521058529615e-05,1.3415128705673851e-05,2.321163447049912e-05,1.0135031516256277e-05,3.4726820103969658e-06,5.153091933607357e-06,3.2028403893491486e-06,5.068493464932544e-06,3.869599822792225e-06,1.7239722183148842e-06,1.5798619870110997e-06,8.124083592520037e-07,2.0429947653610725e-06,1.9432613953540567e-06,2.1529110654228134e-06,1.4584403515982558e-06,2.490416363798431e-06,1.4277096624937258e-06,9.96132484942791e-07,5.859316161149764e-07,6.74720411097951e-07,6.810705599491484e-07,5.192604817239044e-07,5.596776873062481e-07,2.0316911104600877e-06,4.349792561697541e-06,1.239712787537428e-06,3.0410867566388333e-06,1.5466287095478037e-06,1.5581948673570878e-06,1.9411286302783992e-06,6.981189812904631e-07,4.4437138058128767e-07,2.2397071575142036e-07,3.3522226772220165e-07,0.0005825546104460955,1.1103588803962339e-05
35,The place of birth of S. S. Wilson is,The place of birth of the director of Tremors 4: The Legend Begins is,S. S. Wilson,the director of Tremors 4: The Legend Begins, American,1.2793950645573204e-06,1.6121920225486974e-06,1.209613856190117e-06,1.2382540148792032e-07,1.9335791421326576e-06,3.011027501997887e-06,1.741057167237159e-05,2.6758025342132896e-05,8.519971743226051e-06,1.1632120049398509e-06,3.570087756088469e-06,5.367910489439964e-06,1.7708755422063405e-06,1.5913608422124526e-06,6.1624564295925666e-06,2.021490445258678e-06,2.0968921035091626e-06,1.1065754961236962e-06,5.1711726882786024e-06,6.391912847902859e-07,4.1753014556888957e-07,1.006201455311384e-05,2.0821009911742294e-06,1.5865676914472715e-06,2.47097864303214e-06,5.445837814477272e-06,4.095459189557005e-06,2.556073468440445e-06,8.091653398878407e-06,2.55034592555603e-05,7.04323156242026e-06,1.993706973735243e-05,1.4848613318463322e-05,1.54884037328884e-05,9.63806360232411e-06,1.2223307749081869e-05,1.314343808189733e-05,1.716623592074029e-05,3.948186076740967e-06,9.974882004826213e-07,3.13267122464822e-07,8.709069447832007e-07,8.469713463910011e-08,1.1336111782611624e-07,2.9007387070123514e-07,2.4646007545925386e-07,1.6141126479851664e-07,2.525070499359572e-07,8.312348853678486e-08,2.227519502184805e-07,2.989903435945962e-08,1.0837732489221708e-08,1.9723595201526223e-08,7.116073508228737e-09,1.4020379524026794e-08,2.1510488945608586e-09,5.041728812216206e-09,5.4803721560858776e-09,5.614991138713776e-09,3.4806006965482084e-09,2.357599893088036e-09,1.4215583155063882e-09,9.68785274224615e-10,9.904163045248993e-10,2.6822302157114564e-09,1.85741633185188e-09,2.1738910671587064e-09,6.42590070043525e-09,2.1089310298094688e-09,3.396286629708811e-08,2.39012343250522e-09,9.789525634573693e-09,3.9822303676828597e-08,1.3889119188092991e-08,8.176073151844321e-08,2.1682595274796768e-08,3.8194688301018687e-08,8.469702095226239e-08,4.430519950915368e-08,1.2030359641812538e-07,0.0007480743806809187,0.0003031211963389069
36,The place of birth of Jonathan Binney is,The place of birth of the father of Hibbert Newton Binney is,Jonathan Binney,the father of Hibbert Newton Binney, Hull,2.8793647288694046e-06,5.537353331419581e-07,1.4208608263288625e-05,0.00017372397996950895,0.0003668165300041437,0.0002913871721830219,0.00013726597535423934,2.3851875084801577e-05,6.888975804031361e-06,2.7273640625935514e-06,9.90498506325821e-07,1.6895374983505462e-06,1.566405671837856e-06,1.1886314723597025e-06,3.80243932340818e-06,9.945754754880909e-06,1.943823235706077e-06,1.247812292604067e-06,3.424859096412547e-05,5.1395334594417363e-05,6.279179797274992e-05,0.0005925425793975592,0.00043363581062294543,0.00040650187293067575,0.00036570982774719596,8.517115929862484e-05,2.0831586880376562e-05,1.624045216885861e-05,2.084339030261617e-05,1.933235216711182e-05,3.210567592759617e-05,5.697853703168221e-05,0.00010909479897236452,7.452708086930215e-05,2.893352575483732e-05,0.0001257191033801064,7.836217264411971e-05,0.0003000425931531936,9.801111445995048e-05,0.00010069058771478012,0.00010130741429748014,8.69671130203642e-05,5.379218055168167e-05,2.136573675670661e-05,0.000102894329756964,8.849740697769448e-05,0.00017614876560401171,0.0001366323558613658,0.0002546581963542849,0.00015114697453100234,9.558328019920737e-05,0.00010235806257696822,4.325669215177186e-05,6.697904609609395e-05,3.121232657576911e-05,2.640730599523522e-05,4.148905645706691e-05,4.0890103264246136e-05,5.0916336476802826e-05,6.258105713641271e-05,8.697991870576516e-05,7.287518383236602e-05,3.8179288821993396e-05,0.00017572363140061498,0.00013085416867397726,5.371359293349087e-05,7.374931738013402e-05,7.31615218683146e-05,7.786694914102554e-05,4.1165541915688664e-05,0.00010391922114649788,0.00010037722677225247,8.933683420764282e-05,0.00018063804600387812,8.182194869732484e-05,6.20926875853911e-05,6.778545503038913e-05,9.681866504251957e-05,3.813232251559384e-05,0.00014729633403476328,9.54381248448044e-05,0.0002656818542163819
37,The country of citizenship of Eleanor of Austria is,"The country of citizenship of the mother of Maria of Portugal, Duchess of Viseu is",Eleanor of Austria,"the mother of Maria of Portugal, Duchess of Viseu", Spanish,7.601650850119768e-06,6.00846351517248e-06,1.2523740224423818e-05,2.362324266869109e-05,6.418155862775166e-06,2.9471126254065894e-05,1.5076463569130283e-05,9.17041143111419e-06,2.7442285954748513e-06,5.088933448860189e-06,5.602491000900045e-06,8.830336355458712e-07,1.137593358180311e-06,4.2041753545163374e-07,3.7515751500905026e-06,7.583009391964879e-06,4.489881121116923e-06,2.6600628189044073e-06,1.0902972462645266e-06,1.322373890388917e-07,3.4347308996984793e-08,1.7583809608368028e-07,2.594029240299278e-07,1.956885284926102e-07,2.9124237244104734e-07,7.951171596687345e-07,2.682247952634498e-07,2.0246262977252627e-07,1.8418857905544428e-07,1.583518098868808e-07,2.795021885049209e-07,1.8553113250163733e-06,1.1069803349528229e-06,1.73927514879324e-06,3.055486331504653e-06,2.1173455024836585e-06,1.3921247727921582e-06,2.340220453334041e-05,1.0840460163308308e-05,3.151010241708718e-05,8.786300895735621e-06,3.332191045046784e-05,2.445118298055604e-06,1.0001617738453206e-06,1.8622491779751726e-06,1.480505943618482e-06,1.3545106867240975e-06,3.3900359994731843e-06,3.3274866382271284e-06,3.06572906083602e-06,2.431035227346001e-06,3.450717940722825e-06,7.573921266157413e-06,1.3283035514177755e-05,2.6754080408863956e-06,3.0734277061128523e-06,1.5990530073395348e-06,1.1180493402207503e-06,1.0864944215427386e-06,7.031248969724402e-07,1.0958975735775311e-06,6.913924153195694e-06,1.8059683497995138e-05,1.9182307298137857e-08,2.287287543367711e-06,1.5314957636292093e-05,7.072077551129041e-06,1.3360767297854181e-05,4.4762669858755544e-05,6.418130215024576e-05,1.473542124585947e-05,1.395378330926178e-05,6.80967714288272e-05,7.917172479210421e-05,3.666236443677917e-05,5.1592374802567065e-05,2.3358817998087034e-05,4.734933827421628e-05,4.280142820789479e-05,0.00038712017703801394,0.00011789619020419195,0.001638298504985869
38,The spouse of Michal Bat-Adam is,The spouse of the director of The Deserter's Wife is,Michal Bat-Adam,the director of The Deserter's Wife, Moshé Mizrahi,0.00019069579138886184,4.622801498044282e-05,2.1221230781520717e-05,0.00013041181955486536,0.0001068839555955492,2.757255788310431e-05,6.379312935678172e-07,3.6408380310604116e-07,5.732799763791263e-07,3.1465401661989745e-07,1.0320338333258405e-05,1.5171861377893947e-05,4.278718915884383e-05,0.00020161716383881867,4.984542465535924e-05,4.589873697113944e-06,1.1783194167946931e-05,2.4036689865170047e-06,5.180433436180465e-05,1.2733694347843993e-05,3.585609249512345e-07,2.8391543338557312e-08,1.6674438541031122e-07,3.7185559449426364e-06,1.0594628747639945e-06,1.738355877023423e-06,6.998487265263975e-07,1.1062867599775927e-07,2.3430408191416063e-07,1.9776210891109258e-08,6.19897164710892e-08,1.7509192673514917e-07,6.721356271555123e-07,1.0644939720805269e-06,5.016933300794335e-06,0.00015944412734825164,0.00010395418212283403,0.0036494529340416193,0.0003909227962139994,9.788998795556836e-06,2.0241048332536593e-05,2.7855265216203406e-05,0.0010178127558901906,2.1744523110101e-05,2.1576830476988107e-05,1.996262199099874e-06,6.831439804955153e-07,5.373415206122445e-06,1.4088911939325044e-06,1.2524362773547182e-06,1.1416343568271259e-06,3.179127645580593e-07,2.6574077764962567e-06,5.559247711062199e-07,4.725067981325992e-07,6.79862353081262e-07,1.2204705512885994e-07,1.480265837017214e-06,1.5641431616586488e-07,7.062635063448397e-07,3.4243109325871046e-07,7.738274803159584e-07,6.745638074789895e-07,7.089243325708594e-08,1.756795597884775e-08,4.6495887318087625e-07,3.5828339406407395e-08,2.646657115690232e-08,4.268363085202509e-08,9.003244372252084e-09,9.446302584592559e-08,5.310003992065049e-09,6.28812841796389e-08,1.3620793026802858e-07,2.53253034543377e-07,1.0877543843434978e-07,6.528915719172801e-08,1.8396904977180384e-07,3.194166353637229e-08,1.080170974887551e-07,0.0006657057674601674,0.001674881437793374
39,The country of citizenship of Callicrates is,The country of citizenship of the father of Phintys is,Callicrates,the father of Phintys, Athens,1.3121626579959411e-05,1.4354675840877462e-05,6.569719516846817e-06,1.3519137382900226e-06,3.341503713727434e-07,1.3717765341425547e-06,1.9250533114245627e-06,5.291836259857519e-06,7.612569788761903e-06,5.291286652209237e-05,7.546591405116487e-06,3.140221451758407e-05,3.7424582842504606e-05,1.682641050138045e-05,1.1568934496608563e-05,1.8457607438904233e-05,5.995954325044295e-06,1.5536386854364537e-05,1.4947677300369833e-05,5.73436273043626e-06,4.5853502683712577e-07,1.0947680948447669e-06,4.957212695444468e-06,1.5230002645694185e-06,6.101510621192574e-07,8.340330168721266e-07,5.940798928349977e-07,8.249943306282148e-08,1.0272342620964992e-07,1.0033526365305079e-07,1.4312528264781577e-06,1.6119058727781521e-06,1.7524361339837924e-07,3.0713820819983084e-07,2.0397607158884057e-07,5.064495667284064e-07,2.9461429562616104e-07,4.061861909576692e-05,2.0058841982972808e-05,1.3582099199993536e-05,2.0470919480430894e-05,2.041066727542784e-05,0.00045001888065598905,0.0002481432748027146,0.0001988470903597772,0.00027258225600235164,0.0001135151251219213,0.00014954240759834647,9.974055865313858e-05,7.790998643031344e-05,5.9299913118593395e-05,0.0003394914383534342,0.0010103854583576322,0.0004523920069914311,0.0007350208470597863,0.001031689578667283,0.001306565711274743,0.0008696061559021473,0.0012628810945898294,0.0022652314510196447,0.0008328401017934084,0.0007187955779954791,0.001374498475342989,0.0009190765558741987,0.0006005226168781519,0.0003263916587457061,0.0003858425479847938,0.00021915003890171647,0.00018116003775503486,2.2022073608241044e-05,3.57247881765943e-05,1.3300583304953761e-05,7.141507376218215e-05,6.790890620322898e-05,5.029758176533505e-05,6.537948502227664e-05,5.308018808136694e-05,3.33334828610532e-05,9.214900637743995e-05,3.3726118999766186e-05,0.009094743989408016,0.010355380363762379
40,The date of death of Princess of Monaco is,The date of death of the mother of Albert II is,Princess of Monaco,the mother of Albert II," September 14, 1982",7.509976967412513e-06,2.8541573556140065e-05,6.448258500313386e-05,8.143745799316093e-05,5.472767043102067e-06,6.284158644120907e-06,4.662306309910491e-07,2.065025057618186e-07,6.040581297384051e-07,7.262143242314778e-08,1.2901074342153152e-07,2.5279637156927492e-06,8.762906986703456e-07,1.0149586842089775e-06,1.0501893257242045e-06,6.583205163224193e-07,1.4151100913295522e-07,7.046501195873134e-06,3.052498641409329e-06,3.7194911328697344e-07,4.28235892968587e-07,8.834710456540051e-07,1.1704316875693621e-06,1.945531039382331e-06,3.201935214747209e-06,6.411244157789042e-06,1.2262553354958072e-05,2.4403416318818927e-06,1.831646159189404e-06,2.378027829763596e-06,1.6855576632224256e-06,1.9319622879265808e-06,8.607535164628644e-07,3.774513004373148e-07,4.39688534470406e-07,1.0165028925257502e-06,1.8030401633950532e-06,1.117186570809281e-06,3.5285643207316753e-06,7.462161192961503e-06,2.459624056427856e-06,3.1910524285194697e-06,2.3515789507655427e-05,1.4822608136455528e-05,1.4759019904886372e-05,3.781760096899234e-05,1.7938114979187958e-05,1.210660320793977e-05,2.8430342354113236e-05,2.018552004301455e-05,9.036440133058932e-06,1.3485211638908368e-05,6.5287149482173845e-06,7.764298061374575e-06,2.3165646780398674e-05,7.0653954935551155e-06,7.72025032347301e-06,3.0384644560399465e-05,6.516522989841178e-05,3.626493344199844e-05,4.907062975689769e-05,4.2970001231878996e-05,5.2984516514698043e-05,0.0002417221840005368,0.0003949402889702469,0.0003475795383565128,0.000271434779278934,0.00015277705097105354,0.00012692531163338572,0.00012826173042412847,0.00021854495571460575,2.5860947062028572e-05,0.0003071698301937431,0.0004143921541981399,0.0004939940408803523,0.0002474163775332272,0.0002054482902167365,0.00025650914176367223,0.0002536071988288313,0.00016684251022525132,0.001742519554682076,0.01178724505007267
41,The place of birth of Marcela Agoncillo is,The place of birth of the mother of Lorenza Marino Agoncillo is,Marcela Agoncillo,the mother of Lorenza Marino Agoncillo," Taal, Batangas",6.821025635872502e-06,1.010476717056008e-05,4.856459054281004e-05,5.082611551188165e-06,4.474057277548127e-05,4.754359179059975e-05,6.422929436666891e-05,6.457949348259717e-05,0.00014044970157556236,2.16017579077743e-05,1.510674883320462e-05,7.887954325269675e-07,6.235144383026636e-07,1.0314419341739267e-05,2.5482137061771937e-05,1.1740086847567e-05,1.0775734153867234e-06,4.2610741957105347e-07,5.17343266892567e-07,7.298619493667502e-06,2.174053179260227e-06,1.2344694368948694e-06,5.751084586336219e-07,1.3942299403879588e-07,1.4752791344108118e-07,6.451099920923298e-08,3.916426294381381e-08,2.1562613028436317e-08,1.8199104445670855e-08,1.83722956847987e-08,5.226141297498543e-09,4.788547158796064e-08,6.820300058052453e-08,4.82914188637551e-08,6.901843363493754e-08,9.808308050196501e-07,1.3501921785064042e-06,6.751981231900572e-07,2.8207077775732614e-06,5.336202093531028e-07,9.225857411365723e-07,1.4066206404095283e-06,1.559114480187418e-06,3.0589856123697245e-06,1.46307866089046e-06,1.926958248077426e-06,1.1363910061845672e-06,8.744661954551702e-07,7.590011250613315e-07,4.387919432247145e-07,3.752551833713369e-07,4.5750101662633824e-07,4.884215059064445e-07,1.7636493510053697e-07,4.3562831564258886e-08,6.067065783099679e-08,1.3212954286245804e-07,2.375547296651348e-07,2.5146115945062775e-07,8.594817586526915e-07,4.5633129275302053e-07,4.535939694960689e-07,8.749321409595723e-07,5.850513957739167e-07,1.3977285107102944e-06,1.6655703802825883e-06,1.9011574750038562e-06,1.732902774165268e-06,1.3480776033247821e-05,2.544272547311266e-06,2.2025260477676056e-05,6.966383079998195e-05,0.00023308607342187315,0.0005366491386666894,0.005979191046208143,0.017821742221713066,0.04943673685193062,0.25761446356773376,0.009107802994549274,0.005492142867296934,0.000925548723898828,0.4838232100009918
42,The country of citizenship of Ilich Ramírez Sánchez is,The country of citizenship of the spouse of Isabelle Coutant-Peyre is,Ilich Ramírez Sánchez,the spouse of Isabelle Coutant-Peyre, Venezuelan,7.68490508562536e-07,6.804732493037591e-07,2.85919418274716e-06,4.848325829698297e-07,4.5191026742941176e-07,1.9082018809513102e-07,1.4631008582455252e-07,4.3940158889199665e-07,2.870606010674237e-07,3.1260276500688633e-07,1.611651754274135e-07,9.181460569607225e-08,1.642726630279867e-07,2.773674339096033e-07,2.0689195423528872e-07,8.428593645248839e-08,7.868721496606668e-08,1.3708365997899818e-07,7.054565287489822e-08,2.5601204356462404e-07,5.233462161413627e-07,1.7877758864415227e-06,7.085010906848765e-07,5.521523576135223e-07,3.153104728426115e-07,3.9482119973399676e-07,2.90470268282661e-07,4.428463569183805e-07,6.179348019941244e-07,2.4533898113077157e-07,3.1111915177461924e-07,2.2042274849809473e-07,3.378719384272699e-07,2.6214436843474687e-07,6.054492018847668e-07,2.0002632936666487e-06,2.8309470962994965e-06,0.00017225222836714238,9.875014802673832e-05,0.0005130195058882236,0.00030081410659477115,0.0001997693325392902,0.002034321427345276,0.0033385201822966337,0.003153128083795309,0.0015429808991029859,0.002637236611917615,0.0028828515205532312,0.0012152900453656912,0.000856638012919575,0.0024437035899609327,0.002200130373239517,0.0016389675438404083,0.0016573973698541522,0.0009065865888260305,0.0012079393491148949,0.002546141156926751,0.0009381669806316495,0.0007188697345554829,0.0008093305514194071,0.0012481147423386574,0.0004131420864723623,0.0006118862074799836,0.0007002910133451223,0.0009928182698786259,0.0013376731658354402,0.00043334398651495576,0.0004527490527834743,0.0010278427507728338,0.0011580312857404351,0.00043854553950950503,0.00018015375826507807,0.00023072092153597623,0.00014173863746691495,0.0004109790606889874,0.0033762382809072733,0.00218334817327559,0.003757312661036849,0.0021765674464404583,0.0024588163942098618,0.00018003529112320393,0.02095785364508629
43,The place of death of Elizabeth of York is,The place of death of the mother of Elizabeth Tudor is,Elizabeth of York,the mother of Elizabeth Tudor, Tower,3.69613758266496e-07,1.0527623999223579e-06,3.0756730211578542e-06,1.4275166904553771e-05,8.377293852390721e-05,0.00024101765302475542,0.00015686462575104088,6.12249641562812e-05,1.081708433048334e-05,9.033211426867638e-06,3.6157773593004094e-06,3.7862573663005605e-06,7.932451353553915e-07,8.891428478818852e-06,1.552595858811401e-05,2.676280928426422e-06,5.772973963757977e-06,1.9082076505583245e-06,9.049317304743454e-05,0.0005382827366702259,0.00016729658818803728,5.954817606834695e-05,1.8947173884953372e-05,3.0681854696013033e-05,2.6629704734659754e-05,1.911549588839989e-05,2.568699073890457e-06,7.818654921720736e-06,9.076992682821583e-06,7.672779247513972e-06,1.3665330698131584e-05,5.715870429412462e-06,2.9012303457420785e-06,4.27530085289618e-06,3.445326001383364e-06,1.3966487131256144e-06,2.7550988761504414e-06,6.136306637927191e-06,1.309630988544086e-05,1.0137451681657694e-05,4.421133053256199e-05,5.866213177796453e-05,7.258135156007484e-05,9.418040281161666e-05,0.0002364354149904102,0.00018019256822299212,6.874314567539841e-05,0.000427019753260538,0.00010206497245235369,6.659465725533664e-05,2.546193172747735e-05,5.3026371460873634e-05,6.840890273451805e-05,0.00013997293717693537,0.00018016970716416836,0.00047746760537847877,0.0010480728233233094,0.000536747626028955,0.0012472666567191482,0.001110321027226746,0.0004350672825239599,0.0006961199687793851,0.0007268998306244612,0.0005825104308314621,0.0003477328864391893,0.00044953380711376667,0.0003176065511070192,0.00029521252145059407,0.0002913186908699572,0.0007167069707065821,0.0005562620935961604,0.0003368294856045395,0.00022058065223973244,0.0002365782274864614,0.00011437538341851905,0.00025058412575162947,0.00022520356287714094,0.0008719453471712768,0.0013456608867272735,0.008230086416006088,4.613781129592098e-05,0.00035098879016004503
44,The place of birth of Lydia Maria Child is,The place of birth of the spouse of David Lee Child is,Lydia Maria Child,the spouse of David Lee Child," Medford, Massachusetts",3.6152156098978594e-05,3.5752618714468554e-05,2.534704253775999e-05,5.6841541663743556e-05,1.3523736924980767e-05,2.3556734959129244e-05,6.109501555329189e-06,1.486615360590804e-06,8.359968887816649e-06,4.305850779928733e-06,1.2441577382560354e-05,3.4697583032539114e-05,9.547126865072642e-06,2.3622787921340205e-05,5.808637070003897e-05,1.0806912541738711e-05,1.4268961422203574e-05,3.692447535286192e-06,3.368917532498017e-06,2.4432411009911448e-06,3.8139971820783103e-06,1.4839041796221863e-05,0.0002384128893027082,6.166709499666467e-05,2.2014646674506366e-05,5.041573240305297e-05,3.196133184246719e-05,0.00010791422391775995,4.829859608435072e-05,5.883107951376587e-05,4.297431587474421e-05,2.8049378670402803e-05,3.6830319004366174e-05,8.485616854159161e-05,9.826687892200425e-05,3.508114241412841e-05,3.822275175480172e-05,6.84551996528171e-05,6.939282320672646e-05,1.3161142305762041e-05,2.944399784610141e-05,6.510459570563398e-06,4.757144324685214e-06,5.21343145010178e-06,2.0077179669897305e-06,7.978675967024174e-06,3.5592972835729597e-06,3.960906724387314e-06,2.1724313228332903e-06,1.914198037411552e-06,1.8488956357032293e-06,1.8841674318537116e-06,2.742944388955948e-06,3.009181682500639e-06,7.373355401796289e-07,4.0445851823278645e-07,1.515400526841404e-06,8.346160029759631e-07,7.703570759076683e-07,5.853459583704534e-07,6.380590775734163e-07,2.499821903256816e-06,1.3304659205459757e-06,1.3182719840187929e-06,0.00010134465264854953,8.807246194919571e-05,9.029049397213385e-05,6.919066800037399e-05,0.000132163695525378,9.07064531929791e-05,0.00022481728228740394,0.0005342752556316555,0.0005212928517721593,0.0012844997690990567,0.0005948987090960145,0.04913370683789253,0.005413297098129988,0.14804095029830933,0.07628797739744186,0.033435091376304626,0.0005709961988031864,0.6995660066604614
45,The date of birth of Mechthild of Bavaria is,"The date of birth of the mother of Philip II, Margrave of Baden-Baden is",Mechthild of Bavaria,"the mother of Philip II, Margrave of Baden-Baden", 12 July 1532,5.133172180649126e-06,7.843324419809505e-05,0.0058182463981211185,0.0012032981030642986,0.014062472619116306,0.00021094342810101807,0.00023129359760787338,0.005215251352638006,0.00015753948537167162,4.3037612584839735e-08,0.001001957687549293,0.0011588592315092683,0.00011838366481242701,5.311586392053869e-06,9.808522008825094e-05,0.00687427818775177,0.00015789676399435848,0.018681950867176056,0.01964312233030796,0.002216929802671075,8.545030141249299e-05,0.0004609546158462763,0.0013788810465484858,0.0007758095161989331,0.00015480902220588177,0.002921303501352668,2.3541157133877277e-05,0.023931065574288368,0.0014489965979009867,0.03170381858944893,0.001070734579116106,0.01447414793074131,0.0029932542238384485,0.0003508110239636153,0.019940661266446114,0.0039771562442183495,0.003187750466167927,0.0028135592583566904,0.0032942653633654118,0.000165312405442819,1.2869728379882872e-05,0.0005888230516575277,0.0020253746770322323,6.715964991599321e-05,8.779489871812984e-05,2.6089479021607076e-08,6.01981980707933e-07,6.402227086255152e-07,2.816915412040544e-07,1.2882638955602488e-08,1.1503487939990009e-07,1.4272167447870743e-07,6.412093966901011e-07,1.0448674174767802e-06,7.237174060037432e-08,4.783189979207236e-06,2.205808016242372e-07,1.3196977306506597e-06,4.267095334853366e-07,3.419849647912088e-08,9.897281643134193e-07,1.9296167010907084e-06,3.901003583450802e-05,2.2068149974074913e-06,2.8547466968120716e-07,1.7174727418023394e-07,5.278412800180377e-07,1.4347759247357317e-07,4.1133696981887624e-07,4.673514553132918e-08,8.343924946530024e-07,9.481041729486606e-08,1.667801541316294e-08,6.604402187804226e-06,1.294710330057569e-07,1.9689043995185784e-07,7.228754039800833e-09,6.470163071981005e-08,1.8200144724644929e-09,1.4910011714164284e-07,0.024880314245820045,0.0020635207183659077
46,The place of birth of Charles VII is,The place of birth of the father of Marie Marguerite de Valois is,Charles VII,the father of Marie Marguerite de Valois, Paris,4.093350071343593e-06,1.1623711770880618e-06,4.2914803088933695e-06,9.262769708584528e-06,7.320100394281326e-06,1.9531605630618287e-06,9.155427846962993e-07,3.0308024179248605e-06,6.416268206521636e-06,2.834716269717319e-06,7.777141945553012e-06,5.017970124754356e-06,1.904960868159833e-06,1.2463794973882614e-06,1.6244241578533547e-06,2.5478477709839353e-06,6.446816314564785e-06,1.1055594768549781e-05,1.9548065210983623e-06,2.3322329525399255e-06,8.682681027494255e-07,3.242383854740183e-06,2.8288952762522968e-06,2.2630620151176117e-06,2.1308176201273454e-06,9.992659215640742e-07,1.4250891808842425e-06,1.1292761428194353e-06,1.0343570693294168e-06,3.6462633943301626e-06,1.4755182746739592e-06,1.441460995010857e-06,3.7649881505785743e-06,1.5980652960934094e-06,4.484360033529811e-06,7.89971454651095e-06,4.720329343399499e-06,3.287987783551216e-05,2.8805523470509797e-05,1.748418617353309e-05,5.5017066188156605e-05,4.2222301999572664e-05,9.4336319307331e-06,9.740308996697422e-06,1.0012129678216297e-05,1.2737386896333192e-05,3.120887868135469e-06,1.8199652913608588e-05,1.0163600563828368e-05,2.2336660094879335e-06,7.004777216934599e-06,2.8188794658490224e-06,8.633922334411182e-06,5.920940566284116e-06,3.1930560453474754e-06,1.046286683958897e-06,1.341747747574118e-06,4.7309265482908813e-07,1.5717909036538913e-06,1.7432068943890044e-06,1.2401552567098406e-06,2.185864332204801e-06,1.5155616210904554e-06,2.011665173995425e-06,4.066795554535929e-06,3.2665921025909483e-05,2.387900349276606e-05,6.207809201441705e-05,9.465918992646039e-05,3.0761199013795704e-05,0.00014262855984270573,4.668065957957879e-05,3.420267239562236e-05,8.191747474484146e-05,0.00012987996160518378,0.00038340166793204844,0.0012036714470013976,0.0020733375567942858,0.0024694751482456923,0.0004775253764819354,0.004300910513848066,0.06978119164705276
47,The place of death of Gustavo Alatriste is,The place of death of the director of Las tecnologías pesqueras is,Gustavo Alatriste,the director of Las tecnologías pesqueras," Houston, Texas",1.5037599041534122e-06,2.190801751567051e-06,3.2036302854976384e-06,9.55862446971878e-07,8.610504664829932e-06,6.812798801547615e-06,1.212064398714574e-05,2.3580332708661444e-06,8.236994290200528e-06,6.546004442498088e-06,7.90470130596077e-06,5.989608780510025e-06,2.5284380171797238e-05,3.133859718218446e-05,5.56874911126215e-05,9.795873666007537e-06,2.2234149582800455e-05,1.1286009794275742e-05,4.700014414993348e-06,5.213234999246197e-06,1.6289301129290834e-05,0.00011744000221369788,0.00021837848180439323,0.00019818377040792257,2.455763387843035e-05,7.776745042065158e-05,1.6322313967975788e-05,2.4719602151890285e-05,1.6432773918495513e-05,1.954267281689681e-05,5.9994445109623484e-06,6.833063707745168e-06,1.0136560604223632e-06,2.4997702894324902e-06,4.1214866541849915e-06,7.316470146179199e-06,9.712665814731736e-06,1.3599621524917893e-05,1.177542708319379e-05,3.4680449516599765e-06,9.488046998740174e-06,6.915818630659487e-06,3.204575477866456e-06,2.3599832275067456e-06,2.4993933038786054e-06,4.7513067329418845e-06,9.894267805066193e-07,1.9130511930143257e-07,2.653119679507654e-07,2.2792971776652848e-07,3.790510163526051e-07,1.8387474653991376e-07,4.000910962531634e-07,4.556417536605295e-07,3.9865994949650485e-07,4.4750623828804237e-07,3.8906608779143426e-07,4.781472853210289e-07,5.95732501551538e-07,8.320645861203957e-07,1.079906610357284e-06,8.510348834533943e-07,1.6629790025035618e-06,8.452883548670798e-07,1.1193637874384876e-06,1.018643729366886e-06,4.932072101837548e-07,9.670326335253776e-07,8.872495413925208e-07,2.1176529116928577e-06,1.4372772056958638e-06,1.5973234894772759e-06,2.0461041003727587e-06,3.7228383007459342e-06,8.706719199835788e-06,4.0726777115196455e-06,2.841206196535495e-06,6.276585736486595e-06,1.4680569620395545e-05,3.9034252949932124e-06,2.330260758753866e-05,1.695428363746032e-05
48,The spouse of Selena is,The spouse of the performer of Cien Años is,Selena,the performer of Cien Años, Chris Pérez,8.027412695810199e-05,1.3420783034234773e-05,2.8662705062743044e-06,1.0091607691720128e-06,1.980468141482561e-06,1.6620230098851607e-06,5.636524292640388e-06,7.654644491594809e-07,7.745257448732445e-07,9.183827387460042e-07,5.328358270162425e-07,2.9057812298560748e-06,1.5028929283289472e-06,5.587040732280002e-07,1.2928106798426597e-06,1.0595016419756575e-06,5.666367997037014e-07,9.420305104868021e-07,1.1552903060874087e-06,6.118137207522523e-06,6.56401152809849e-06,1.7958485841518268e-05,2.29285560635617e-05,3.266156272729859e-05,8.54449172038585e-05,2.3784185032127425e-05,7.468985586456256e-06,2.3595588572788984e-05,1.1016033568012062e-05,3.2614336760161677e-06,1.319518673881248e-06,4.81200140711735e-06,7.178699434007285e-06,1.1099799849034753e-05,2.5752857254701667e-05,9.634743946662638e-06,3.714067588589387e-06,1.1710137187037617e-05,8.807559424894862e-06,1.6775304629845778e-06,8.462491223326651e-07,3.38972085955902e-06,3.611080273913103e-06,2.2571691715711495e-06,1.7867304222818348e-06,3.939588168577757e-06,6.3572915678378195e-06,3.944272066291887e-06,2.4565908915974433e-06,1.932836084961309e-06,2.1255871160974493e-06,1.9638805497379508e-06,1.454504740650009e-06,5.18154411111027e-06,6.396998742275173e-06,1.804584826459177e-05,3.236333668610314e-06,1.8038143025478348e-05,1.5704314137110487e-05,6.713983566442039e-06,6.278548426053021e-06,1.1605729014263488e-05,2.810372279782314e-05,4.658298348658718e-05,9.097747533814982e-05,6.454948743339628e-05,9.411441715201363e-05,5.790537397842854e-05,0.00010728836059570312,0.0002032801421592012,9.72530324361287e-05,0.00017287663649767637,0.002963160863146186,0.003137475112453103,0.9395682215690613,0.9528126120567322,0.5523850917816162,0.5185264945030212,0.5150237083435059,0.3524215519428253,4.358991645858623e-05,0.09869507700204849
49,Mansoor Khan received the,The director of Jo Jeeta Wohi Sikandar received the,Mansoor Khan,the director of Jo Jeeta Wohi Sikandar, Filmfare Award for Best Director,3.114499122602865e-06,4.004865331808105e-06,1.286608494410757e-06,2.56122120845248e-07,8.049634914186754e-08,1.2688174955144405e-08,6.286573039915311e-08,1.4252461433272856e-08,1.967914897704759e-08,6.630351823133651e-09,8.957280472898788e-10,1.9577977017348758e-09,1.5268749598007503e-09,3.533260439780861e-08,2.6054058466229435e-08,2.4303966839056557e-08,1.4945037207780842e-07,3.2090673585116747e-07,1.0125345397682395e-06,1.6428809601620742e-07,4.5511004742593286e-08,3.2161764806915016e-08,1.4743207543688186e-07,5.555135658141808e-07,1.2132022675359622e-06,1.4290767467173282e-06,1.7615647038837778e-06,1.268874143534049e-06,5.470917585626012e-06,4.475834430195391e-06,3.3866217563627288e-06,3.7693378089898033e-06,7.791892130626366e-06,3.375465894350782e-06,2.247457587145618e-06,1.4678340676255175e-06,8.19557385511871e-07,2.4077374405351293e-07,2.5621778831919073e-07,2.212416063684941e-07,1.6268474212211004e-07,4.060210656575691e-08,3.553780558718245e-08,2.1772466496372544e-08,2.9582896132751557e-08,4.7247645795778226e-08,8.40277536440226e-08,2.9406489687744397e-08,1.1337228045249503e-07,1.0695809038452353e-07,1.5103630346402497e-07,3.1143306955527805e-07,1.7220699533027073e-07,2.4687551558599807e-07,1.636002480154275e-07,2.644782455263339e-07,2.7343040187588485e-07,2.6424402221891796e-07,2.718908262977493e-07,1.8603844864628627e-07,2.5289151039942226e-07,4.0607122286928643e-07,3.71900085838206e-07,2.2960739443078637e-07,1.9773014514612441e-07,5.93908680457389e-07,1.6151520298990363e-07,3.278091469383071e-07,1.63262612318249e-07,7.988020200855317e-08,1.4834159856036422e-07,1.1404545574578151e-07,5.666467828291388e-08,5.460662677592154e-08,4.497625738508759e-08,1.573455499226384e-08,1.6521827461701832e-08,2.433550072566959e-08,3.009250093555238e-08,3.8650611600132834e-08,0.01965763419866562,0.001545333070680499
50,The country of citizenship of Bart Sibrel is,The country of citizenship of the director of Astronauts Gone Wild is,Bart Sibrel,the director of Astronauts Gone Wild, American,3.186588946846314e-05,2.502510142221581e-06,4.098612771485932e-05,2.254583523608744e-05,3.0693850021634717e-06,1.508390255366976e-06,5.853329184901668e-06,5.075646549812518e-05,4.449284006113885e-06,1.3750603784501436e-06,1.7173677406390198e-05,3.6133703815721674e-06,5.391202194005018e-06,1.557229188620113e-05,8.011415775399655e-05,1.5287108908523805e-05,2.8708289391943254e-05,5.503563806996681e-05,0.00010236132948193699,0.00013525474059861153,0.00010656750237103552,0.00010756583651527762,8.226434147218242e-05,4.483248994802125e-05,3.283859041403048e-05,1.163390334113501e-05,8.174786671588663e-06,3.360125447215978e-06,9.02071114978753e-05,0.00010033597209258005,4.585333226714283e-05,3.395540625206195e-05,3.883610406774096e-05,0.0002050417533610016,0.00020095724903512746,0.0005073758657090366,0.0016347399214282632,0.004381908569484949,0.0009733850019983947,0.0019771240185946226,0.003592077875509858,0.000933392730075866,0.00041550444439053535,0.00014614580140914768,0.00025680221733637154,0.0011653299443423748,0.0003396441461518407,0.0003655558393802494,0.00023445732949767262,0.00011073023779317737,0.0004237264802213758,0.0006732867914251983,0.0004226570308674127,4.003502908744849e-05,3.834937888314016e-05,0.0001478771009715274,0.00015139428433030844,7.946054392959923e-05,3.83803308068309e-05,9.599166514817625e-05,0.00017146655591204762,0.0001484616077505052,0.00012199414777569473,0.00012838908878620714,0.00024045772443059832,0.00039543744060210884,0.0004295796388760209,0.0002772482403088361,0.00030951612279750407,0.0005696362350136042,0.0003454560646787286,0.00024098185531329364,0.00012087580398656428,0.000593914941418916,0.0004193668137304485,0.000346128101227805,0.00027527223573997617,5.206582500250079e-06,5.564943057834171e-05,6.779271643608809e-05,0.006274744868278503,0.016325704753398895
51,The place of birth of Muhammad Ali Jinnah is,The place of birth of the spouse of Emibai Jinnah is,Muhammad Ali Jinnah,the spouse of Emibai Jinnah, Karachi,3.2152442486221844e-07,8.024742328416323e-07,1.9192384570487775e-06,2.361103270231979e-06,2.2828781709449686e-07,2.0697032141470117e-06,3.3935573355847737e-06,4.6986536972326576e-07,1.85249774631302e-07,1.6564294469390006e-07,6.041689459834743e-08,1.2348547784313268e-07,1.0677456430130405e-07,2.1144570894193748e-07,7.654331284356886e-07,5.050053459854098e-07,1.3817867738907808e-06,4.1407724893360864e-06,2.5497286060272017e-06,4.825058567803353e-06,6.991082045715302e-06,3.0624196369899437e-06,2.6993753635906614e-05,1.3788065189146437e-05,1.2452962437237147e-05,2.786826144074439e-06,1.4751840353710577e-06,1.6910767953959294e-05,9.09873142518336e-06,1.282414268644061e-05,3.646531331469305e-05,3.00864103337517e-05,5.529939699044917e-06,5.077730747871101e-06,7.219539384095697e-06,6.9922748480166774e-06,1.4392037883226294e-05,1.1682540389301721e-05,3.363237556186505e-05,0.00013336571282707155,4.048720802529715e-05,3.7819954741280526e-05,4.384076964925043e-05,5.548030821955763e-05,9.973265696316957e-05,3.4862150641856715e-05,3.7838457501493394e-05,3.680799272842705e-05,3.7999783671693876e-05,4.342717511462979e-05,6.055498306523077e-05,7.709179044468328e-05,6.984250649111345e-05,3.971589103457518e-05,4.7169865865726024e-05,5.859789962414652e-05,8.079458348220214e-05,6.87499632476829e-05,5.732079080189578e-05,0.00012129113747505471,6.67907515889965e-05,0.00011173254461027682,6.39511490589939e-05,5.732870340580121e-05,0.0004191267944406718,0.0009898589923977852,0.0005388716235756874,0.0009091304382309318,0.000547420815564692,0.0005296484450809658,0.0009946756763383746,0.0006493435357697308,0.0006142445490695536,0.0006192699074745178,0.0005129664205014706,0.05610682815313339,0.009124204516410828,0.011153750121593475,0.003950720652937889,0.0010021555935963988,0.006528638768941164,0.06649399548768997
52,The place of birth of Jelena Zrinska is,The place of birth of the spouse of Francis I Rákóczi is,Jelena Zrinska,the spouse of Francis I Rákóczi, Ozalj,5.163943797015236e-07,3.4211900583613897e-06,3.6169330996926874e-06,3.2821306376717985e-05,4.3375806853873655e-05,4.8633981350576505e-05,3.895677218679339e-05,1.525635252619395e-05,1.0593473234621342e-05,3.183556827934808e-06,3.2712173947402334e-07,4.1226480789191555e-06,7.481826287403237e-07,5.927837719355011e-06,4.229940714139957e-06,2.5333808935101843e-06,7.667400495847687e-06,1.526983942312654e-05,1.03500758541486e-06,3.6225001167622395e-06,5.452312052511843e-06,1.3013643638259964e-06,1.0696026038203854e-06,1.0458981023475644e-06,2.568558556959033e-06,3.78422754465646e-07,4.811877261090558e-07,2.2157163925839995e-07,1.6553312320866098e-07,1.8293618495590636e-06,1.4395303651326685e-06,3.870410637318855e-06,7.033069778117351e-06,6.610794685002475e-07,7.17760940460721e-07,1.223427830154833e-06,9.383643373439554e-08,4.483715443370784e-08,6.740653191172896e-08,1.3769962947662862e-07,1.789423009768143e-07,5.174952661946008e-07,8.955685188993812e-07,2.805518590776046e-07,1.1403782309571397e-06,1.2052570355081116e-06,1.5889204405539203e-06,2.4624996513011865e-06,5.332544787961524e-06,4.722282028524205e-06,2.2575277398573235e-06,7.704272320552263e-06,4.002080459031276e-06,3.4576937650854234e-06,3.1867366487858817e-06,1.7406442793799215e-06,3.2671148346707923e-06,5.639429673465202e-06,4.752373115479713e-06,6.067376943974523e-06,4.836102561966982e-06,3.0337894258991582e-06,1.1240035746595822e-06,7.612654826516518e-07,9.569456551616895e-07,1.118974864766642e-06,2.4501150619471446e-06,2.5636977625254076e-06,4.423073278303491e-06,6.511884294013726e-06,5.865600087417988e-06,8.691938091942575e-06,5.599147698376328e-06,8.92490970727522e-06,6.639059847657336e-06,2.0820963982259855e-05,4.976359832653543e-06,1.1753419130400289e-05,1.474348573538009e-05,4.798671398020815e-06,2.2712054487783462e-05,1.720249929348938e-05
53,The place of birth of W. P. Kellino is,The place of birth of the director of Pay Box Adventure is,W. P. Kellino,the director of Pay Box Adventure, London,3.076926077483222e-05,0.0006028985953889787,0.0006442919257096946,0.0001275998365599662,0.0004158007213845849,0.0010884194634854794,0.00012314360355958343,0.000195392407476902,0.00019151145534124225,0.00014494759670924395,0.0004407832457218319,0.00017891004972625524,0.0002472230407875031,8.459200762445107e-05,0.00011900727258762345,5.0676888349698856e-05,4.8835401685209945e-05,9.075434354599565e-05,0.00021545500203501433,0.00017362801008857787,4.175541107542813e-05,0.00011074553913204,9.782140114111826e-05,0.00029852453735657036,0.0005807108245790005,0.0004381464677862823,6.0897411458427086e-05,0.0006731002358719707,0.00028287345776334405,0.0001375330175505951,6.092050898587331e-05,1.828668791858945e-05,8.073870958469342e-06,7.961187293403782e-06,2.3881715605966747e-05,0.0001454846205888316,3.27753514284268e-05,9.358647366752848e-05,5.283868085825816e-05,3.616025787778199e-05,2.2178273866302334e-05,1.638067806197796e-05,1.3892375136492774e-05,3.314466312076547e-06,3.1120056519284844e-05,3.5237715110270074e-06,9.765156391949859e-06,1.8859254851122387e-05,1.4806501894781832e-05,1.1510825970617589e-05,3.1108324947126675e-06,2.838273303495953e-06,9.034413778863382e-06,4.701955276686931e-06,1.340480139333522e-06,5.740810593124479e-06,1.6726431795177632e-06,4.146522314840695e-06,1.5017265013739234e-06,2.915632194344653e-06,1.3447511264530476e-06,2.6749128210212803e-06,2.358283836656483e-06,2.488769041519845e-06,2.4915250378398923e-06,1.6626634078420466e-06,2.71655721917341e-06,9.338320410279266e-07,1.4263501952882507e-06,1.1864299267472234e-05,1.6970294382190332e-05,4.538445409707492e-06,1.0170053428737447e-05,4.505594006332103e-06,5.547763521462912e-06,3.4298070659133373e-06,1.9657445591292344e-06,2.4512357867934043e-06,1.8637721268532914e-06,1.0694497177610174e-05,0.0030692610889673233,0.004842882510274649
54,The employer of Chip Gubera is,The employer of the director of Academy of Doom is,Chip Gubera,the director of Academy of Doom, University of Missouri,2.3768163373460993e-05,4.111484031454893e-06,3.508933150442317e-05,0.00011710411490639672,7.651081250514835e-05,2.411365494481288e-05,1.4010801351105329e-05,1.0304732313670684e-05,1.2639414308068808e-05,8.301307389046997e-05,3.719712549354881e-05,1.3513122212316375e-05,3.523159466567449e-05,3.999638465757016e-06,1.611154766578693e-05,3.315120193292387e-05,2.0069332094863057e-05,2.4440212655463256e-05,5.6000775657594204e-05,1.3622362530441023e-05,0.0005486597656272352,1.4392370758287143e-05,4.6277546061901376e-06,1.1423469914007e-05,2.932620418505394e-06,1.1633736903604586e-05,1.2192715985293034e-05,3.550134806573624e-06,8.697059456608258e-06,2.056516905213357e-06,1.3853696145815775e-06,7.306534826057032e-06,1.1501903827593196e-05,4.274747425370151e-06,6.047498118277872e-06,1.3283245152706513e-06,6.811440925957868e-06,4.680457277572714e-05,1.843941026891116e-05,7.65482327551581e-05,6.566023512277752e-05,4.5116059482097626e-05,4.9169753765454516e-05,2.520975067454856e-05,6.7217674768471625e-06,4.8976612561091315e-06,1.5123056073207408e-05,2.2859008822706528e-05,0.00011645813356153667,3.17496269417461e-05,0.00012661908112931997,0.00017173259402625263,0.00012994022108614445,5.434269769466482e-05,4.9796031817095354e-05,2.7510632207849994e-05,9.42852784646675e-06,3.3940897992579266e-05,8.238648661063053e-06,1.5437528418260626e-05,4.4983000407228246e-05,7.484814705094323e-05,1.815866562537849e-05,2.0965895600966178e-05,2.9002172595937736e-05,6.337053946481319e-06,2.275764745718334e-05,7.809694579918869e-06,4.236012955516344e-06,9.266081178793684e-06,8.770240128797013e-06,1.4912110373188625e-06,4.7372041080961935e-06,9.616773240850307e-06,4.180295582045801e-05,8.263366908067837e-05,1.2588652680278756e-05,7.621948952873936e-06,1.656446147535462e-05,1.3854249118594453e-05,0.00033540386357344687,0.0005125220632180572
55,The place of birth of Lacy J. Dalton is,The place of birth of the performer of Slow Down is,Lacy J. Dalton,the performer of Slow Down, Bloomsburg,2.436249087622855e-05,6.215297617018223e-06,6.27796964636218e-07,1.5169235894063604e-06,5.014031785322004e-07,1.9152778918396507e-07,1.1112081921282879e-07,1.7553456643781828e-07,1.0777298342645736e-07,2.399242475803476e-07,8.280107408609183e-07,5.360610657589859e-07,4.031134608339926e-07,1.1016527423635125e-06,4.748505375573586e-07,1.2050271607222385e-06,2.214704181824345e-06,1.5963951227604412e-06,8.8726264948491e-06,2.9149523470550776e-06,3.3598241770960158e-06,1.526627329440089e-06,1.5095854450919433e-06,3.530557819431124e-07,2.604998883271037e-07,1.8215790476006077e-07,6.786630137867178e-07,8.698415285834926e-07,1.6595909357874916e-07,3.8524444789800327e-07,2.968005446746247e-06,2.550218596297782e-06,1.232226441061357e-05,9.882612175715622e-06,8.424475709034596e-06,8.397745432375814e-07,5.198443432163913e-06,3.0378025712707313e-06,8.797299415164161e-06,1.756193523760885e-05,4.591541710396996e-06,8.312983482028358e-06,3.2901507438509725e-06,2.10664279620687e-06,1.3308938378031598e-06,9.227110808751604e-07,9.374144269713724e-07,6.285019935603486e-07,1.2032638778691762e-06,3.929588274331763e-06,2.3771790438331664e-06,2.2047302081773523e-06,2.726190587054589e-06,2.277728526678402e-06,1.0553852689554333e-06,3.776530661525612e-07,4.836443281419633e-07,2.3506318314048258e-07,2.139114627652816e-07,3.282493423739652e-07,2.835582790794433e-07,5.528095243789721e-07,7.872465630498482e-07,1.00237377864687e-06,3.690167432068847e-06,4.074212483828887e-06,1.377079684061755e-06,3.998879037681036e-06,3.3060628084058408e-06,1.1742331480490975e-05,4.8161086851905566e-06,5.842266546096653e-06,1.735074147291016e-05,9.094598681258503e-06,1.4700483916385565e-05,0.0002946089662145823,0.0001067575067281723,0.0004960829392075539,0.029355542734265327,0.014922946691513062,4.056566467625089e-05,0.9982154369354248
56,The place of birth of Salvatore Piscicelli is,The place of birth of the director of Blues metropolitano is,Salvatore Piscicelli,the director of Blues metropolitano, Pomigliano d'Arco,4.799252565135248e-06,1.2979770644960809e-06,1.4018752153788228e-05,4.7838902901276015e-06,1.0426439985167235e-05,7.358632501563989e-06,1.3130912520864513e-05,1.7603950936972979e-06,3.3833944712569064e-07,5.832539955008542e-06,1.3648733556692605e-06,8.643572755318019e-07,4.452072914773453e-07,4.403190700941195e-07,1.6008181091820006e-07,4.244733133873524e-07,2.92956087832863e-07,1.1534094710441423e-06,7.536906991845171e-07,1.6804311826490448e-06,1.552499998069834e-05,1.659659028518945e-05,2.2077738321968354e-05,3.97677140426822e-05,3.219891368644312e-05,1.1758289474528283e-05,1.2560936738736928e-05,2.9590444228233537e-06,5.011350822314853e-06,1.0177685908274725e-05,6.513478183478583e-07,1.6647427969473938e-07,1.980238408805235e-07,5.050120535088354e-07,2.781248440442141e-07,4.111150815333531e-07,5.77627304210182e-07,1.3236465747468174e-05,2.380231762799667e-06,7.028167487987957e-07,1.298281290473824e-06,1.5397440620290581e-06,3.545729896359262e-07,1.5424963351051701e-07,1.5690731913764466e-07,2.064492008457819e-07,3.607655969517509e-07,3.8357495668606134e-07,2.995149372964079e-07,5.043986561759084e-07,1.4595868833566783e-06,5.262401714389853e-07,1.1534719988048892e-06,3.759021751648106e-07,1.5047969554871088e-06,7.961996857375198e-07,3.012448360095732e-06,2.4851901798683684e-06,4.5811848394805565e-06,7.964385986269917e-06,6.249979833228281e-06,7.1837325776868965e-06,5.015496753912885e-06,4.591133802023251e-06,4.424617600307101e-06,3.358395133545855e-06,5.1641914069477934e-06,7.368756996584125e-06,5.96620884607546e-06,1.4074947102926672e-05,1.9825682102236897e-05,9.992697414418217e-06,1.2729145964840427e-05,6.042779205017723e-06,3.176767222612398e-07,1.2539186400317703e-06,3.350098495502607e-06,1.0598630069580395e-05,2.8636481147259474e-05,1.7130580090451986e-05,5.036969014327042e-05,0.0003071585379075259
57,The place of death of Ludowika Margaretha of Zweibrücken-Bitsch is,The place of death of the mother of Johanna Sibylla of Hanau-Lichtenberg is,Ludowika Margaretha of Zweibrücken-Bitsch,the mother of Johanna Sibylla of Hanau-Lichtenberg, Bouxwiller,3.2749687761679525e-07,2.9384011668298626e-07,4.7409355374838924e-07,4.987736019756994e-07,4.1797545691224514e-07,2.8381819561218435e-07,1.8849183902602817e-07,8.220692393479112e-08,3.801461616603774e-07,2.6009104203694733e-06,2.8650697458942886e-06,3.3097674076998373e-06,4.890259788226103e-06,2.4765026296336146e-07,2.723271336435573e-06,2.1471639684023103e-06,1.1382534239601227e-06,2.6304037419322412e-06,1.7190320704685291e-06,6.05551633725554e-07,1.0923876203605687e-07,2.0863343763721787e-07,7.622974607102151e-08,1.9397141670651763e-07,1.2124045269956696e-06,8.842844749779033e-07,6.730386417075351e-07,2.9842118465239764e-07,2.0976465009425738e-07,1.4099789780175342e-07,4.622424967237748e-06,1.1416210554671125e-06,1.7541232182338717e-06,3.922012581369927e-07,2.3254463599187147e-07,5.236570927991124e-07,3.413217086745135e-07,1.4752798449535476e-07,5.271439817988721e-08,1.1193314719548653e-07,1.6574792027768126e-07,1.259223267879861e-07,1.1994328019682143e-07,5.97772782384709e-08,1.2184945319404505e-07,1.308536923261272e-07,1.9551649188542797e-07,6.08156156545192e-08,2.5122380975517444e-07,3.015856293586694e-07,2.185155238976222e-07,1.5586368817821494e-07,1.3083221972465253e-07,9.128783062806178e-08,7.88040850352445e-08,1.6412109005159436e-07,1.1449035497435034e-07,1.4269843973124807e-07,3.717750018950028e-07,3.859729531541234e-07,2.8600953783097793e-07,2.1216015966274426e-07,1.1984525372099597e-07,1.26162191804724e-07,2.3241477720148396e-07,7.716827781223401e-07,3.436705640069704e-07,5.348316562958644e-07,1.9155189079356205e-07,4.535160940122296e-07,4.979119125891884e-07,4.6978823320387164e-07,6.659782343376719e-07,1.835025500440679e-07,5.042051611781062e-07,1.1278086731181247e-06,7.36311278615176e-07,7.074153813846351e-07,9.133030971497647e-07,2.152748720618547e-06,3.239811849198304e-05,9.832150681177154e-05
58,The spouse of Edward Buzzell is,The spouse of the director of Ann Carver's Profession is,Edward Buzzell,the director of Ann Carver's Profession, Ona Munson,1.766142986525665e-06,3.341984120197594e-05,2.5671137336757965e-05,8.145042556861881e-06,2.1121149984537624e-06,4.266546511644265e-06,1.0452190508658532e-06,4.547913476926624e-07,5.704604433276472e-08,5.334790031952252e-08,4.105961863842822e-07,1.9526878247688728e-07,6.602730536542367e-06,1.6109534044517204e-05,2.8329830456641503e-05,5.049369519838365e-06,1.0797541563078994e-06,1.7672458625384024e-06,5.890003649255959e-06,8.637950941192685e-07,1.6836077065818245e-06,4.165622726759466e-07,1.1289387202850776e-07,3.278512110682641e-07,2.7953481662734703e-07,4.983526196156163e-07,1.0289245011563253e-07,9.730339201041716e-08,5.8265161584358793e-08,2.2640203667378955e-07,5.873465056538407e-07,1.567949766467791e-06,9.235226343662362e-07,3.8077171211625682e-06,2.4178095827664947e-06,2.8810497951781144e-06,5.23045264344546e-06,1.9227376469643787e-05,2.4465574824716896e-05,3.386375738045899e-06,1.340509425062919e-05,1.3510027201846242e-05,4.766933216160396e-06,2.0228148969181348e-06,5.850662091688719e-06,1.337700268777553e-05,1.5846621863602195e-06,2.637257239257451e-06,8.94897198122635e-07,2.5156080596389074e-07,7.033429483271902e-07,9.087050329981139e-07,4.387274657347007e-06,1.7037099269145983e-06,7.305749932129402e-06,7.486825666092045e-07,1.5424021171384084e-07,8.80661843893904e-07,1.1649628959276015e-06,3.0600372156186495e-06,4.6768346351200307e-07,8.804055369182606e-07,6.45481918581936e-07,2.1105843188706785e-06,2.8596787160495296e-06,1.4928076552678249e-06,1.6649765939291683e-06,3.816949629253941e-06,9.693218089523725e-06,6.276449312281329e-06,3.290837867098162e-06,4.509052359935595e-06,3.719445885508321e-05,1.1589569112402387e-05,1.528790562588256e-05,3.255518095102161e-05,3.401026560823084e-06,4.785601959156338e-06,1.4894754713168368e-05,6.602712528547272e-05,3.3159838494611904e-05,0.0019791305530816317
59,The date of birth of Iyasu I is,The date of birth of the father of Bakaffa is,Iyasu I,the father of Bakaffa, 1654,0.017231032252311707,0.0011188129428774118,6.770786512788618e-06,2.7406989033806894e-07,2.2554808310815133e-05,5.231084898582594e-08,1.3670780845131958e-06,1.71143256011419e-07,2.0558314645313658e-05,5.570896064455155e-06,0.0009209716226905584,8.273251296486706e-06,1.0381610991316848e-05,0.0001488702982896939,1.1255309800617397e-05,7.189103143900866e-06,0.0017636888660490513,0.0022063367068767548,0.0019744846504181623,0.00024342004326172173,0.00014699882012791932,0.0001503444800619036,0.00039419662789441645,0.0020560421980917454,0.00012794419308193028,9.257145393348765e-06,4.4308715587249026e-05,0.0012650764547288418,0.0004288925265427679,0.03550837188959122,0.0013044514926150441,0.003723503788933158,0.014133354648947716,0.0012684232788160443,0.004544758703559637,7.0032081566751e-05,0.0001592058251844719,0.011815186589956284,0.002181342802941799,0.004291582386940718,7.631080370629206e-05,0.00011495014041429386,0.00017783058865461498,6.043371467967518e-05,1.2402792890497949e-05,2.597987780461608e-08,1.1003721738234162e-06,4.794079586645239e-07,1.9812384621786805e-08,1.543835170814134e-09,3.863267927783909e-09,7.398431312033438e-10,9.855508409373215e-08,9.53633048084157e-08,6.284357567665211e-08,3.738262677188686e-08,1.6867458541014457e-08,1.7208011016123237e-08,2.1949674078314274e-07,7.667011914236355e-09,1.0523464879952371e-05,4.928863006625761e-08,1.2784934142473503e-06,1.3027208467519813e-07,1.8108316623965948e-08,2.3799165305149472e-08,1.2995202780530235e-07,4.1696970876081707e-10,3.234879031310811e-08,2.8130517915059272e-09,7.135332324992305e-09,4.257392216544531e-09,4.998256031285564e-09,7.340587249160535e-09,2.4137758458664393e-09,1.4824985683503655e-09,1.8087017439327724e-09,1.9667393047484438e-08,4.5449787933193875e-08,3.2631257909088163e-06,0.044697511941194534,0.01570437103509903
60,The place of burial of Johnny Horton is,The place of burial of the performer of Honky-Tonk Man is,Johnny Horton,the performer of Honky-Tonk Man, Louisiana,1.6629893480057945e-06,1.8320971548746456e-06,7.775295784995251e-07,9.548782742285766e-08,2.1781966452749657e-08,3.992339827618707e-07,4.4518383646163784e-08,4.857929880586198e-08,1.574667294335086e-07,2.2239448753680335e-06,1.7343425042781746e-06,2.0169554773019627e-06,9.012648661155254e-06,1.7889977925733547e-06,1.2319183042563964e-06,2.3807367597328266e-06,9.566116204950958e-06,1.8955455743707716e-05,8.605710718256887e-06,7.464980626536999e-06,4.2668911191867664e-05,7.325189653784037e-05,3.718252628459595e-05,0.00010791952081490308,9.271237649954855e-05,3.7809535569977015e-05,3.713070327648893e-05,1.6844105630298145e-05,1.0322319212718867e-05,6.020402906870004e-06,2.852267243724782e-05,5.310344567988068e-05,4.975846968591213e-05,9.468118514632806e-05,0.00014461780665442348,0.000178004804183729,8.972900832304731e-05,0.0005626366473734379,0.0003200157661922276,0.00018204160733148456,0.00011813674791483209,0.0007909569540061057,0.00038588716415688396,0.000633730785921216,0.020982220768928528,0.061501048505306244,0.041132137179374695,0.1192132979631424,0.0092015927657485,0.0015782000264152884,0.003980677109211683,0.002438082592561841,0.0013661292614415288,0.0012644403614103794,0.0004455401503946632,0.0003875713446177542,0.0003988869138993323,0.00018154051213059574,0.0002493808569852263,7.051202555885538e-05,4.830004399991594e-05,3.8196514651644975e-05,5.063545177108608e-05,3.532877963152714e-05,1.3992315871291794e-05,4.329738203523448e-06,1.0442326129123103e-05,4.989499757357407e-06,4.21369577452424e-06,6.4079467847477645e-06,3.24225675285561e-06,3.966939402744174e-06,3.4792954011209076e-06,1.3208795053287758e-06,4.6982727326394524e-06,7.1206968641490676e-06,8.328831427206751e-06,1.444471490685828e-05,1.2415903256624006e-05,1.0449796718603466e-05,0.00015042773156892508,0.0004283966263756156
61,Nagesh Kukunoor received the,The director of Hyderabad Blues 2 received the,Nagesh Kukunoor,the director of Hyderabad Blues 2, Filmfare Award,9.004626804198779e-07,1.2446457731130067e-05,2.528043069105479e-06,9.68014205682266e-07,2.8217706926625397e-07,1.0462195376703676e-07,1.4544515636316646e-07,1.2659934611747303e-07,9.413986390427453e-08,4.103469208871502e-08,1.9475461954243656e-07,1.9892512170827104e-07,8.499076642465297e-08,5.740997721659369e-07,3.722581425336102e-07,3.0814928209110803e-07,1.454767044606342e-07,4.268344468982832e-07,2.0926556771883043e-06,5.266143034532433e-06,1.6066576336015714e-06,8.310942121170228e-07,4.550249741441803e-07,1.2105803762096912e-05,8.73066369422304e-07,3.227592969778925e-06,7.135387022572104e-06,2.969788738482748e-06,1.3524510904971976e-05,1.9442655684542842e-05,1.0652274795575067e-05,2.5309202101198025e-05,2.409239277767483e-05,1.2754563613270875e-05,9.390329068992287e-06,2.28578137466684e-05,0.00021109527733642608,6.894931721035391e-05,2.0769864931935444e-05,4.941953648085473e-06,1.1927850209758617e-05,3.9904648474475835e-06,3.690407538670115e-06,2.929802121798275e-06,1.1708260672094184e-06,2.9615156904583273e-07,1.197075789605151e-07,2.724830210354412e-07,9.451162696905158e-08,7.770922394456647e-08,6.078324332747798e-08,4.815741050379074e-08,5.043364481593926e-08,1.1916416298163313e-08,7.87802623136713e-09,9.295534120212778e-09,5.490294885390767e-09,3.280127502947039e-09,3.408087367873236e-09,7.127450185606676e-09,2.1071226541380383e-08,1.6680573367011675e-08,2.520159725349913e-08,2.423337974732931e-08,1.1289765566857568e-08,3.586139740718863e-08,5.214176823642447e-08,4.399766950768935e-08,1.5664372199353238e-07,1.1567854585337045e-07,4.785966112308415e-08,1.4601937436964363e-07,1.0006384343341779e-07,1.78414893525769e-07,1.726991314399129e-07,1.941247802506041e-07,4.6317481405822036e-08,3.6472505371420993e-07,2.9000798917877546e-07,2.4637583351250214e-07,0.010266088880598545,0.005902671255171299
62,Steve Vai received the,The performer of The Attitude Song received the,Steve Vai,the performer of The Attitude Song, Grammy,5.175186856831715e-07,8.800985824564123e-07,9.173544412988122e-07,1.2250592362761381e-06,8.240900797318318e-07,5.82200709686731e-06,3.6534565879264846e-06,1.217214776261244e-05,1.7372376532875933e-05,2.4194669094868004e-05,6.671559276583139e-06,1.2313452316448092e-05,3.875954280374572e-05,1.0452017704665195e-05,1.7026344721671194e-05,1.076982243830571e-05,1.596278525539674e-05,8.562245056964457e-06,2.6639267161954194e-05,2.894744284276385e-05,8.555840395274572e-06,5.492556738317944e-06,2.3190292267827317e-05,4.224326039548032e-05,6.170356937218457e-05,2.5797096895985305e-05,3.6592395190382376e-05,1.773799340298865e-05,9.342301382275764e-06,4.5507886170526035e-06,4.338149210525444e-06,5.592845582214068e-07,2.846788447641302e-06,8.447702839475824e-07,1.8619506363393157e-06,4.225229531584773e-06,4.454831014299998e-06,3.114766286671511e-06,1.8781275912260753e-06,1.5571465610264568e-06,2.5247791199944913e-06,3.1518541163677583e-06,2.5273488972743507e-06,8.36586480090773e-07,1.0670252095223987e-06,9.342356861452572e-07,5.403080081123335e-07,4.79113055007474e-07,4.7314085094285474e-08,7.666103130077317e-08,1.9707135834323708e-07,8.411559093701726e-08,9.447852988841987e-08,9.737945561028027e-08,4.922342000668323e-08,7.343980712448683e-08,4.0998269668079956e-08,1.20723157692737e-07,6.768200933038315e-08,8.011923569029022e-08,5.089490073828529e-08,8.043539878599404e-08,8.437797305305139e-08,1.6570413663430372e-07,1.0481270606987891e-07,1.7281895736687147e-07,4.019587436232541e-07,1.1492092255593889e-07,1.4554728977600462e-07,9.40863600362718e-08,2.4693017053323274e-07,5.229586008681508e-07,1.7387075956776243e-07,3.052701629258081e-07,1.2036389307468198e-07,1.4324021435641043e-07,6.609358251807862e-07,8.301474849758961e-07,2.085510686811176e-06,8.098512012111314e-07,0.013734649866819382,0.01109603326767683
63,The place of birth of Gösta Bernhard is,The place of birth of the director of Sju svarta be-hå is,Gösta Bernhard,the director of Sju svarta be-hå, Västervik,1.9526150936144404e-05,1.109738491322787e-06,1.8986505892826244e-05,1.8954384358949028e-05,1.2094711792087764e-06,2.574274276412325e-06,2.487656502125901e-06,4.1765650848901714e-07,3.1690358355263015e-06,7.748887469460897e-07,1.4996413710832712e-07,1.4134957382339053e-07,1.529965061308758e-07,4.295038706914056e-06,2.443166749799275e-06,2.6740117391454987e-06,2.8828344511566684e-05,2.712035666263546e-06,6.652247520833043e-06,6.184328640301828e-07,8.242820399573247e-07,2.082821083604358e-06,2.2078302208683454e-06,8.90957653609803e-06,2.5816395918809576e-06,1.1776623068726622e-05,9.003761647363717e-07,4.490283572522458e-06,4.698437805927824e-06,5.8844957493420225e-06,1.0525822062845691e-06,3.1311853945226176e-06,3.0656713079224573e-06,7.627103286722559e-07,1.4159079455566825e-06,4.241736348831182e-07,9.340465112472884e-07,7.373478183581028e-06,4.192342657916015e-06,1.0713907840909087e-06,1.7876255924420548e-06,1.8224884115625173e-05,8.563933079130948e-06,1.8600902649268392e-06,6.113753556746815e-07,3.7799100027768873e-07,1.3354945167520782e-06,2.9561535939137684e-06,4.622893072792067e-07,3.3051574632736447e-07,4.0590626326775237e-07,3.665951737730211e-07,5.026021767662314e-07,5.353207939151616e-07,1.4787151769724005e-07,1.636728939047316e-07,1.4978169815549336e-07,3.8850905070830777e-07,1.2242638547377283e-07,3.089717779403145e-07,1.578481942487997e-06,8.193294434022391e-07,8.169099601218477e-07,1.101485509025224e-06,3.873463811032707e-06,8.06062962510623e-06,4.943479780195048e-06,1.270793563890038e-05,1.566357423143927e-05,4.129957960685715e-05,1.532484748167917e-05,1.0725902939157095e-05,5.386246266425587e-05,9.556403711030725e-06,4.244071078574052e-06,3.591706627048552e-05,8.096969281723432e-07,1.593366869201418e-05,5.8097110013477504e-05,8.999381861940492e-06,0.003318350063636899,0.008592861704528332
64,The place of death of Richard Pottier is,The place of death of the director of The Beautiful Otero is,Richard Pottier,the director of The Beautiful Otero, Le Plessis-Bouchard,5.676360501638555e-07,1.7204770585976803e-07,4.61433091913932e-06,3.6611700693356397e-07,2.569970774857211e-06,2.303932660652208e-06,9.347382956548245e-07,9.255110740014061e-07,2.2493179585580947e-06,9.375979175274551e-07,1.7298936654697172e-05,8.405650078202598e-06,1.2958244951732922e-05,6.97250811754202e-07,1.8491228956918349e-06,9.991438076895065e-08,1.1781688158407633e-07,7.334991636298582e-08,6.350962280521344e-07,2.2947064337586198e-07,8.760762426618385e-08,2.7794314405582554e-07,2.693305134471302e-07,8.858311844051059e-07,3.903379308667354e-07,3.3777163821469003e-07,1.0362261093632696e-07,1.325323864875827e-06,1.6415947357018013e-07,3.5472538684189203e-07,2.766748821159126e-07,6.096619244999602e-07,1.101830804373094e-07,6.128259855131546e-08,3.489922164590098e-07,3.3776996133383363e-06,4.97446933422907e-07,6.481494438048685e-06,2.0705638235085644e-05,2.3938016965985298e-05,2.164774741686415e-05,1.0039838343800511e-05,5.897405571886338e-06,6.06681226145156e-07,1.0729681889642961e-06,1.3557718148149434e-06,1.0607436706777662e-06,3.3901426377269672e-06,5.582472795140347e-07,1.1106841668606648e-07,2.1368310854086303e-07,1.0172689712817373e-07,5.0013778718494e-07,1.4139446591343585e-07,5.694692504221166e-07,6.070076210562547e-07,1.7903248306083697e-07,3.740154284059827e-07,5.335184027899231e-07,2.6956050191984104e-07,6.012898552398838e-07,5.170829240341845e-07,1.57421951030301e-07,1.1383841780343573e-07,1.1442453740073688e-07,8.25615700250637e-08,1.5211104198442627e-07,1.4468213294094312e-07,8.481615054733993e-08,1.125979451899184e-06,7.824840508874331e-07,8.702880194277895e-08,1.8647958199835557e-07,2.737574220645911e-07,4.2574782810334e-07,2.1097802971326018e-07,3.6451304197271384e-08,1.5567758282486466e-07,3.2370326863429e-08,4.1754228163881635e-07,0.0005970148486085236,0.0021603871136903763
65,The place of birth of Herbert Maisch is,The place of birth of the director of Nights in Andalusia is,Herbert Maisch,the director of Nights in Andalusia, Nürtingen,0.00010987068526446819,8.421284292126074e-06,1.2247450285940431e-05,7.781854219501838e-05,1.3131029845681041e-05,5.084446911496343e-06,1.8308296603208873e-06,1.243459877287023e-07,4.237626399117289e-06,1.9675655948958592e-06,1.1735296538972761e-05,1.1220386113564018e-06,1.4713665450472035e-06,2.126656545442529e-05,9.682561358204111e-05,5.755027086706832e-05,0.00010596111678751186,1.3370502529141959e-05,1.8385528164799325e-05,4.5655454528059636e-07,3.990759068983607e-06,1.2752510656355298e-06,1.738122961114641e-07,6.724451395712094e-07,8.307002303808986e-07,3.510878343604418e-07,8.246349239016126e-07,1.00519650914066e-06,1.1536948250068235e-06,4.959986654284876e-06,6.400323854904855e-06,1.6038622561609372e-05,1.2833691471314523e-05,9.242097803507932e-06,5.968284767732257e-06,1.114852238970343e-05,3.407581607461907e-05,0.00010620894317980856,1.6378317013732158e-05,5.594599770120112e-06,7.85091924626613e-06,5.497498136719514e-07,4.5388100033960654e-07,8.288175479265192e-08,4.1684583607093373e-07,3.027239188213571e-07,2.416356039702805e-07,4.3614474520836666e-07,1.1071257688399783e-07,1.2410509953042492e-07,2.440216917420912e-07,1.7310339828213728e-08,5.088676857667451e-07,2.9981919169586035e-08,4.004481581887376e-07,3.0891968094692857e-07,4.519413110415371e-08,1.1340145533722534e-07,2.3144345107084519e-07,7.227409355436976e-07,2.483861862856429e-06,4.945807745571074e-07,7.946249525048188e-08,9.99811220481206e-08,7.501338359361398e-07,1.8886299812947982e-07,2.7513368650033954e-07,4.7321066176664317e-07,5.906611022510333e-08,1.952847696884419e-06,3.8668252955176285e-07,4.931351895720582e-07,3.6568809491654974e-07,1.4028945827249117e-07,9.401026090927189e-08,5.538302261243189e-08,6.369398874994658e-08,6.566506272065453e-08,1.2538165492514963e-06,2.2058115973777603e-06,0.0010137262288480997,0.0003682101669255644
66,The place of birth of Nicki Minaj is,The place of birth of the performer of Changed It is,Nicki Minaj,the performer of Changed It, Port of Spain,6.466279245387341e-08,4.157742239385698e-07,9.147808668785729e-06,6.059950123926683e-07,2.395575506852765e-07,1.7363472579745576e-06,3.7236938510432083e-07,6.880800356157124e-07,7.976426786626689e-06,8.486154001730029e-07,1.1662908946163952e-05,4.224760232318658e-06,2.6931918455375126e-06,1.979850094357971e-05,5.332822911441326e-05,3.163310248055495e-05,3.0504603273584507e-05,1.688157135504298e-05,2.459506140439771e-05,4.012130739283748e-05,7.239867409225553e-05,0.00010658314567990601,1.656961285334546e-05,1.4708642083860468e-05,6.53764363960363e-05,8.743711077840999e-05,6.72687529004179e-05,0.0001602054398972541,8.130895002977923e-05,0.0001028107653837651,1.8862823708332144e-05,0.00015992576663848013,6.976559234317392e-05,1.852485365816392e-05,0.00011077679664595053,2.6506289941607974e-05,6.492837565019727e-05,1.5659656128264032e-05,3.6993798858020455e-05,3.677728454931639e-05,2.6596775569487363e-05,3.9427650335710496e-06,3.4249358122906415e-06,3.5647476579470094e-06,1.5190272506515612e-06,9.011321822072205e-07,1.220730837303563e-06,1.5987931192285032e-06,1.0411309858682216e-06,2.166217882404453e-06,2.158089955628384e-05,7.15748456059373e-06,4.262700713297818e-06,3.5945720355812227e-06,1.699629137874581e-06,2.9854688818886643e-06,1.0852370905922726e-05,1.0338414540456142e-05,7.587915206386242e-06,7.073880624375306e-06,9.023048733070027e-06,8.020486347959377e-06,1.2935031918459572e-05,6.062233296688646e-05,6.180108903208748e-05,5.0045960961142555e-05,9.71272456808947e-05,0.00014691577234771103,0.0002386535779805854,7.690656639169902e-05,1.0393547199782915e-05,4.2611369281075895e-05,1.8189068214269355e-05,7.1330332502839155e-06,0.00011728925892384723,0.0003926163481082767,0.00013886553642805666,0.0016002709744498134,0.0022000400349497795,0.0015715761110186577,0.00018080350128002465,0.010083596222102642
67,The date of death of Sir John Grey is,"The date of death of the father of Edmund Grey, 1st Earl of Kent is",Sir John Grey,"the father of Edmund Grey, 1st Earl of Kent", 1439,0.0002360656944802031,6.315710197668523e-05,0.02131018415093422,0.0019383309409022331,0.0025200173258781433,0.0024501250591129065,8.56956175994128e-05,0.00040284221176989377,0.00030109687941148877,1.1983945569227217e-07,3.5654320527100936e-05,0.0035245867911726236,4.999316843168344e-06,4.261106823832961e-06,1.4870445852466219e-07,2.463553073539515e-06,1.8911349570771563e-06,0.000772263971157372,2.249233511975035e-05,2.8122081857873127e-05,1.4109392054706404e-07,0.00010044388909591362,0.003431763034313917,0.019395792856812477,0.0036823723930865526,0.0012512458488345146,0.00036535877734422684,0.00037877255817875266,1.4748260355190723e-06,0.011624034494161606,0.0006893639802001417,2.5909052055794746e-05,0.0013759360881522298,0.00042417997610755265,0.0166005901992321,0.000524850795045495,0.00012042842718074098,0.00015616316522937268,0.010047083720564842,0.03142319247126579,0.00035066387499682605,0.005809270776808262,0.13420405983924866,0.001371692749671638,0.006999490316957235,0.00020391274301800877,0.0002535958483349532,0.0028108812402933836,0.002352133160457015,0.0008421107195317745,0.0013046758249402046,0.0015577987069264054,0.0010373994009569287,0.0018788129091262817,0.00011211449600523338,0.0004185857833363116,3.9082089642761275e-05,0.007363076321780682,9.996535663958639e-05,0.004927243106067181,0.0045389351435005665,0.0001152999175246805,0.0039625889621675014,0.0027047290932387114,0.0030333201866596937,0.0002719488984439522,0.005968187935650349,0.0003095621068496257,8.63142304297071e-06,0.0010145629057660699,1.611809420865029e-05,1.7126418242696673e-05,0.00035752408439293504,0.008447904139757156,0.00933570321649313,0.04245765507221222,0.05335545912384987,0.08430381864309311,0.016408588737249374,0.0023340540938079357,0.008859858848154545,0.012893819250166416
68,The inception of Vassar College was in,The inception of the publisher of The Miscellany News was in,Vassar College,the publisher of The Miscellany News, 1861,0.0222310908138752,0.10743249952793121,0.08876310288906097,0.07969804108142853,0.9598116874694824,0.016272099688649178,0.023090334609150887,6.138665048638359e-05,0.7072606086730957,0.3505445718765259,0.06305230408906937,0.5258212685585022,0.004023560788482428,0.15318024158477783,0.022233208641409874,0.048109542578458786,0.002590324729681015,0.055574364960193634,0.00010762804595287889,0.0007025005761533976,0.05938522145152092,0.27994391322135925,0.004031903110444546,0.009917988441884518,0.010204438120126724,0.02481006644666195,0.002136822324246168,4.407809319673106e-05,0.004749883897602558,1.6248077372438274e-05,0.0001672683283686638,0.001834030612371862,0.0006770968320779502,4.389755122247152e-05,0.0016461703926324844,1.1344759514031466e-05,6.9940447247063275e-06,1.5773019185871817e-05,5.540046572605206e-07,6.9385832830448635e-06,2.753596163529437e-06,8.795486223789339e-07,1.8614644432091154e-05,7.684522643103264e-06,2.030793621088378e-05,3.297875084129487e-09,1.0109764616572647e-06,1.4322116612675018e-06,3.9220196867972845e-08,1.2855673503509024e-07,2.008524546681656e-07,2.40405556573009e-10,1.0880992773465437e-09,2.6555563081842593e-08,2.121894659978807e-09,2.272151355953156e-08,2.078462069121656e-09,1.1022492252266147e-08,4.13373824059704e-09,5.3530371246779396e-09,5.798381774724248e-09,5.895234522768078e-09,2.062675008573933e-08,5.702233796256451e-09,2.4862353842358687e-10,5.833951655098701e-10,1.0999136323963654e-10,6.392516377351498e-11,8.787513078312159e-11,1.5940511133294422e-09,6.597838386745991e-10,8.130858486499193e-11,2.283403022218522e-09,4.4345496164055476e-09,1.3078355287632348e-08,2.651179897839029e-08,7.731196660643036e-08,1.0035592357127143e-09,5.781009093652756e-08,1.0801787908576443e-08,0.6940249800682068,0.615096926689148
69,The place of death of Albert Capellani is,The place of death of the director of Out of the Fog is,Albert Capellani,the director of Out of the Fog, Paris,3.4855420381063595e-06,0.0001047373007168062,1.871636777650565e-05,7.984373837643943e-07,8.011806130525656e-06,6.15651242696913e-06,1.0260192766509135e-06,1.3764492905465886e-05,1.7011190720950253e-05,1.887163193714514e-06,4.0957591409096494e-05,6.146775558590889e-05,1.3139397196937352e-05,1.358097233605804e-05,9.107576261158101e-06,3.873838522849837e-06,1.7162680023830035e-06,4.970464942744002e-06,2.9504321901185904e-06,3.268199634476332e-06,5.84448116569547e-07,2.3796044388291193e-06,1.6631773178232834e-05,1.8128006331608049e-06,8.3607517353812e-07,1.711364348011557e-06,1.6262604276562342e-06,6.985925665503601e-06,5.2370472985785455e-05,5.2682309615192935e-05,3.6571254895534366e-05,0.00022954843007028103,0.00015620779595337808,0.000473771127872169,0.0014477967051789165,0.00020733929704874754,7.1089765697252e-05,0.0004824302450288087,0.00013578424113802612,0.00011446065036579967,0.00015648019325453788,2.4917724658735096e-05,0.00010843681229744107,2.19247885979712e-05,3.1648211006540805e-05,2.6029327273136005e-05,3.089558958890848e-05,0.00018891095533035696,4.5775610487908125e-05,5.222037361818366e-05,8.682756015332416e-05,4.690175046562217e-05,0.00028407073114067316,0.00014951008779462427,7.894710142863914e-05,0.001739148749038577,0.0022608917206525803,0.0028771646320819855,0.0025442391633987427,0.0035517069045454264,0.005085306707769632,0.001293333014473319,0.0012621659552678466,0.0012300129747018218,0.0010408979142084718,0.021081509068608284,0.009120233356952667,0.0004960831138305366,0.0003234961477573961,0.0007539424696005881,0.0010043246438726783,0.00019724862067960203,0.00023230831720866263,0.00024618644965812564,0.00026450128643773496,0.003182872897014022,0.0001958981156349182,0.0005201126332394779,0.0018596454756334424,0.002569312695413828,0.00014827321865595877,0.07970350235700607
70,The place of birth of Finbar Furey is,The place of birth of the father of Áine Furey is,Finbar Furey,the father of Áine Furey, Dublin,3.2943594305834267e-06,7.165622832872032e-07,1.7819365893956274e-07,3.9919419236866815e-07,6.212753191903175e-07,8.14655049907742e-06,5.605486876447685e-06,3.3975534279306885e-06,7.326063951040851e-07,3.1728623071103357e-06,3.6795640880882274e-06,3.53013388121326e-06,1.2051070825691568e-06,1.0954569233945222e-06,6.122312242951011e-06,9.613361726223957e-06,2.262004818476271e-05,7.645616278750822e-06,4.461192020244198e-06,8.397815349781013e-07,4.192616415821249e-06,1.12617753984523e-05,4.413007445691619e-06,4.453102064871928e-06,1.1835894611067488e-06,1.0900123470491963e-06,2.381084129865485e-07,3.94168273487594e-06,3.7942750168440398e-06,8.6575291788904e-06,2.8669337552855723e-05,3.0789726679358864e-06,1.0063142326544039e-05,1.6189629832297214e-06,3.880221811414231e-06,5.988179623273027e-07,7.513474997722369e-07,0.0004827974480576813,6.217865302460268e-05,1.4782297512283549e-05,7.500646006519673e-06,3.1724719065095996e-06,1.864535988715943e-06,2.7990472517558374e-06,1.8347698187426431e-06,8.800901014183182e-06,4.602612079906976e-06,4.738528787129326e-06,2.1535821360885166e-05,1.1822254236903973e-05,1.0899477274506353e-05,7.688910955039319e-06,1.6744903405196965e-05,5.838226570631377e-06,4.7313524191849865e-06,1.048765511768579e-06,1.667611172706529e-06,1.2122848147555487e-06,1.2617003903869772e-06,2.882903572754003e-06,2.5961094252124894e-06,3.052106194445514e-06,1.3080964436085196e-06,1.6994143834381248e-06,4.583159238791268e-07,1.8079482515531708e-06,5.579556727752788e-07,2.2499771148432046e-06,2.733562268986134e-06,1.9782619347097352e-06,7.025217200862244e-06,7.956944500620011e-06,4.776402420247905e-06,6.134761406428879e-06,6.556119842571206e-06,8.663128937769216e-06,3.839420969597995e-05,3.56043383362703e-05,5.8426259784027934e-05,3.693161852424964e-05,0.0022156082559376955,0.13417360186576843
71,The date of birth of Gerald Drummond is,The date of birth of the father of Gerald George Drummond is,Gerald Drummond,the father of Gerald George Drummond," September 8, 1976",0.00014775170711800456,0.0007409621612168849,0.0003640726790763438,0.00010271897917846218,0.0005513706710189581,0.00018693758465815336,5.845162013429217e-05,6.244159885682166e-05,5.848556611454114e-05,4.2431038309587166e-05,6.76822746754624e-05,0.00019575207261368632,1.1570758033485617e-05,3.2417839975096285e-05,5.7021057727979496e-05,9.498940198682249e-05,5.20950698046363e-06,1.651032562222099e-06,1.2082317653039354e-06,1.224960442414158e-06,1.4204837270881399e-06,8.267706448350509e-07,1.2951311418873956e-06,2.118745760526508e-05,1.6030122424126603e-05,1.1004784937540535e-05,4.59592993138358e-05,2.7005855372408405e-05,4.03849953727331e-05,0.0002158998540835455,4.4961550884181634e-05,0.00014794443268328905,9.921647870214656e-05,1.4970932170399465e-05,1.178801085188752e-05,1.9803524082817603e-06,8.631283890281338e-06,3.2137993457581615e-06,6.798871254432015e-06,9.024993232742418e-06,2.2222893676371314e-06,7.289775112440111e-06,1.1339981028868351e-05,2.919451435445808e-05,5.2270312153268605e-05,1.2650827557081357e-05,7.5675061452784576e-06,1.2919075743411668e-05,3.6975186958443373e-05,6.343948371068109e-06,4.240666839905316e-06,9.65915842243703e-06,6.490630312327994e-06,6.22571496933233e-06,2.1283651676640147e-06,8.356302600986965e-07,1.2159898687968962e-06,2.774136873995303e-06,1.3686601505469298e-06,1.7244800574189867e-06,2.756627964117797e-06,1.9731126030819723e-06,1.562918555464421e-06,5.3313492571760435e-06,8.598070962761994e-06,7.949589416966774e-06,1.272386361961253e-05,3.846267645712942e-06,6.989292160142213e-06,2.9882033913963824e-07,1.437414312022156e-06,4.1065586628974415e-06,3.7878148759773467e-06,1.081767459254479e-05,1.2321946996962652e-05,1.0609511264192406e-05,2.6579282348393463e-05,7.877336611272767e-05,9.685190889285877e-05,0.0005181765300221741,0.0006457236013375223,0.004676514305174351
72,The country of citizenship of Liam Lynch is,The country of citizenship of the director of Sarah Silverman: Jesus Is Magic is,Liam Lynch,the director of Sarah Silverman: Jesus Is Magic, United States,1.1918866221094504e-05,2.5686326807772275e-06,2.074685426123324e-06,3.6290157368057407e-06,4.4197545321367215e-06,2.1256485638332379e-07,2.496632873771887e-07,2.622456634071568e-07,1.0010244011482428e-07,5.1171067383393165e-08,6.094372793086222e-07,1.6206622888148559e-07,8.55961729939736e-07,3.816138018919446e-07,2.1371597540564835e-06,2.156603784442268e-07,1.342990856301185e-07,1.1027743340719098e-07,2.2291465029411484e-07,2.0305330394876364e-07,3.5066844361608673e-07,5.571409019466955e-06,7.105323675205e-06,1.7056636352208443e-05,1.5843883375055157e-05,8.21326466393657e-06,3.625514182203915e-06,1.9782339677476557e-06,7.608453870489029e-06,4.5477163439500146e-06,4.720156539406162e-06,1.213582800119184e-05,7.812041985744145e-06,2.622445026645437e-05,6.528242374770343e-05,0.00022747868206351995,0.0005957938265055418,0.0001771676033968106,0.000169165781699121,0.00016719347331672907,0.0008876767242327332,9.016721014631912e-05,1.2282930228479927e-10,1.1265938404392273e-08,7.874960061826641e-08,1.2687421246937447e-07,7.164368298617774e-08,1.1466002547422249e-07,1.918664906952472e-07,4.164724742850012e-08,1.0861481491986069e-08,1.9441733556391227e-08,1.4391690505988208e-08,2.882460048425628e-09,1.3766585649221952e-09,1.5837621492043041e-10,1.875585242672173e-10,4.689598709362031e-10,3.3644539931820816e-10,3.522373582046101e-12,2.8535895868486705e-11,4.868430745347263e-12,1.3160342607343445e-11,3.560467198848727e-11,1.4532575143277882e-10,4.583217139142448e-11,1.8775239696289248e-10,2.3165248885792522e-10,2.3001897261898385e-11,1.497665880201282e-11,5.0079735497421396e-11,1.786495777700292e-11,2.5068200293354437e-10,2.585798797305472e-10,1.8155280057108314e-10,1.5970649802632408e-10,3.806600035183294e-10,6.691749376841472e-10,1.5751665249919e-10,1.0950872431081393e-09,0.2557501196861267,0.017845479771494865
73,The place of birth of Çesk Zadeja is,The place of birth of the composer of Tana is,Çesk Zadeja,the composer of Tana, Shkodër,0.00011792328587034717,1.6681780834915116e-05,3.04608929582173e-05,5.699336725228932e-06,5.905913553760911e-07,4.477913932987576e-07,6.483016790070906e-08,3.3290612577729917e-07,3.984565864811884e-06,1.6186843367904657e-06,1.3613368992082542e-06,1.2771566844094195e-06,5.894793275729171e-08,1.9324330935432954e-07,1.0448735565660172e-06,3.3471635560999857e-06,1.2430571132426849e-06,1.0488984116818756e-06,5.0944427130161785e-06,4.651649760489818e-06,1.28462988868705e-06,1.2043655260640662e-05,4.341781732364325e-06,1.1617613381531555e-05,1.2260481526027434e-05,1.768336801433179e-06,5.91486877965508e-06,6.66150026518153e-06,1.6148545682881377e-06,1.9223189156036824e-06,1.6964725091384025e-06,1.1708040119629004e-06,1.809126842999831e-05,6.148251031845575e-06,5.3658632168662734e-06,2.791252200040617e-06,2.8115380246163113e-06,3.1095812573767034e-06,3.105995710939169e-05,6.710416982969036e-06,1.0696929166442715e-05,5.447353942145128e-06,3.300897560620797e-06,3.876017672155285e-06,2.1887415186938597e-06,5.852520644111792e-06,4.018327217636397e-06,8.919131687434856e-06,4.033240202261368e-06,1.223943968398089e-06,2.408263981124037e-06,1.0699767472033272e-06,2.1210519207670586e-06,2.8832693033109535e-07,3.85927364732197e-07,3.415004528051213e-07,4.874347041550209e-07,1.3112625651956478e-07,9.616261422706884e-07,2.6797381451615365e-06,5.504595605998475e-07,1.7623473240746534e-06,2.374235918978229e-06,2.3820613932912238e-05,8.698430974618532e-06,3.151619603158906e-05,1.4616174667025916e-05,1.5011699360911734e-05,6.313242010946851e-06,2.990384746226482e-05,3.1219766242429614e-05,1.2316714673943352e-05,5.009381129639223e-05,4.318776063882979e-06,5.601405428024009e-05,0.159315288066864,0.00662238197401166,0.007911612279713154,0.0391366071999073,0.0036471739877015352,0.0016707078320905566,0.5530678629875183
74,The place of birth of Dulce of Aragon is,The place of birth of the mother of Theresa of Portugal is,Dulce of Aragon,the mother of Theresa of Portugal, Barcelona,8.432898539467715e-07,2.586047571639938e-07,2.4367243440792663e-06,3.0681455882586306e-06,3.5512980502971914e-06,1.7747605625118013e-06,3.1737436074763536e-06,6.674386554550438e-07,4.601788816671615e-07,1.8115703142029815e-06,4.623332642950118e-06,2.1505345557670807e-06,3.7740323932666797e-07,2.0660997961385874e-06,2.2892766082804883e-06,1.9566662103898125e-06,3.783979309446295e-06,5.12994756718399e-06,7.112688763299957e-06,4.1410044104850385e-06,2.183547167078359e-06,3.988271600974258e-06,1.04824921436375e-05,1.8089131117449142e-05,2.4222397769335657e-05,1.0903247130045202e-05,4.271917077858234e-06,7.250449925777502e-06,1.4617374290537555e-05,1.8955910491058603e-05,3.419037602725439e-05,3.480550367385149e-05,5.6345008488278836e-05,9.401005081599578e-05,0.00014248739171307534,9.442531154491007e-05,5.6726472394075245e-05,0.0003339816757943481,0.0002767644764389843,0.0003022891469299793,0.00020810830756090581,0.0006242288509383798,0.006092207506299019,0.003075552638620138,0.004630339331924915,0.0051306202076375484,0.001800070982426405,0.0016248436877503991,0.0014866816345602274,0.002055525779724121,0.002843567170202732,0.003106188029050827,0.0031046338845044374,0.0020595290698111057,0.0014438709476962686,0.004509959369897842,0.007482202723622322,0.004875876009464264,0.006136666052043438,0.0039206151850521564,0.002233303850516677,0.0018720002844929695,0.001970797311514616,0.0016959408530965447,0.0029170385096222162,0.003513824427500367,0.0015146437799558043,0.001195606542751193,0.0010422957129776478,0.0013234022771939635,0.001210140879265964,0.001232230570167303,0.0013183396076783538,0.0007698099361732602,0.0024230852723121643,0.0006964330677874386,0.0015276629710569978,0.007518109865486622,0.013653871603310108,0.06519236415624619,0.00014105811715126038,0.007420875132083893
75,The country of citizenship of Master P is,The country of citizenship of the director of No Tomorrow is,Master P,the director of No Tomorrow, American,1.3048968412476825e-06,5.690862053597812e-06,2.141824552381877e-05,1.8004606317845173e-05,3.984410341217881e-06,1.7014214108712622e-06,2.8878619104943937e-06,1.098897246265551e-05,2.385299467277946e-06,1.4534610954797245e-06,5.501815849129343e-06,1.8737886193775921e-06,3.229574531360413e-06,2.7795747428172035e-06,1.1906737427125336e-06,7.852881935832556e-07,9.48374145082198e-06,3.0226596209104173e-05,2.6624606107361615e-05,7.349887164309621e-05,4.710912617156282e-05,7.930111314635724e-05,0.00013958888303022832,0.00019769069331232458,0.00021055457182228565,0.00012276589404791594,2.1571562683675438e-05,6.225033575901762e-05,0.0010263052536174655,0.0009789485484361649,0.0015034677926450968,0.0007617149967700243,0.000832614314276725,0.0026093260385096073,0.00053367018699646,0.001069104764610529,0.004835312254726887,0.012594511732459068,0.005998721346259117,0.011522406712174416,0.00784981343895197,0.010118088684976101,0.004181244410574436,0.0018976295832544565,0.0019215603824704885,0.0019925693050026894,0.0004795760032720864,0.0007379701128229499,0.00037550341221503913,4.026366877951659e-05,0.000282212917227298,0.0005552083603106439,0.0004691118374466896,0.000163214179337956,0.00018296223424840719,0.000446308491518721,0.00045421990216709673,0.0005331170978024602,0.00021556270075961947,0.0002121549769071862,0.0003545193758327514,0.00011647501378320158,0.00017949876200873405,0.00014511396875604987,0.0001969129079952836,0.0003643777745310217,0.0009046568884514272,0.00052218500059098,0.00011107781028840691,0.0003419209970161319,0.00020136793318670243,0.0001760206650942564,0.00016002335178200155,0.0014515768270939589,0.001368932775221765,0.004961995407938957,0.0032076695933938026,0.00775148207321763,0.005893317051231861,0.0010012724669650197,0.011531917378306389,0.07208684831857681
76,The place of death of James Bauer is,The place of death of the director of The Black Star is,James Bauer,the director of The Black Star, Argentina,6.879459760966711e-06,1.2859634352935245e-06,9.599194754628115e-07,1.2405976121954154e-06,1.9615149540186394e-06,2.2708100004820153e-06,8.147218863996386e-07,3.098490992670122e-07,1.2085264700090192e-07,2.354980779273319e-06,5.0801436373149045e-06,2.0715517621283652e-06,1.042670874085161e-06,1.8138269979317556e-06,2.266026740471716e-06,3.0694802717334824e-06,1.2629085404114448e-06,1.3349896335057565e-06,1.2394222039802116e-06,4.166699909546878e-06,1.3521731716537033e-06,1.3096395150569151e-06,2.2605522644880693e-06,7.19281433703145e-06,2.2163219909998588e-05,3.769323666347191e-05,2.051342926279176e-05,9.419329217053019e-06,5.8570353758113924e-06,4.0525751501263585e-06,1.5276514204742853e-06,3.8304519875964615e-06,7.941627700347453e-06,9.58594409894431e-06,1.1107024874945637e-05,7.492958502552938e-06,2.400868197582895e-06,4.901544343738351e-06,2.674136112545966e-06,6.59269289826625e-06,1.1485220056783874e-05,2.494708496669773e-05,2.2595626433030702e-05,8.372720913030207e-06,6.799111361033283e-06,3.885083970089909e-06,4.255315616319422e-06,1.0008499884861521e-05,9.15803866519127e-06,2.7792791570391273e-06,5.822309958603e-06,1.325500306847971e-06,2.0615136691048974e-06,2.389305336691905e-06,1.615180735825561e-06,2.337621253900579e-06,9.768416475708364e-07,2.0450318061193684e-06,3.5021269013668643e-06,4.7152152546914294e-06,3.649445716291666e-06,2.089151848849724e-06,3.1736672099214047e-06,3.2959635518636787e-06,3.927576472051442e-06,5.194971436139895e-06,5.8439295571588445e-06,4.757902843266493e-06,8.955786142905708e-06,1.8243048543808982e-05,7.65734239394078e-06,9.54259667196311e-06,1.0327429663448129e-05,1.0535415640333667e-05,1.3291760296851862e-05,1.2195674571557902e-05,1.64768844115315e-05,2.09266127058072e-05,1.8108001313521527e-05,3.231961454730481e-05,6.309564196271822e-05,1.3062479411019012e-05
77,The place of birth of Björk is,The place of birth of the performer of Oceania is,Björk,the performer of Oceania, Reykjavík,1.0831902272911975e-06,4.777048445703258e-08,3.4853076158469776e-07,9.920748880176689e-07,3.738867349056818e-08,7.355652797969015e-08,1.8671819645987853e-07,5.608904984910623e-07,1.1388787243049592e-05,2.2333936158247525e-06,1.8580855112304562e-06,1.758796202011581e-06,8.089671155175893e-07,5.420170055003837e-07,4.5642178747584694e-07,7.927562251097697e-08,2.440485218357935e-07,2.019823455157166e-07,1.94099087025279e-07,5.162340244169172e-07,4.660280410462292e-06,4.821417405764805e-06,3.0950232030590996e-05,0.0002575300168246031,0.000433129898738116,5.8006706240121275e-05,2.0207555280649103e-05,1.017576505546458e-05,2.5618705876695458e-06,3.848998858302366e-06,6.204299279488623e-05,6.734444468747824e-05,0.00027964255423285067,0.0008468022570014,0.0005383405950851738,0.0008205116610042751,0.00030370091553777456,0.008652258664369583,0.00943870097398758,0.023945707827806473,0.014050045982003212,0.01195897813886404,0.04418739303946495,0.05471392348408699,0.03075825609266758,0.2444460391998291,0.12817613780498505,0.11275731027126312,0.10272181034088135,0.1917707473039627,0.06256994605064392,0.08211124688386917,0.030831003561615944,0.09023050963878632,0.10849835723638535,0.24539346992969513,0.3972133696079254,0.6492394208908081,0.5078158378601074,0.3896545171737671,0.49103406071662903,0.6570498943328857,0.5127521753311157,0.6575895547866821,0.45432019233703613,0.6545049548149109,0.6433373093605042,0.6170420050621033,0.5205019116401672,0.4024737775325775,0.570489764213562,0.5893370509147644,0.6153453588485718,0.6639754176139832,0.31249210238456726,0.8181541562080383,0.8322764039039612,0.3119678497314453,0.2728358507156372,0.17522956430912018,0.00015055217954795808,0.7304073572158813
78,The date of death of Susan of Albania is,The date of death of the mother of Prince Leka of Albania is,Susan of Albania,the mother of Prince Leka of Albania, 17 July 2004,0.00038796255830675364,0.0007322396850213408,0.020467333495616913,0.0009576556039974093,0.01506941206753254,0.00045858437079004943,0.002085204003378749,3.118773747701198e-05,0.00015715254994574934,2.0630723156500608e-05,6.844844392617233e-06,0.0002752911241259426,7.31039690435864e-05,4.601100226864219e-05,0.00037013960536569357,0.00015696624177508056,9.200662134389859e-06,7.271700724231778e-06,6.8643967097159475e-06,1.8277809488154162e-07,0.00020152486104052514,1.8267315681441687e-05,0.00011273773270659149,2.2168998839333653e-05,0.0013269145274534822,0.0011230434756726027,8.62447268445976e-06,0.00015392004570458084,1.0084625500894617e-05,2.7850632250192575e-05,0.00011030765745090321,2.6003481252701022e-05,1.9334920580149628e-05,4.659385695049423e-07,0.00020856258925050497,0.0005247247172519565,5.82827597099822e-05,0.00020657115965150297,0.005257545039057732,3.2700194424251094e-05,3.4721392694336828e-06,7.71827035350725e-05,4.6254343033069745e-05,1.5149379350987147e-06,5.0598671805346385e-05,2.2214081241145323e-07,4.626437828392227e-07,2.1386063053796533e-07,1.280948708881624e-05,3.567847102203814e-07,4.0179889992941753e-07,8.822815971143427e-07,1.3335377389012137e-06,1.4413172948479769e-06,3.227514184800384e-07,5.517006229638355e-06,1.4187164651957573e-06,0.00016276065434794873,6.857188054709695e-06,1.91702874872135e-05,0.0002549273194745183,3.99538257624954e-05,0.0010661057895049453,0.00016249426698777825,0.00018719417857937515,7.397847639367683e-06,0.00016703356232028455,2.8709598609566456e-06,0.00021466828184202313,0.0002803872339427471,2.9261529562063515e-05,2.8883748655061936e-06,0.0001990853197639808,1.9594001059886068e-05,2.271446464874316e-05,5.819366379000712e-06,4.281616384105291e-06,1.3746762306254823e-05,3.200865103281103e-05,0.002890758216381073,0.011204048991203308,0.029535215348005295
79,The place of death of Augustus II the Strong is,The place of death of the spouse of Christiane Eberhardine of Brandenburg-Bayreuth is,Augustus II the Strong,the spouse of Christiane Eberhardine of Brandenburg-Bayreuth, Warsaw,1.0754234125442963e-07,6.858937013021205e-06,3.233117240597494e-05,1.015698398987297e-05,2.6809902919922024e-05,2.1846426534466445e-05,2.5420904421480373e-05,1.1629478649410885e-05,3.7630179576808587e-06,2.5841727619990706e-06,3.374937023181701e-06,5.3326425586419646e-06,6.607716204598546e-05,9.474872786086053e-05,9.326948929810897e-05,3.18735656037461e-05,1.6382286048610695e-05,2.6485456601221813e-06,9.503256137577409e-07,1.6149713246704778e-06,7.5998932516085915e-06,4.983593953511445e-06,2.644631422299426e-05,1.1103144061053172e-05,7.957365596666932e-06,3.8469584069389384e-06,2.7501039312483044e-06,2.063644387817476e-06,3.0970018087828066e-06,1.1337879186612554e-05,9.852808034338523e-06,1.9384169718250632e-06,1.7594765040485072e-06,2.21331129068858e-06,1.7986221791943535e-06,8.062076517489913e-07,6.754268611075531e-07,2.2925810299057048e-06,4.1572143345547374e-06,2.074374151561642e-06,6.691625458188355e-06,5.3146268328418955e-06,1.850691478466615e-05,1.9288330804556608e-05,3.4730706829577684e-05,2.6399491616757587e-05,1.5582982086925767e-05,2.2763777451473288e-05,7.475625170627609e-05,0.000116106697532814,3.744487548829056e-05,4.218901813146658e-05,8.103656728053465e-05,0.00012575976143125445,0.00010076445323647931,4.8347988922614604e-05,0.00018708629067987204,0.00016222422709688544,0.00015161276678554714,0.00016858284652698785,0.00019286744645796716,0.00018168181122746319,0.00025990462745539844,0.00016066270472947508,0.0003055879788007587,0.0004637024539988488,0.00028167900745756924,0.000332872848957777,0.00039749499410390854,0.0003411474172025919,0.00028906180523335934,0.0003068357182200998,0.00020952228805981576,0.00020255980780348182,0.00035338549059815705,0.0006431806250475347,0.0025485942605882883,0.0034998971968889236,0.0017993736546486616,0.0023456087801605463,0.00010643054702086374,0.047799404710531235
80,The spouse of Anup Sengupta is,The spouse of the director of Bangla Bachao is,Anup Sengupta,the director of Bangla Bachao, Piya Sengupta,7.224862486054917e-08,7.620909627803485e-07,4.164977781329071e-06,2.4937104171840474e-05,2.445154223096324e-06,1.0442241773489513e-06,1.447878332783148e-07,6.008742730045924e-07,6.680463684460847e-06,2.163307044611429e-06,1.542933745213304e-07,2.3546661509499245e-07,2.6814942089004035e-07,4.058924503169692e-07,6.950775741643156e-07,4.4750464667231427e-07,1.2193218879019696e-07,1.2133655218349304e-06,1.0288620160281425e-06,1.6711803709767992e-06,8.17709462808125e-07,1.8706042226313002e-07,3.1020874757814454e-07,1.12816917408054e-06,8.151783958965098e-07,6.352677246468375e-07,1.930741575506545e-07,1.676040596976236e-06,1.8513949271437014e-06,3.0970508646532835e-07,7.796779186719505e-07,1.326865117334819e-06,6.891006023579394e-07,4.457981788164034e-07,3.821928203251446e-06,4.854419330513338e-06,1.6685879700162332e-06,1.5215969142445829e-06,8.026425462048792e-07,1.3885021417081589e-06,5.410452104115393e-07,9.80099002845236e-07,5.881845481781056e-07,6.697541721223388e-08,2.0232360498084745e-07,2.8147434250058723e-07,2.2886301564994938e-07,2.287181359861279e-07,2.803662084716052e-07,1.6999618424051732e-07,3.9199622392516176e-07,3.886163995048264e-07,8.587524575887073e-07,8.433780749328434e-07,2.07843345378933e-06,8.785769978203462e-07,4.6571776124437747e-07,9.594817811375833e-07,1.4056215604796307e-06,5.937406967859715e-06,4.617942977347411e-06,1.853265075624222e-06,2.494108230166603e-06,4.253900897310814e-06,3.894640030921437e-06,2.9078546504024416e-06,3.0995790893939557e-06,3.301798869870254e-06,8.726457053853665e-06,2.045538349193521e-05,1.924050593515858e-05,2.566964212746825e-05,1.6091165889520198e-05,8.745855302549899e-05,8.460585377179086e-05,0.0002658176817931235,0.0007110452861525118,0.0006167450337670743,0.0006118441233411431,0.0011351634748280048,7.513263426517369e-06,0.0006768736056983471
81,"The place of death of James Hamilton, 4th Duke of Hamilton is","The place of death of the father of Sir James Abercrombie, 1st Baronet is","James Hamilton, 4th Duke of Hamilton","the father of Sir James Abercrombie, 1st Baronet", Hyde Park,1.0988752130458579e-08,3.876738219332765e-08,3.547335580833533e-08,7.753972575130774e-09,7.076356922652849e-08,9.009097823309276e-08,1.3915996355251536e-08,3.516827362659569e-08,1.0421334906141055e-07,1.764279744520536e-07,2.5474577114437125e-07,1.9597487153077964e-06,3.5899263366445666e-06,2.302223720107577e-06,6.017550276737893e-06,1.7348820620100014e-05,2.77197304967558e-05,3.0124983823043294e-06,1.3290978131408338e-05,4.875301783613395e-06,1.5135824469325598e-06,1.597508162376471e-05,1.2081813110853545e-05,2.722884346439969e-06,3.9287065192183945e-06,6.550398211402353e-06,5.185554527997738e-07,1.7415199238257628e-07,1.5477063186608575e-07,1.3836822176926944e-07,1.8776995602820534e-07,1.3635110462928424e-07,1.2657086472245282e-06,3.745095966678491e-07,3.2571000474490575e-07,7.004409496857988e-08,1.8925575773209857e-07,2.9196039008638763e-07,5.623727474812767e-07,3.9484203284700925e-07,6.185340453157551e-07,4.941055067320121e-07,1.1339068350935122e-06,4.5225471012599883e-07,2.244554480057559e-07,1.9955359675805084e-07,5.84192889618862e-07,1.0414933058200404e-06,6.439150865844567e-07,4.4739113036484923e-07,5.909012088523014e-07,6.28764837529161e-07,1.0151201195185422e-06,5.855138738297683e-07,4.2686488654908317e-07,5.148164063939475e-07,9.511454095445515e-07,7.988696211214119e-07,8.517005767316732e-07,5.244750695965195e-07,1.3224661188360187e-06,7.815660865162499e-07,2.948185908735468e-07,4.4525006615003804e-07,3.114814433047286e-07,2.5844150286502554e-07,3.459296351593366e-07,8.615024853497744e-07,1.2809543932235101e-06,5.701937197954976e-07,8.269410045613768e-07,5.897379082853149e-07,1.3590664593721158e-06,1.1173988241353072e-06,4.619248102244455e-06,2.1942929379292764e-05,1.3287160982144997e-05,2.8360749638522975e-05,1.2560738468891941e-05,8.271930710179731e-05,1.045681869982218e-06,0.00012022194277960807
82,The place of death of Amelia Pincherle is,The place of death of the mother of Sabatino Enrico 'Nello' Rosselli is,Amelia Pincherle,the mother of Sabatino Enrico 'Nello' Rosselli, Florence,1.1373927918612026e-05,3.022320470336126e-06,1.719437250358169e-06,1.1496501883812016e-06,6.431994279409992e-07,6.479901344391692e-07,1.1457220807642443e-06,2.309126557520358e-06,1.2165634871053044e-05,2.45551376565345e-07,1.2678743587457575e-05,1.751114359649364e-05,1.069631161954021e-05,8.424988664046396e-06,6.147563453851035e-06,2.4480716547259362e-06,8.424446491517301e-07,1.2127582067478215e-06,2.275055294376216e-06,5.221978085501178e-07,1.2313553554577084e-07,1.4230951705940242e-07,1.350931825072621e-06,2.0354363527985697e-07,6.563411858451218e-08,4.254943419823576e-08,6.28455723017396e-08,1.240092615262256e-07,8.49854359330493e-07,3.139656655548606e-06,2.7123812174068007e-07,7.340933052546461e-07,5.598340635515342e-07,5.255351993582735e-07,5.920522880842327e-07,7.848222480788536e-07,2.66498062728715e-07,2.7067346763942624e-07,9.940464451574371e-08,6.328671275923625e-08,1.0181872056591601e-07,1.1146713063681091e-07,1.6711072703401442e-07,2.3204340493521158e-07,2.662553981735982e-07,1.4444910334532324e-07,5.624517598334933e-07,4.562036508559686e-07,3.1524874088972865e-07,2.1104271752392378e-07,1.3405602317106968e-07,1.6357114418497076e-07,2.551098248204653e-07,6.758551052143957e-08,9.369789211177704e-08,5.446070616699217e-08,9.520400112705829e-08,3.5989361890642613e-07,1.8956951919335552e-07,3.196551574546902e-07,2.6053172064166574e-07,2.34185904446349e-06,1.6708903558537713e-06,1.4729118902323535e-06,4.376223841973115e-06,7.112353159755003e-06,9.663259334047325e-06,1.6887752281036228e-05,1.658905421209056e-05,8.340817657881416e-06,9.550431059324183e-06,1.1837290912808385e-05,6.683759693260072e-06,2.2487249225378036e-05,1.328650614595972e-05,3.184378147125244e-05,4.377643563202582e-05,3.520611790008843e-05,7.8370634582825e-05,9.471744124311954e-05,0.004282880574464798,0.005396418273448944
83,The country of citizenship of Artuq is,The country of citizenship of the father of Ilghazi is,Artuq,the father of Ilghazi, Seljuq empire,2.931037954567728e-07,2.5964654923882335e-06,1.1072631878050743e-06,1.697099207831343e-07,3.147708298456564e-07,2.0616815277207934e-07,3.974740252488118e-07,7.949934932582892e-09,1.587126696733776e-08,1.5784406670604767e-08,8.593442402116125e-08,1.3706458901197038e-07,5.582403161952243e-08,2.1697856311675423e-07,2.2142808120406698e-07,3.331926791361184e-06,6.23791152065678e-07,9.905226761475205e-06,1.2380203315842664e-06,4.945996465721691e-07,3.434095106058521e-07,2.1712780835514423e-06,1.7162096810352523e-06,2.318999179351522e-07,4.7140713377302745e-07,7.812258928652227e-08,8.153723740633723e-08,1.033227817970328e-06,4.7384006052197947e-07,1.2356928209555917e-06,7.435759243890061e-07,4.740979420603253e-06,1.10780219984008e-05,1.0857616871362552e-05,1.2243515811860561e-05,2.2833388356957585e-05,2.59114904110902e-06,7.328518677240936e-06,7.179813110269606e-06,2.7735866297007306e-06,2.0775196389877237e-06,2.5116974029515404e-06,6.18607100477675e-06,5.993803824821953e-06,1.4738267282154993e-06,7.590233963128412e-06,3.4841004890040495e-06,4.859296041104244e-06,6.319328349491116e-06,3.488388301775558e-06,3.740872443813714e-06,3.3346541385981254e-06,1.430249312761589e-06,2.0226732431183336e-06,2.8269155905036314e-07,5.2166478781146e-07,2.905771339101193e-07,1.5013290521892486e-07,2.1042741593646497e-07,2.45744331550668e-07,1.680763688227671e-07,3.2519085380045e-07,1.0727910648711259e-07,2.317970171361594e-07,2.471434754625079e-07,3.9446942423637665e-07,4.671313149628986e-07,4.020326684894826e-07,9.085629244509619e-07,3.0744519108338864e-07,8.303247227559041e-07,8.000020557119569e-07,6.600091069230984e-07,8.194755878321303e-07,8.732285436963139e-07,4.6342540827026824e-07,2.82434541531984e-07,3.033691200471367e-07,1.2686294326158531e-07,2.4116565100484877e-07,0.00016102327208500355,1.6072915968834423e-05
84,The country of citizenship of Ricardo Mella is,The country of citizenship of the father of Urania Mella Serrano is,Ricardo Mella,the father of Urania Mella Serrano, Spain,4.781405004905537e-05,9.029258762893733e-06,3.270951765443897e-06,8.724226972844917e-06,7.71919894759776e-06,4.093078132427763e-06,4.659645583160454e-06,2.8399147140589776e-06,3.849440872727428e-06,2.6448187782079913e-06,4.564667506201658e-06,2.625419938340201e-06,2.226462811449892e-06,1.7567407439855742e-06,6.130250653768599e-07,5.164725394024572e-07,2.555496791956102e-07,2.149507736248779e-07,2.864832424620545e-07,6.537614183343976e-08,1.2175192409813462e-07,2.7684251335813315e-07,1.0041120646064883e-07,1.1435237468049309e-07,1.4934120429188624e-07,1.4219220645372843e-07,2.108809127321365e-07,1.9731557188151783e-07,8.33580671155687e-08,2.6056728330559054e-08,8.967717803898267e-07,6.856818117739749e-07,4.3333096755304723e-07,1.668038152047302e-07,2.9466738737937703e-07,1.2114251148886979e-06,9.823064601732767e-07,0.0003081897448282689,9.67646119534038e-05,0.00014594176900573075,0.00010746480984380469,0.0002461726253386587,0.00033537446870468557,0.00047177739907056093,0.001688827178440988,0.00040539560723118484,0.00010069509880850092,0.00022065118537284434,0.00014304183423519135,0.00013309443602338433,6.837925320724025e-05,0.00031062611378729343,0.0004485784738790244,0.00045067709288559854,0.00048431375762447715,0.001032473985105753,0.007763247471302748,0.009117993526160717,0.008631636388599873,0.008296133019030094,0.005634046159684658,0.004612905904650688,0.008701021783053875,0.007898448966443539,0.0035765417851507664,0.006178386975079775,0.011994888074696064,0.002670654095709324,0.004904482048004866,0.001421936322003603,0.0002848772855941206,0.0006467302446253598,0.0007162969559431076,0.004408024251461029,0.002594677498564124,0.016239354386925697,0.004979139193892479,0.0009503749897703528,0.006084427237510681,0.002575681544840336,0.33268219232559204,0.7594076991081238
85,The place of birth of George Whaley is,The place of birth of the director of Clowning Around is,George Whaley,the director of Clowning Around," Castlemaine, Victoria, Australia",1.4208402490112348e-06,4.6829939037706936e-07,5.971588961983798e-06,1.4516359442495741e-05,4.610430096363416e-06,2.0722545741591603e-06,1.6586923266004305e-06,5.241698772806558e-07,2.0057441929566266e-07,1.615768780993676e-07,5.352521839085966e-07,1.6330552625731798e-06,3.7975494251440978e-06,1.210903519677231e-06,5.412722998698882e-07,1.6926534840422391e-07,5.952950914434041e-07,2.9669289247635788e-08,1.5962211108444535e-08,3.714105645258314e-08,4.976702161485491e-09,1.4432361084004697e-08,1.538083012064817e-07,1.719782147802107e-07,3.319964747561244e-08,4.610258130810507e-08,1.463129883916281e-08,1.787237380312945e-08,3.750232568933143e-09,5.109488387944339e-09,3.0450927113179205e-08,1.1019838552783767e-07,1.238568927419692e-07,1.8722123229508725e-07,1.817421377836581e-07,4.532859350092622e-07,3.438850058046228e-07,6.391629767676932e-07,8.758049148127611e-07,3.1615175544175145e-07,3.593821418235166e-07,3.9246418737093336e-07,7.65093602694833e-07,1.0481069239176577e-06,8.17956106402562e-07,2.616409062738967e-07,3.6791573165828595e-07,3.681550992951088e-07,2.8850246280853753e-07,3.546486198047205e-07,1.0228132651945998e-07,5.0593129685694294e-08,9.134315348546806e-08,4.175003454065518e-08,7.517633804354773e-08,8.615779734100215e-08,1.745759270477265e-08,1.1566191560063999e-08,8.265478967928175e-09,1.582767339414204e-08,2.4478934435023803e-08,1.9111729088194807e-08,1.7987424882903724e-08,1.1970604951727637e-08,1.6181466833131708e-08,1.2595762655109866e-08,2.1652505566294167e-08,2.9187887662374123e-08,1.1155696810760674e-08,1.7022603771010836e-08,7.787297917616343e-09,1.3867807346912286e-08,1.4069019727003251e-08,5.039312966914622e-09,1.0319595844521245e-08,2.583927960486676e-09,7.570992721639414e-09,2.017599598502784e-08,9.6234060720235e-09,9.170474157826902e-08,0.00018288528372067958,7.346677648456534e-06
86,The place of burial of Kato Svanidze is,The place of burial of the mother of Yakov Iosifovich Dzhugashvili is,Kato Svanidze,the mother of Yakov Iosifovich Dzhugashvili, Tiflis,0.00028406394994817674,3.0157949368003756e-05,4.477164475247264e-05,0.00018091786478180438,2.292673525516875e-05,8.64302182890242e-06,1.0193087973675574e-06,3.953088025809848e-07,3.264332235630718e-06,5.428266263152182e-07,6.504325824607804e-07,5.249121386441402e-06,1.4280436744229519e-06,1.3135341760062147e-05,6.081820174586028e-06,4.974149760528235e-06,3.5086013667751104e-05,1.484464155510068e-05,0.00012151811824878678,8.144411549437791e-05,4.8569010687060654e-05,2.0177854821668006e-05,0.00010209412721451372,4.889025149168447e-06,1.5650892919438775e-06,7.46186742617283e-06,2.233953637187369e-05,2.2307049221126363e-05,0.00013841343752574176,4.5204473281046376e-05,8.729726687306538e-05,9.230674550053664e-06,1.9934896045015194e-06,6.153298386379902e-07,1.3252019016363192e-05,1.1067603736591991e-05,7.884951628511772e-06,4.131779132876545e-05,2.6576068194117397e-05,6.840299647592474e-06,7.113868923624977e-05,4.41882002633065e-05,5.180681910132989e-05,3.052073952858336e-05,0.0005538671975955367,5.270713154459372e-05,7.480413478333503e-05,5.5574455473106354e-05,8.647409413242713e-05,2.723307261476293e-06,5.1100658311042935e-05,2.558355663495604e-05,8.878324297256768e-05,4.5261665945872664e-05,0.00023342373606283218,1.1569213711482007e-05,4.1593997593736276e-05,2.1647825633408502e-05,4.233080744597828e-06,1.6570845673413714e-06,1.9163973774993792e-05,5.114484883961268e-05,7.531845312769292e-06,2.34543713304447e-05,5.5286811402766034e-05,6.453758396673948e-05,0.00020342358038760722,0.0003251134476158768,8.768734551267698e-05,0.00041525840060785413,8.621860615676269e-06,0.00010389069939265028,4.9486156058264896e-05,6.269147706916556e-05,2.7135914933751337e-05,3.997181920567527e-06,0.0007504888926632702,0.002902512438595295,0.004638378042727709,0.00012097048602299765,0.0004131327732466161,0.0006387742469087243
87,The place of birth of Marcus Garvey is,The place of birth of the spouse of Amy Ashwood Garvey is,Marcus Garvey,the spouse of Amy Ashwood Garvey, Saint Ann's Bay,2.4020744149311213e-07,1.685078672153395e-07,2.3225878464927519e-07,1.1859335245389957e-05,4.389900823298376e-06,1.0827624464582186e-05,1.267499101231806e-06,4.148891548538813e-06,1.1148171324748546e-05,4.131069545110222e-06,3.170383251926978e-06,5.9900062296947e-06,2.8115575787523994e-06,9.658818953539594e-07,1.855305299613974e-06,8.03186594566796e-06,6.6348920881864615e-06,4.700079443864524e-06,1.5643176084267907e-05,4.875026934314519e-05,1.1623988029896282e-05,1.124290747611667e-06,2.022678017965518e-05,6.945603672647849e-06,2.2162064396979986e-06,1.0815123459906317e-05,1.6662228517816402e-05,1.788435474736616e-05,7.574336632387713e-05,0.00012542790500447154,4.346155401435681e-05,4.561729292618111e-05,5.9877304011024535e-05,6.325024151010439e-05,0.00020466138084884733,7.157443178584799e-05,0.00021183551871217787,0.0007897365721873939,0.0001380600588163361,1.6735848475946113e-05,9.58268174144905e-06,1.5766912838444114e-05,2.1401874619186856e-05,4.0764127334114164e-05,1.7254804333788343e-05,4.315546902944334e-06,2.2753058601665543e-06,4.706029812950874e-06,7.2354696385446005e-06,5.698190761904698e-06,1.2569270438689273e-05,5.655689164996147e-06,3.2315292628481984e-06,1.3776221976513625e-06,7.13856820766523e-07,4.90540799091832e-07,1.6547911627640133e-06,9.901000339596067e-07,5.865869638910226e-07,6.484331152023515e-07,3.91982638348054e-07,3.495086957627791e-07,1.1800047872156938e-07,7.452199923818625e-08,9.777291865020743e-08,1.084225189629251e-07,3.3878367844408785e-07,9.009679757809863e-08,1.856187452631275e-07,2.6660569574232795e-07,5.245466923042841e-07,2.695889406822971e-06,1.3831607930114842e-06,3.4785321076924447e-06,4.741537395602791e-06,4.93796105729416e-05,5.5261178204091266e-05,6.601579661946744e-05,0.0002902635606005788,0.00017878744984045625,0.0020123515278100967,0.10728878527879715
88,"The place of birth of Sizzo, Prince of Schwarzburg is",The place of birth of the spouse of Princess Alexandra Therese Marie of Anhalt is,"Sizzo, Prince of Schwarzburg",the spouse of Princess Alexandra Therese Marie of Anhalt, Rudolstadt,9.746045179781504e-07,1.0784825462906156e-05,0.00017185881733894348,2.7533907996257767e-05,7.451742021657992e-06,1.1488965355965775e-05,5.406776381278178e-06,3.451957672950812e-05,1.589435851201415e-05,2.457700429658871e-05,6.268448487389833e-05,0.00011819971405202523,1.7379557903041132e-05,1.6482432329212315e-05,5.805864020658191e-06,1.2124335626140237e-05,1.0022185051639099e-05,1.1335662748024333e-05,7.372614618361695e-06,8.139379133353941e-06,2.283265757796471e-06,1.1344337735863519e-06,2.5559556888765655e-06,1.6852235376063618e-06,1.8309701772523113e-06,4.835429990635021e-06,4.2464566831768025e-06,1.0484834092494566e-05,2.0022034732392058e-05,2.563025009294506e-05,8.376466666959459e-07,9.383747965330258e-07,9.45108922678628e-07,1.448658935032654e-07,7.311089689210348e-07,1.9766821424127556e-06,2.680080569916754e-06,1.163709384854883e-05,2.9725679269176908e-06,3.519005076668691e-06,3.7969425648043398e-06,5.9900598898821045e-06,2.367979868722614e-05,5.9429217799333856e-05,0.00012414134107530117,4.5364740799413994e-05,4.3515330617083237e-05,0.00012149061512900516,9.482477616984397e-05,6.552935519721359e-05,9.520965977571905e-05,0.00025438869488425553,0.0002286901290062815,0.00013154761109035462,0.00013838769518770278,0.00027749393484555185,0.00030363237601704895,0.0004156755458097905,0.0004296274564694613,0.0007764394395053387,0.00026838117628358305,0.00025933681172318757,0.0002053729840554297,0.00034605569089762866,0.000234790553804487,0.0006931964890100062,0.00034323532599955797,0.00017337966710329056,0.0001694066886557266,0.00018048692436423153,0.00016839570889715105,0.0008216759888455272,0.0009271088638342917,0.0007419509929604828,0.0007665930897928774,0.012016033753752708,0.002638978883624077,0.0060963938012719154,0.01287747174501419,0.0019061953062191606,2.6571131456876174e-05,0.0010305753676220775
89,The place of burial of Coretta Scott King is,The place of burial of the mother of Dexter Scott King is,Coretta Scott King,the mother of Dexter Scott King, Georgia,4.185131103895401e-07,1.413237328051764e-06,7.800325874995906e-06,8.901525688997936e-06,1.3164703887014184e-05,1.4789501392442617e-06,3.435640394400252e-07,7.276773317244078e-07,1.1632992027443834e-06,2.413782738130976e-07,1.950923973481622e-07,2.764859800663544e-06,1.813654080251581e-06,6.802824373153271e-06,2.5831897801253945e-05,6.647008831350831e-06,9.465540642850101e-06,4.195139990770258e-05,2.632731047924608e-05,0.00027529732324182987,0.0003743592242244631,5.144600436324254e-05,6.716840289300308e-05,6.451542867580429e-05,1.4660105989605654e-05,0.0003850359353236854,0.0001849342224886641,3.3977263228734955e-05,0.00011006638669641688,0.00025173238827846944,0.005965817719697952,0.0015528751537203789,0.0024174912832677364,0.007673199288547039,0.003570079803466797,0.0007692653452977538,0.0003241612866986543,3.610244675655849e-05,9.556378245179076e-06,1.3838028280588333e-05,4.8281167437380645e-06,1.0057588042400312e-06,5.177760797892006e-08,3.469309888259886e-07,1.313468089847447e-07,2.4156088684890165e-08,5.729923913122548e-08,3.0957039598433767e-08,1.17427468637743e-07,3.9530213769012335e-08,2.6689606968943735e-08,1.0476751022281405e-08,5.8217946019567535e-09,1.890089862399691e-08,2.645679231250142e-08,7.097416698798042e-08,3.4508173030189937e-07,3.887001298608084e-07,6.45897273443552e-07,1.648043166824209e-06,5.249376044957899e-07,1.8355246993451146e-06,3.2829509564180626e-06,1.734937313813134e-06,1.802515498638968e-06,1.8378703998678247e-06,1.97432473214576e-06,1.1524267620188766e-06,8.362578682863386e-07,8.92690309228783e-07,2.557499101385474e-06,2.4728824428166263e-06,2.187129894082318e-06,1.8710370568442158e-06,3.5976538583781803e-06,0.00012738614168483764,1.763847831171006e-05,2.8017668228130788e-05,4.333088509156369e-05,1.8919576177722774e-05,0.0016467231325805187,0.0013708022888749838
90,The country of citizenship of Pinedjem I is,The country of citizenship of the father of Psusennes I is,Pinedjem I,the father of Psusennes I, Ancient Egypt,2.384675644862e-05,0.000100743054645136,5.294829315971583e-05,1.3149199730833061e-05,8.67039489094168e-05,0.0008079897961579263,0.00033707573311403394,3.6608158552553505e-05,4.109680958208628e-06,9.859661986411083e-06,4.314399575378047e-06,7.296997864614241e-06,3.2521904358873144e-05,7.0955153205432e-05,1.4262557670008391e-05,1.4412958080356475e-06,5.750366653956007e-06,9.429230090063356e-07,2.597346906441089e-07,1.2207776762807043e-06,5.569075369749044e-07,5.112999801326623e-08,1.091941271624819e-06,1.5066367495819577e-06,3.949832716898527e-06,8.221034477173816e-06,9.29672569327522e-06,5.182841050554998e-06,7.541034847236006e-06,7.193420515250182e-06,4.2213407141389325e-05,9.280272934120148e-06,1.0565460797806736e-05,6.375833436322864e-06,5.667367804562673e-05,8.293694918393157e-06,1.292426350119058e-05,5.904258432565257e-05,6.71025991323404e-05,1.7203794413944706e-05,9.395562665304169e-05,0.00015067208732943982,8.819517825031653e-05,8.826124394545332e-05,0.0006736213690601289,0.0012107347138226032,0.002388743916526437,0.002900373423472047,0.003028564155101776,0.006248088553547859,0.006044061854481697,0.002904111286625266,0.003903225064277649,0.0018710884032770991,0.000898048048838973,0.0005752212600782514,0.0004625400179065764,0.0005380671354942024,0.0002523558505345136,0.0002538145345170051,0.0009095445275306702,0.0015500403242185712,0.0010532967280596495,0.0021714186295866966,0.0016236482188105583,0.0013989820145070553,0.033085089176893234,0.024653026834130287,0.04190900921821594,0.06493561714887619,0.026871096342802048,0.02796902321279049,0.039802223443984985,0.03329642117023468,0.03704757243394852,0.06500812619924545,0.07363452762365341,0.050869788974523544,0.0670311376452446,0.21600884199142456,0.0002371536975260824,0.1434268057346344
91,"The place of death of Humphrey Stafford, 1st Duke of Buckingham is",The place of death of the father of Humphrey Stafford is,"Humphrey Stafford, 1st Duke of Buckingham",the father of Humphrey Stafford, Northampton,3.002073754032608e-05,5.28429609403247e-06,1.1067947525589261e-05,4.15497379435692e-05,1.0648191164364107e-05,2.7842318672810507e-07,1.6528294111139985e-07,1.6147879478012328e-07,1.914405061143043e-07,1.619967406440992e-06,6.66237497171096e-07,1.0631654731696472e-05,5.354404493118636e-06,1.0645091606420465e-05,9.324283746536821e-05,2.6167081159655936e-05,0.0006437102565541863,0.00012791334302164614,6.396152002707822e-06,7.2066509346768726e-06,1.3519535968953278e-05,1.1686283869494218e-06,8.877426012077194e-07,6.359529652399942e-05,3.3506876206956804e-05,2.4722707166802138e-05,3.437742998357862e-05,1.4684198504255619e-05,8.835051630740054e-06,9.23393508855952e-06,3.207251893400098e-06,5.361356215871638e-06,1.7153843145933934e-05,1.1232503993596765e-06,1.3840643987350632e-05,2.1970643047097838e-06,3.239786110498244e-06,1.6356345440726727e-05,2.699974402275984e-06,6.114077677921159e-06,2.656572178239003e-06,3.1008929113340855e-07,7.12422604465246e-07,1.7347501852782443e-06,5.933302986704803e-07,1.482014653220176e-07,2.3544224347915588e-07,4.502663841776666e-07,1.071530135732246e-07,3.383886237884326e-08,7.023460568689188e-08,4.611416670741164e-08,4.84296762692793e-08,1.1266022781342144e-08,2.031250190270839e-08,1.037567809447637e-08,1.5257771934784614e-08,1.0952829754273807e-08,9.490515928689547e-09,4.8566818122708355e-08,4.924598329125729e-08,1.786864167740987e-08,1.2909948665651427e-09,7.543039970414611e-09,9.246554633079995e-09,3.034840290183638e-08,3.9269071550052104e-08,3.5205253823278326e-08,5.668935543212683e-08,5.586484164155081e-08,1.3971377654797834e-07,2.367654730051072e-07,1.407528742447539e-07,4.0557434743959675e-08,8.150738750600794e-08,1.8992190575772838e-07,1.0091387139254948e-06,5.163350351722329e-07,2.7677904768097505e-07,6.153221420390764e-06,7.790907693561167e-05,0.00028069238760508597
92,The country of citizenship of Luis Bayón Herrera is,The country of citizenship of the director of Cuidado con las imitaciones is,Luis Bayón Herrera,the director of Cuidado con las imitaciones, Spanish,1.6139663330250187e-06,2.2905571768205846e-06,1.1400996982047218e-06,6.804718395869713e-06,1.2887751381640555e-06,1.6226058505708352e-06,1.5274655424946104e-06,7.92845730757108e-06,6.360961378959473e-06,1.9775618511630455e-06,3.0458213586825877e-06,7.093195790730533e-07,1.1111358162452234e-06,5.322245897332323e-07,1.5259145129675744e-06,4.2518399823165964e-07,1.258047063856793e-06,1.1358328322330635e-07,2.597742252419266e-07,1.0785237236632383e-06,7.178728083090391e-07,1.8421064851281699e-06,8.439449743491423e-07,1.654095399317157e-06,1.4089185924603953e-06,2.008251158258645e-06,6.203404723237327e-07,4.0854723692973494e-07,4.791476726495603e-07,5.313515316629491e-07,4.989632088836515e-06,3.953468421968864e-06,5.056318968854612e-06,1.0295167157892138e-05,1.0866748198168352e-05,2.11567912629107e-05,7.0840324042364955e-06,0.0001882361975731328,6.544990174006671e-05,6.767173181287944e-05,0.00014842436939943582,7.026700768619776e-05,0.0003933582338504493,0.00040378753328695893,0.00025781046133488417,0.0005858829244971275,0.0004849948163609952,0.00019280605192761868,8.810662984615192e-05,9.437352855456993e-05,7.438823377015069e-05,0.0001633774518268183,0.00010442742495797575,0.0002247896045446396,0.0003587051760405302,0.0006198608898557723,0.0017388594569638371,0.0025917000602930784,0.0026909594889730215,0.00033980284933932126,0.00016130295989569277,0.0002071796916425228,0.00024729743017815053,0.00029783183708786964,0.00028854954871349037,0.00038435033638961613,0.0008337466279044747,0.00029660348081961274,0.0002225743082817644,0.0001838237512856722,2.3003643946140073e-05,2.2275096853263676e-05,1.1205876944586635e-05,9.346431761514395e-05,4.068670023116283e-05,0.00020459838560782373,2.2806727429269813e-05,2.0802974177058786e-05,7.098694186424837e-05,2.9703665859415196e-05,0.00243777921423316,0.0019686436280608177
93,The place of death of Martino Zaccaria is,The place of death of the father of Bartolomeo (or Bartolommeo) Zaccaria is,Martino Zaccaria,the father of Bartolomeo (or Bartolommeo) Zaccaria, Smyrna,3.4559658956823114e-07,2.6494427629586426e-07,1.279753547578366e-07,4.071788453074987e-07,2.328518462491047e-07,3.4736027032522543e-07,1.984528580578626e-06,3.0982430416770512e-06,5.219557806412922e-06,9.77331865215092e-07,1.3443022908177227e-06,3.084680429310538e-06,8.33243757369928e-06,3.5709790608962066e-06,1.709009211481316e-06,1.416836568068902e-07,1.3502700539902435e-06,6.354061383717635e-07,1.5012271603609406e-07,1.1415380640755757e-07,1.3257123043786123e-07,3.4266113857484015e-07,5.343121642908955e-07,1.4904901490808697e-06,4.4167867940814176e-07,1.4155305052554468e-06,1.3070122804492712e-05,2.0867939838353777e-06,1.9159040220984025e-06,3.0194644295988837e-06,5.158575504538021e-07,2.0858590232819552e-07,8.930384751693055e-07,1.7652149608693435e-07,1.0942208916731033e-07,1.714322905854715e-08,1.6038358197079106e-08,1.8162200632332315e-08,1.320766251922123e-08,1.3351499461577987e-08,1.2499535628762715e-08,1.3325670344954688e-08,6.174776956413552e-08,4.5245894142453835e-08,7.361531828564694e-08,7.465432361186686e-08,5.3831413993066235e-08,6.461092283416292e-08,1.658150807770653e-07,1.7241756467001323e-08,1.2598966314669724e-08,4.720004298519598e-08,4.07680680325484e-08,2.1406522776601378e-08,4.905298212065645e-08,9.054961935817119e-08,1.0004753647763209e-07,1.606174038215613e-07,1.0700183850076428e-07,3.825512351340876e-07,4.6328042913046374e-07,4.087918625828024e-07,4.331417358116596e-07,2.077798058053304e-07,6.150955300654459e-07,5.938766207691515e-07,5.485543965733086e-07,1.7623088410800847e-07,1.6256786139479118e-08,3.011057856383559e-07,3.5265122733108e-07,2.515567700811516e-07,4.82712550819997e-07,3.17423030082864e-07,3.7718950807175133e-07,4.7142518155851576e-07,1.1819961400760803e-06,3.290703489255975e-06,1.841926496126689e-05,5.13396953465417e-05,3.7508854688894644e-07,2.039089622485335e-06
94,The country of citizenship of Frederick I of Denmark is,"The country of citizenship of the father of Dorothea of Denmark, Duchess of Mecklenburg is",Frederick I of Denmark,"the father of Dorothea of Denmark, Duchess of Mecklenburg", Norway,7.516568985010963e-07,4.813921918866981e-07,3.764405960282602e-07,2.0125344235566445e-07,1.7748922118698829e-06,1.4653561493105371e-06,1.2895137615487329e-06,8.062108349804475e-07,8.769205805947422e-08,2.1888314449824975e-07,7.972763569341623e-07,1.1908435482155255e-07,7.873277496628361e-08,2.1731324295615195e-08,4.285331556275196e-08,1.2347074118679302e-07,2.614803236156149e-07,1.3482115264196182e-06,5.216097065385839e-07,6.400292704711319e-07,9.954597999239923e-07,1.899606303368273e-07,3.8985646710898436e-07,4.719746016235149e-07,5.456282679006108e-07,6.480315732915187e-07,4.6811328502371907e-07,4.335245478159777e-07,1.2572753860240482e-07,4.1693925822983147e-07,3.6870144981548947e-07,3.3424242928958847e-07,2.2175866831730673e-07,9.70715134940292e-08,3.3981410751948715e-07,1.060739691638446e-06,7.040760010568192e-07,4.6696223421349714e-07,2.3761170098168805e-07,1.5442476808402716e-07,1.3565816914251627e-07,1.7537047369842185e-07,3.4944901017297525e-07,5.306944217409182e-07,6.155741516522539e-07,2.623229704568075e-07,4.2685545054155227e-07,4.168003044924262e-07,2.7340411179466173e-07,4.975434535481327e-07,3.323645216823934e-07,3.506500831917947e-07,2.7453617690298415e-07,3.995994006800174e-07,5.207724029787641e-07,6.742771802237257e-06,3.286185119577567e-06,1.7507327356725e-06,2.6588111268210923e-06,2.506375494704116e-06,1.975344503080123e-06,1.9060947806792683e-06,2.6189718482783064e-06,1.1560998700588243e-06,1.6848805444169557e-06,1.5665086721128318e-06,2.607278020150261e-06,2.72929219136131e-06,1.5862998452575994e-06,2.318120664313028e-07,4.150704455696541e-07,6.507907528430223e-07,1.4802581063122489e-06,3.507086319132213e-07,3.452730936714943e-07,1.369994265587593e-06,6.504472821688978e-06,8.644830813864246e-06,1.3576947822002694e-05,2.6190864446107298e-05,0.012989901006221771,0.004350526258349419
95,The date of birth of  Echigues is,The date of birth of the father of Gomes Echigues is,Echigues,the father of Gomes Echigues, 985,0.008418743498623371,0.0012055651750415564,0.0032785660587251186,0.0014622942544519901,0.0007044653757475317,0.001148509094491601,0.0015346264699473977,0.00033381234970875084,0.0834062322974205,0.006173871923238039,0.0015973499976098537,2.473417407600209e-05,1.508808395556116e-06,6.8245644797571e-06,0.0005915111978538334,0.0016251882771030068,0.0014362877700477839,0.1089262142777443,0.019715474918484688,0.0225863978266716,0.01830417662858963,0.0012365117436274886,0.0010559787042438984,6.348895840346813e-05,0.0004081681545358151,0.027640823274850845,0.010194769129157066,0.5264909863471985,0.12201070785522461,0.8889194130897522,0.004551589954644442,0.03099186345934868,0.043231237679719925,0.20746999979019165,0.3210405707359314,0.24460160732269287,0.08886224031448364,0.03809288144111633,0.009395142085850239,0.4684958755970001,0.5718764662742615,0.3354927599430084,0.8846027255058289,0.973810613155365,0.4251396954059601,0.4027879238128662,0.18732790648937225,0.048679277300834656,0.008293190971016884,0.0003838342381641269,0.04397003352642059,0.05546644330024719,0.625746488571167,0.7294217944145203,0.32989928126335144,0.9020940661430359,0.722945511341095,0.9287388324737549,0.1680818498134613,0.022130608558654785,0.8428931832313538,0.19557985663414001,0.7447614669799805,0.4522128105163574,0.30311599373817444,0.6137934923171997,0.5360729694366455,0.3691120743751526,0.4575757086277008,0.35094666481018066,0.7341222167015076,0.18333426117897034,0.9929277300834656,0.9950546026229858,0.8640401363372803,0.6126521825790405,0.7475209832191467,0.6188440918922424,0.04989254102110863,0.00022267487656790763,0.04792439565062523,0.10434214770793915
96,The inception of American Radio Relay League was in,The inception of the publisher of National Contest Journal was in,American Radio Relay League,the publisher of National Contest Journal, 1914,0.0039396812207996845,0.004632953554391861,0.0018674122402444482,0.0017579636769369245,0.37614867091178894,0.001404286245815456,0.00714851962402463,8.65686743054539e-05,0.1990327537059784,0.6468973159790039,0.44405314326286316,0.5869094133377075,0.0057910834439098835,0.02092156559228897,0.0885130912065506,0.22344432771205902,0.02132691815495491,0.21091057360172272,3.801860657404177e-05,0.0021023957524448633,0.005583254620432854,0.17372819781303406,0.0018123910995200276,0.00307351048104465,0.00014964453293941915,0.00022973031445872039,0.0008356081671081483,0.00228561251424253,0.0006043257308192551,0.0016394836129620671,0.00018947060743812472,0.0017226515337824821,0.00017227994976565242,0.00019968205015175045,9.585393127053976e-05,1.0549933904258069e-05,5.1173610700061545e-06,0.00020909773593302816,3.168508555972949e-05,0.006501877214759588,0.011035329662263393,0.007255755364894867,3.535140058374964e-05,1.9066178538196255e-06,2.119088321705931e-06,4.150593042595574e-07,9.705216541533446e-08,3.9788201888768526e-07,3.257109995047358e-07,1.5893799343302817e-07,2.9220848318800563e-07,1.5144312470738441e-09,1.0928064142490257e-07,2.6736662661619448e-08,8.620743230380867e-09,4.0080486485294387e-08,1.1002052602293588e-09,1.6780165035257255e-09,3.92307626384536e-08,4.150247256973216e-09,4.553473050006307e-12,2.3339791210830185e-10,2.1638352568076336e-11,3.383824331848473e-10,5.582624362787669e-10,9.687863705698518e-11,1.1371088098899307e-11,2.1812808503884895e-10,3.1853089610400787e-10,1.8794557576917725e-10,2.4660840036716536e-10,2.634849838312192e-10,1.3069685333988446e-09,8.410611762599274e-09,3.0665838757215624e-09,9.137252732216439e-08,6.545701758398081e-10,3.378349902050104e-07,1.4341446785692824e-06,6.9995708145143e-06,0.6020827889442444,0.5647441148757935
97,The place of birth of Reinhold Schünzel is,The place of birth of the director of The Great Awakening is,Reinhold Schünzel,the director of The Great Awakening, Hamburg,8.684743590947619e-08,2.531716347675683e-07,1.3702929209102876e-06,1.4864284594295896e-06,2.7079577193944715e-06,1.1367379784132936e-06,5.503936222339689e-07,2.4423403033324576e-07,2.52468538519679e-07,5.370006306293362e-08,9.525473387839156e-08,6.159026355589958e-08,3.885744348508524e-08,1.819425392568519e-07,8.7038380058857e-08,1.7479395637565176e-06,5.80919277126668e-06,1.0244123131997185e-06,4.100224032299593e-06,2.7148241770191817e-06,4.7114500034695084e-07,3.55316728928301e-07,6.399376957233471e-07,3.002894288783864e-07,1.7164835242056142e-07,4.237604755985558e-08,1.5323239210829342e-07,4.0568161807641445e-07,1.0556640290815267e-06,1.1992661939075333e-06,3.878250026900787e-06,2.497567948012147e-06,4.364856067695655e-06,1.6760299104134901e-06,1.356577286060201e-06,2.58272075370769e-06,9.043473028214066e-07,1.7674263972367044e-06,9.746097475726856e-07,2.728129970819282e-07,9.533911793369043e-08,7.34454772555182e-08,8.034302112491787e-08,7.833109805233107e-08,9.968476888388977e-08,1.1428067381302753e-07,1.0832940944283109e-07,3.5075828463959624e-07,3.170756599502056e-07,3.0893062330505927e-07,3.684121736569068e-07,3.4539868920546724e-07,4.781517759511189e-07,1.5070249048676487e-07,2.751008594259474e-07,2.844486459707696e-07,4.985643613508728e-07,3.4121489989047404e-07,2.093742068609572e-07,7.080934096848068e-07,6.890156214467424e-07,9.039659971676883e-07,8.554607688893157e-07,6.163510306578246e-07,1.2791909966836101e-06,1.0112677273355075e-06,6.373448400154302e-07,1.0372425549576292e-06,1.245513885805849e-06,1.316812813456636e-06,1.292608976655174e-05,7.041198387014447e-06,1.1985624041699339e-05,6.851703346910654e-06,9.665699508332182e-06,8.496077498421073e-06,1.8277547724210308e-06,3.3187443477800116e-06,2.049416616500821e-05,6.694287003483623e-05,0.00034202111419290304,0.10717079788446426
98,The place of birth of Hamilton MacFadden is,The place of birth of the director of Hold That Girl is,Hamilton MacFadden,the director of Hold That Girl, Boston,3.641850696567417e-07,1.9533881641109474e-05,6.909026706125587e-05,7.073187589412555e-05,2.267665149702225e-05,1.6185600543394685e-05,1.2144693755544722e-05,1.0823261618497781e-05,8.371818694286048e-06,3.5849886899086414e-06,1.8162591004511341e-06,3.0786916340730386e-06,2.9922655357950134e-06,3.17045351039269e-06,2.4405271688010544e-06,7.688828986829321e-07,1.6463865222249296e-06,2.423058731437777e-07,2.5473642040196864e-07,3.297629689313908e-07,1.1866256244275064e-07,1.839698597905226e-07,9.720934031065553e-07,3.2980358355416683e-06,4.231126695231069e-06,3.976976131525589e-06,8.884838962330832e-07,1.2159924835941638e-06,2.087992470478639e-06,3.870583896059543e-06,3.4861996027757414e-06,2.851878889487125e-06,8.699729733052664e-06,1.2474013601604383e-05,1.8620370610733517e-05,6.0498587117763236e-05,1.548508407722693e-05,3.375473534106277e-05,6.128217501100153e-05,1.3117007256369106e-05,1.0285147254762705e-05,9.045807928487193e-06,1.5963496480253525e-05,1.1794157217082102e-05,1.1285846085229423e-05,1.0561190720181912e-05,3.90585046261549e-06,1.7187912817462347e-05,1.653988874750212e-05,9.7390147857368e-06,1.3436402696243022e-05,5.085028988105478e-06,1.5541587345069274e-05,1.2424360647855792e-05,1.2096863429178484e-05,2.217672772530932e-06,2.651230488481815e-06,7.194419708866917e-07,1.0813813560162089e-06,1.3724586551688844e-06,1.4704619388794526e-06,2.970712102978723e-06,3.0337395173773984e-07,3.700548631968559e-07,2.2788928788486373e-07,2.6894841198554786e-07,4.194479004127061e-07,3.7884441894675547e-07,2.534374914375803e-07,2.0116200971642684e-07,1.6396587909639493e-07,2.1594654242562683e-07,3.039724845166347e-07,1.95195895003053e-07,1.9215640634229203e-07,4.76518209779897e-07,4.524298731212184e-07,2.0267286515718297e-07,4.576137939693581e-07,6.865289492452575e-07,0.0003059215669054538,0.005256148520857096
99,The place of birth of Agnes Carlsson is,The place of birth of the performer of Stranded is,Agnes Carlsson,the performer of Stranded, Vänersborg,1.625078402867075e-05,1.1045404789911117e-05,0.00012121794134145603,2.846770075848326e-05,7.644333891221322e-06,5.523751678992994e-05,1.9611712559708394e-05,4.138930307817645e-06,1.3632172340294346e-05,2.838556611095555e-06,3.24178222399496e-06,9.687659030532814e-07,5.249588639344438e-07,3.3960041037062183e-06,2.5102758627326693e-06,1.417551516169624e-06,1.0146179192815907e-05,6.694641001558921e-07,2.00644558390195e-06,5.458205123431981e-07,2.621751036713249e-06,7.819883762749669e-07,2.204909606007277e-07,4.927846930513624e-07,1.709385344383918e-07,1.2635931057047856e-07,7.330201157174088e-08,9.438682013751531e-07,1.8967098469602206e-07,5.069600774731953e-06,2.3735895027243714e-08,1.0936028047581203e-06,3.1690287869423628e-06,1.7102718175010523e-07,3.3471400229245774e-07,2.9207950547061046e-07,3.2262537388305645e-06,1.596985021024011e-05,7.581654244859237e-06,2.419726797597832e-06,6.227542144188192e-07,7.0852020144229755e-06,4.448114850674756e-06,1.0190467492066091e-07,4.54665922688946e-08,6.637397405029333e-07,1.8695718040362408e-07,4.2448235149095126e-08,3.6568881256471286e-08,9.488981334015989e-08,2.0360231189897604e-07,7.253905778270564e-07,1.0577165312497527e-06,5.40103997082042e-07,4.4237069118935324e-07,1.0784847859213187e-07,6.808803050262213e-07,1.640867139940383e-06,9.890608225759934e-07,6.341015250654891e-06,1.8315462284590467e-06,4.639126473193755e-06,1.4878932006467949e-06,7.115877451724373e-07,1.603854684617545e-06,6.705995474476367e-06,1.0776828958114493e-06,3.4161487292294623e-06,9.99493067865842e-07,1.9603150576585904e-05,2.237066291854717e-05,0.0005634597619064152,0.22580096125602722,0.006959997117519379,0.02507379837334156,0.028394894674420357,0.0030524125322699547,0.3548834025859833,0.15556278824806213,0.0016695248195901513,0.0007396109867841005,0.8861384987831116
