Unnamed: 0,explicit_sentence,obscure_sentence,explicit_entity,obscure_entity,answer,ans_prob_lens_edit_layer0,ans_prob_lens_edit_layer1,ans_prob_lens_edit_layer2,ans_prob_lens_edit_layer3,ans_prob_lens_edit_layer4,ans_prob_lens_edit_layer5,ans_prob_lens_edit_layer6,ans_prob_lens_edit_layer7,ans_prob_lens_edit_layer8,ans_prob_lens_edit_layer9,ans_prob_lens_edit_layer10,ans_prob_lens_edit_layer11,ans_prob_lens_edit_layer12,ans_prob_lens_edit_layer13,ans_prob_lens_edit_layer14,ans_prob_lens_edit_layer15,ans_prob_lens_edit_layer16,ans_prob_lens_edit_layer17,ans_prob_lens_edit_layer18,ans_prob_lens_edit_layer19,ans_prob_lens_edit_layer20,ans_prob_lens_edit_layer21,ans_prob_lens_edit_layer22,ans_prob_lens_edit_layer23,ans_prob_lens_edit_layer24,ans_prob_lens_edit_layer25,ans_prob_lens_edit_layer26,ans_prob_lens_edit_layer27,ans_prob_lens_edit_layer28,ans_prob_lens_edit_layer29,ans_prob_lens_edit_layer30,ans_prob_lens_edit_layer31,ans_prob_lens_edit_layer32,ans_prob_lens_edit_layer33,ans_prob_lens_edit_layer34,ans_prob_lens_edit_layer35,ans_prob_lens_edit_layer36,ans_prob_lens_edit_layer37,ans_prob_lens_edit_layer38,ans_prob_lens_edit_layer39,ans_prob_lens_edit_layer40,ans_prob_lens_edit_layer41,ans_prob_lens_edit_layer42,ans_prob_lens_edit_layer43,ans_prob_lens_edit_layer44,ans_prob_lens_edit_layer45,ans_prob_lens_edit_layer46,ans_prob_lens_edit_layer47,ans_prob_lens_edit_layer48,ans_prob_lens_edit_layer49,ans_prob_lens_edit_layer50,ans_prob_lens_edit_layer51,ans_prob_lens_edit_layer52,ans_prob_lens_edit_layer53,ans_prob_lens_edit_layer54,ans_prob_lens_edit_layer55,ans_prob_lens_edit_layer56,ans_prob_lens_edit_layer57,ans_prob_lens_edit_layer58,ans_prob_lens_edit_layer59,ans_prob_lens_edit_layer60,ans_prob_lens_edit_layer61,ans_prob_lens_edit_layer62,ans_prob_lens_edit_layer63,ans_prob_lens_edit_layer64,ans_prob_lens_edit_layer65,ans_prob_lens_edit_layer66,ans_prob_lens_edit_layer67,ans_prob_lens_edit_layer68,ans_prob_lens_edit_layer69,ans_prob_lens_edit_layer70,ans_prob_lens_edit_layer71,ans_prob_lens_edit_layer72,ans_prob_lens_edit_layer73,ans_prob_lens_edit_layer74,ans_prob_lens_edit_layer75,ans_prob_lens_edit_layer76,ans_prob_lens_edit_layer77,ans_prob_lens_edit_layer78,ans_prob_lens_edit_layer79,answer_prob_obs,answer_prob_exp
0,The country of citizenship of Jaap Speyer is,The country of citizenship of the director of Lilli's Marriage is,Jaap Speyer,the director of Lilli's Marriage, Dutch,1.0120506885868963e-05,7.691987775615416e-06,4.036331574752694e-06,6.192417458805721e-06,2.5805945824686205e-06,2.2664594325760845e-06,3.4562431210360955e-06,1.1112169886473566e-05,7.885926606832072e-06,9.324300663138274e-06,5.424684331956087e-06,4.832303147850325e-06,8.804165190667845e-06,1.5685634480178123e-06,5.155036888027098e-06,9.997088454838376e-07,2.8591903173946775e-06,7.84930307418108e-07,8.694421921973117e-06,7.803004336892627e-06,6.331930535452557e-07,3.3502260521345306e-06,8.590415745857172e-06,6.9889943006273825e-06,4.5847787987440825e-05,4.0515573346056044e-05,1.992172110476531e-05,2.5753757654456422e-05,0.00010734368697740138,1.562813122291118e-05,0.0007912919390946627,0.0002719182230066508,0.0006844758172519505,0.000511772173922509,0.00041155816870741546,0.0014221178134903312,0.00020867682178504765,0.0504024401307106,0.015726163983345032,0.02829713746905327,0.0081437723711133,0.011146402917802334,0.8402811288833618,0.746721088886261,0.6762391328811646,0.6058051586151123,0.5782102942466736,0.3431178331375122,0.45111557841300964,0.2848476767539978,0.21869540214538574,0.3510185480117798,0.3052079379558563,0.1255674958229065,0.05308295413851738,0.08776148408651352,0.06740661710500717,0.16423176229000092,0.0950779989361763,0.16402404010295868,0.11828532069921494,0.08477144688367844,0.06725115329027176,0.0672743171453476,0.08462414145469666,0.0755835697054863,0.09495805948972702,0.10563814640045166,0.04112580046057701,0.03697619214653969,0.034396279603242874,0.033521708101034164,0.046892303973436356,0.04926764592528343,0.05539930239319801,0.0410010889172554,0.06143106147646904,0.04913980886340141,0.027021123096346855,0.01219625398516655,0.0001257472176803276,0.00335746631026268
1,The place of birth of Dušan Hanák is,"The place of birth of the director of I Love, You Love is",Dušan Hanák,"the director of I Love, You Love", Bratislava,8.844504151284127e-08,3.5285458466205455e-07,7.956565241329372e-05,7.39515826353454e-06,6.96581628290005e-06,1.461880856368225e-05,4.11070277550607e-06,1.1498922503960785e-05,8.04564024292631e-06,4.849467131862184e-06,1.0098168786498718e-05,9.514531484455802e-06,3.6780093068955466e-06,3.731998049261165e-06,8.483115379931405e-06,1.2329302990110591e-05,4.426420491654426e-05,5.723060894524679e-06,2.3686275198997464e-06,2.1723308236687444e-05,3.109973113168962e-05,7.417898450512439e-05,1.5485795302083716e-05,4.1296375457022805e-06,1.1651650311250705e-05,9.752329788170755e-06,3.0373096251423704e-06,3.976943844463676e-06,5.768723895016592e-06,8.557948603993282e-06,1.908905005620909e-06,1.1068846106354613e-06,2.0307736576796742e-06,5.919181944591401e-07,3.3727445725162397e-07,6.580980880244169e-07,1.4512760060370056e-07,1.6308002841469715e-06,1.8999668327523977e-06,6.80742004988133e-07,1.3681795962838805e-06,2.4517323709005723e-06,2.2035753488580667e-07,2.4422953970315575e-07,2.5725739760673605e-07,9.912931631106403e-08,7.877347485418795e-08,3.6475901765697927e-07,8.047583577308615e-08,3.413466842516755e-08,2.8346278213575715e-08,3.809130788567927e-08,1.2107690849916253e-07,4.21421795238075e-08,3.376626978024433e-08,1.0183295984234064e-08,9.901764741471197e-09,4.215298776699683e-09,2.3529271864219936e-09,1.96810656660773e-09,1.7007745212183067e-09,8.597872969140496e-10,9.648019050345624e-10,5.36207078738471e-10,1.8584878080929457e-09,5.173358963439512e-10,2.2738362581709026e-10,1.0456710497486199e-10,4.608028542074649e-11,1.5673320974407545e-10,4.3453271536542104e-10,9.735898753859829e-10,1.0102024106117824e-08,6.269755203902605e-08,1.4423133620766748e-07,1.3597314136859495e-06,4.0227118347502255e-07,9.623850928619504e-06,1.3385106285568327e-05,2.798259629344102e-06,0.1128707081079483,0.8184218406677246
2,The place of death of James Vincent is,The place of death of the director of Gold and the Woman is,James Vincent,the director of Gold and the Woman, New York,1.6533309462829493e-05,1.5907497072475962e-05,2.3292264813790098e-05,1.1157542758155614e-05,1.9250399418524466e-05,0.0002839368535205722,9.413048246642575e-06,3.900762294506421e-06,2.079563046208932e-06,6.515288077935111e-07,6.518174359371187e-06,5.966974640614353e-06,3.889929303113604e-06,1.9000789279743913e-06,4.7657340473961085e-07,5.472814450513397e-07,4.3203785935475025e-06,1.4807812931394437e-06,7.72389739722712e-06,7.605962309753522e-06,1.0080132142320508e-06,3.1371278055303264e-06,1.2936960729348357e-06,9.758408850757405e-06,7.090565759426681e-06,8.318967047671322e-06,1.3956046132079791e-06,2.0906072677462362e-05,3.39460457325913e-05,7.172677578637376e-05,2.0510271497187205e-05,2.6826566681847908e-05,6.873825623188168e-05,9.966854122467339e-05,0.00023591070203110576,0.0008956780657172203,2.4339544324902818e-05,5.197386781219393e-05,0.00015665938553866,0.00016919116023927927,0.000214423009310849,0.00045061338460072875,9.719796798890457e-05,8.267464181699324e-06,6.096395736676641e-05,4.008632822660729e-05,5.174139005248435e-05,0.000258387066423893,0.00016903720097616315,4.2881667468464e-05,0.00021579553140327334,1.4509581887978129e-05,0.00023158393742050976,4.2630719690350816e-05,3.5267243220005184e-05,9.796302038012072e-05,2.689902794372756e-05,2.7591731850407086e-05,1.7357322576572187e-05,1.8543671103543602e-05,3.87586114811711e-05,4.5157215936342254e-05,3.3516382245579734e-05,3.027840102731716e-05,1.4927232768968679e-05,1.9826891730190255e-05,1.407567469868809e-05,3.106733493041247e-05,3.173425648128614e-05,0.0001563260011607781,3.802779610850848e-05,2.4971222956082784e-05,5.4300213378155604e-05,7.828238267393317e-06,3.229484718758613e-05,1.3947992556495592e-05,1.2775468348991126e-05,0.00011884603736689314,7.794301927788183e-05,0.000902458094060421,8.765982784098014e-05,0.00093993847258389
3,The place of birth of Emil Loteanu is,The place of birth of the director of Lăutarii is,Emil Loteanu,the director of Lăutarii, Romania,8.545802302251104e-06,5.545520252780989e-06,1.2515711205196567e-06,5.67895995118306e-07,4.047366815029818e-07,3.43571883831828e-07,4.6126172037475044e-07,5.995150331727928e-07,1.6182492856842146e-07,3.086874187374633e-07,5.372648956836201e-07,3.144725155834749e-07,2.3821652916922176e-07,5.347571914171567e-07,3.6725558061334596e-07,8.553026304980449e-07,4.4760710693481087e-07,1.5649038687115535e-07,2.69914579575925e-07,9.626862862432972e-08,7.1107066901277e-08,2.670813614713552e-07,1.6184364994842326e-06,3.6614829923564685e-07,1.8318597483357735e-07,2.5205034148712e-07,1.0977978348591932e-07,3.9776310245542845e-08,1.2934570747802354e-07,1.2471636523514462e-07,3.136430905215093e-06,3.0588178105972474e-06,8.44321766635403e-06,3.516115384627483e-06,7.889800599514274e-07,8.473955404042499e-07,2.6300731406081468e-06,2.887680921048741e-06,5.49398600924178e-06,5.190158117329702e-05,5.66292874282226e-06,1.0975768418575171e-06,4.811637381862965e-07,4.863628078055626e-07,6.139042056929611e-07,3.790108564771799e-07,5.688087867383729e-08,4.5865387932053636e-08,2.0175855652837527e-08,3.5828097821877236e-08,2.3521632641632095e-08,6.084895698421633e-09,3.60448417779935e-08,1.0799211302980893e-08,2.8506041971354534e-09,2.0530388500361596e-09,5.992839113844184e-09,6.0470357610142855e-09,5.91323567888935e-09,1.564282037236353e-08,6.85406220668483e-09,7.436206761468611e-09,5.868969310540706e-09,1.1828555024351317e-08,4.631894423567928e-09,7.64448415679908e-09,3.740565190923917e-09,4.608180947940355e-09,1.0377855019783055e-08,8.079990010401161e-09,3.894402311743761e-08,3.248297275604273e-08,3.4872819298925606e-08,4.624532223829192e-08,3.5108165263864066e-08,1.928401900386234e-07,1.2973046636943764e-07,8.299228397845582e-07,1.7303542563240626e-06,4.855057227359794e-07,0.0019810176454484463,0.0036820208188146353
4,The country of citizenship of Archduke Karl Salvator of Austria is,The country of citizenship of the father of Archduke Leopold Salvator of Austria is,Archduke Karl Salvator of Austria,the father of Archduke Leopold Salvator of Austria, Italian,1.189867816719925e-05,6.66904088575393e-06,4.1531488932378124e-06,3.0832100605948654e-07,4.3739512989304785e-07,1.479466220644099e-07,1.5139684705900436e-07,9.013644586275404e-08,3.6480656717685633e-07,6.72914552524162e-07,3.418754772610555e-07,7.424833938785014e-07,4.366621908502566e-07,4.0753496932666167e-07,4.382590361728944e-07,6.75024239171762e-07,1.2503941206887248e-06,3.1273666536435485e-06,2.911903266067384e-06,1.2670894648181275e-05,1.7064869552996242e-06,7.176496978900104e-07,4.420359971391008e-07,4.504498747337493e-07,4.324345468376123e-07,1.2484059652706492e-06,3.3976624536080635e-07,1.1612527259785566e-06,9.54373831518751e-07,6.356482344926917e-07,5.283906716613274e-07,3.1848182402427483e-07,5.488697638611484e-07,1.2704440450761467e-06,4.1396091887691e-07,9.705958063932485e-07,2.861057737391093e-07,1.6764942074587452e-06,8.441438694717363e-07,1.5790595853104605e-06,8.717225910004345e-07,7.669922865716217e-07,2.843034963007085e-06,5.145353043189971e-06,1.7455029137636302e-06,9.493655284131819e-07,1.0353074912927696e-06,1.3247527022031136e-06,3.7093186620040797e-06,1.130836267293489e-06,1.7259410469705472e-06,3.2799264317873167e-06,1.8937461163659464e-06,2.018569603023934e-06,2.037976855717716e-06,1.998150401050225e-05,4.0910370444180444e-05,2.278221472806763e-05,3.93256705137901e-05,3.273345282650553e-05,6.57821074128151e-05,6.833800580352545e-05,9.504883200861514e-05,0.00010378042497904971,6.012912854203023e-05,0.00011250365059822798,0.0001490303548052907,5.7270415709353983e-05,8.550706115784124e-05,1.4711788935528602e-05,3.1511226552538574e-05,2.4716597181395628e-05,1.8479217033018358e-05,3.424114402150735e-05,3.8412494177464396e-05,2.143147685274016e-05,4.663101208279841e-06,1.4703896340506617e-05,0.00036249461118131876,0.00014873758482281119,4.497737972997129e-05,0.0001568612497067079
5,The place of birth of Joseph Louis De Grasse is,The place of birth of the director of Father and the Boys is,Joseph Louis De Grasse,the director of Father and the Boys, New Brunswick,3.700245724758133e-05,0.0002134817186743021,7.832234405213967e-05,2.8195639970363118e-05,5.73251600144431e-05,0.0001925971737364307,1.3962581761006732e-05,2.020913962041959e-05,7.114086474757642e-05,2.3021928427624516e-05,2.1309357180143707e-05,2.335074168513529e-05,1.3791224773740396e-05,8.489382707921322e-06,9.231122021446936e-06,3.2681891752872616e-06,5.53467107238248e-05,4.0532169805373996e-05,0.00014941947301849723,2.0264076738385484e-05,1.1163161616423167e-05,4.804399850399932e-06,6.947421297809342e-06,6.954002856218722e-06,3.1551429856335744e-05,7.135259511414915e-05,2.0578756448230706e-05,7.561591337434947e-05,0.00015084422193467617,0.00048509438056498766,0.0005269843968562782,0.00023488195438403636,0.0004067548143211752,0.0002170221705455333,0.0007874372531659901,0.0006354203796945512,3.444537287577987e-05,0.0002866383292712271,6.549301178893074e-05,7.418880704790354e-05,1.7667212887317874e-05,7.177782390499488e-05,5.6927328841993585e-06,3.4637528187886346e-06,3.2634352464810945e-06,5.040898940933403e-06,7.524718512286199e-06,5.2239276556065306e-05,8.789898856775835e-05,0.00016876193694770336,0.00016220164252445102,3.1605479307472706e-05,0.0001300409930991009,6.332893099170178e-05,4.633880598703399e-05,8.698041347088292e-05,2.1998292140779085e-05,1.296092705160845e-05,8.498552233504597e-06,1.6825259081088006e-05,3.3096403058152646e-05,1.4814877431490459e-05,4.132818503421731e-05,1.637351124372799e-05,1.1080958756792825e-05,4.783973054145463e-06,8.11323116067797e-06,1.353106927126646e-05,4.03309786634054e-06,5.318531839293428e-05,4.3574098526732996e-05,3.2139166705746902e-06,3.445042693783762e-06,1.950323894561734e-05,8.207951395888813e-06,5.490697276400169e-06,2.652986495377263e-06,4.843197530135512e-06,6.105596185079776e-06,1.6713955119485036e-05,0.0021015105303376913,0.003255456918850541
6,The place of death of M. B. Sreenivasan is,The place of death of the composer of Onappudava is,M. B. Sreenivasan,the composer of Onappudava, Lakshadweep,1.4762928230993566e-06,1.1514975085447077e-05,4.3870011722901836e-05,2.283884896314703e-06,6.254259460547473e-06,1.6710002910258481e-06,9.335959134659788e-07,1.1796071248681983e-06,2.890731821025838e-06,1.0316683756173006e-06,2.277897874591872e-05,2.293502984684892e-05,0.00019463637727312744,2.304976442246698e-05,2.1096577256685123e-05,3.7443028304551262e-06,4.96689881401835e-06,5.923401658947114e-06,2.0588513507391326e-05,1.0892707905441057e-05,2.529393896111287e-06,1.243009955942398e-05,9.079315532289911e-06,2.9172129870858043e-05,2.132949930455652e-06,3.4026973025902407e-06,5.592031584455981e-07,3.0429259822994936e-07,7.2954441066031e-07,1.8484699637610902e-07,8.929432055992947e-07,1.3510561984730884e-06,2.6275372420059284e-06,3.489630216790829e-06,1.6219792087213136e-06,8.589752269472228e-07,4.286967396183172e-06,2.1726395971199963e-06,7.962497079461173e-07,9.384157237946056e-07,7.088864890647528e-07,8.094925760815386e-06,4.411904683365719e-06,1.8222521021016291e-06,1.0581823062238982e-06,4.838372660742607e-06,2.6441362024343107e-06,4.507881385507062e-06,3.5703669709619135e-06,4.8906399570114445e-06,1.97858753381297e-06,3.943337560485816e-06,1.6975340031422093e-06,2.341338358746725e-06,2.3522820811194833e-06,5.565041760746681e-07,4.561850346362917e-07,4.0584737348581257e-07,3.087889126618393e-07,2.1444280662308302e-07,1.269560385708246e-07,2.2112908482085913e-07,3.4469798038117005e-07,5.397959057518165e-07,5.714245503440907e-07,2.0353557772523345e-07,1.0130724348300646e-07,1.0510390069384812e-07,1.6557102355818643e-07,1.6247263090463093e-07,9.651928678522381e-08,4.651164431379584e-08,9.203299100590812e-08,1.851375088790519e-07,1.2419879169556225e-07,2.9629967457367457e-07,8.12059610666438e-08,4.365502945802291e-07,1.4091939704030665e-07,1.0761527136082805e-07,0.0003488212823867798,0.00012365543807391077
7,The place of death of Zine El Abidine Ben Ali is,The place of death of the spouse of Naïma Ben Ali is,Zine El Abidine Ben Ali,the spouse of Naïma Ben Ali, Jeddah,0.0004161635006312281,0.0002866114373318851,3.5083896364085376e-05,6.076716454117559e-05,0.0001842343481257558,1.474007422075374e-05,2.5107710825977847e-05,1.3285407476359978e-05,6.31023503956385e-05,2.5287616153946146e-05,2.5736460429470753e-06,2.888959897973109e-05,3.3723492379067466e-05,7.720786925347056e-06,0.00024612483684904873,0.00017617094272281975,5.839307777932845e-05,0.0001640262344153598,0.00010198907693848014,0.00010946154361590743,6.553895946126431e-05,0.0001032922591548413,3.678330176626332e-05,1.43697900512052e-06,4.554054157779319e-06,2.271015091537265e-06,2.3748573312332155e-06,2.7053780286223628e-05,6.42688928564894e-06,1.0806159480125643e-05,1.614705797692295e-05,4.516312765190378e-05,0.0002554941165726632,7.867856038501486e-05,0.0001655804371694103,0.00016026743105612695,7.949599967105314e-05,7.78127559897257e-06,8.46572729642503e-05,5.923713615629822e-06,0.00012099382729502395,0.00010835412103915587,2.9656461265403777e-05,8.959566002886277e-06,1.7652450878813397e-06,4.772575721290195e-06,4.877623496213346e-07,9.662711818236858e-06,7.505694611609215e-06,2.3574100396217545e-06,2.0150915588601492e-05,6.721804766129935e-06,4.867305506195407e-06,1.5801098925294355e-05,2.004196539928671e-05,4.1198882172466256e-06,1.831695408327505e-05,1.9865725334966555e-05,0.00017561779532115906,0.00018703062960412353,0.00045172745012678206,0.0038773755077272654,0.011506923474371433,0.007692048791795969,0.022303972393274307,0.21205167472362518,0.051313214004039764,0.18818965554237366,0.12496073544025421,0.1061333641409874,0.2948911488056183,0.7920727729797363,0.9812043309211731,0.9809834361076355,0.9591854214668274,0.9680334329605103,0.9632471203804016,0.9967819452285767,0.6309345960617065,0.8313004374504089,4.840598558075726e-05,0.054478343576192856
8,The country of Charles University is,The country of the publisher of Prague Papers on the History of International Relations is,Charles University,the publisher of Prague Papers on the History of International Relations, Czech Republic,3.0334258553921245e-06,2.1469726618761342e-07,5.53778924938797e-08,6.231310578641569e-08,2.939137004887016e-07,6.125625873210083e-07,1.0428031060882859e-07,7.084660325062941e-08,2.1574089714704314e-07,1.2227125978370168e-07,2.1807858274769387e-07,2.5132737846433884e-07,7.724995754188058e-08,1.1624651108377293e-07,7.040014082804191e-08,7.140643276670744e-08,1.0328503208256734e-07,1.2771236868047708e-07,3.181202998803201e-07,2.6782615236697893e-07,3.824130772045464e-07,7.612790682287596e-07,3.7416094755826634e-07,1.2258999504410895e-06,6.184749963722425e-06,3.2868274502106942e-06,3.4501030654610076e-07,4.0551185520598665e-07,4.5907046342108515e-07,1.2745417734549847e-06,8.723889095563209e-07,5.678984962287359e-07,3.680713405174174e-07,6.760025712537754e-07,7.380406827905972e-07,1.809618623838105e-07,2.452355261084449e-07,8.758582907830714e-07,5.683379526999488e-07,5.280120376482955e-07,5.297845859786321e-07,1.0514265795791289e-06,2.1281151930452324e-05,2.5534560336382128e-05,7.064033707138151e-05,3.9283822843572125e-05,3.3472188079031184e-05,3.8603306165896356e-05,3.963143171858974e-05,4.3716176151065156e-05,4.852756319451146e-05,4.198214810458012e-05,2.244132338091731e-05,3.0833551136311144e-05,2.1383866624091752e-05,1.064789557858603e-05,9.607231731934007e-06,9.918045179801993e-06,9.477148523728829e-06,6.4703654061304405e-06,8.568549674237147e-06,4.198291662760312e-06,6.552510967594571e-06,3.167665454384405e-06,1.264296543013188e-06,9.83316681413271e-07,1.6027253195716185e-06,2.24732525566651e-06,4.622498181561241e-06,5.604563284578035e-06,6.129298071755329e-06,1.7458520233049057e-05,2.045043402176816e-05,1.4935270883142948e-05,9.780057553143706e-06,1.568707921251189e-05,2.3699988105363445e-06,6.69879455017508e-07,4.223839482619951e-07,1.665199249600846e-07,0.4517287313938141,0.0672052800655365
9,The employer of Éric Rohmer is,The employer of the director of Triple Agent is,Éric Rohmer,the director of Triple Agent, Cahiers du cinéma,1.430249312761589e-06,5.73427041672403e-06,2.7175865398021415e-06,0.00015138751768972725,1.7308560927631333e-05,0.00012146942026447505,0.00012689463619608432,0.00019575345504563302,2.2470570911536925e-05,0.00013411743566393852,0.00018903546151705086,2.0186653273412958e-05,3.9053834370861296e-06,2.1271374862408265e-05,2.61999457507045e-06,1.236076172972389e-06,6.957857294764835e-07,7.722488817307749e-07,9.019407229970966e-07,1.9381329821044346e-06,4.042510408908129e-05,2.2966905817156658e-05,4.278690084902337e-06,8.425542546319775e-06,5.635141860693693e-06,1.4663666661363095e-05,1.090647310775239e-05,4.507462108449545e-06,4.233757863403298e-06,2.426995251880726e-06,2.1460944026330253e-06,1.076109128916869e-06,1.5392743080155924e-07,1.519071020084084e-07,4.535122002380376e-07,3.1642598514736164e-06,2.204071279265918e-06,1.5998290336938226e-06,1.7949904531633365e-06,1.7025030274453457e-06,1.3359006061364198e-06,2.198681841036887e-06,1.2196056559332646e-05,1.0751740774139762e-05,2.7132768082083203e-05,3.961485708714463e-05,1.0365261914557777e-05,1.681491448835004e-05,1.5193549188552424e-05,9.138274776887556e-07,1.034783394970873e-06,1.441170638827316e-06,4.244115189067088e-06,1.1317684993628063e-06,6.36698223388521e-06,1.2979760867892765e-05,3.508758527459577e-05,0.0001516080228611827,0.00014001438103150576,0.00010825520439539105,6.313306221272796e-05,4.244946103426628e-05,4.352468022261746e-05,3.171731441398151e-05,6.31633956800215e-05,3.3605621865717694e-05,3.337909220135771e-05,3.911585372406989e-05,4.308187271817587e-05,4.190464460407384e-05,5.887809311388992e-05,9.413609222974628e-05,6.851633224869147e-05,8.792139124125242e-05,8.426944987149909e-05,0.0002845210547093302,0.00016488571418449283,7.968920544954017e-05,0.0001652240753173828,0.00016956680337898433,7.766246199025773e-06,4.225887096254155e-05
10,Khoa Do received the,The director of Footy Legends received the,Khoa Do,the director of Footy Legends, Young Australian of the Year,1.810812335634182e-07,8.275631557808083e-07,1.7685217699181521e-06,3.832737547782017e-06,8.977182233138592e-07,2.6511490887060063e-06,6.072435553505784e-06,6.508891237899661e-05,8.458906449959613e-06,0.00012343080015853047,0.00028965965611860156,2.374156792939175e-05,2.277529574712389e-06,1.3229173418949358e-06,3.1755478175909957e-06,6.189566192915663e-07,2.991225471760117e-07,3.143897231439041e-07,2.480341549926379e-07,3.022429098109569e-07,7.926533385216317e-08,1.711041903718069e-07,6.173156066324736e-07,3.6927409041709325e-07,9.762799209056539e-07,8.866779239724565e-07,3.50194198972531e-07,5.224740107223624e-07,7.513227160416136e-07,1.540490188745025e-06,8.525942689630028e-07,5.962473551335279e-06,1.1945647884203936e-06,2.7313881219015457e-06,1.7463003132434096e-06,2.7824596600112272e-06,1.1087997336289845e-05,1.8391936464468017e-05,5.00895876029972e-05,5.100301495986059e-05,1.9107170373899862e-05,5.60075968678575e-05,1.1018585610145237e-05,7.868583452363964e-06,9.921212722474593e-07,5.570647772401571e-06,1.5375137081719004e-05,1.0605176612443756e-05,1.2934968253830448e-05,1.1316021300444845e-05,5.6449894145771395e-06,1.3681143400390283e-06,1.9883962067979155e-06,3.51256926478527e-06,2.8913066216773586e-06,4.6412128540396225e-06,3.164714144077152e-06,5.3682060752180405e-06,1.98306338461407e-06,5.746242663917656e-07,4.1301970554741274e-07,6.101029725869012e-07,2.4788018890831154e-06,9.831719580688514e-07,2.617269501570263e-06,1.6584946251896326e-06,6.087601036597334e-07,1.8693339143283083e-06,1.5081908486536122e-06,1.3898144288759795e-06,6.685384050797438e-06,3.0047820018808125e-06,6.2634630921820644e-06,1.317956321145175e-05,1.0118184945895337e-05,1.2351241821306758e-05,3.7181364405114437e-06,6.252725142985582e-06,1.6233478163485415e-05,5.5515051826660056e-06,0.002272786805406213,0.007789483293890953
11,The place of death of Luciano Salce is,The place of death of the director of Basta guardarla is,Luciano Salce,the director of Basta guardarla, Rome,1.0626804396451917e-05,2.8255929009901593e-06,2.3174654870672384e-06,1.7970485544083203e-07,6.553494102945479e-08,1.9716331678409915e-07,1.2732027698802995e-07,4.310687984343531e-07,1.0261111356157926e-06,2.3140908922414383e-07,3.438932481003576e-06,2.887843720600358e-06,1.6103530242617126e-06,7.723212434029847e-07,6.615320216951659e-06,7.348654435190838e-06,1.1244043889746536e-05,5.1776892178168055e-06,2.2012054614606313e-06,1.4898357392212347e-07,4.1759088276194234e-07,1.9271627138550684e-07,1.6013562742500653e-07,5.021383913117461e-07,1.2371779121167492e-06,2.3518539364886237e-06,1.6142452068379498e-06,8.499561658936727e-07,2.134538135578623e-06,4.166474809608189e-06,2.514154857635731e-06,2.051120191026712e-06,1.4737850051460555e-06,1.7162362837552791e-06,1.355230892841064e-06,3.253365093769389e-06,7.677766006963793e-06,0.00010035947343567386,0.0003138103347737342,0.00023005281400401145,0.00015863936278037727,0.00021949841175228357,0.00035117578227072954,0.00012959956075064838,0.00034377750125713646,0.0013022571802139282,0.0008394810138270259,0.0017184577882289886,0.000648929737508297,0.0005632097600027919,0.0014818526105955243,0.007667765952646732,0.008083678781986237,0.0031913158018141985,0.00814833678305149,0.00697524007409811,0.014933399856090546,0.011672464199364185,0.028700459748506546,0.049890369176864624,0.01351502351462841,0.011349326930940151,0.03050365298986435,0.013019006699323654,0.00950405653566122,0.1763267070055008,0.07049182802438736,0.0035439669154584408,0.004020586609840393,0.010122663341462612,0.034911148250103,0.0153659051284194,0.006156245246529579,0.0029273293912410736,0.003990419674664736,0.015784723684191704,0.003476550569757819,0.0013273549266159534,0.003282868769019842,0.00032316925353370607,0.003752972697839141,0.40204694867134094
12,The place of birth of Fernando Di Leo is,The place of birth of the director of Mister Scarface is,Fernando Di Leo,the director of Mister Scarface, San Ferdinando di Puglia,1.6692551980668213e-06,1.5572122720186599e-06,5.778285867563682e-06,7.802381333021913e-06,3.1395536552736303e-06,8.348513802047819e-06,2.150067302864045e-06,3.257517619204009e-06,3.915567504009232e-06,3.794466465478763e-06,1.0663824468792882e-05,2.700291361179552e-06,5.676656087416632e-07,5.182126187719405e-06,1.06223842522013e-05,4.7038120101206005e-06,3.3898497804329963e-06,1.789588964129507e-06,1.5354424249380827e-05,4.13822999689728e-06,9.749429636940476e-07,1.2520879863586742e-05,2.6431644073454663e-06,2.1391833797679283e-05,7.514785920648137e-06,8.638463441457134e-06,1.1385507150407648e-06,4.179993993602693e-06,7.40059817871952e-07,6.325756771730084e-07,3.476963001958211e-07,2.706110819872265e-07,1.1488679518834033e-07,1.700624352451996e-08,3.2530159899124556e-08,3.5029978562306496e-07,6.706899853270443e-07,9.206601134792436e-06,8.085875379038043e-06,2.215998392784968e-06,1.7068163060685038e-06,1.2499388049036497e-06,6.472623681474943e-07,5.776222451459034e-07,3.8019726389393327e-07,2.603210589313676e-07,3.9581675537192496e-07,9.662825277700904e-07,2.571046024968382e-07,1.2785143610472005e-07,6.229347491171211e-07,1.674892189384991e-07,3.205491054814047e-07,8.293135067560797e-08,8.410789575918898e-08,3.602779585776261e-08,6.123223528220478e-08,5.4904990776094564e-08,5.828352911407819e-08,1.556495554666526e-08,2.7828379600691733e-08,4.31315996252124e-08,1.2484689726477427e-08,7.4327877186419755e-09,6.390853002358199e-08,4.0532466272225065e-08,8.616964031205043e-09,1.0125574156916173e-08,8.57971205192598e-09,1.2712193075969935e-08,1.551493511442459e-08,4.1303515274648817e-08,1.1157965218444588e-07,3.2636052083034883e-07,1.2039317880407907e-05,6.482857861556113e-05,2.0044788470841013e-05,0.0009629494743421674,0.00024321195087395608,3.985555304097943e-05,0.006465139798820019,0.33145904541015625
13,The employer of Éric Rohmer is,The employer of the director of Love in the Afternoon is,Éric Rohmer,the director of Love in the Afternoon, Cahiers du cinéma,3.1441577448276803e-06,1.5577215890516527e-06,8.989209163701162e-07,5.47291506336478e-07,2.8805511647078674e-06,1.3697878785023931e-05,4.014748992631212e-05,3.0940500437282026e-05,3.130997356493026e-06,2.1013824152760208e-05,4.9743131967261434e-05,4.942457508150255e-06,1.1538887747519766e-06,2.799717094603693e-06,4.736055529974692e-07,4.894050107395742e-07,2.8296557275098166e-07,1.2973405318916775e-06,4.5045615593153343e-07,8.655801480017544e-07,3.326986188767478e-05,1.2856678949901834e-05,4.127343800064409e-06,2.0417621271917596e-05,1.0163079423364252e-05,1.4110849406279158e-05,8.813466592982877e-06,1.6270496416836977e-06,3.118986796835088e-06,1.9139720279781613e-06,6.271945380831312e-07,2.6030664912468637e-07,1.3884545069231535e-07,4.387925116589031e-07,1.4984648259996902e-06,2.785008064165595e-06,5.18228262080811e-06,3.805406549872714e-06,6.725630555592943e-06,5.442807378130965e-06,3.883941189997131e-06,6.3815714383963495e-06,2.6003894163295627e-05,3.080379974562675e-05,9.534259879728779e-05,4.889497358817607e-05,2.6091629479196854e-05,3.1217827199725434e-05,1.7002046661218628e-05,1.84683631232474e-06,2.5721003567014122e-06,2.480395096426946e-06,1.6176603821804747e-05,9.9861736089224e-06,1.6506061001564376e-05,4.529973739408888e-05,9.584287909092382e-05,0.0005956396926194429,0.00040950116817839444,0.0004714886599685997,0.00039334240136668086,0.0004049881245009601,0.0003258254728280008,0.00020120448607485741,0.0002550521166995168,0.00015848373004700989,0.00018858919793274254,0.00035596618545241654,0.000531987810973078,0.0005715856095775962,0.0010065416572615504,0.002537113381549716,0.0009205850656144321,0.001052699750289321,0.0025020139291882515,0.004552066326141357,0.0028282334096729755,0.002612777054309845,0.0034750252962112427,0.0022037390153855085,3.966161330026807e-06,4.225887096254155e-05
14,The date of death of Sergei Eisenstein is,The date of death of the director of The General Line is,Sergei Eisenstein,the director of The General Line, 11 February 1948,6.4604333601892e-05,0.00022736647224519402,9.296278585679829e-05,0.000563912617508322,0.00035955070052295923,0.0016731901559978724,2.7876871172338724e-05,6.465252226917073e-07,2.570810408997204e-08,8.249808058913288e-10,7.777890687066247e-07,1.9201429779514e-07,9.61681848821172e-07,2.1383600596891483e-06,0.002318681450560689,2.4341477910638787e-05,5.312936627888121e-05,4.494955646805465e-05,0.0001841686898842454,6.641620529990178e-06,3.554267095751129e-05,6.840949936304241e-05,0.002694605616852641,0.0799965113401413,0.025835540145635605,0.0001084568357327953,0.00010768838546937332,0.00014769918925594538,0.00012024086754536256,0.007874218747019768,2.1954057956463657e-05,0.0008631855016574264,0.0017214617691934109,0.0006335710640996695,5.727579991798848e-05,2.6317200536141172e-05,7.233281849039486e-06,4.78810125059681e-06,2.606290934181743e-07,1.239057928614784e-05,1.0522567350790268e-07,2.395582221481618e-08,1.581513788551092e-05,4.154644557274878e-06,1.5100378050192376e-06,1.1222570719837677e-05,0.0029041327070444822,0.0009507419890724123,0.0005511357448995113,0.00015470865764655173,0.00042637321166694164,7.75526204961352e-05,0.0010432114358991385,1.6422180806330289e-06,0.00033116978011094034,5.322749075276079e-06,5.148079253558535e-06,0.000398578675230965,2.061944360320922e-05,0.0007990351878106594,3.049780752917286e-05,3.0685173442179803e-06,1.5679153193559614e-06,1.41958605581749e-06,0.00018490229558665305,6.493522232631221e-05,4.9181100621353835e-05,7.40035466151312e-05,0.0002561112050898373,7.011962588876486e-05,0.00039882768760435283,0.00010346112685510889,0.003620015922933817,0.00028642392135225236,0.007309901062399149,0.01666017435491085,0.012876497581601143,0.008484297432005405,0.009876569733023643,0.0009792473865672946,0.09218914061784744,0.19638042151927948
15,The cause of death of Philippa of Hainault is,The cause of death of the mother of Joan of England is,Philippa of Hainault,the mother of Joan of England, edema,1.3422437632470974e-06,1.837375202740077e-05,2.8793698220397346e-05,3.1033232517074794e-05,5.5005821195663884e-06,1.1593118642849731e-06,7.806240773788886e-07,2.6381184170531924e-07,7.898585607790665e-08,9.217234975267274e-08,2.482171268525235e-08,6.815396602632973e-08,1.194094778611543e-07,4.345533568539395e-07,6.797642413403082e-07,1.5515388440690003e-06,6.602163011848461e-06,5.335563855624059e-06,3.259885124862194e-05,6.4754681261547375e-06,8.141908438119572e-06,2.788725623759092e-07,5.00322857988067e-05,9.896628398564644e-06,9.388722901348956e-06,1.091854846890783e-05,1.256734549315297e-06,2.823743443514104e-06,1.2370743434075848e-06,1.769024947861908e-06,2.6886780233326135e-06,8.851920938468538e-06,3.4972217690665275e-05,1.3710785424336791e-05,1.4645954252046067e-05,2.3244047042680904e-05,9.811540621740278e-06,1.1190080840606242e-05,6.67154426992056e-06,9.461127774557099e-06,1.7948015738511458e-05,0.00012861446884926409,5.87651738896966e-05,8.358788181794807e-05,0.0006871395162306726,0.00015912222443148494,4.705011087935418e-05,0.00022971117869019508,6.941673927940428e-05,2.530177152948454e-05,0.0001730476360535249,0.0001874883018899709,0.0001255972747458145,0.00010231682972516865,0.00010449952242197469,2.4932616724981926e-05,2.7478032279759645e-05,6.958167068660259e-05,3.5821427445625886e-05,6.974425195949152e-05,0.00016559878713451326,0.0001786421926226467,8.500477997586131e-05,9.34060662984848e-05,2.7195901566301472e-05,5.615588088403456e-05,0.00022148279822431505,0.00014461096725426614,0.00029857258778065443,0.00018337438814342022,0.000153456800035201,0.00010215579823125154,0.00011606836778810248,0.00019297223479952663,3.765129076782614e-05,3.6307443224359304e-05,4.735269976663403e-05,1.798177618184127e-05,2.952547038148623e-05,9.986233635572717e-06,9.45436204347061e-06,1.1640160664683208e-05
16,The place of death of Adolf IV of Berg is,The place of death of the father of Count Engelbert I of Berg is,Adolf IV of Berg,the father of Count Engelbert I of Berg, Altenberg,4.02664954890497e-05,1.5292098396457732e-05,1.1684952369250823e-05,2.0393401428009383e-05,9.023622988024727e-05,2.2245580112212338e-05,2.0645240510930307e-05,4.551250185613753e-06,2.0265893908799626e-05,5.8905392506858334e-05,5.494085598911624e-06,5.027080260333605e-05,4.952276412950596e-06,2.126743675034959e-05,2.578155545052141e-05,5.1080246521451045e-06,2.8462169211707078e-05,0.00010459285113029182,2.605606641736813e-05,5.230479928286513e-06,5.0947951422131155e-06,9.642413942856365e-07,6.174971531436313e-06,1.952798584170523e-06,4.418573553266469e-06,5.1651906687766314e-05,5.6500721257179976e-05,5.0256374379387125e-05,1.109940876631299e-05,2.6224555767839774e-05,2.3544198484160006e-05,9.986488294089213e-05,3.176439713570289e-05,1.3043813851254527e-05,1.1642011486401316e-05,3.9604979974683374e-05,2.8248532544239424e-05,1.989876909647137e-05,3.910553004971007e-06,1.4172125702316407e-05,1.1130986422358546e-05,4.788958904100582e-06,6.601539098483045e-06,1.2775058166880626e-06,2.9782156616420252e-06,1.52896450344997e-06,2.7726216558221495e-06,8.04516821517609e-06,5.355892426450737e-06,2.5239799015253084e-06,8.95710684289952e-07,2.1860312244825764e-06,3.5669279441208346e-06,5.632379270537058e-06,1.7145059700851562e-06,1.105907472265244e-06,8.26262180453341e-07,2.6682764655561186e-06,1.1227886034248513e-06,9.334003152616788e-06,7.053941317280987e-06,3.355807621119311e-06,1.3344331364351092e-06,2.742100605246378e-06,9.74749696069921e-07,9.598101087249233e-07,1.2874727417511167e-06,4.5810264737156103e-07,4.288042418920668e-07,7.389845450234134e-06,4.903027274849592e-06,1.1636708450168953e-06,1.2436883025657153e-06,1.6956219894836977e-07,4.0409861412626924e-07,1.759389192557137e-06,1.3485024510373478e-06,3.1731090075481916e-06,3.850613211398013e-06,3.7072542909299955e-05,0.0012031302321702242,0.00226600538007915
17,The date of death of Baudouin de Courtenay is,The date of death of the father of Cezaria Jędrzejewiczowa is,Baudouin de Courtenay,the father of Cezaria Jędrzejewiczowa, 3 November 1929,0.008188172243535519,0.0010045887902379036,0.3157690763473511,0.0004399074532557279,0.0013748329365625978,0.022986281663179398,0.005100073758512735,0.0004926769179292023,0.00017876758647616953,0.0013248928589746356,1.7840917280409485e-05,0.0004109643632546067,0.0009950639214366674,0.002615387551486492,0.0004789326630998403,0.00012895393592771143,1.3186387150199153e-05,0.0010356609709560871,0.00027261677314527333,0.00036478429683484137,1.7905682398122735e-05,4.24244899477344e-06,4.015685408376157e-05,0.00017745369405020028,0.009783592075109482,0.0050382171757519245,0.0008209497900679708,0.006843613926321268,0.0037635071203112602,0.018393289297819138,1.859801159298513e-05,6.052408480172744e-06,0.0016980066429823637,0.00224537611939013,0.6794331073760986,0.19188210368156433,0.41052666306495667,0.2703879177570343,0.5756959915161133,0.11085397750139236,0.04372107610106468,0.04010304808616638,0.05386888608336449,0.336514949798584,0.023391105234622955,0.049720071256160736,0.0009892331436276436,0.13620279729366302,0.0017418316565454006,9.97792994894553e-06,0.00012135097495047376,0.0001264087186427787,0.0005658591981045902,0.00018929989892058074,1.790311944205314e-05,3.0159586458466947e-05,1.7999269630308845e-06,4.087303386768326e-05,2.196601144532906e-06,3.162177335980232e-06,1.500015969213564e-06,3.0701062314619776e-06,6.980916623433586e-06,1.3740744179813191e-05,0.000632020877674222,1.6401681932620704e-05,0.003383122617378831,2.750944986473769e-05,0.00033451663330197334,2.7002030037692748e-05,0.0001665086456341669,9.036630217451602e-07,4.819431751457159e-07,4.4641168642556295e-05,5.4720717344025616e-06,0.00025728991022333503,1.3583052350440994e-05,0.0005286368541419506,0.00030773485195823014,0.00032653973903506994,0.021644646301865578,0.06292207539081573
18,The place of birth of Carlos F. Borcosque is,The place of birth of the director of My Country's Wings is,Carlos F. Borcosque,the director of My Country's Wings, Valparaíso,6.555623599524552e-07,6.421982106985524e-06,1.0998073776136152e-05,7.898753392510116e-05,1.90835417015478e-05,2.107298860209994e-05,2.3171198790805647e-06,1.939979483722709e-06,5.356879682949511e-06,2.1108371583977714e-06,2.5382109015481547e-05,1.0575869055173825e-05,3.374427615199238e-05,9.057128772838041e-05,0.00012620699999388307,0.0001835613074945286,0.00061985565116629,0.0006907838396728039,0.0016132688615471125,0.0012385061709210277,0.001474400982260704,0.0003348568279761821,0.0016610091552138329,0.0003027972998097539,0.0006909320363774896,0.00043254083720967174,9.315794159192592e-05,0.0002366492699366063,7.489463314414024e-05,0.0003450666554272175,0.00016403723566327244,6.557565211551264e-05,0.00023915816564112902,2.8818449209211394e-05,1.100160716305254e-05,4.447835817700252e-05,7.500854280806379e-06,2.4078949536487926e-06,2.335683120691101e-06,2.1765538349427516e-06,1.1740573881979799e-06,1.5494200624743826e-06,7.411430829051824e-07,1.8400666590423498e-07,1.3180396081224899e-06,1.3994224445923464e-06,1.6376760640923749e-06,6.060315172362607e-06,3.2597852168692043e-06,4.119815002923133e-06,2.6925024485535687e-06,2.124088041455252e-06,3.104421921307221e-06,5.9338253777241334e-06,5.076337401987985e-06,1.8490104594093282e-06,1.817301381379366e-06,4.137458745390177e-06,1.8834165302905603e-06,8.184783837350551e-06,1.341743700322695e-05,1.2146339940954931e-05,1.8369639292359352e-05,1.9381917809369043e-05,2.8145717806182802e-05,6.468711035267916e-06,1.1491020813991781e-05,3.324138106108876e-06,2.0546210635075113e-06,7.370533239736687e-06,2.0653529645642266e-05,1.5938240949253668e-06,3.427842102610157e-06,1.021126354316948e-05,4.4254620661376975e-06,2.3344973669736646e-06,3.908247890649363e-06,5.404908279160736e-06,1.4014252883498557e-05,3.4723493627097923e-06,0.0005558159318752587,0.0008735129958949983
19,The employer of Joseph Barbera is,The employer of the director of Gallopin' Gals is,Joseph Barbera,the director of Gallopin' Gals, Van Beuren Studios,3.1811521239433205e-06,1.066563982021762e-06,1.4483066479442641e-06,1.574033831275301e-06,3.4999093259102665e-06,2.8879680940008257e-06,2.5012382138811518e-06,6.982932632126904e-07,1.1661295928888649e-07,1.425821665179683e-07,1.9233758052905614e-07,7.677344910916872e-07,4.963478659192333e-07,4.4795743292525003e-07,4.918903186990065e-07,1.5391229624128755e-07,2.738609907737555e-07,6.143187079032941e-07,7.902818310867588e-07,4.665017172555963e-07,1.0755637731563183e-06,3.9230880588547734e-07,1.8466781739334692e-06,2.212531626355485e-06,4.08641142257693e-07,1.1055977893192903e-06,6.200328925842769e-07,8.173891075102802e-08,5.445497919254194e-08,7.029101567468388e-08,1.1611718520043723e-07,1.350048535186943e-07,3.891641142672597e-08,6.334374802463572e-08,3.344576668951049e-07,2.4864169745342224e-07,3.042528931018751e-07,1.7206933478064457e-07,2.0763377506227698e-07,1.894897678766938e-07,3.4955809269376914e-07,3.9745424373904825e-07,3.471513991826214e-07,1.774649547314766e-07,2.606015812034457e-07,9.010773993622934e-08,1.841818715320187e-07,2.3212140831674333e-07,6.637143314947025e-07,7.17483658263518e-07,1.2300791922825738e-06,1.605892521183705e-06,3.360584969414049e-06,4.96895211199444e-07,6.49291735044244e-07,4.47183367668913e-07,4.375737034933991e-07,5.154998916623299e-07,8.272715490420524e-08,1.1290492096804883e-07,3.5914476370635384e-07,2.591436896182131e-07,3.7321248669286433e-07,1.0814449069584953e-06,6.035040769347688e-07,4.460104889858485e-07,8.723595783521887e-07,1.0119765647687018e-06,5.5739326398907e-07,3.338958265430847e-07,3.263160124333808e-07,1.8470231566425355e-07,3.1418437629326945e-07,4.440772443103924e-07,6.606707358969288e-08,2.045218039370411e-08,3.904312606550775e-08,1.2764155599143123e-07,1.660366280020753e-07,2.7668806978908833e-07,2.1522777387872338e-05,1.5337223885580897e-05
20,The spouse of Faith Evans is,The spouse of the performer of Burnin' Up is,Faith Evans,the performer of Burnin' Up, Notorious B.I.G.,4.38917450082954e-05,5.6101820518961176e-05,7.644641300430521e-05,1.9176359273842536e-05,1.578180308570154e-05,5.328521365299821e-05,1.2923784197482746e-05,8.276461812783964e-06,2.3103627881937427e-06,5.519331125469762e-07,3.902571563685342e-07,1.7479715097579174e-07,1.2474791901695426e-06,1.4413865301321493e-06,6.41522660771443e-07,1.2545893213200543e-08,3.243688340148765e-08,1.0156926322224535e-07,8.069561090451316e-07,1.9686472114699427e-06,2.2527087821799796e-06,1.5091635759745259e-05,0.00010150078742299229,1.1735363841580693e-05,1.2929061085742433e-05,1.356780921923928e-05,9.835619493969716e-06,2.466219666530378e-05,1.761253224685788e-05,9.14612701308215e-06,1.3305704669619445e-05,3.0477638574666344e-05,9.477980711380951e-06,5.4514966905117035e-06,3.8622183637926355e-06,2.5254362299165223e-06,5.089873866381822e-06,4.023168912681285e-06,3.105500218225643e-05,3.3443216125306208e-06,1.3789886907034088e-05,2.0216106349835172e-05,5.504155069502303e-06,2.7501087060954887e-06,3.7741467622254277e-06,4.859212822339032e-06,2.949007466668263e-06,3.5753932934312616e-06,2.3523969503003173e-05,8.173089008778334e-05,2.9494200134649873e-05,5.731118289986625e-05,4.56910565844737e-05,0.00020421574299689382,9.782891720533371e-05,1.7733713320922107e-05,5.31668092662585e-06,8.641317435831297e-06,4.0705934225115925e-05,2.0048897567903623e-05,2.1866197130293585e-05,9.24515989026986e-05,2.953592593257781e-05,1.0874039617192466e-05,3.0052166039240547e-05,6.394523370545357e-05,2.8381909942254424e-05,0.0002034812787314877,0.00012416482786647975,6.201743963174522e-05,0.00013854188728146255,2.2607795472140424e-05,9.878260607365519e-05,1.7337801182293333e-05,6.826880417065695e-05,5.256427903077565e-05,1.625618097023107e-05,1.2727152807201492e-06,1.1100531764896004e-06,7.0914179559622426e-06,6.273760664043948e-05,0.0014732192503288388
21,Jerzy Skolimowski was educated at,The director of Walkover was educated at,Jerzy Skolimowski,the director of Walkover, National Film School in Łódź,0.0002559169370215386,4.973428076482378e-05,1.113469170377357e-05,1.4730911743754405e-06,1.8500275018595858e-06,9.763400612428086e-07,6.617672624997795e-06,3.2959885629679775e-06,6.04115666646976e-06,2.3021844754111953e-05,5.83092296437826e-05,0.00022602629906032234,4.27948180004023e-06,0.00020368621335364878,0.00022575631737709045,4.443194484338164e-05,8.857483044266701e-05,1.0410321920062415e-05,0.00020770204719156027,0.0001362777838949114,9.000019053928554e-05,9.947849321179092e-05,4.282773261365946e-06,3.0594405870942865e-06,9.279367986891884e-06,1.1030821042368189e-05,2.606713678687811e-06,6.02908983182715e-07,5.953427262284094e-07,2.6314812657801667e-06,1.923619674926158e-05,3.349215694470331e-05,5.8769866882357746e-05,0.00010792636021506041,5.5718810472171754e-05,0.0005263511557132006,9.50374233070761e-05,2.340311766602099e-05,1.558960138936527e-05,3.856318016914884e-06,3.2152568110177526e-06,2.135860540875001e-06,8.030359595068148e-07,6.070238782740489e-07,4.664066466375516e-07,2.4175025714612275e-07,7.404297548418981e-07,1.0492393585082027e-06,4.5044029661767127e-07,1.3793568598430284e-07,1.975801922071696e-07,1.2813821115287283e-07,2.2108076791482745e-07,6.19425080117253e-08,4.025048738753867e-08,1.7427245424528337e-08,2.0793223143300565e-08,2.2788400499962336e-08,5.303008254742281e-09,3.0601089662241066e-08,2.661785813984352e-08,2.514653907326192e-08,1.551878447969557e-08,1.8205314589181398e-08,3.8868389395929626e-08,3.758368194439754e-08,1.4133044956565755e-08,1.934356674837545e-08,3.27979527980915e-08,1.7099205606996293e-08,1.0667680072629082e-08,2.6351596460472138e-08,1.0356386859200484e-08,8.992611100211434e-09,2.3268428961387144e-08,3.9095805703937e-08,8.682889784950021e-08,1.4185806662680989e-07,8.449783450714676e-08,4.971833433842221e-08,0.0020821646321564913,0.00014927923621144146
22,The place of death of Nefertiti is,The place of death of the mother of Ankhesenamun is,Nefertiti,the mother of Ankhesenamun, Amarna,4.7839921535342e-06,2.058687459793873e-05,2.4735911210882477e-05,6.59931538393721e-05,1.783002880983986e-05,3.312057742732577e-06,2.8821111186516646e-07,4.556680153200432e-07,1.794306569991022e-07,2.8265145601835684e-07,3.930013861008774e-07,1.6282757542285253e-06,3.1606171546627593e-07,8.864674327924149e-07,4.261896719981451e-06,4.807704499398824e-06,3.685991032398306e-06,7.356346941378433e-06,3.611570036810008e-06,1.372963743051514e-05,2.5803653898037737e-06,1.5587665984639898e-06,1.0888500128203304e-06,1.6058820051512157e-07,6.098535436649399e-07,6.250701858334651e-07,5.300719749357086e-06,1.2836356290790718e-05,1.1773280675697606e-05,1.0366579772380646e-05,2.196628338424489e-05,1.9907107343897223e-05,1.0346731869503856e-05,1.5142674783419352e-05,1.4467090295511298e-05,2.6592257199808955e-05,1.6189647794817574e-05,8.79679555509938e-06,5.181688720767852e-06,5.6057333495118655e-06,6.499962637462886e-06,3.757922058866825e-06,1.8600101611809805e-05,8.089701623248402e-06,4.625134806701681e-06,1.3531492868423811e-06,1.1016562666554819e-06,1.9389681256143376e-06,5.55612700736674e-07,3.911635246822698e-07,2.9681885393983976e-07,1.9274598628271633e-07,1.81006996058386e-07,1.4635804745921632e-07,1.4440365703194402e-07,6.84694327901525e-08,8.451009847476598e-08,1.499884234590354e-07,1.5229983318931772e-07,8.196627021561653e-08,1.319781688380317e-07,2.985808009725588e-07,6.591152867940764e-08,7.831211235043156e-08,4.7255292656700476e-07,1.1327823301598983e-07,5.8277031200759666e-08,4.0169734205619534e-08,6.395768537004187e-08,2.7973028338124095e-08,5.1792845567888435e-08,5.760738019944256e-08,9.334819139894535e-09,4.210995641074078e-08,1.8700108128655302e-08,1.338013166929386e-08,5.6390820901697225e-08,9.487814978115239e-09,8.797770512103398e-09,1.942259686416037e-09,0.0001222886930918321,2.5428671506233513e-06
23,The place of birth of Adario Strange is,The place of birth of the director of Hikikomori: Tokyo Plastic is,Adario Strange,the director of Hikikomori: Tokyo Plastic, New York,4.9919370212592185e-05,9.811585186980665e-06,1.6822042425701511e-06,2.973532446048921e-06,7.731080586381722e-06,3.168814509990625e-05,1.2289517144381534e-05,1.0819824638019782e-05,2.312510332558304e-05,6.9679940679634456e-06,1.6495599993504584e-05,2.7267691621091217e-05,1.2175761185062584e-05,1.0375266583650955e-06,4.110577265237225e-06,1.6336451835741173e-06,7.069653747748816e-06,1.2648953997995704e-05,4.634925062418915e-06,2.8780509637726936e-06,1.1938838042624411e-06,5.007982508686837e-06,6.516825692415296e-07,4.873643320024712e-06,1.6439807950519025e-05,4.53490974905435e-05,3.971628029830754e-05,2.548503653088119e-05,0.0002967776090372354,0.0001678631524555385,0.0001760852464940399,0.0007458010222762823,0.0002036213845713064,0.0001411952980561182,0.00010051724530057982,8.794147288426757e-05,1.9461349438643083e-05,0.00014254685083869845,0.00011411923333071172,0.00019973769667558372,8.120004349621013e-05,0.00022584921680390835,0.00010290552017977461,4.427227031555958e-05,0.0002786703407764435,4.409860775922425e-05,6.590039265574887e-05,0.0003175114397890866,0.00018525932682678103,0.0002034053031820804,0.00022095175518188626,8.815089677227661e-05,6.940189632587135e-05,9.40043173613958e-05,8.767071994952857e-05,0.00022032261767890304,7.76697343098931e-05,1.6106672774185427e-05,2.5312745492556132e-05,4.339573933975771e-05,6.525329081341624e-05,1.7722260963637382e-05,7.228562026284635e-05,3.9518905396107584e-05,5.820824662805535e-05,3.592127904994413e-05,2.63725669356063e-05,4.186931255389936e-05,2.5997211196227e-05,4.5329452404985204e-05,3.7982714275131e-05,4.045421974296914e-06,4.4077776692574844e-05,8.637223072582856e-05,1.776528370101005e-05,6.702172686345875e-05,7.115828339010477e-05,0.0001498051715316251,0.00012695328041445464,0.00023381761275231838,0.0030863808933645487,0.009805283509194851
24,The place of birth of Grover Jones is,The place of birth of the director of Thrilling Youth is,Grover Jones,the director of Thrilling Youth, Indiana,1.0400881365058012e-06,1.4083511246099079e-07,1.0326051551601267e-06,6.853682862129062e-06,1.7330346508970251e-06,5.22358368471032e-06,1.2343762136879377e-05,4.574195190798491e-05,4.397650991450064e-05,3.012085289810784e-05,2.336749093956314e-05,1.1870954949699808e-05,7.661253221158404e-06,1.7331534536424442e-06,4.958370482199825e-06,1.595052026459598e-06,4.190420384020399e-07,2.563475050010311e-07,1.7944878436537692e-06,1.1501086191856302e-05,7.817670848453417e-06,2.0405386749189347e-05,6.553772982442752e-05,9.27155269891955e-05,0.0001468762056902051,4.202028503641486e-05,5.462155968416482e-05,0.0002917233796324581,5.883448466192931e-05,9.123171912506223e-05,0.00022679402900394052,8.236509893322363e-05,9.721523383632302e-05,4.376019205665216e-05,3.898941940860823e-05,4.476596586755477e-05,6.486206984845921e-05,0.00017241283785551786,0.00012809921463485807,3.526743967086077e-05,7.580613601021469e-05,3.607190228649415e-05,0.00015496645937673748,8.065159818215761e-06,2.188386133639142e-05,0.00013683763972949237,1.2750865607813466e-05,5.717421663575806e-05,0.00020479316299315542,2.7907808544114232e-05,1.5019630154711194e-05,5.410715311882086e-05,2.8831802410422824e-05,1.047951172949979e-05,3.4458898880984634e-05,1.635147418710403e-05,2.8709509933833033e-05,2.3270918973139487e-05,2.7056779799750075e-05,4.406219522934407e-05,2.2840935343992896e-05,3.445020047365688e-05,2.023418346652761e-05,1.0014109648182057e-05,2.2769645511289127e-05,2.6892115783994086e-05,4.037333565065637e-05,4.808151425095275e-05,3.898507202393375e-05,0.00010174995259149,5.9901609347434714e-05,5.171968223294243e-05,7.049043051665649e-05,6.016868064762093e-05,4.23720121034421e-05,3.436284532654099e-05,6.397492688847706e-05,9.64016217039898e-05,0.00013239360123407096,0.0003736316866707057,1.2219098607602064e-05,0.0010387877700850368
25,The place of birth of J. Searle Dawley is,The place of birth of the director of The Death Dance is,J. Searle Dawley,the director of The Death Dance, Colorado,1.9005585272680037e-05,0.00018080584413837641,5.856384086655453e-05,4.6466782805509865e-05,7.1337585723085795e-06,5.85545421927236e-06,5.06579817738384e-06,1.526508822280448e-05,3.464580004219897e-05,5.360373961593723e-06,2.186323854402872e-06,1.5060592204463319e-06,1.6308883914462058e-06,8.557465207559289e-07,1.4970264601288363e-06,6.036088507244131e-06,7.146184088924201e-06,1.3132405456417473e-06,2.363125986448722e-06,6.086629014134814e-07,5.923415073993965e-07,6.204893907124642e-06,2.4131472855515312e-06,2.114242079187534e-06,1.1965031490035472e-06,5.616197995550465e-07,3.128699006538227e-07,9.584786084815278e-07,1.872862071650161e-06,1.2153776651757653e-06,7.069872367537755e-07,3.1768425401423883e-07,2.807629186918348e-07,9.608552176132434e-08,3.699173234394948e-08,3.305156610622362e-07,1.834728209360037e-07,2.5850005158645217e-07,5.987623694636568e-07,3.209174224139133e-07,1.635397808286143e-07,6.051531613593397e-07,2.2667795747111086e-06,3.798760985773697e-07,7.209940235952672e-07,2.5678268684714567e-06,6.8190627189324e-07,8.373708624276333e-07,6.842996072009555e-07,1.4549834759236546e-07,4.171408249931119e-07,1.4160920613903727e-07,1.4744864529347979e-07,8.748178714768073e-08,2.493656836577429e-07,7.259198042675052e-08,1.5115867313397757e-07,3.374259165411786e-07,9.268324419053897e-08,1.4750706611721398e-07,9.431981595753314e-08,9.799510536367961e-08,3.176210938704571e-08,3.539596349355634e-08,7.594997697424333e-08,9.170091175292328e-08,3.930175651589707e-08,5.456413632032309e-08,2.512435237633781e-08,9.192361716259256e-08,7.193635553903732e-08,5.2143143136618164e-08,9.725016525408137e-08,3.2226630253262556e-08,3.742454168786935e-08,9.949690848998216e-08,3.039584939301676e-08,1.412695382896345e-07,7.689034475788503e-08,9.63068913506504e-08,0.00012657055049203336,0.00015720681403763592
26,The country of citizenship of Myriam Fox-Jerusalmi is,The country of citizenship of the mother of Noemie Fox is,Myriam Fox-Jerusalmi,the mother of Noemie Fox, French,2.5245888537028804e-05,2.126161416526884e-05,5.8591658671502955e-06,6.44192255094822e-07,5.570035227719927e-06,6.98856979397533e-07,1.251873186447483e-06,1.2089187748642871e-06,2.707433168325224e-06,4.042568434670102e-06,5.488951046572765e-06,8.010588317119982e-07,1.1210053685317689e-07,3.0768202208264483e-08,6.840510309302772e-07,3.0180001431290293e-07,8.794046379989595e-07,3.4170173535130743e-07,1.0302212558599422e-06,2.059801090581459e-06,2.4434241367998766e-06,4.663990239350824e-06,7.303177881112788e-06,1.1289647773082834e-05,3.9590970118297264e-05,6.247632700251415e-05,1.1844346772704739e-05,5.7055740398936905e-06,1.914745007525198e-05,7.456654657289619e-06,2.8435595595510677e-05,2.355967262701597e-05,1.1169516255904455e-05,1.3558556929638144e-05,3.2247132821794366e-06,2.998280706378864e-06,1.3664521247847006e-06,6.87294450472109e-05,1.225310279551195e-05,5.9087324189022183e-05,2.6702264221967198e-05,3.055685374420136e-05,4.417885065777227e-05,2.563107591413427e-05,1.597655500518158e-05,2.394816510786768e-05,3.444808680796996e-05,3.696948988363147e-05,1.8804539649863727e-05,8.384719876630697e-06,1.0096275218529627e-05,1.5686826372984797e-05,1.361671274935361e-05,2.351918192289304e-05,4.887182512902655e-06,3.511672912281938e-05,7.491651194868609e-05,0.0009988355450332165,0.0013909580884501338,0.001065008924342692,0.0012152135604992509,0.0014978379476815462,0.002898009493947029,0.0037494690623134375,0.0042389268055558205,0.012209026142954826,0.006886954419314861,0.0035462023224681616,0.005063941236585379,0.00088845519348979,0.001642865128815174,0.0013887269888073206,0.03364894539117813,0.028406335040926933,0.03824017196893692,0.18156644701957703,0.05367665737867355,0.06588970124721527,0.024525893852114677,0.0010326142655685544,0.001686269068159163,0.0075929793529212475
27,The father of Dean Parisot is,The father of the director of Red 2 is,Dean Parisot,the director of Red 2, Aldo Parisot,3.823176484729629e-06,7.2307670961890835e-06,2.0135983049840434e-06,6.951619525352726e-06,3.820075562543934e-06,5.41453891855781e-06,1.7944939827430062e-06,2.0677280190284364e-06,3.578741825549514e-06,6.088594091124833e-07,3.7594483615066565e-07,9.20193699016636e-08,8.18042281025555e-07,1.4734916931047337e-06,1.707693854768877e-06,2.169563458664925e-06,4.451788754522568e-06,1.1819448673122679e-06,1.4378921378011e-06,1.379398440803925e-06,3.573844935544912e-07,1.484783496152886e-07,7.52765245692899e-08,3.7063813351778663e-07,2.61754757957533e-06,1.7498130091553321e-06,1.244782083631435e-06,2.2993256152403774e-06,5.024105576012516e-06,1.574837938278506e-06,2.478478563716635e-06,1.1552251635293942e-06,4.380271093396004e-06,3.771275260078255e-06,1.0155756626772927e-06,3.136098030154244e-06,6.843849860160844e-06,2.374690893702791e-06,6.610109721805202e-06,1.9916506062145345e-06,2.1490886865649372e-06,2.030673613262479e-06,2.433538611512631e-06,1.9932331269956194e-06,1.1003114650520729e-06,7.430257369378523e-07,3.8642397726107447e-07,2.8443449195947323e-07,4.2287223323000944e-07,8.831454465507704e-07,6.046983571650344e-07,2.447120550641557e-06,1.068967776518548e-06,1.1627154208326829e-06,4.2944631672980904e-07,4.929525516672584e-07,1.2266914950487262e-07,4.4985733893554425e-07,2.1029210017786681e-07,1.7779628080916154e-07,2.5330450625915546e-07,4.661522723381495e-07,1.1645657593817305e-07,1.9828434005830786e-07,1.5516026508066716e-07,2.3130786530600744e-07,1.348338969364704e-07,1.8079472852150502e-07,2.952334625661024e-07,1.893125300966858e-07,9.236944720214524e-07,1.2306625194469234e-06,1.6257743027381366e-06,4.511790393735282e-06,9.94125093711773e-06,4.29932406404987e-05,3.3353797334712e-05,8.834351319819689e-05,1.7270052921958268e-05,2.6685498596634716e-05,1.3673168723471463e-05,0.001678434549830854
28,The country of citizenship of Bonnie Tyler is,"The country of citizenship of the performer of ""What You Need From Me is",Bonnie Tyler,"the performer of ""What You Need From Me", United Kingdom,4.246852313372074e-06,1.855941604844702e-06,7.1021604526322335e-06,2.5600390927138506e-06,4.851766789215617e-06,4.779208211402874e-07,1.1886103266078862e-06,3.559277956810547e-06,5.68733184991288e-06,4.7889448069327045e-06,2.409048875051667e-06,3.3484202504041605e-06,8.920886102714576e-06,4.9785208830144256e-05,7.400033064186573e-05,1.1749455552489962e-05,0.00023685583437327296,1.8780339814838953e-05,4.156765862717293e-05,3.7488844100153074e-05,0.0002317302132723853,0.0014410068979486823,0.001110995770432055,0.006694456096738577,0.00040651956805959344,0.00048068983596749604,0.0007133175386115909,0.0001488635316491127,0.00019476233865134418,5.404967669164762e-05,5.294625952956267e-05,0.00022559486387763172,6.571487028850242e-05,0.0008454579510726035,0.002830988960340619,0.006400079466402531,0.015554642304778099,0.08182832598686218,0.03830438852310181,0.08686527609825134,0.17912645637989044,0.3174552023410797,0.2165813446044922,0.31050950288772583,0.36195316910743713,0.6069614887237549,0.6445466876029968,0.41756290197372437,0.37023231387138367,0.3940485119819641,0.42555901408195496,0.6048000454902649,0.6839300394058228,0.7088619470596313,0.6272173523902893,0.554347574710846,0.42584317922592163,0.8722620010375977,0.7659804821014404,0.19234907627105713,0.3296395242214203,0.17771495878696442,0.2438119351863861,0.41522398591041565,0.5302509069442749,0.773807168006897,0.7554305195808411,0.7780055403709412,0.9712961316108704,0.9604467153549194,0.9801164865493774,0.9725543260574341,0.9260807633399963,0.8830264210700989,0.8866136074066162,0.9153159260749817,0.921429455280304,0.9539691805839539,0.6354957818984985,0.5278807282447815,9.984005373553373e-06,0.20330440998077393
29,The place of birth of Esther Gronenborn is,The place of birth of the director of Alaska.de is,Esther Gronenborn,the director of Alaska.de, Oldenburg,4.1619600779085886e-06,1.4912930055288598e-06,2.7994881293125218e-06,1.2151116379754967e-06,2.943518779829901e-07,3.379699649030954e-07,1.14160471298419e-07,5.809788490296341e-07,7.269487014127662e-06,5.24208189744968e-06,0.00013602471153717488,9.097772817767691e-06,1.039907419908559e-05,1.304011675529182e-05,1.4525748156302143e-05,2.785257947834907e-06,7.244009339046897e-06,2.797593197101378e-06,7.3988226176879834e-06,1.4219035620044451e-05,4.701478610513732e-05,5.235361459199339e-05,0.00010733251110650599,6.797091918997467e-05,1.5056739357532933e-05,3.085694334004074e-05,6.881053650431568e-06,9.965453500626609e-06,9.06163222680334e-06,9.963364391296636e-06,8.024476301216055e-06,7.46127761885873e-06,8.137336408253759e-06,1.350349862150324e-06,4.207578513160115e-06,2.4842288439685944e-06,7.887387596383633e-07,5.694490141650022e-07,4.339073313985864e-07,1.4005871662448044e-06,7.408830242638942e-07,5.109876042297401e-07,1.2964478912635968e-07,1.8380662325512276e-08,2.8516648598042593e-08,9.620660712528206e-09,9.618834617697303e-09,3.0015982588338375e-08,1.2411298655479186e-08,7.860951001248395e-09,1.0575434750137447e-08,1.829593720970024e-08,4.4444359303952297e-08,6.298628818512952e-08,5.5254012920613604e-08,3.438724860416187e-08,7.091755804822242e-08,9.543612833340376e-08,2.5169775597078115e-08,9.089845320886525e-08,6.633403870637267e-08,2.3150672490146462e-08,4.549331578118654e-08,9.684434587597934e-08,1.7529989904119248e-08,2.927859021895074e-08,1.910159141971235e-08,2.2510107555717696e-08,2.5347898002792135e-08,1.5119742613478593e-07,4.370376132101228e-07,5.025323801532977e-08,4.10743695056226e-07,3.1763022434461163e-07,4.328585703206045e-07,2.553564399931929e-07,1.0988713938786532e-06,9.435524930268002e-07,6.918321560078766e-06,3.871265107591171e-06,0.0008022740366868675,0.0007354757399298251
30,The date of death of Sargent Shriver is,The date of death of the father of Timothy Perry Shriver is,Sargent Shriver,the father of Timothy Perry Shriver," January 18, 2011",0.00026949201128445566,0.0005551775102503598,0.0001636856177356094,0.00015360518591478467,0.00040072432602755725,0.00016180193051695824,9.621360368328169e-05,0.00032525649294257164,1.9948214685427956e-05,2.5783132514334284e-05,5.177405182621442e-05,6.913174001965672e-05,0.00020218105055391788,1.7480540918768384e-05,2.7914678867091425e-05,4.4552816689247265e-05,1.0059825399366673e-06,0.000750733248423785,0.0011122733121737838,0.00020398783090058714,0.0003881476877722889,0.0004482514632400125,0.0001829352113418281,0.0015433671651408076,0.0015604186337441206,0.00038477894850075245,0.0005007230211049318,6.723834667354822e-05,0.00036277956678532064,0.0008276178850792348,0.0002946718886960298,0.0003875206457450986,0.0007937125046737492,0.02483973652124405,0.33774861693382263,0.22149758040905,0.2793922424316406,0.03834333270788193,0.09512191265821457,0.0030541650485247374,0.0024939237628132105,0.00042462319834157825,0.0010022444184869528,0.0006560558686032891,0.00019794331456068903,0.0005173563258722425,0.0002699284232221544,0.00024116334680002183,7.840010948712006e-05,0.00012292468454688787,0.00013038958422839642,3.345651566633023e-05,3.593715518945828e-05,2.1194076907704584e-05,9.99709009192884e-05,8.172677917173132e-05,9.993439016398042e-05,0.00012261694064363837,0.00048410578165203333,0.00013714417582377791,0.00019350324873812497,8.76251797308214e-05,6.036167178535834e-05,0.00012159012112533674,0.00032517057843506336,0.0001261093420907855,0.0002802242524921894,0.0005867574946023524,0.0008800973882898688,0.0007589932647533715,0.0003501349419821054,0.0002415999333607033,0.19408340752124786,0.3334556519985199,0.34108421206474304,0.5021710991859436,0.5123319625854492,0.5365016460418701,0.7183889150619507,0.7379821538925171,0.0031521981582045555,0.6483657360076904
31,The date of death of Prince Nikita Alexandrovich of Russia is,The date of death of the father of Prince Alexander Nikitich Romanov is,Prince Nikita Alexandrovich of Russia,the father of Prince Alexander Nikitich Romanov, 12 September 1974,5.229859425526229e-07,2.106964893755503e-05,9.609861990611535e-06,4.264118160790531e-06,0.044344931840896606,5.156081897439435e-05,0.0001523630926385522,0.00020467281865421683,1.7895910787046887e-05,0.00011906581494258717,0.0001839289179770276,0.00037117450847290456,6.906533235451207e-05,0.009682998061180115,0.09644337743520737,0.0004618901002686471,0.0002171021915273741,0.003267008811235428,0.0016234589274972677,0.00020991788187529892,0.00035358601599000394,6.93051188136451e-05,0.0001533634786028415,0.1349811851978302,0.005316005554050207,0.0007123600807972252,3.0455325031653047e-05,1.9894894649041817e-05,3.13950727104384e-06,0.00037910137325525284,1.2699575563601684e-05,3.8553334889002144e-06,0.00015503878239542246,0.0001360754104098305,0.00014602273586206138,6.921198655618355e-05,0.0004142675898037851,0.0006672542658634484,0.00035760001628659666,0.00581779470667243,0.0003669134166557342,0.00033896337845362723,0.0041308775544166565,0.0011250985553488135,0.00011173501843586564,0.0011505780275911093,0.00018397378153167665,0.003186252200976014,0.005348940845578909,7.990751328179613e-06,3.745838057511719e-06,3.3553826597199077e-06,1.2462897757359315e-05,4.181601198638418e-08,1.769731852618861e-06,1.5565810826956294e-06,3.068862497457303e-07,3.8360394682968035e-05,5.13165578013286e-05,2.988906817336101e-05,8.079975486907642e-06,5.249258174444549e-05,6.583410140592605e-06,1.009481457003858e-05,0.00015187467215582728,0.00025111387367360294,0.00010946464317385107,2.505658267182298e-05,0.0003626336110755801,4.131993409828283e-05,0.0004795610439032316,1.6910038539208472e-05,4.484336750465445e-05,8.573171362513676e-05,0.0009839757112786174,7.749888027319685e-05,0.0005140372086316347,0.0012380351545289159,0.00060700299218297,0.00015777787484694272,0.02668871358036995,0.08895751088857651
32,The place of death of Dikkha is,The place of death of the spouse of Saw Thanda is,Dikkha,the spouse of Saw Thanda, Mrauk U,9.004585444927216e-05,9.063727338798344e-05,7.910578278824687e-05,6.06655485171359e-05,0.00021533855760935694,0.00033027672907337546,0.0004543602408375591,1.943069219123572e-05,1.766324567142874e-05,2.8064865546184592e-05,5.038592917117057e-06,1.0103465228894493e-06,3.080221176787745e-06,2.1938637928542448e-07,1.297115613851929e-05,6.593137186428066e-06,1.339693199042813e-06,3.0299333957373165e-06,1.1036472642445005e-05,7.1133831625047605e-06,8.778531082498375e-06,7.263942734425655e-06,4.7191078920150176e-06,1.7845611637312686e-06,1.7163549728138605e-06,6.63625485231023e-07,9.221290042660257e-07,2.188293365179561e-06,1.3257613318273798e-06,8.69419818627648e-06,1.5648417956981575e-06,2.2216286197362933e-06,3.413851300138049e-05,4.704525963461492e-06,8.015523235371802e-06,9.351185872219503e-05,1.573072154315014e-06,6.6676316237135325e-06,2.793305611703545e-05,9.890834189718589e-05,6.16680845269002e-05,5.39150059921667e-05,0.00025217555230483413,4.61296112916898e-05,0.0002771532454062253,4.934013122692704e-05,7.107033070496982e-06,5.0504440878285095e-06,1.0264201591780875e-05,5.351811068976531e-06,3.474578079476487e-06,2.9685053959838115e-05,3.0114888431853615e-05,6.794397631892934e-05,2.5198545699822716e-05,3.3363592137902742e-06,6.500029849121347e-05,3.40488477377221e-05,3.4936452721012756e-05,2.9474011171259917e-05,7.390229438897222e-05,5.826107553730253e-06,8.551717655791435e-06,1.5599796824972145e-05,4.988925138604827e-05,7.77690456743585e-06,2.630234848766122e-05,2.8924673642904963e-06,4.5676110858039465e-06,1.2467910437408136e-06,3.1596102871844778e-06,1.4223552170733456e-05,8.109498594421893e-06,0.00012235241592861712,1.935923137352802e-06,1.0932102441074676e-06,3.5970256817563495e-07,2.012435800224921e-07,4.898682277598709e-07,1.0583230505289976e-06,0.0035845714155584574,0.0012816776288673282
33,The place of birth of Glenn Danzig is,The place of birth of the composer of Bullet is,Glenn Danzig,the composer of Bullet," Lodi, New Jersey",0.00013829342788085341,1.9791377781075425e-06,9.889091415971052e-06,3.9298683986999094e-06,6.369706625264371e-06,1.6898953617783263e-05,7.4357471930852626e-06,7.087309313646983e-06,1.5194444131338969e-05,3.3745418477337807e-06,1.026928293867968e-05,2.8988069971092045e-06,3.037529040739173e-06,9.409428457729518e-06,2.2400732632377185e-05,3.004186282851151e-06,1.3864910215488635e-05,2.224355057478533e-06,3.7955521747790044e-06,5.834649527969304e-07,1.694118395789701e-06,2.799879212034284e-06,4.0070892737276154e-07,8.427250577369705e-07,1.7180968825414311e-06,7.273001756402664e-07,1.562155063083992e-07,9.332532613370859e-07,5.7497981487131256e-08,3.9537795260002895e-07,9.229695052681564e-08,8.990098194772145e-07,7.528306014137343e-07,5.337146831152495e-06,2.5477093004155904e-06,1.7407006680514314e-06,4.596301550918724e-06,1.0018187822424807e-05,2.1058982383692637e-05,1.5170591723290272e-05,1.2172433798696147e-06,3.0209873784770025e-06,6.869118465147039e-07,1.038875780068338e-06,2.5455292984588596e-07,1.5443695247085998e-06,2.4903198436732055e-07,4.71109115096624e-06,2.64069825561819e-07,1.2377672931052075e-07,3.260350069922424e-07,4.3626570800370246e-07,5.6030128092743325e-08,2.383465691480069e-08,1.792751049833896e-07,2.2192668325260456e-07,1.8077531649396406e-06,4.910425133175522e-08,9.029370318103247e-08,1.2603378252151742e-07,2.5000147729770106e-07,3.404523454264563e-07,5.642260703098145e-07,1.286987867388234e-07,1.3942315035819774e-06,1.0417861631140113e-06,1.9181391053280095e-07,2.3333625449595274e-06,3.937436190426524e-07,8.50549440656323e-06,2.4244545784313232e-05,5.101671922602691e-05,0.007506521884351969,0.0007944449316710234,0.001816954929381609,0.6338539123535156,0.47630664706230164,0.8558799028396606,0.04237332195043564,0.006944417487829924,0.0021290851291269064,0.7237951755523682
34,The place of death of W. Duncan Mansfield is,The place of death of the director of Girl Loves Boy is,W. Duncan Mansfield,the director of Girl Loves Boy, Hollywood,7.301715072571824e-07,9.419391062692739e-06,9.474421858612914e-06,1.4556250789610203e-05,9.567058441461995e-06,9.243637578038033e-06,4.164145138929598e-06,1.912743755383417e-05,1.2804457583115436e-05,5.594324193225475e-06,8.257154695456848e-05,5.2640116336988285e-05,2.3034515834297054e-05,2.5286810341640376e-05,4.8609097575536e-05,2.417449650238268e-05,2.474114444339648e-05,7.731403457000852e-06,7.455292234226363e-06,1.4917556654836517e-05,9.766370567376725e-06,1.228029418598453e-06,7.809813382664288e-07,7.115828793757828e-06,2.800663969537709e-05,1.6814112314023077e-05,6.1892119447293226e-06,4.113064278499223e-06,5.029514795751311e-06,1.8744553926808294e-06,4.718644049717113e-06,1.544442966405768e-05,1.7791515347198583e-05,1.595295179868117e-05,4.174940477241762e-05,4.2697567550931126e-05,1.9327946574776433e-05,2.7907624826184474e-05,2.0230798327247612e-05,2.1754745830548927e-05,5.424419941846281e-05,0.0001049987185979262,8.388924470636994e-05,1.560103555675596e-05,1.304431862081401e-05,2.169740582758095e-05,1.2832095308112912e-05,2.1939769794698805e-05,9.47842090681661e-06,3.1734066396893468e-06,4.688564786192728e-06,2.976640189444879e-06,4.633565367839765e-06,3.504894721118035e-06,1.5088976397237275e-06,1.4242725683288882e-06,7.469253091585415e-07,1.8382975213171449e-06,1.727621224745235e-06,1.9413073459872976e-06,1.3167954193704645e-06,2.25860321734217e-06,1.3080592680125847e-06,9.123114637077379e-07,5.302342174218211e-07,5.996555501042167e-07,5.982788593428268e-07,4.594961353632243e-07,4.752083668790874e-07,1.7090426354116062e-06,3.7433082979987375e-06,1.0869285915759974e-06,2.668003844519262e-06,1.2757201375279692e-06,1.2984218074052478e-06,1.6006937357815332e-06,5.707657351194939e-07,4.2839334923883143e-07,2.5080109367081604e-07,2.632796451962349e-07,0.0005825546104460955,1.1103588803962339e-05
35,The place of birth of S. S. Wilson is,The place of birth of the director of Tremors 4: The Legend Begins is,S. S. Wilson,the director of Tremors 4: The Legend Begins, American,5.457944780573598e-07,1.3902415503252996e-06,1.0987425866915146e-06,1.2236090185524517e-07,1.7679357142696972e-06,2.5983044906752184e-06,1.4661517525382806e-05,2.3410204448737204e-05,7.502489097532816e-06,1.039748440234689e-06,3.0604758194385795e-06,4.642416570277419e-06,1.4956423228795757e-06,1.3373296496865805e-06,5.310284450388281e-06,1.731272959659691e-06,1.7375340348735335e-06,9.053374014911242e-07,4.359037575341063e-06,5.307168748913682e-07,3.4387954883641214e-07,8.29967757454142e-06,1.789033603927237e-06,1.322730213360046e-06,2.0175693862256594e-06,4.7610919864382595e-06,3.4720699204626726e-06,2.049263230219367e-06,6.526377092086477e-06,2.072230381600093e-05,5.596736627921928e-06,1.5980931493686512e-05,1.1890532732650172e-05,1.2365670954750385e-05,7.643900971743278e-06,9.669057362771127e-06,1.0313459824828897e-05,1.3949000276625156e-05,3.162952452839818e-06,8.569526812607364e-07,2.735914392815175e-07,7.638454917469062e-07,8.016087349460577e-08,1.0629282343188606e-07,2.712394575610233e-07,2.2381458109066443e-07,1.4651804747245478e-07,2.3143279292980878e-07,7.223344056228598e-08,2.0312313608883414e-07,2.4204274140515736e-08,9.072694595602115e-09,1.7065374890989915e-08,5.9213562941806686e-09,1.1799055066319397e-08,1.6977403927143087e-09,4.714534984628926e-09,5.1443289628139155e-09,4.371405015746177e-09,2.6576651990239952e-09,1.7948796893207941e-09,1.1415836054240458e-09,9.133708789299533e-10,9.478927642803114e-10,2.098771823000334e-09,1.74436320943272e-09,1.759606016449311e-09,5.419699800057742e-09,1.949802763689945e-09,2.838373092117763e-08,2.0986754556417964e-09,8.426630948576985e-09,3.750024291093723e-08,1.2198778875927019e-08,6.961947462968965e-08,1.8979074312142075e-08,3.2353401735463194e-08,7.548018032821346e-08,3.973201501139556e-08,1.0897848312652059e-07,0.0007480743806809187,0.0003031211963389069
36,The place of birth of Jonathan Binney is,The place of birth of the father of Hibbert Newton Binney is,Jonathan Binney,the father of Hibbert Newton Binney, Hull,3.152509634674061e-06,6.418977704925055e-07,1.8536758943810128e-05,0.00020605871395673603,0.0004145046113990247,0.00029699085280299187,0.00013062756625004113,2.4470002244925126e-05,6.872114227007842e-06,2.4518033114873106e-06,9.240367262464133e-07,1.494355387876567e-06,1.3579535789176589e-06,1.090416731130972e-06,3.65177675121231e-06,9.051673259818926e-06,1.7378566781189875e-06,1.0948838280455675e-06,3.128838216071017e-05,4.676678145187907e-05,5.500707629835233e-05,0.0005171875818632543,0.0003785447624977678,0.0003659350622911006,0.0003204352979082614,7.362854375969619e-05,1.8743889086181298e-05,1.4463164916378446e-05,1.8900544091593474e-05,1.7944988940143958e-05,2.9324221031856723e-05,5.326815153239295e-05,9.816224337555468e-05,6.777161615900695e-05,2.7166877771378495e-05,0.00011545315646799281,6.946380744921044e-05,0.0002745581150520593,8.796012116363272e-05,9.270649024983868e-05,9.015421528602019e-05,7.695962995057926e-05,4.9158697947859764e-05,1.9649827663670294e-05,9.5472700195387e-05,8.236587018473074e-05,0.0001587198639754206,0.00012355996295809746,0.0002224021591246128,0.00012804391735699028,8.139191777445376e-05,8.797453483566642e-05,3.7168763810768723e-05,5.5758137023076415e-05,2.639729791553691e-05,2.1694653696613386e-05,3.4991895518032834e-05,3.430130163906142e-05,4.222662391839549e-05,5.459613021230325e-05,7.226232992252335e-05,6.0291440604487434e-05,3.155356534989551e-05,0.00015961834287736565,0.00011532501230249181,4.763511969940737e-05,6.625612149946392e-05,6.45095351501368e-05,6.837390537839383e-05,3.4299118851777166e-05,9.233748278347775e-05,9.15484270080924e-05,7.677889516344294e-05,0.00015418096154462546,6.705795385641977e-05,5.0849816034315154e-05,5.6360469898208976e-05,8.171901572495699e-05,3.103239941992797e-05,0.00011338957847328857,9.54381248448044e-05,0.0002656818542163819
37,The country of citizenship of Eleanor of Austria is,"The country of citizenship of the mother of Maria of Portugal, Duchess of Viseu is",Eleanor of Austria,"the mother of Maria of Portugal, Duchess of Viseu", Spanish,6.040073003532598e-06,5.612337190541439e-06,1.2138236343162134e-05,2.0871411834377795e-05,6.140260211395798e-06,2.786410004773643e-05,1.3846539332007524e-05,8.584173883718904e-06,2.545905317674624e-06,4.589870968629839e-06,4.740429631056031e-06,7.677246003368055e-07,9.739637789607514e-07,3.5560890410124557e-07,3.250049076086725e-06,6.746621693309862e-06,4.057458227180177e-06,2.442509185129893e-06,9.786018608792801e-07,1.1963081192334357e-07,2.9920343536105065e-08,1.5682492460200592e-07,2.319038543419083e-07,1.738788597549501e-07,2.575761186562886e-07,7.01807948644273e-07,2.4014653376980277e-07,1.8156148939851846e-07,1.603636832214761e-07,1.3756292105426837e-07,2.41246823406982e-07,1.60895001499739e-06,9.754168104336713e-07,1.4990650925028604e-06,2.6283894385414897e-06,1.7876786841952708e-06,1.2038722161378246e-06,2.1390900656115264e-05,9.729971679917071e-06,2.9245420591905713e-05,7.983941941347439e-06,2.9400471248663962e-05,2.4883568130462663e-06,9.103663956011587e-07,1.877512318060326e-06,1.4853543461867957e-06,1.3542604619942722e-06,3.35310619448137e-06,3.1123088319873204e-06,2.827520575010567e-06,2.4405821932305116e-06,3.379059990038513e-06,7.091253337421222e-06,1.2614921615750063e-05,2.758419213932939e-06,2.965908834084985e-06,1.4547860018865322e-06,1.0502176337467972e-06,1.0572840665190597e-06,7.284738785529044e-07,1.1291458577034064e-06,6.097709956520703e-06,1.651177262829151e-05,2.0208062778692693e-08,2.145202643077937e-06,1.530580993858166e-05,6.604272584809223e-06,1.3346793821256142e-05,4.1659121052362025e-05,6.753057095920667e-05,1.3819381820212584e-05,1.2940950000484008e-05,6.320069951470941e-05,7.36251677153632e-05,3.636129622464068e-05,4.292787707527168e-05,2.0579176634782925e-05,4.704004095401615e-05,4.507985067903064e-05,0.0003465370391495526,0.00011789619020419195,0.001638298504985869
38,The spouse of Michal Bat-Adam is,The spouse of the director of The Deserter's Wife is,Michal Bat-Adam,the director of The Deserter's Wife, Moshé Mizrahi,0.00012571443221531808,3.5946170100942254e-05,1.649412661208771e-05,0.0001028165643219836,8.459688979201019e-05,2.2728261683369055e-05,5.157157829671632e-07,3.0683943919029844e-07,4.5545857574325055e-07,2.6218145876555354e-07,9.486505405220669e-06,1.3593270523415413e-05,3.888888022629544e-05,0.00017676330753602087,4.311112206778489e-05,4.0159065974876285e-06,1.0179734090343118e-05,2.119995770044625e-06,4.292867743060924e-05,1.1152288607263472e-05,3.0623257885054045e-07,2.519336028683483e-08,1.552378989799763e-07,3.3929375149455154e-06,9.378035201734747e-07,1.600318910277565e-06,6.21876267814514e-07,9.793674138336428e-08,2.11770469604744e-07,1.7507607807942804e-08,5.6052993357980085e-08,1.5823871990505722e-07,6.01791668941587e-07,9.61365344664955e-07,4.670868747780332e-06,0.00013941926590632647,9.245832188753411e-05,0.003384221578016877,0.00034733055508695543,8.700219950696919e-06,1.7850155927590095e-05,2.4922910597524606e-05,0.0009122177725657821,1.892578620754648e-05,1.882979631773196e-05,1.7247896266781026e-06,5.707476020688773e-07,4.613302280631615e-06,1.2318458857407677e-06,1.0704360420277226e-06,9.682884183348506e-07,2.6758911531032936e-07,2.2479357539850753e-06,4.799761654794565e-07,4.0089412323141005e-07,5.756816108259954e-07,1.0196751532021153e-07,1.3117245316607296e-06,1.386992067864412e-07,6.365863782775705e-07,3.217577102532232e-07,6.905726195327588e-07,6.119414024396974e-07,6.10623516195119e-08,1.6442610828448778e-08,4.183220596587489e-07,3.264278092274253e-08,2.4895928874002493e-08,3.752847632654266e-08,8.238724369391548e-09,7.72161357076584e-08,4.856316238033287e-09,5.763545729564612e-08,1.238177276263741e-07,2.2354825546244683e-07,1.0053842913748667e-07,5.767713417981213e-08,1.637785231878297e-07,2.909596119593516e-08,9.871300221675483e-08,0.0006657057674601674,0.001674881437793374
39,The country of citizenship of Callicrates is,The country of citizenship of the father of Phintys is,Callicrates,the father of Phintys, Athens,1.2543257071229164e-05,1.3351875168154947e-05,5.812685230921488e-06,1.1362720897523104e-06,3.0235491976782214e-07,1.2840492900068057e-06,1.8260490151078557e-06,5.097182565805269e-06,6.748120085831033e-06,4.845144576393068e-05,6.562328508152859e-06,2.7042902729590423e-05,3.293725603725761e-05,1.4462578292295802e-05,1.0837303307198454e-05,1.7130410924437456e-05,5.559462806559168e-06,1.3978207789477892e-05,1.394840182911139e-05,5.164738922758261e-06,4.326346925154212e-07,1.0152816685149446e-06,4.567109499475919e-06,1.415290284967341e-06,5.687002158083487e-07,8.069501404861512e-07,5.71243504055019e-07,7.775361154926941e-08,9.795272148949152e-08,9.2015682184865e-08,1.3294787777340389e-06,1.499707991570176e-06,1.5926252672215924e-07,2.817443771618855e-07,1.839486429844328e-07,4.588336253164016e-07,2.7000209001926123e-07,3.685583214974031e-05,1.8557137082098052e-05,1.2294780390220694e-05,1.8520047888159752e-05,1.7831145669333637e-05,0.0004069957649335265,0.00022817238641437143,0.00018345567514188588,0.00023789667466189712,9.363762364955619e-05,0.00012625941599253565,8.285447984235361e-05,6.279654917307198e-05,4.585448186844587e-05,0.00028360390570014715,0.0008044721907936037,0.00034887943184003234,0.0005636037676595151,0.0009091828833334148,0.0010103860404342413,0.0006960632745176554,0.001136027742177248,0.0018082053866237402,0.0006932767573744059,0.0006070824456401169,0.001129359588958323,0.0007673994405195117,0.0004977337666787207,0.0002733006258495152,0.0003309328167233616,0.00018101083696819842,0.00014747375098522753,1.8077271306538023e-05,2.8542630388983525e-05,1.0543790267547593e-05,5.8582481869962066e-05,5.4311556596076116e-05,4.198974056635052e-05,5.5112061090767384e-05,4.3992564314976335e-05,2.7576106731430627e-05,7.840127364033833e-05,2.863875670300331e-05,0.009094743989408016,0.010355380363762379
40,The date of death of Princess of Monaco is,The date of death of the mother of Albert II is,Princess of Monaco,the mother of Albert II," September 14, 1982",4.620918844011612e-06,1.5675615941290744e-05,4.6326844312716275e-05,6.267654680414125e-05,3.934251253667753e-06,4.780332346854266e-06,3.37248110326982e-07,1.523713137885352e-07,4.792603363057424e-07,5.7648353646300166e-08,1.0495807600818807e-07,2.115849383699242e-06,7.150460987759288e-07,8.855355417836108e-07,9.213715657097055e-07,5.413609756033111e-07,1.1674699607056027e-07,6.1503405959228985e-06,2.6763007099361857e-06,3.280105147496215e-07,3.7048036460873845e-07,8.096421879599802e-07,1.0724475032475311e-06,1.7214230183526524e-06,2.7560201942833373e-06,5.705890089302557e-06,1.0972583368129563e-05,2.1498028672795044e-06,1.6160952327481937e-06,2.1382309114414966e-06,1.5069668961587013e-06,1.6879939721547998e-06,7.170212370510853e-07,3.304228641809459e-07,3.8202460928005166e-07,8.884107955964282e-07,1.6389708434871864e-06,1.0139757478100364e-06,3.161623908454203e-06,6.358403879858088e-06,2.1176501832087524e-06,2.7005974061466986e-06,2.0560517441481352e-05,1.302812324865954e-05,1.2053609680151567e-05,3.1523934012511745e-05,1.500017060607206e-05,9.979655260394793e-06,2.3361901185126044e-05,1.6631387552479282e-05,7.363637450907845e-06,1.085314761439804e-05,5.0962767090823036e-06,6.116350959928241e-06,1.912902735057287e-05,5.8158325373369735e-06,6.373378255375428e-06,2.501759990991559e-05,5.319518822943792e-05,2.9597189495689236e-05,4.0702369005884975e-05,3.544881474226713e-05,4.372038893052377e-05,0.0001978438813239336,0.00032277204445563257,0.00029089051531627774,0.00022173160687088966,0.0001256616087630391,0.00010724308958742768,0.00010461715282872319,0.00017479207599535584,1.9656830772873946e-05,0.00024168677919078618,0.00033118604915216565,0.0004356715071480721,0.0002169551298720762,0.00016992611926980317,0.00020532488997559994,0.00020200652943458408,0.00012531160609796643,0.001742519554682076,0.01178724505007267
41,The place of birth of Marcela Agoncillo is,The place of birth of the mother of Lorenza Marino Agoncillo is,Marcela Agoncillo,the mother of Lorenza Marino Agoncillo," Taal, Batangas",6.886729806865333e-06,1.1050647117372137e-05,5.365855395211838e-05,5.026121925766347e-06,4.233360232319683e-05,4.526950579020195e-05,5.8714304032037035e-05,5.957866960670799e-05,0.00013038792531006038,1.8387625459581614e-05,1.3099163879815023e-05,6.840102173555351e-07,5.481169296217558e-07,9.551379662298132e-06,2.366619992244523e-05,1.1152743354614358e-05,1.1181953141203849e-06,3.683061606807314e-07,4.659696060116403e-07,6.717434644087916e-06,1.963130216608988e-06,1.105901787923358e-06,5.338342248251138e-07,1.2497366697061807e-07,1.328835992353561e-07,5.987578077792932e-08,3.5908929163497305e-08,1.9473279877502137e-08,1.6993430662637365e-08,1.7263932505784396e-08,4.8839039479275925e-09,4.6005215637023866e-08,6.533965546395848e-08,4.604926928664099e-08,6.375312011641654e-08,9.365939490635355e-07,1.2795135262422264e-06,6.547754196617461e-07,2.7460050660010893e-06,5.219297349867702e-07,8.983479347079992e-07,1.3376395600062096e-06,1.5135975672819768e-06,2.8749493594659725e-06,1.3601834325527307e-06,1.797377649381815e-06,1.0467502988831257e-06,8.030010576476343e-07,6.773175300622825e-07,4.0017255287239095e-07,3.3950280453609594e-07,4.176870618266548e-07,4.432417881616857e-07,1.5878150350090436e-07,4.009496024082182e-08,5.4782461234026414e-08,1.208194362334325e-07,2.1845539777132217e-07,2.30871279427447e-07,7.726590638412745e-07,4.164117797245126e-07,4.077646735822782e-07,7.79276660978212e-07,5.169383712200215e-07,1.2447615063138073e-06,1.4104447245699703e-06,1.640923073864542e-06,1.5183177310973406e-06,1.1926229490200058e-05,2.028726612479659e-06,1.9355165932211094e-05,5.6551009038230404e-05,0.0001835865987231955,0.0004176257352810353,0.004524390213191509,0.013776355423033237,0.038799528032541275,0.22741171717643738,0.006709826644510031,0.00413436908274889,0.000925548723898828,0.4838232100009918
42,The country of citizenship of Ilich Ramírez Sánchez is,The country of citizenship of the spouse of Isabelle Coutant-Peyre is,Ilich Ramírez Sánchez,the spouse of Isabelle Coutant-Peyre, Venezuelan,5.749166120949667e-07,6.907975489411911e-07,2.973863956867717e-06,5.003051342100662e-07,4.891236926596321e-07,2.095469682217299e-07,1.6028369032028422e-07,4.78638128242892e-07,3.5345604487702076e-07,3.2789193937787786e-07,1.6518124823505786e-07,9.372736542445637e-08,1.6541275726922322e-07,2.845024198450119e-07,2.0879480189250899e-07,8.431814535470039e-08,7.893819997661922e-08,1.3617842853363982e-07,6.954336129183503e-08,2.5556587956998555e-07,5.257838893157896e-07,1.7892948562803213e-06,7.05978322912415e-07,5.488986403179297e-07,3.120453300198278e-07,3.9882053215478663e-07,2.919274777468672e-07,4.3605277255664987e-07,6.017796749802073e-07,2.4175972157536307e-07,3.0380655857698e-07,2.1496184388070105e-07,3.281672888988396e-07,2.597965647055389e-07,5.762083787885786e-07,1.9693145532073686e-06,2.7853720894199796e-06,0.00016330859216395766,9.454229439143091e-05,0.0004926323890686035,0.00028247424052096903,0.0001921589282574132,0.001933689578436315,0.0031678280793130398,0.0029548974707722664,0.001471216673962772,0.0024561919271945953,0.0027617726009339094,0.001112260390073061,0.0007723247399553657,0.002185278804972768,0.001941786496900022,0.0014382589142769575,0.0014585272874683142,0.0007984313415363431,0.001015832182019949,0.0021663641091436148,0.0008497036760672927,0.0006014446262270212,0.0006888578063808382,0.0011102803982794285,0.00034246023278683424,0.0005337983020581305,0.0006040289881639183,0.000855059886816889,0.0011944530997425318,0.00037536717718467116,0.0003780904517043382,0.0009324057609774172,0.001096114283427596,0.00038734913687221706,0.00016584810509812087,0.00021735878544859588,0.000132610512082465,0.00040844667819328606,0.0031817720737308264,0.001896165544167161,0.003402870846912265,0.001951349200680852,0.0023961756378412247,0.00018003529112320393,0.02095785364508629
43,The place of death of Elizabeth of York is,The place of death of the mother of Elizabeth Tudor is,Elizabeth of York,the mother of Elizabeth Tudor, Tower,4.195619567326503e-07,1.214773760693788e-06,3.8408702494052704e-06,1.6318244888680056e-05,8.66448026499711e-05,0.00022611474560108036,0.00013771597878076136,5.620975207420997e-05,9.728020813781768e-06,8.353592420462519e-06,3.1135873541643377e-06,3.467842589088832e-06,6.98795304288069e-07,7.929425919428468e-06,1.435635203961283e-05,2.2880142296344275e-06,5.0576618377817795e-06,1.751086756485165e-06,8.372891170438379e-05,0.0005212124087847769,0.00015630100097041577,5.322419383446686e-05,1.688471638772171e-05,2.8319211196503602e-05,2.5032239136635326e-05,1.7942295016837306e-05,2.385566858720267e-06,7.414302217512159e-06,8.04348564997781e-06,6.945169843675103e-06,1.220640569954412e-05,5.201377462071832e-06,2.5895185444824165e-06,3.706047436935478e-06,2.9766142688458785e-06,1.2188373830213095e-06,2.393666818534257e-06,5.469729330798145e-06,1.1188244570803363e-05,8.423614417552017e-06,3.663422467070632e-05,4.835786603507586e-05,5.9456713643157855e-05,7.651472697034478e-05,0.00018881635332945734,0.00013970030704513192,5.376648550736718e-05,0.0003390848869457841,7.978436042321846e-05,5.347987462300807e-05,1.8892136722570285e-05,4.2796891648322344e-05,5.6430333643220365e-05,0.00011237044236622751,0.00014696050493512303,0.00036057666875422,0.0008600159781053662,0.0004173194756731391,0.0010326787596568465,0.0008910413598641753,0.0003928712976630777,0.0006068189977668226,0.0006588198011741042,0.000506825337652117,0.00027365927235223353,0.0003869457868859172,0.0002787427220027894,0.0002522055874578655,0.0002610779774840921,0.0006027939962223172,0.0004798556910827756,0.0002793124585878104,0.00018775703210849315,0.00021380779799073935,9.630907152313739e-05,0.00023508792219217867,0.00020587434119079262,0.0008143415325321257,0.0012258889619261026,0.007024079095572233,4.613781129592098e-05,0.00035098879016004503
44,The place of birth of Lydia Maria Child is,The place of birth of the spouse of David Lee Child is,Lydia Maria Child,the spouse of David Lee Child," Medford, Massachusetts",3.483761611278169e-05,3.843000376946293e-05,2.4666716853971593e-05,5.4109135817270726e-05,1.2640196473512333e-05,2.350816248508636e-05,5.91426351093105e-06,1.4423853826883715e-06,8.620606422482524e-06,4.192479536868632e-06,1.2380368389131036e-05,3.519882375258021e-05,9.25217227631947e-06,2.3209066057461314e-05,5.5486692872364074e-05,1.0368167750129942e-05,1.3221459994383622e-05,3.547919277480105e-06,3.239500301788212e-06,2.383951368756243e-06,3.5733721688302467e-06,1.4082151210459415e-05,0.0002342738735023886,5.912977576372214e-05,2.074576150334906e-05,4.815595457330346e-05,3.0004224754520692e-05,0.00010594890773063526,4.622176493285224e-05,5.6195938668679446e-05,3.991693665739149e-05,2.628843139973469e-05,3.373661820660345e-05,7.680269482079893e-05,9.076859714696184e-05,3.169372939737514e-05,3.438485146034509e-05,6.37507691862993e-05,6.316484359558672e-05,1.204564432555344e-05,2.7415391741669737e-05,6.106348791945493e-06,4.434979928191751e-06,4.9514446800458245e-06,1.858362452367146e-06,7.392579846055014e-06,3.3114069992734585e-06,3.611718284446397e-06,2.0263005353626795e-06,1.7377893755110563e-06,1.6759709069447126e-06,1.8094717688654782e-06,2.50549760494323e-06,2.695111106731929e-06,6.831188557043788e-07,3.690648213705572e-07,1.3194708117225673e-06,7.28264126337308e-07,6.907769147801446e-07,5.158248086445383e-07,5.633658020087751e-07,2.233961140518659e-06,1.1631669849521131e-06,1.1621838211794966e-06,8.416610216954723e-05,7.559436198789626e-05,7.562812970718369e-05,5.654873893945478e-05,0.00010475983435753733,7.324873877223581e-05,0.00019307859474793077,0.000451366271590814,0.00042675124132074416,0.001036204630509019,0.0004953410243615508,0.038499169051647186,0.004194463603198528,0.1268179565668106,0.0667889341711998,0.026088964194059372,0.0005709961988031864,0.6995660066604614
45,The date of birth of Mechthild of Bavaria is,"The date of birth of the mother of Philip II, Margrave of Baden-Baden is",Mechthild of Bavaria,"the mother of Philip II, Margrave of Baden-Baden", 12 July 1532,2.6695076940086437e-06,5.019778473069891e-05,0.005184718873351812,0.0008704212377779186,0.011155582033097744,0.00014332424325402826,0.00015648124099243432,0.0037375744432210922,0.00010660156840458512,2.7386770184989473e-08,0.0006328055751509964,0.0008482761913910508,8.115042874123901e-05,3.5631348964670906e-06,7.013374852249399e-05,0.0047132279723882675,0.00011068185267504305,0.01507358718663454,0.014018116518855095,0.0017826660769060254,6.387742178048939e-05,0.0003981796617154032,0.0011722445487976074,0.0007012164569459856,0.00011923073907382786,0.0024555609561502934,2.0461018721107394e-05,0.021677350625395775,0.0012848456390202045,0.0296185165643692,0.0009766252478584647,0.013424207456409931,0.0024551174137741327,0.00028653405024670064,0.016959231346845627,0.003263620426878333,0.0024947798810899258,0.0021760982926934958,0.002699980977922678,0.00012112154217902571,1.0620262401062064e-05,0.00047520583029836416,0.0017183116870000958,5.391671584220603e-05,6.42200539004989e-05,2.084563455184707e-08,4.3694126361515373e-07,4.3890250367439876e-07,2.261949276771702e-07,1.006563365990587e-08,8.270986739944419e-08,1.0021275187455103e-07,4.566858251564554e-07,6.965883017073793e-07,4.9293298332031554e-08,3.1488646072830306e-06,1.48557418810924e-07,9.425273219676455e-07,3.122037810499023e-07,2.2028006085861307e-08,6.547775797116628e-07,1.3813157693221e-06,2.5873403501464054e-05,1.4430231658479897e-06,1.9647848148451885e-07,1.2561838502733735e-07,3.5750446158999694e-07,9.685458479680165e-08,2.908555245539901e-07,2.768761220295346e-08,5.92815013078507e-07,7.057091977458185e-08,1.1036471292413808e-08,4.25988537244848e-06,9.63243209639586e-08,1.3622970129745227e-07,4.71088057452107e-09,3.9364028481259083e-08,1.0490145418984298e-09,8.857955435814802e-08,0.024880314245820045,0.0020635207183659077
46,The place of birth of Charles VII is,The place of birth of the father of Marie Marguerite de Valois is,Charles VII,the father of Marie Marguerite de Valois, Paris,4.02963496526354e-06,1.083644974642084e-06,4.361410447017988e-06,9.453098755329847e-06,7.82222195994109e-06,1.9012736629520077e-06,8.481416671202169e-07,2.7987814519292442e-06,6.046743692422751e-06,2.7816272449854296e-06,7.078137969074305e-06,4.521867595030926e-06,1.7189374830195447e-06,1.1077299859607592e-06,1.467456513637444e-06,2.2738670395483496e-06,5.811188657389721e-06,1.0394449418527074e-05,1.803925670174067e-06,2.095730451401323e-06,7.850157430766558e-07,2.8955437301192433e-06,2.6713732950156555e-06,2.1181112970225513e-06,2.011563083215151e-06,9.417137789569097e-07,1.3266520682009286e-06,1.037715946949902e-06,9.629642363506719e-07,3.3838607578218216e-06,1.4144693523121532e-06,1.391331352351699e-06,3.6345190892461687e-06,1.5000135817899718e-06,4.191233074379852e-06,7.525245564465877e-06,4.542383067018818e-06,3.096886575804092e-05,2.7253412554273382e-05,1.6057461834861897e-05,5.06560827489011e-05,3.8908641727175564e-05,8.906125003704801e-06,9.17735724215163e-06,9.382546522829216e-06,1.1666107639030088e-05,2.8514944006019505e-06,1.6779675206635147e-05,9.533010597806424e-06,2.107746240653796e-06,6.652346655755537e-06,2.7915816644963343e-06,7.97501161287073e-06,5.288858119456563e-06,2.9260149858600926e-06,9.228091357726953e-07,1.2141915703978157e-06,4.3415985828687553e-07,1.4007146091898903e-06,1.5219428632917698e-06,1.1253052889514947e-06,1.9522744878486264e-06,1.36498215397296e-06,1.7680957853372092e-06,3.666305019578431e-06,2.8835522243753076e-05,1.9790430087596178e-05,5.182153108762577e-05,8.281377813545987e-05,2.6092491680174135e-05,0.00012326487922109663,4.041348074679263e-05,2.9121620173100382e-05,7.020884368102998e-05,0.00011223584442632273,0.00033203366911038756,0.0010189362801611423,0.001751551404595375,0.0021137541625648737,0.00036899212864227593,0.004300910513848066,0.06978119164705276
47,The place of death of Gustavo Alatriste is,The place of death of the director of Las tecnologías pesqueras is,Gustavo Alatriste,the director of Las tecnologías pesqueras," Houston, Texas",1.1739373348973459e-06,2.0707295789179625e-06,2.9776904284517514e-06,9.587035947333788e-07,8.630724551039748e-06,7.005454335740069e-06,1.1664628800645005e-05,2.298143954249099e-06,8.028847332752775e-06,6.517439487652155e-06,7.84723579272395e-06,6.036356353433803e-06,2.573940400907304e-05,3.119080429314636e-05,5.5991866247495636e-05,9.739555025589652e-06,2.1618392565869726e-05,1.1168885066581424e-05,4.6879308683855925e-06,5.244977728580125e-06,1.5918016288196668e-05,0.00011419476504670456,0.00022005976643413305,0.00019455121946521103,2.4049031708273105e-05,7.562996324850246e-05,1.5543286281172186e-05,2.4214763470808975e-05,1.57607501023449e-05,1.916140718094539e-05,5.853575203218497e-06,6.607901923416648e-06,9.828792144617182e-07,2.498988806109992e-06,4.155490387347527e-06,7.199879291874822e-06,9.818196303967852e-06,1.3975378351460677e-05,1.2374041943985503e-05,3.6692233607027447e-06,1.022269316308666e-05,7.4827057687798515e-06,3.50191953657486e-06,2.5862743768811924e-06,2.7467269774206216e-06,5.0526668928796425e-06,1.0875880889216205e-06,2.158690222131554e-07,2.8959874498468707e-07,2.442347977194004e-07,3.873081197980355e-07,1.9476149759611872e-07,4.119321204143489e-07,4.662628612095432e-07,4.0208345808423473e-07,4.526591510511935e-07,3.8596311924266047e-07,4.6115945906421985e-07,5.889344834031363e-07,8.095357202364539e-07,1.0658555993359187e-06,8.457662374894426e-07,1.6302024050673936e-06,8.077916504589666e-07,1.0786770872073248e-06,9.861314538284205e-07,4.802820399163465e-07,9.069239581549482e-07,8.367233021999709e-07,2.0209381546010263e-06,1.3855648148819455e-06,1.4631943940912606e-06,1.8928180907096248e-06,3.602795459300978e-06,8.19269371277187e-06,4.063603682880057e-06,2.822756414389005e-06,6.268179276958108e-06,1.3698882867174689e-05,3.602061269702972e-06,2.330260758753866e-05,1.695428363746032e-05
48,The spouse of Selena is,The spouse of the performer of Cien Años is,Selena,the performer of Cien Años, Chris Pérez,8.14371815067716e-05,1.3608901099360082e-05,2.690186875042855e-06,8.750594702178205e-07,1.915867414936656e-06,1.5711909782112343e-06,5.300294105836656e-06,7.052641990412667e-07,7.29190333004226e-07,8.627975489616801e-07,5.02343425523577e-07,2.7597702683124226e-06,1.4025818018126301e-06,5.142223358234332e-07,1.2009633110210416e-06,1.0035620334747364e-06,5.454716642816493e-07,8.922102097130846e-07,1.0865013564398396e-06,5.7345964705746155e-06,6.271139227465028e-06,1.6828003936097957e-05,2.1634457880281843e-05,3.1731247872812673e-05,8.267426892416552e-05,2.264541035401635e-05,7.236316832859302e-06,2.298479557794053e-05,1.0772388122859411e-05,3.190634515704005e-06,1.2656219041673467e-06,4.689410161518026e-06,6.896796094224555e-06,1.039985454553971e-05,2.415767085039988e-05,9.112768566410523e-06,3.6078552057006164e-06,1.1238727893214673e-05,8.44141140987631e-06,1.6105040003822069e-06,8.083549687398772e-07,3.2000866667658556e-06,3.4563963708933443e-06,2.156752088922076e-06,1.767604999258765e-06,3.707310042955214e-06,6.09003927820595e-06,3.831915364571614e-06,2.345285338378744e-06,1.9234589672123548e-06,1.9662800241349032e-06,1.8561495380708948e-06,1.4233359024728998e-06,4.9973177738138475e-06,6.125272193457931e-06,1.6974183381535113e-05,3.011454282386694e-06,1.7299635146628134e-05,1.4517224371957127e-05,6.1608707255800255e-06,5.767089533037506e-06,1.06704001154867e-05,2.5802461095736362e-05,4.227391764288768e-05,8.428912406088784e-05,5.895719732507132e-05,8.91338349902071e-05,5.4113490477902815e-05,0.00010310711513739079,0.00018733162141870707,8.957567479228601e-05,0.00016396521823480725,0.0028272613417357206,0.0028255092911422253,0.9320364594459534,0.9496789574623108,0.527463972568512,0.4802464544773102,0.4878939092159271,0.2971632480621338,4.358991645858623e-05,0.09869507700204849
49,Mansoor Khan received the,The director of Jo Jeeta Wohi Sikandar received the,Mansoor Khan,the director of Jo Jeeta Wohi Sikandar, Filmfare Award for Best Director,3.350945917190984e-06,4.002763034804957e-06,1.2670359410549281e-06,2.5265640601901396e-07,7.965297754708445e-08,1.2051559750148044e-08,5.7863505986688324e-08,1.3979685853371393e-08,1.85065900382142e-08,6.192905299684526e-09,8.251499483691305e-10,1.8488331976485028e-09,1.4672418835459666e-09,3.3350826100786435e-08,2.4605464332694282e-08,2.2776816877012607e-08,1.417128174807658e-07,3.0245550419749634e-07,9.451225650991546e-07,1.5311452727928554e-07,4.34843663299489e-08,2.9218711006251397e-08,1.3873801663066843e-07,5.236195761426643e-07,1.1202000678167678e-06,1.3432202194962883e-06,1.6593040754742105e-06,1.1735412499547238e-06,5.223042080615414e-06,4.330620868131518e-06,3.3351625461364165e-06,3.513423735057586e-06,7.246042969200062e-06,3.2403793284174753e-06,2.1687794742319966e-06,1.4086547253100434e-06,7.74453667418129e-07,2.2158110368764028e-07,2.3667446669151104e-07,2.0891809526801808e-07,1.5092301453023538e-07,3.699963713188481e-08,3.2475782063556835e-08,1.9323410427318777e-08,2.706874013824745e-08,4.329994851559604e-08,7.639303589712654e-08,2.6741526326645726e-08,1.0431319452663956e-07,9.534266354194187e-08,1.3605541937522503e-07,2.818538575866114e-07,1.5766602246003458e-07,2.2130791421659524e-07,1.4287073213381518e-07,2.3957383632478013e-07,2.4344311100321647e-07,2.3479198318909766e-07,2.406661963050283e-07,1.6821812209855125e-07,2.260388214381237e-07,3.6576605566551734e-07,3.4050611930069863e-07,2.0743078721352504e-07,1.7976002197883645e-07,5.330118710844545e-07,1.443630708308774e-07,2.9002453061366396e-07,1.4938777326278796e-07,7.108936017630185e-08,1.3367672124786623e-07,1.0334787958754532e-07,5.3298521152100875e-08,5.0378211824408936e-08,4.305756817757356e-08,1.469343491322661e-08,1.5922489993158706e-08,2.2394784693346992e-08,2.6497502858546795e-08,3.215259880562371e-08,0.01965763419866562,0.001545333070680499
50,The country of citizenship of Bart Sibrel is,The country of citizenship of the director of Astronauts Gone Wild is,Bart Sibrel,the director of Astronauts Gone Wild, American,2.5923025532392785e-05,2.1322664451872697e-06,3.589446350815706e-05,1.8644865122041665e-05,2.5724159513629274e-06,1.311529103986686e-06,4.9902241698873695e-06,4.468152837944217e-05,3.850728262477787e-06,1.2266889370948775e-06,1.5659266864531673e-05,3.2321977414540015e-06,4.749979780171998e-06,1.3944602869742084e-05,7.324159378185868e-05,1.3401049727690406e-05,2.4355564164579846e-05,4.783306940225884e-05,9.020966535899788e-05,0.00011678540613502264,9.4886141596362e-05,9.511849930277094e-05,7.308450585696846e-05,3.962512346333824e-05,2.8271833798498847e-05,9.956547728506848e-06,6.99225574862794e-06,2.8718579869746463e-06,7.58379464969039e-05,8.844993135426193e-05,3.932846084353514e-05,2.8676084184553474e-05,3.243363607907668e-05,0.0001704780152067542,0.0001667113247094676,0.00043703577830456197,0.0014263235498219728,0.0036831486504524946,0.0008120869752019644,0.0016918639885261655,0.003104283707216382,0.0007779196021147072,0.0003450791409704834,0.00012003585288766772,0.00021508549980353564,0.0010246223537251353,0.000274163467111066,0.00031790253706276417,0.00019351801893208176,9.337990923086181e-05,0.00036157836439087987,0.0005995018873363733,0.0003512851253617555,3.0300348953460343e-05,2.9822760552633554e-05,0.00011848367284983397,0.00012475276889745146,6.29437345196493e-05,2.9909642762504518e-05,7.274881500052288e-05,0.00013941549696028233,0.0001143152840086259,9.91767446976155e-05,9.957931615645066e-05,0.0001813660783227533,0.0003118208551313728,0.00033488214830867946,0.0002124430611729622,0.00023226597113534808,0.0004209789040032774,0.00025462027406319976,0.00017678458243608475,9.041638986673206e-05,0.000459455099189654,0.00031529658008366823,0.0003029605431947857,0.00022553119924850762,4.883004748990061e-06,5.181181040825322e-05,5.303028228809126e-05,0.006274744868278503,0.016325704753398895
51,The place of birth of Muhammad Ali Jinnah is,The place of birth of the spouse of Emibai Jinnah is,Muhammad Ali Jinnah,the spouse of Emibai Jinnah, Karachi,3.3873087090796616e-07,8.305315191137197e-07,2.0581967419275315e-06,2.396863919784664e-06,2.420250382328959e-07,2.19998901229701e-06,3.3437365800637053e-06,4.806931883649668e-07,2.0791192412161763e-07,1.7355527859308495e-07,6.274191122201955e-08,1.2537361726572271e-07,1.0398598249139468e-07,2.1421612927952083e-07,7.917475386420847e-07,5.125401685290853e-07,1.4488067563434015e-06,4.332016487751389e-06,2.543767777751782e-06,5.0345993258815724e-06,6.976203167141648e-06,3.035046120203333e-06,2.6349252948421054e-05,1.3905600098951254e-05,1.2412303476594388e-05,2.7828441488964017e-06,1.4712860547660966e-06,1.7155316527350806e-05,8.987553883343935e-06,1.2846255231124815e-05,3.640143040684052e-05,3.0844883440295234e-05,5.557347321882844e-06,5.002750640414888e-06,7.069903404044453e-06,6.936713361938018e-06,1.4110986739979126e-05,1.1909310160262976e-05,3.3010328479576856e-05,0.00013453993597067893,3.963917333749123e-05,3.679455767269246e-05,4.1291805246146396e-05,5.329285704647191e-05,9.725648851599544e-05,3.283488695160486e-05,3.5225999454269186e-05,3.439077772782184e-05,3.575747541617602e-05,4.2172679968643934e-05,5.817505007144064e-05,7.263960287673399e-05,6.471193773904815e-05,3.669150828500278e-05,4.4143798731965944e-05,5.3463336371351033e-05,7.483955414500087e-05,6.494059198303148e-05,5.324673838913441e-05,0.00010925790411420166,6.021900844643824e-05,0.00010154777555726469,5.7793964515440166e-05,5.0966085836989805e-05,0.0003845230385195464,0.0008976224926300347,0.0004800175956916064,0.0008215181878767908,0.0004886434180662036,0.00046603058581240475,0.0009264104883186519,0.000602615182287991,0.0005545138847082853,0.0005644008051604033,0.0004644468135666102,0.05024724453687668,0.007889216765761375,0.009974189102649689,0.0034759652335196733,0.0008076359517872334,0.006528638768941164,0.06649399548768997
52,The place of birth of Jelena Zrinska is,The place of birth of the spouse of Francis I Rákóczi is,Jelena Zrinska,the spouse of Francis I Rákóczi, Ozalj,4.2181619619441335e-07,3.874830326822121e-06,4.608087692759e-06,4.1871760913636535e-05,4.63957512693014e-05,5.170825170353055e-05,3.8659498386550695e-05,1.5117977454792708e-05,1.0820622264873236e-05,2.9458406061166897e-06,3.0794757321928046e-07,3.978866516263224e-06,6.803928727094899e-07,5.5718724070175085e-06,3.9860105971456505e-06,2.4494734134350438e-06,7.358715720329201e-06,1.3988083082949743e-05,9.187360205942241e-07,3.43842680194939e-06,5.156080987944733e-06,1.2455129763111472e-06,1.0292313845639e-06,1.0045271210401552e-06,2.4986468361021252e-06,3.669745183287887e-07,4.6159414068824844e-07,2.0941173772826005e-07,1.568038783261727e-07,1.7517481865070295e-06,1.3464964467857499e-06,3.610754447436193e-06,6.558115273946896e-06,6.166320076772536e-07,6.801674317102879e-07,1.201518557536474e-06,9.091005637174021e-08,4.45907772927967e-08,6.383561412803829e-08,1.3500127238330606e-07,1.6704915140053345e-07,4.782505129696801e-07,8.743069201955223e-07,2.688242943804653e-07,1.0919900432782015e-06,1.1642450772342272e-06,1.5407039199999417e-06,2.412839876342332e-06,5.427422365755774e-06,4.709051609097514e-06,2.239247123725363e-06,7.668876605748665e-06,3.9483247746829875e-06,3.504302412693505e-06,3.111325668214704e-06,1.7050496126103099e-06,3.1227641557052266e-06,5.607161256193649e-06,4.683518909587292e-06,5.863196292921202e-06,4.794426786247641e-06,3.007764235007926e-06,1.117686792895256e-06,7.437496947204636e-07,9.484546694693563e-07,1.0895378181885462e-06,2.4312196273967857e-06,2.5193839974235743e-06,4.285605882614618e-06,6.280567049543606e-06,5.462333319883328e-06,8.297790373035241e-06,5.117250566399889e-06,8.186531886167359e-06,6.218669113877695e-06,1.8903554519056343e-05,4.371797786006937e-06,1.0353523066441994e-05,1.24229281937005e-05,3.92651872971328e-06,2.2712054487783462e-05,1.720249929348938e-05
53,The place of birth of W. P. Kellino is,The place of birth of the director of Pay Box Adventure is,W. P. Kellino,the director of Pay Box Adventure, London,1.98283505596919e-05,0.0005729809636250138,0.0005434326594695449,0.00011207489296793938,0.0003548333770595491,0.0009516905411146581,0.00010887693497352302,0.0001731447846395895,0.00016692685312591493,0.00012650580902118236,0.00039114581886678934,0.00015232506848406047,0.0002116003743140027,7.203445420600474e-05,0.00010642276902217418,4.39980358351022e-05,4.107308996026404e-05,8.049484313232824e-05,0.00019559029897209257,0.00016852548287715763,3.723303598235361e-05,0.00010452520655235276,9.451245568925515e-05,0.0002828497963491827,0.000547354924492538,0.00043852574890479445,5.581039295066148e-05,0.0006713208858855069,0.00026414470630697906,0.00012747636355925351,5.3561641834676266e-05,1.6328811398125254e-05,7.115100743249059e-06,7.053913122945232e-06,2.1483285308931954e-05,0.00013469313853420317,2.958054028567858e-05,8.320788765558973e-05,4.709879794972949e-05,3.230147922295146e-05,2.0123501599300653e-05,1.4967219613026828e-05,1.2587855053425301e-05,2.9457744403771358e-06,2.720572410908062e-05,3.0598068860854255e-06,8.631195669295266e-06,1.6665855582687072e-05,1.2527194485301152e-05,9.956495887308847e-06,2.6218651782983216e-06,2.3300290195038542e-06,7.491166797990445e-06,3.859092430502642e-06,1.089993247660459e-06,4.494671429711161e-06,1.3772921647614567e-06,3.3005228488036664e-06,1.1552859859875753e-06,2.4500093331880635e-06,1.0531236966926372e-06,2.1785790522699244e-06,1.8924342839454766e-06,1.9789345060416963e-06,2.0556112758640666e-06,1.321988179370237e-06,2.105507064698031e-06,7.253328249134938e-07,1.0107800108016818e-06,9.649786989029963e-06,1.4627540622313973e-05,3.7648924262612127e-06,8.122320650727488e-06,3.5899358863389352e-06,4.4071493903175e-06,2.944311518149334e-06,1.6220965335378423e-06,2.268968273710925e-06,1.664117462496506e-06,8.937367965700105e-06,0.0030692610889673233,0.004842882510274649
54,The employer of Chip Gubera is,The employer of the director of Academy of Doom is,Chip Gubera,the director of Academy of Doom, University of Missouri,1.7928059605765156e-05,3.5217074128013337e-06,2.9713221010752022e-05,9.846942703006789e-05,6.135604780865833e-05,1.961242924153339e-05,1.2280554074095562e-05,9.008950655697845e-06,1.0987357200065162e-05,7.283891318365932e-05,3.3087322663050145e-05,1.1878390068886802e-05,3.07595546473749e-05,3.449639734753873e-06,1.4257941074902192e-05,2.9249895305838436e-05,1.690859608061146e-05,2.07071552722482e-05,4.8464247811352834e-05,1.1707705198205076e-05,0.0004742941237054765,1.22509736684151e-05,3.910808572982205e-06,9.539386155665852e-06,2.466424803060363e-06,1.0130855116585735e-05,1.0095175639435183e-05,3.0057003641559277e-06,7.411749265884282e-06,1.765667661857151e-06,1.1853194337163586e-06,6.106010459916433e-06,9.34222225623671e-06,3.4715765195869608e-06,5.197573500481667e-06,1.1347150348228752e-06,5.9629478528222535e-06,4.111583257326856e-05,1.6131521988427266e-05,6.626865069847554e-05,5.654204142047092e-05,3.894916153512895e-05,4.206001540296711e-05,2.1238522094790824e-05,5.659930138790514e-06,3.978265795012703e-06,1.2333051927271299e-05,1.955090556293726e-05,0.0001000890988507308,2.559688982728403e-05,0.00010149554873351008,0.0001422017376171425,0.00010081567597808316,4.340198574936949e-05,3.8336816942319274e-05,2.068069989036303e-05,7.116688720998354e-06,2.7689604394254275e-05,6.3894940467434935e-06,1.2204393897263799e-05,3.654253305285238e-05,6.013250458636321e-05,1.4431689123739488e-05,1.6015565051930025e-05,2.1925992768956348e-05,4.794495453097625e-06,1.72244126588339e-05,5.798438905912917e-06,3.2190375804930227e-06,6.704700354021043e-06,6.399340691132238e-06,1.095218067348469e-06,3.341768660902744e-06,7.017518328211736e-06,3.0337956559378654e-05,6.179314368637279e-05,8.910984433896374e-06,5.240706286713248e-06,1.238869663211517e-05,1.0798140465340111e-05,0.00033540386357344687,0.0005125220632180572
55,The place of birth of Lacy J. Dalton is,The place of birth of the performer of Slow Down is,Lacy J. Dalton,the performer of Slow Down, Bloomsburg,2.3036387574393302e-05,7.3737332968448754e-06,6.496085234175553e-07,1.5452806110261008e-06,4.882263056060765e-07,1.874615236374666e-07,1.0857955601295544e-07,1.6670732350121398e-07,1.0410393969095821e-07,2.406053454251378e-07,8.389623644688982e-07,5.110022129883873e-07,4.002501157174265e-07,1.066470076693804e-06,4.90881404857646e-07,1.2236166639922885e-06,2.2898441329743946e-06,1.5886546407273272e-06,8.835751032165717e-06,3.1020172173157334e-06,3.45666103385156e-06,1.5503535450989148e-06,1.5314195707105682e-06,3.5811248721984157e-07,2.6592329049890395e-07,1.8507644483634067e-07,6.998635626587202e-07,8.747148854126863e-07,1.6678330894137616e-07,4.0482694885213277e-07,2.931026074293186e-06,2.56459679803811e-06,1.2366813280095812e-05,9.85283713816898e-06,8.372705451620277e-06,8.104319704216323e-07,5.029136445955373e-06,3.084171112277545e-06,8.735875780985225e-06,1.728909046505578e-05,4.528403678705217e-06,8.112289833661634e-06,3.2132104479387635e-06,2.0417660380189773e-06,1.3264760809761356e-06,9.518229262539535e-07,9.441840802537627e-07,6.268976449064212e-07,1.17791898901487e-06,3.869698048220016e-06,2.3610111838934245e-06,2.1379671579779824e-06,2.633607209645561e-06,2.176510406570742e-06,1.0181619245486218e-06,3.719094365806086e-07,4.6132967668199854e-07,2.2319895265354717e-07,1.9834763520520937e-07,3.1482358053835924e-07,2.741702473940677e-07,4.84910856357601e-07,7.558832635368162e-07,9.19344131489197e-07,3.345137429278111e-06,3.6944259136362234e-06,1.2294949556235224e-06,3.7113341022632085e-06,2.9630309654749e-06,1.0552224921411835e-05,4.451337645150488e-06,5.441834673547419e-06,1.5449619240825996e-05,7.934744644444436e-06,1.1532692042237613e-05,0.0002525418240111321,9.449825301999226e-05,0.00045301741920411587,0.023215878754854202,0.011596200056374073,4.056566467625089e-05,0.9982154369354248
56,The place of birth of Salvatore Piscicelli is,The place of birth of the director of Blues metropolitano is,Salvatore Piscicelli,the director of Blues metropolitano, Pomigliano d'Arco,4.369128873804584e-06,1.1595731166380574e-06,1.3327029591891915e-05,4.708929282060126e-06,9.854088602878619e-06,7.1155423029267695e-06,1.297030939895194e-05,1.6510998648300301e-06,3.1257266641659953e-07,5.496313860930968e-06,1.348778823739849e-06,8.791587902123865e-07,4.44389428366776e-07,4.380367499834392e-07,1.598190664253707e-07,4.339533177244448e-07,2.9754258434877556e-07,1.1379822808521567e-06,7.568696673843078e-07,1.696234676273889e-06,1.552110734337475e-05,1.662738031882327e-05,2.2657834051642567e-05,4.115399860893376e-05,3.385808304301463e-05,1.2040542060276493e-05,1.279475418414222e-05,2.9999202979524853e-06,5.0546977945487015e-06,1.0191261026193388e-05,6.312058076218818e-07,1.6190858787012985e-07,1.9471140433324763e-07,4.969571705260023e-07,2.70259874923795e-07,3.9817825836507836e-07,5.667469054060348e-07,1.3472910723066889e-05,2.401935716989101e-06,7.08292645867914e-07,1.2762880032823887e-06,1.5505321471209754e-06,3.534924530868011e-07,1.5021306865037332e-07,1.537530636142037e-07,1.9562510544801626e-07,3.5210112514505454e-07,3.81874599497678e-07,3.0138795636958093e-07,4.994782898393169e-07,1.4183816574586672e-06,5.013234840589575e-07,1.0776661838463042e-06,3.544425624113501e-07,1.4840677522443002e-06,7.609381782458513e-07,2.898847242249758e-06,2.414305072306888e-06,4.413969236338744e-06,7.899637239461299e-06,6.040571406629169e-06,6.809329534007702e-06,4.799177077075001e-06,4.502215233515017e-06,4.2041283450089395e-06,3.1800805118109565e-06,4.937741778121563e-06,7.013449703663355e-06,5.53507106815232e-06,1.3372719877224881e-05,1.898784830700606e-05,9.81115681497613e-06,1.2657846127694938e-05,5.83167684453656e-06,2.8972294785489794e-07,9.607930451238644e-07,2.907607040469884e-06,8.994136805995367e-06,2.5610901502659544e-05,1.5051738046167884e-05,5.036969014327042e-05,0.0003071585379075259
57,The place of death of Ludowika Margaretha of Zweibrücken-Bitsch is,The place of death of the mother of Johanna Sibylla of Hanau-Lichtenberg is,Ludowika Margaretha of Zweibrücken-Bitsch,the mother of Johanna Sibylla of Hanau-Lichtenberg, Bouxwiller,3.512504349600931e-07,3.613827175286133e-07,5.527751341105613e-07,5.978048989163653e-07,4.801263457920868e-07,3.2096468771669606e-07,2.0022527280616487e-07,8.370788151523811e-08,3.6941196412954014e-07,2.6318239179090597e-06,2.706794475670904e-06,3.3715318750182632e-06,5.003342721465742e-06,2.53660800808575e-07,2.871150854844018e-06,2.1372397895902395e-06,1.1656055676212418e-06,2.5817539608397055e-06,1.6166023897312698e-06,5.362570050237991e-07,9.797855682336376e-08,1.9711339405148465e-07,7.46121529004995e-08,1.8845155125291058e-07,1.1420793271099683e-06,8.494459393659781e-07,6.657791118414025e-07,2.843938773366972e-07,2.0150017121522978e-07,1.398802140784028e-07,4.59147713627317e-06,1.1120807812403655e-06,1.7220621657543234e-06,3.8323602780110377e-07,2.3077207345068018e-07,5.156722409083159e-07,3.2292206242345856e-07,1.4003713033616805e-07,5.261239266474149e-08,1.11460913387873e-07,1.631310766470051e-07,1.3284851263506425e-07,1.2234089297180617e-07,6.199093149916735e-08,1.2179084762919956e-07,1.3481998450970423e-07,1.9672954465477233e-07,6.021813447887325e-08,2.4181326807592995e-07,2.963844849546149e-07,2.1166030705899175e-07,1.4947369209039607e-07,1.2915836578031303e-07,8.723895916773472e-08,7.432931425910283e-08,1.5582449464091042e-07,1.1027398727492255e-07,1.3911162000113109e-07,3.605690608310397e-07,3.701331081629178e-07,2.6929231466965575e-07,2.0236369380199903e-07,1.1382130793435863e-07,1.1318181947217454e-07,2.1315885589956451e-07,7.021247938610031e-07,2.964736722788075e-07,4.6784685991951847e-07,1.6841285344071366e-07,4.135377196234913e-07,4.5892414846093743e-07,4.296330757824762e-07,5.904846602788894e-07,1.6478514908158104e-07,4.4792315634367696e-07,1.046756324285525e-06,6.617655685658974e-07,6.246319230740482e-07,8.152164809871465e-07,1.908197646116605e-06,3.239811849198304e-05,9.832150681177154e-05
58,The spouse of Edward Buzzell is,The spouse of the director of Ann Carver's Profession is,Edward Buzzell,the director of Ann Carver's Profession, Ona Munson,1.1653038427539286e-06,3.363278665347025e-05,2.3402193619403988e-05,6.955733624636196e-06,1.7620653807171038e-06,3.682078613564954e-06,8.741037618165137e-07,3.887611796926649e-07,5.0720409205951e-08,4.662194896809524e-08,3.644742889719055e-07,1.7455225531648466e-07,6.085903805796988e-06,1.4683077097288333e-05,2.586693335615564e-05,4.550173343886854e-06,9.973919077310711e-07,1.627792357794533e-06,5.363046511774883e-06,7.734893756605743e-07,1.5327412938859197e-06,3.9097849935387785e-07,1.0823952578675744e-07,3.0879357382218586e-07,2.56447606261645e-07,4.5856381802877877e-07,9.52734637849062e-08,9.009818313643336e-08,5.4198626031620734e-08,2.1132763095010887e-07,5.363242507883115e-07,1.4610733387598884e-06,8.424086104241724e-07,3.5611192288342863e-06,2.2079686914366903e-06,2.6853701911022654e-06,4.7585845095454715e-06,1.75697077793302e-05,2.2530997739522718e-05,3.137665089525399e-06,1.2239132047398016e-05,1.2476186384446919e-05,4.569266820908524e-06,1.8892759499067324e-06,5.390357728174422e-06,1.2173016330052633e-05,1.4217454236131744e-06,2.379032821409055e-06,7.849460530451324e-07,2.2468356064564432e-07,6.212793550730566e-07,8.034612619667314e-07,3.904525783582358e-06,1.4886651342749246e-06,6.4359519456047565e-06,6.40351458969235e-07,1.384561443273924e-07,8.159631761373021e-07,1.0560801229075878e-06,2.7843834686791524e-06,4.225612713071314e-07,8.036637382247136e-07,5.676618002325995e-07,1.7815384580899263e-06,2.5733070287969895e-06,1.3493649930751417e-06,1.4527371376971132e-06,3.4566446629469283e-06,8.215515663323458e-06,5.426037660072325e-06,3.0204728318494745e-06,3.949817710235948e-06,3.3098091080319136e-05,9.943350050889421e-06,1.3077814401185606e-05,2.803467577905394e-05,2.9322261525521753e-06,4.294413429306587e-06,1.305774367210688e-05,5.560668432735838e-05,3.3159838494611904e-05,0.0019791305530816317
59,The date of birth of Iyasu I is,The date of birth of the father of Bakaffa is,Iyasu I,the father of Bakaffa, 1654,0.0193422120064497,0.0007890199776738882,4.5996534936421085e-06,1.8071914098527486e-07,1.6194948329939507e-05,3.73634492234487e-08,1.0029932582256151e-06,1.1399905019970902e-07,1.4243588339013513e-05,4.177933078608476e-06,0.0006307359435595572,6.166394541651243e-06,7.418427685479401e-06,0.00011863583495141938,9.429212695977185e-06,5.477478680404602e-06,0.0014983783476054668,0.001838867785409093,0.0016658767126500607,0.0002095433883368969,0.00011894709314219654,0.00013247469905763865,0.00037394987884908915,0.001892418833449483,0.00011591844668146223,8.0984727901523e-06,3.9192331314552575e-05,0.001141648623161018,0.00038227232289500535,0.034186601638793945,0.0011963957222178578,0.003205818124115467,0.011638827621936798,0.0010504488600417972,0.0037709244061261415,5.266068910714239e-05,0.00012945671915076673,0.010350033640861511,0.0019161039963364601,0.0034747750032693148,6.473589746747166e-05,9.018245327752084e-05,0.00013735564425587654,4.684126179199666e-05,9.254679753212258e-06,1.8214157293527933e-08,7.547156428699964e-07,3.078471308981534e-07,1.2811374183741009e-08,1.000796778782842e-09,2.4045379021231383e-09,4.365825478913621e-10,5.9076466385477033e-08,4.950674536985389e-08,3.763001288348278e-08,2.2532677945719115e-08,9.684668178522315e-09,9.94171411861089e-09,1.3479372285019053e-07,4.322187940886124e-09,5.976305146759842e-06,2.875722060480257e-08,7.610507282151957e-07,7.113087008292496e-08,1.0786353143998895e-08,1.3922019093115523e-08,7.405215285416489e-08,2.345758032262779e-10,1.908849611709229e-08,1.5974478406732828e-09,4.173328793655173e-09,2.7348472375621213e-09,2.812193367063287e-09,3.931395653467007e-09,1.4459442532199773e-09,7.582079963874833e-10,9.890401830858764e-10,1.037055596952996e-08,2.2176225300540864e-08,1.8449580920787412e-06,0.044697511941194534,0.01570437103509903
60,The place of burial of Johnny Horton is,The place of burial of the performer of Honky-Tonk Man is,Johnny Horton,the performer of Honky-Tonk Man, Louisiana,1.3559133549279068e-06,1.6556833770664525e-06,7.013917411313741e-07,8.23717627440601e-08,1.9832290476529124e-08,3.74117604451385e-07,4.079137738699501e-08,4.502700434727558e-08,1.4826974847892416e-07,2.0544903236441314e-06,1.6531896562810289e-06,1.953035507540335e-06,8.619565960543696e-06,1.6746613482609973e-06,1.2065055443599704e-06,2.2774349872634048e-06,9.256233170162886e-06,1.8413225916447118e-05,8.334477570315357e-06,7.39493225410115e-06,4.2137802665820345e-05,7.216870289994404e-05,3.772361378651112e-05,0.00010754006507340819,9.290370508097112e-05,3.908588405465707e-05,3.7074631109135225e-05,1.6695492377039045e-05,1.012176198855741e-05,5.895524736843072e-06,2.7418729587225243e-05,5.154332393431105e-05,4.730952423415147e-05,9.341146505903453e-05,0.00014184476458467543,0.00017113507783506066,8.546144817955792e-05,0.0005591808003373444,0.0003048439393751323,0.00018900248687714338,0.00011668775550788268,0.0007787494105286896,0.00039619026938453317,0.0006760890246368945,0.021709144115447998,0.06311890482902527,0.04182449355721474,0.1140427216887474,0.009343106299638748,0.0015580852050334215,0.003895089030265808,0.0024362211115658283,0.0013787572970613837,0.0011945064179599285,0.0004213570791762322,0.0003812858194578439,0.00038549123564735055,0.0001826772204367444,0.00024176195438485593,6.683905667159706e-05,4.797248766408302e-05,3.89157903555315e-05,4.980351877748035e-05,3.447672861511819e-05,1.3573215255746618e-05,4.30326917921775e-06,1.00669185485458e-05,4.707341759058181e-06,3.9212486626638565e-06,6.09480503044324e-06,3.016414439116488e-06,3.571324441509205e-06,3.204591394023737e-06,1.1808431281679077e-06,4.367610472399974e-06,6.602632765861927e-06,7.550497230113251e-06,1.3019740435993299e-05,1.1237300896027591e-05,9.174504157272168e-06,0.00015042773156892508,0.0004283966263756156
61,Nagesh Kukunoor received the,The director of Hyderabad Blues 2 received the,Nagesh Kukunoor,the director of Hyderabad Blues 2, Filmfare Award,8.026727869037131e-07,1.399975189997349e-05,2.6195373266091337e-06,1.071371912075847e-06,2.848477151928819e-07,1.09784764390497e-07,1.3754115002484468e-07,1.2359627987734711e-07,9.142967627440157e-08,3.969380557578006e-08,1.8259180478708004e-07,1.7724754286518873e-07,7.698160686686606e-08,5.013251893615234e-07,3.3597498827475647e-07,2.859928827092517e-07,1.3450457458930032e-07,3.8636505905742524e-07,1.9002600311068818e-06,4.587580860970775e-06,1.3855546967533883e-06,7.039055276436557e-07,3.9082237890397664e-07,1.0772778296086472e-05,7.40255813980184e-07,2.730510004766984e-06,6.44281772110844e-06,2.6517100195633247e-06,1.2279295333428308e-05,1.8302649550605565e-05,9.659554052632302e-06,2.287671304657124e-05,2.2011035980540328e-05,1.1512748642417137e-05,8.203018296626396e-06,1.9761413568630815e-05,0.00019071406859438866,5.829625661135651e-05,1.7359450794174336e-05,4.160179742029868e-06,1.0388607734057587e-05,3.3344499570375774e-06,3.196342504452332e-06,2.4760240648902254e-06,9.76533442553773e-07,2.3685510086579598e-07,9.940611533920674e-08,2.2763268248127133e-07,8.164759890405549e-08,6.557704068654857e-08,5.064163488555096e-08,4.0237349452354465e-08,4.333787728683092e-08,1.0507341663412717e-08,6.952072251209529e-09,8.27325319363581e-09,4.736917524894579e-09,2.9432318804367696e-09,3.0118112448462853e-09,6.334130553398154e-09,1.869937094056695e-08,1.5161131017293883e-08,2.2557051337912526e-08,2.1650256698535486e-08,1.0354130886014445e-08,3.2620850021203296e-08,4.540478926173819e-08,3.798981040858962e-08,1.3908608309520787e-07,1.0037670250540032e-07,4.050777135944372e-08,1.2335210897163051e-07,8.591749178776809e-08,1.4994274977198074e-07,1.5225452898448566e-07,1.650106753459113e-07,3.820829519440849e-08,3.0919056825950975e-07,2.348727861090083e-07,1.8263928325268353e-07,0.010266088880598545,0.005902671255171299
62,Steve Vai received the,The performer of The Attitude Song received the,Steve Vai,the performer of The Attitude Song, Grammy,4.0931473677119357e-07,8.632311505607504e-07,9.060597108145885e-07,1.2358265166767524e-06,8.374033200198028e-07,5.997547759761801e-06,3.590341066228575e-06,1.1883775187015999e-05,1.7316657249466516e-05,2.375726035097614e-05,6.782847322028829e-06,1.2168457033112645e-05,3.615016248659231e-05,1.0241727977700066e-05,1.6721502106520347e-05,1.068689289240865e-05,1.6115813195938244e-05,8.667520887684077e-06,2.7227581085753627e-05,3.0339444492710754e-05,8.682092811795883e-06,5.580264314630767e-06,2.3353673896053806e-05,4.251435893820599e-05,6.155604205559939e-05,2.6058080038637854e-05,3.5815450246445835e-05,1.773304757080041e-05,9.290791240346152e-06,4.412202088133199e-06,4.28287785325665e-06,5.52456754121522e-07,2.8278902846068377e-06,8.255607326645986e-07,1.8251113260703278e-06,4.097181772522163e-06,4.354830252850661e-06,3.103595417996985e-06,1.8294921346750925e-06,1.516497036391229e-06,2.5052715955098392e-06,3.1356319141195854e-06,2.5080946670641424e-06,8.218743801080564e-07,1.044531813931826e-06,9.30666089971055e-07,5.499554731613898e-07,4.738623431421729e-07,4.637792372363947e-08,7.364047149849284e-08,1.9138373374971707e-07,8.075087976067152e-08,9.169582426693523e-08,9.294631553302679e-08,4.783316498446766e-08,7.129359858026874e-08,3.981089946591965e-08,1.1584946690845754e-07,6.433624122337278e-08,7.760932874134596e-08,4.825536592534263e-08,7.805260793247726e-08,7.877407881551335e-08,1.538759875074902e-07,1.0126944971489138e-07,1.5671913899950596e-07,3.7826163179488503e-07,1.0027607544316197e-07,1.287983479869581e-07,8.250586347458011e-08,2.163497754281707e-07,4.5001775106356945e-07,1.5235741557262372e-07,2.905598250890762e-07,1.136263776402302e-07,1.3196054737818486e-07,6.169451012283389e-07,7.838853548491898e-07,1.9333051568537485e-06,7.500993319808913e-07,0.013734649866819382,0.01109603326767683
63,The place of birth of Gösta Bernhard is,The place of birth of the director of Sju svarta be-hå is,Gösta Bernhard,the director of Sju svarta be-hå, Västervik,1.648070065130014e-05,9.412510166839638e-07,1.622920171939768e-05,1.586234793649055e-05,1.050689434123342e-06,2.2044732759241015e-06,2.1098353499837685e-06,3.6167983807899873e-07,2.6727229851530865e-06,6.946599455659452e-07,1.3644022089920327e-07,1.292668656560636e-07,1.4058420561013918e-07,3.842223122774158e-06,2.2455305952462368e-06,2.3675129341427237e-06,2.5689198082545772e-05,2.4514081360393902e-06,5.99695749770035e-06,5.587434088738519e-07,7.38968594760081e-07,1.9680653622344835e-06,2.1512178136617877e-06,8.500781405018643e-06,2.4112687242450193e-06,1.0972368727379944e-05,8.241032674050075e-07,4.180739779258147e-06,4.3402042138041e-06,5.3592139011016116e-06,9.616170473236707e-07,2.9052628178760642e-06,2.7719131594494684e-06,7.030424171716732e-07,1.2771960200552712e-06,3.7307975730982434e-07,8.422255746154406e-07,6.754524747520918e-06,3.818290679191705e-06,9.79605715656362e-07,1.6315684661094565e-06,1.6263298675767146e-05,7.832282790332101e-06,1.667365381763375e-06,5.252301775726664e-07,3.294790928975999e-07,1.173697569356591e-06,2.6865425297728507e-06,3.929801266622235e-07,2.7883831421604555e-07,3.5541947340789193e-07,3.0548500262739253e-07,4.2938080468957196e-07,4.4427349621400936e-07,1.2720040842850722e-07,1.3539123244754592e-07,1.2747341315844096e-07,3.2631959356876905e-07,1.01746493896826e-07,2.537143757308513e-07,1.3642680869452306e-06,7.003166615504597e-07,6.73163242481678e-07,8.975655987342179e-07,3.072270146731171e-06,6.534228759846883e-06,3.836677933577448e-06,9.667648555478081e-06,1.1580746104300488e-05,3.124196518911049e-05,1.2590820915647782e-05,8.132865332299843e-06,4.356073623057455e-05,7.320818440348376e-06,3.2769082736194832e-06,2.5849669327726588e-05,6.055284416106588e-07,1.2379840882204007e-05,4.5189724914962426e-05,6.906012913532322e-06,0.003318350063636899,0.008592861704528332
64,The place of death of Richard Pottier is,The place of death of the director of The Beautiful Otero is,Richard Pottier,the director of The Beautiful Otero, Le Plessis-Bouchard,4.4431473611439287e-07,1.2870798116182414e-07,4.506275672611082e-06,3.0637869485872216e-07,2.258552967759897e-06,2.157458538931678e-06,7.893052043073112e-07,7.985147476574639e-07,2.0201866846036864e-06,8.467121119792864e-07,1.5965788406901993e-05,7.799689228704665e-06,1.2613250873982906e-05,6.214913810254075e-07,1.6833893141665612e-06,8.845955790093285e-08,1.0333430111586495e-07,6.470613556075477e-08,5.665854132530512e-07,2.2342514682804904e-07,8.11854476978624e-08,2.616050949200144e-07,2.51507202619905e-07,8.90021965460619e-07,3.7384256756922696e-07,3.232090648452868e-07,9.832914571461515e-08,1.1950770613111672e-06,1.4637572576248203e-07,3.1414987233802094e-07,2.4721705926822324e-07,5.54816779185785e-07,9.92972246649515e-08,5.423406435056677e-08,3.1169051339929865e-07,3.019619953192887e-06,4.4626582962337125e-07,5.854885785083752e-06,1.9021132175112143e-05,2.2028716557542793e-05,1.962260103027802e-05,8.926099326345138e-06,5.123113169247517e-06,5.203588102631329e-07,9.246598438039655e-07,1.1710452554325457e-06,9.071088129530835e-07,2.8978574846405536e-06,4.6584412416450505e-07,9.417173174597337e-08,1.8361906484187784e-07,8.487026548209542e-08,4.2363242869214446e-07,1.189391838352094e-07,4.77299863632652e-07,5.07141919570131e-07,1.5296862443392456e-07,3.15121184257805e-07,4.5495650624616246e-07,2.2971086366396776e-07,5.11169389483257e-07,4.4657872422249056e-07,1.3533514220398501e-07,9.850755589013716e-08,9.642756282346454e-08,7.232878829199763e-08,1.3141567478669458e-07,1.2244190372712183e-07,7.098480381273475e-08,9.470666668676131e-07,6.673575398963294e-07,7.373757426876182e-08,1.6497088495270873e-07,2.3497912593484216e-07,3.562918777788582e-07,1.7361155357775715e-07,3.0314414090071296e-08,1.3185595548748097e-07,2.7308296068895288e-08,3.4165549323006417e-07,0.0005970148486085236,0.0021603871136903763
65,The place of birth of Herbert Maisch is,The place of birth of the director of Nights in Andalusia is,Herbert Maisch,the director of Nights in Andalusia, Nürtingen,9.426411997992545e-05,5.743733709095977e-06,1.0106283298227936e-05,6.272536120377481e-05,1.0984107575495727e-05,4.316018930694554e-06,1.5546095255558612e-06,1.0591161014872341e-07,3.6661785998148844e-06,1.716775841487106e-06,1.0186897270614281e-05,9.636744380259188e-07,1.3183819191908697e-06,1.8015416571870446e-05,8.414431795245036e-05,4.837919550482184e-05,9.195824532071128e-05,1.1759460903704166e-05,1.6136917110998183e-05,3.992868755631207e-07,3.5421428492554696e-06,1.1876639973706915e-06,1.616080140820486e-07,6.276201247601421e-07,7.678492011109483e-07,3.110718296284176e-07,7.43888392662484e-07,9.227712212123151e-07,1.0564069725660374e-06,4.625942892744206e-06,5.9944895838270895e-06,1.4353285223478451e-05,1.1608440217969473e-05,8.531791536370292e-06,5.398608209361555e-06,1.0237211427011061e-05,3.248787470511161e-05,9.974306885851547e-05,1.497990160714835e-05,5.326760401658248e-06,7.645339792361483e-06,5.152323865331709e-07,4.1226689972972963e-07,7.171344407197466e-08,3.6074158060728223e-07,2.8231249871168984e-07,2.1619568713049375e-07,3.998563613549777e-07,9.439826698098841e-08,1.0497917202201279e-07,2.067756526002995e-07,1.4393589431449527e-08,4.3886979028684436e-07,2.5410310300344463e-08,3.324088311273954e-07,2.5650973611845984e-07,3.8728469320403747e-08,9.681831159014109e-08,1.9395656636334024e-07,6.194238153511833e-07,2.191029125242494e-06,4.309776500122098e-07,6.773679928073761e-08,8.395207373723679e-08,6.294886247815157e-07,1.6209314424031618e-07,2.2934025878385e-07,3.8910729927010834e-07,5.370945643790037e-08,1.7564377685630461e-06,3.3673029520286946e-07,4.2062458760483423e-07,3.2842140740285686e-07,1.230205270985607e-07,8.127169337512896e-08,4.713994528060539e-08,5.235770927924932e-08,5.496777433222633e-08,1.1161966995132389e-06,1.8834543880075216e-06,0.0010137262288480997,0.0003682101669255644
66,The place of birth of Nicki Minaj is,The place of birth of the performer of Changed It is,Nicki Minaj,the performer of Changed It, Port of Spain,1.6536032987346516e-08,3.3186765335813107e-07,8.802986485534348e-06,5.636044875245716e-07,2.2253148301842884e-07,1.6170305343621294e-06,3.59275389882896e-07,6.354505899253127e-07,7.592773272335762e-06,8.007020824152278e-07,1.1921438272111118e-05,4.133969014219474e-06,2.5952595024136826e-06,1.8944245312013663e-05,5.202737156650983e-05,2.9204264137661085e-05,2.8734457373502664e-05,1.5392903151223436e-05,2.3108797904569656e-05,3.749341703951359e-05,6.833630322944373e-05,0.00010268799087498337,1.5817175153642893e-05,1.4017484318173956e-05,6.275832856772467e-05,8.36420149425976e-05,6.260145164560527e-05,0.00015746145800221711,7.675392407691106e-05,9.988535748561844e-05,1.7740303519531153e-05,0.00014950691547710449,6.701021629851311e-05,1.754314507707022e-05,0.00010710083006415516,2.4557077267672867e-05,6.137530726846308e-05,1.4835330148343928e-05,3.420596112846397e-05,3.386607932043262e-05,2.4852182832546532e-05,3.62342120752146e-06,3.1153263080341276e-06,3.2915029350988334e-06,1.381323954774416e-06,8.290337518701563e-07,1.0873483233808656e-06,1.4531706256093457e-06,9.324868415205856e-07,1.9743140455830144e-06,1.976574094442185e-05,6.6231123128090985e-06,3.933142124878941e-06,3.1275442324840697e-06,1.5311273955376237e-06,2.684217861315119e-06,9.741160283738282e-06,9.255330951418728e-06,6.809834758314537e-06,6.354980996547965e-06,8.00234374764841e-06,7.250699582073139e-06,1.1427543540776242e-05,5.3198818932287395e-05,5.5057858844520524e-05,4.4468029955169186e-05,8.497792441630736e-05,0.00012657530896831304,0.00021400200785137713,6.889694486744702e-05,9.5529539976269e-06,3.806879976764321e-05,1.6846726794028655e-05,6.48066588837537e-06,0.00010763566388050094,0.0003947904915548861,0.00014284845383372158,0.0017951872432604432,0.0019067811081185937,0.0013028320390731096,0.00018080350128002465,0.010083596222102642
67,The date of death of Sir John Grey is,"The date of death of the father of Edmund Grey, 1st Earl of Kent is",Sir John Grey,"the father of Edmund Grey, 1st Earl of Kent", 1439,0.00018551581888459623,4.049824201501906e-05,0.018553001806139946,0.0013065666425973177,0.0018791316542774439,0.0019846430514007807,6.232728628674522e-05,0.0002855151833500713,0.0002233065606560558,8.702227205503732e-08,2.36433043028228e-05,0.0024802284315228462,3.366380724401097e-06,2.951921715066419e-06,1.0580188103403998e-07,1.5753698789922055e-06,1.3440543398246518e-06,0.0006293465266935527,1.550934939587023e-05,2.144271638826467e-05,9.844931980751426e-08,8.237250585807487e-05,0.0031010995153337717,0.016771815717220306,0.0029259673319756985,0.0010492898290976882,0.0003089458041358739,0.0002981246798299253,1.203818101203069e-06,0.009986277669668198,0.000605973822530359,2.2940008420846425e-05,0.0011673079570755363,0.00033199781319126487,0.014333672821521759,0.0004293275123927742,9.380627307109535e-05,0.00012665765825659037,0.0094232726842165,0.027264809235930443,0.0003036882553715259,0.005213935859501362,0.12538649141788483,0.0012250780127942562,0.005173577461391687,0.00015128604718483984,0.000161847667186521,0.001885493053123355,0.001960731577128172,0.0005949258338660002,0.0009019963908940554,0.0011545311426743865,0.0007457908941432834,0.0011945050209760666,7.680978160351515e-05,0.00026093845372088253,2.5255698346882127e-05,0.005850151181221008,6.791145278839394e-05,0.0030704664532095194,0.0028891703113913536,6.876210682094097e-05,0.002693715738132596,0.0016181743703782558,0.001958055654540658,0.0001835977891460061,0.004211189225316048,0.00018725937115959823,5.2330187827465124e-06,0.0005190335214138031,9.962430340237916e-06,1.2053361388097983e-05,0.00021558172011282295,0.005733025725930929,0.006646717898547649,0.028170490637421608,0.03761416673660278,0.071051687002182,0.011132145300507545,0.0017114952206611633,0.008859858848154545,0.012893819250166416
68,The inception of Vassar College was in,The inception of the publisher of The Miscellany News was in,Vassar College,the publisher of The Miscellany News, 1861,0.021269099786877632,0.09865608811378479,0.0760948657989502,0.06239732727408409,0.9570503830909729,0.011893637478351593,0.014285169541835785,3.163754445267841e-05,0.6138530373573303,0.263329416513443,0.04559142515063286,0.48902708292007446,0.002931254683062434,0.1202736347913742,0.016286835074424744,0.03547466918826103,0.0018236933974549174,0.03791764751076698,7.708124030614272e-05,0.0005353266606107354,0.04305505007505417,0.23023614287376404,0.0029231298249214888,0.00863486435264349,0.00788023043423891,0.020316313952207565,0.0016732520889490843,3.236055272282101e-05,0.0034788690973073244,1.2183904800622258e-05,0.00013068504631519318,0.001295470166951418,0.00046481130993925035,3.09128372464329e-05,0.001167811220511794,7.969333637447562e-06,5.1885713219235186e-06,1.1041200195904821e-05,3.90540037642495e-07,5.120807600178523e-06,2.0956131265847944e-06,6.620480235142168e-07,1.3564507753471844e-05,5.667916866514133e-06,1.555184462631587e-05,2.225336803718392e-09,7.421105578941933e-07,1.0675123576220358e-06,2.7779790912063618e-08,8.336053269886179e-08,1.4582616358893574e-07,1.7275765540336607e-10,7.797132939302287e-10,1.8159763470748658e-08,1.595104381912904e-09,1.550989559007121e-08,1.4948057236452428e-09,7.941085122809e-09,3.0447053767090893e-09,3.98111454913419e-09,4.2023597934814916e-09,4.4199954807311315e-09,1.499693347284392e-08,4.106631479317002e-09,1.8622359210240802e-10,4.43573455743973e-10,8.085382363631766e-11,4.659045024779651e-11,6.664312851567544e-11,1.0600536004545802e-09,4.547084653250266e-10,5.972461414316399e-11,1.5742719350342327e-09,2.8937696683328795e-09,7.57461560141337e-09,1.458257692377174e-08,4.4173177116135776e-08,7.065927842830888e-10,3.888710153887587e-08,7.35550109709493e-09,0.6940249800682068,0.615096926689148
69,The place of death of Albert Capellani is,The place of death of the director of Out of the Fog is,Albert Capellani,the director of Out of the Fog, Paris,2.76246737485053e-06,0.00011561912106117234,1.870478445198387e-05,7.583960837109771e-07,7.893771908129565e-06,6.254528216231847e-06,9.619058118914836e-07,1.3121420124662109e-05,1.6458552636322565e-05,1.7927873159351293e-06,3.928564547095448e-05,5.8086414355784655e-05,1.2405856978148222e-05,1.2575827895489056e-05,8.386564331885893e-06,3.498955948089133e-06,1.5496251535296324e-06,4.469269242690643e-06,2.6751611130748643e-06,3.2328021006833296e-06,5.53310258055717e-07,2.2705853552906774e-06,1.6124507965287194e-05,1.7031779862008989e-06,7.959079084685072e-07,1.6250577345999773e-06,1.4960922953832778e-06,6.57919599689194e-06,4.908052505925298e-05,4.9709695304045454e-05,3.4519704058766365e-05,0.00022475053265225142,0.00015080970479175448,0.0004430286935530603,0.0013516211183741689,0.00018600125622469932,6.833580118836835e-05,0.000448766746558249,0.00012512442481238395,0.00010584063420537859,0.00014578149421140552,2.192121246480383e-05,9.429101191926748e-05,1.9191398678231053e-05,2.7334175683790818e-05,2.2394064217223786e-05,2.63110068772221e-05,0.00016182553372345865,3.8354326534317806e-05,4.491299841902219e-05,7.548777648480609e-05,4.0962793718790635e-05,0.0002424024569336325,0.000123396806884557,6.641942309215665e-05,0.0014297583838924766,0.0018780009122565389,0.0024029850028455257,0.0022322696167975664,0.0029676135163754225,0.004189896862953901,0.0011023738188669086,0.0010405316716060042,0.0009807880269363523,0.0008829006110318005,0.01753263920545578,0.007536281365901232,0.00041299444274045527,0.0002690027467906475,0.0006158412434160709,0.000827204785309732,0.00016673201753292233,0.00019492227875161916,0.00019822204194497317,0.00020293897250667214,0.002548991469666362,0.0001504658575868234,0.00040113949216902256,0.0014948481693863869,0.0020400830544531345,0.00014827321865595877,0.07970350235700607
70,The place of birth of Finbar Furey is,The place of birth of the father of Áine Furey is,Finbar Furey,the father of Áine Furey, Dublin,3.2501011446584016e-06,6.564195018654573e-07,1.4317197383206803e-07,3.4879212762461975e-07,5.862823968527664e-07,8.274372703453992e-06,5.115479780215537e-06,3.1805211619939655e-06,6.649590318374976e-07,2.9350769636948826e-06,3.0092435281403596e-06,2.8414142434485257e-06,9.893237802316435e-07,8.974356546787021e-07,5.2373684411577415e-06,7.5135872066312e-06,1.8762071704259142e-05,6.37272250969545e-06,3.819161520368652e-06,7.224596174637554e-07,3.446110667937319e-06,9.448321179661434e-06,3.774367542064283e-06,3.869367446895922e-06,1.0398564427305246e-06,9.7685892797017e-07,2.0701746450413339e-07,3.3970477488765027e-06,3.273829179306631e-06,7.5050993473269045e-06,2.5993029339588247e-05,2.6930877083941596e-06,8.775738933763932e-06,1.4284255485108588e-06,3.4126444461435312e-06,5.267743290460203e-07,6.811866342104622e-07,0.0004141316458117217,5.5640863138251007e-05,1.280911783396732e-05,6.6717648223857395e-06,2.8202875910210423e-06,1.6884151818885584e-06,2.5369381546624936e-06,1.6902614561331575e-06,8.12218331702752e-06,4.142143552599009e-06,4.377237473818241e-06,1.8786739019560628e-05,1.0477891009941231e-05,9.771570148586761e-06,6.900625976413721e-06,1.481304207118228e-05,5.210872132010991e-06,4.231636467011413e-06,9.387329669152678e-07,1.4971616337788873e-06,1.0949386251013493e-06,1.1570252809178783e-06,2.651685463206377e-06,2.4363280317629687e-06,2.803741381285363e-06,1.1908018677786458e-06,1.5769993524372694e-06,4.1358694602422474e-07,1.6731559071558877e-06,5.097854796076717e-07,2.0930758637405233e-06,2.5283102331741247e-06,1.8038301732303808e-06,6.353417120408267e-06,7.17479815648403e-06,4.201441697659902e-06,5.647818852594355e-06,5.867220352229197e-06,7.827297849871684e-06,3.4506618248997256e-05,3.3613512641750276e-05,5.064727156423032e-05,3.179895065841265e-05,0.0022156082559376955,0.13417360186576843
71,The date of birth of Gerald Drummond is,The date of birth of the father of Gerald George Drummond is,Gerald Drummond,the father of Gerald George Drummond," September 8, 1976",0.00013470856356434524,0.0007313500973396003,0.0003217651101294905,8.150071516865864e-05,0.0004975450574420393,0.00014407403068616986,4.805760181625374e-05,5.374827378545888e-05,5.423786205938086e-05,3.492188625386916e-05,6.01031570113264e-05,0.000162198964972049,8.733109098102432e-06,2.524077171983663e-05,4.920967694488354e-05,7.715514220762998e-05,4.2245837903465144e-06,1.3216082379585714e-06,9.693036417957046e-07,1.0545015811658232e-06,1.2099702644263743e-06,7.236951660161139e-07,1.16667547445104e-06,1.9118293494102545e-05,1.3833679076924454e-05,9.58341024670517e-06,4.159696618444286e-05,2.3658389181946404e-05,3.556735464371741e-05,0.0001988114381674677,4.01689758291468e-05,0.0001265785249415785,8.454566705040634e-05,1.322789194091456e-05,1.0519042916712351e-05,1.7932738956005778e-06,8.348817573278211e-06,3.013024524989305e-06,6.073788426874671e-06,8.359142157132737e-06,1.935262389451964e-06,6.287014912231825e-06,1.0874225154111627e-05,2.8026757718180306e-05,4.463918594410643e-05,1.0669441508071031e-05,6.336890237435e-06,1.1011632523150183e-05,3.024691977770999e-05,5.071455234428868e-06,3.304866595499334e-06,7.613197794853477e-06,4.9870718612510245e-06,4.938212896377081e-06,1.760598024702631e-06,6.781404522371304e-07,1.005162630463019e-06,2.268728621857008e-06,1.106314584831125e-06,1.39147550726193e-06,2.2626591089647263e-06,1.5816807490409701e-06,1.2547150163300103e-06,4.19267371398746e-06,6.898889751028037e-06,6.237261914066039e-06,1.0058211046271026e-05,3.058553829760058e-06,5.589301963482285e-06,2.3045090813411662e-07,1.1317299595248187e-06,3.042992830160074e-06,3.047490736207692e-06,8.638243343739305e-06,1.042799158312846e-05,9.041337762027979e-06,2.1380374164436944e-05,6.113716517575085e-05,7.753513636998832e-05,0.0004021925269626081,0.0006457236013375223,0.004676514305174351
72,The country of citizenship of Liam Lynch is,The country of citizenship of the director of Sarah Silverman: Jesus Is Magic is,Liam Lynch,the director of Sarah Silverman: Jesus Is Magic, United States,1.0252978427160997e-05,1.904427449517243e-06,1.8884827568399487e-06,2.9756276944681304e-06,3.867676241497975e-06,1.8958041891892208e-07,2.162512515724302e-07,2.2947088496039214e-07,8.577342214266537e-08,4.566800981820052e-08,5.56077054625348e-07,1.442169690335504e-07,7.615566914864758e-07,3.3080158345910604e-07,1.9249855540692806e-06,1.8719143213274947e-07,1.151336519455981e-07,9.747549967187297e-08,1.8980848892624635e-07,1.7962936738058488e-07,3.0355806757143e-07,4.924744644085877e-06,6.242027666303329e-06,1.4691292562929448e-05,1.3804078662360553e-05,7.047220151434885e-06,3.135707629553508e-06,1.6897998875720077e-06,6.604422651435016e-06,4.099480975128245e-06,4.181513759249356e-06,1.0710235983424354e-05,6.848738848930225e-06,2.2288211766863242e-05,5.55200495000463e-05,0.00019292252545710653,0.0005142005975358188,0.00015525688650086522,0.0001445797097403556,0.00013682618737220764,0.0007306165643967688,7.232373172882944e-05,1.1010187900284407e-10,1.0255907234579809e-08,6.327587698251591e-08,1.0870247990624193e-07,5.7781313955729274e-08,9.211406393205834e-08,1.5328512859014154e-07,3.327506803429969e-08,8.644988724881841e-09,1.61489062122655e-08,1.1431598778699481e-08,2.260312159663158e-09,1.0612879464133584e-09,1.2709477914540912e-10,1.516403391743637e-10,3.9440531396373046e-10,3.0541147388873924e-10,2.790590024684403e-12,2.2202096064405374e-11,4.114061088328347e-12,1.0470292167996664e-11,2.687523988076368e-11,1.0717875198462679e-10,3.484010302479135e-11,1.4352746768864222e-10,1.707160940389585e-10,1.523371186140654e-11,1.0593574628625646e-11,3.5126023617548796e-11,1.2153236750300778e-11,1.808533739433571e-10,1.8771791066019006e-10,1.4056783514959648e-10,1.1308779607199781e-10,2.7528904156248757e-10,5.296791338871287e-10,1.4212578336447734e-10,8.572589860200708e-10,0.2557501196861267,0.017845479771494865
73,The place of birth of Çesk Zadeja is,The place of birth of the composer of Tana is,Çesk Zadeja,the composer of Tana, Shkodër,9.533278353046626e-05,1.261885427084053e-05,2.602406129881274e-05,4.60577439298504e-06,4.7582778961441363e-07,3.785557964874897e-07,5.2036753572792804e-08,2.8450656941458874e-07,3.5482812563714106e-06,1.4956726772652473e-06,1.2603361483343178e-06,1.1542956599441823e-06,5.33635393651366e-08,1.7030667720518977e-07,9.979444257623982e-07,2.9897191780037247e-06,1.124391587836726e-06,9.769427151695709e-07,4.630328476196155e-06,4.257068667357089e-06,1.169693405245198e-06,1.1088753126387019e-05,4.031961452710675e-06,1.0678810212993994e-05,1.1310441550449468e-05,1.567106096445059e-06,5.4006009122531395e-06,5.847648026247043e-06,1.4544048099196516e-06,1.6703691017028177e-06,1.4989434475864982e-06,1.033166995512147e-06,1.612828236829955e-05,5.653521839121822e-06,4.67529980596737e-06,2.4675096028659027e-06,2.5565477699274197e-06,2.7686794510373147e-06,2.7808269805973396e-05,6.136943738965783e-06,9.826807399804238e-06,4.880376309301937e-06,3.070575303354417e-06,3.415802211748087e-06,2.0205950477247825e-06,5.389539182942826e-06,3.6839962831436424e-06,8.342962246388197e-06,3.665862323032343e-06,1.0872788607230177e-06,2.102233111145324e-06,8.827124702293077e-07,1.8995618802364334e-06,2.4999013703563833e-07,3.3999742754531326e-07,2.677635961845226e-07,4.021376582841185e-07,1.0120687221615299e-07,7.127788421712467e-07,2.155897391276085e-06,4.774935291607108e-07,1.4504914815915981e-06,1.9098706616205163e-06,1.8689319404074922e-05,6.978182227612706e-06,2.4818553356453776e-05,1.1167319826199673e-05,1.0199963071499951e-05,4.80935432278784e-06,2.4757200662861578e-05,2.4266273612738587e-05,9.864847015705891e-06,3.918429865734652e-05,3.279676320744329e-06,4.2483290599193424e-05,0.11411934345960617,0.004862145986407995,0.005816103890538216,0.029131947085261345,0.002730997046455741,0.0016707078320905566,0.5530678629875183
74,The place of birth of Dulce of Aragon is,The place of birth of the mother of Theresa of Portugal is,Dulce of Aragon,the mother of Theresa of Portugal, Barcelona,8.008375971257919e-07,2.9643567245329905e-07,2.7412045255914563e-06,3.252449232604704e-06,3.758564844247303e-06,2.0139507341809804e-06,3.480534360278398e-06,7.141700280044461e-07,5.014733801544935e-07,1.9044889540964505e-06,4.660859758587321e-06,2.1296054910635576e-06,3.6721650076287915e-07,1.975490704353433e-06,2.2914878172741737e-06,1.9235435502196196e-06,3.808072051469935e-06,5.0653320613491815e-06,7.198320872703334e-06,3.980004294135142e-06,2.1039672901679296e-06,3.838811608147807e-06,1.0543887583480682e-05,1.758093094395008e-05,2.373728057136759e-05,1.0695877790567465e-05,4.163125595368911e-06,7.028901109151775e-06,1.3883959582017269e-05,1.8317299691261724e-05,3.3776206691982225e-05,3.5003300581593066e-05,5.638234142679721e-05,9.185003000311553e-05,0.00014349137200042605,9.527594374958426e-05,5.568284905166365e-05,0.0003414736420381814,0.00027398145175538957,0.0003148865362163633,0.00020736105216201395,0.0006121623446233571,0.005816901568323374,0.003006184007972479,0.004744746722280979,0.004816293716430664,0.0016840443713590503,0.0015817423118278384,0.0013796384446322918,0.0019870868418365717,0.0027660727500915527,0.0028647705912590027,0.002872687764465809,0.0019335345132276416,0.0013245148584246635,0.0038320771418511868,0.0068322899751365185,0.004408547654747963,0.005550514906644821,0.0035619596019387245,0.0020685966592282057,0.001762978034093976,0.0017977820243686438,0.0015865553868934512,0.0027151210233569145,0.0033377150539308786,0.0014216636773198843,0.0011177225969731808,0.000989241641946137,0.001233988325111568,0.0012006552424281836,0.0012269859435036778,0.0012702442472800612,0.0007218789542093873,0.0022681402042508125,0.000868546252604574,0.0017249726224690676,0.007089095655828714,0.012673070654273033,0.0527728833258152,0.00014105811715126038,0.007420875132083893
75,The country of citizenship of Master P is,The country of citizenship of the director of No Tomorrow is,Master P,the director of No Tomorrow, American,8.816323315841146e-07,4.821008133149007e-06,1.8344431737205014e-05,1.5540130334557034e-05,3.451098564255517e-06,1.474350369790045e-06,2.508370926079806e-06,9.610396773496177e-06,2.0797044726350578e-06,1.2709070915661869e-06,4.7740450099809095e-06,1.673769588705909e-06,2.8098697839595843e-06,2.36389450947172e-06,1.059267447089951e-06,6.902811833242595e-07,8.127491128107067e-06,2.598149876575917e-05,2.304975532751996e-05,6.124182982603088e-05,3.984392969869077e-05,6.77735370118171e-05,0.00012055807746946812,0.00016823297482915223,0.0001751390373101458,0.00010854952415684238,1.80030292540323e-05,5.24445713381283e-05,0.0008627629140391946,0.0008418330107815564,0.0012702236417680979,0.000657884287647903,0.0006881392328068614,0.0021930949296802282,0.00044581881957128644,0.0008927916642278433,0.004076262470334768,0.011249321512877941,0.004935448057949543,0.009959595277905464,0.007089114747941494,0.008934682235121727,0.0033937685657292604,0.001562859513796866,0.0016257485840469599,0.001813307753764093,0.00038503448013216257,0.0006271278252825141,0.000313685042783618,3.7849677028134465e-05,0.00024679367197677493,0.0005040639662183821,0.00040247885044664145,0.00013192574260756373,0.0001429514231858775,0.0003582640492822975,0.0003598489274736494,0.00043300967081449926,0.00016960204811766744,0.00015550976968370378,0.0002838406653609127,8.683708438184112e-05,0.00013453913561534137,0.0001091357771656476,0.00014607340563088655,0.00027715027681551874,0.000652135640848428,0.0003727991716004908,0.0001152395925601013,0.00033613789128139615,0.0001989148440770805,0.00016836656141094863,0.00012621596397366375,0.001076956046745181,0.0009520645835436881,0.003692137310281396,0.002342401072382927,0.005659511312842369,0.00416759354993701,0.0007179550593718886,0.011531917378306389,0.07208684831857681
76,The place of death of James Bauer is,The place of death of the director of The Black Star is,James Bauer,the director of The Black Star, Argentina,5.882346613361733e-06,1.0342541827412788e-06,9.212857321472256e-07,1.0782276831378113e-06,1.718863472888188e-06,2.106723286487977e-06,7.30018541617028e-07,2.7993118578706344e-07,1.1716466730149477e-07,2.1846822164661717e-06,4.719105618278263e-06,1.925206333908136e-06,9.842199233389692e-07,1.7128470517491223e-06,2.20384913518501e-06,2.9173786515457323e-06,1.203565716423327e-06,1.2700680827038013e-06,1.1734102827176685e-06,4.171078217041213e-06,1.3179335383028956e-06,1.2674818208324723e-06,2.1753694454673678e-06,6.872224730614107e-06,2.1284262402332388e-05,3.656409535324201e-05,1.9344903193996288e-05,8.784765668679029e-06,5.516663804883137e-06,3.89685783375171e-06,1.4743160363650532e-06,3.6735420962941134e-06,7.755813385301735e-06,9.252843483409379e-06,1.094140225177398e-05,7.350668056460563e-06,2.3807581328583183e-06,4.875137619819725e-06,2.653486717463238e-06,6.628754817938898e-06,1.1311656635371037e-05,2.4568053049733862e-05,2.201894676545635e-05,8.167456144292373e-06,6.71145517117111e-06,3.7293273180694086e-06,4.062142124894308e-06,9.740570021676831e-06,8.731585694476962e-06,2.6727855129138334e-06,5.654070719174342e-06,1.2625692988876835e-06,1.973952748812735e-06,2.279494765389245e-06,1.5434536635439144e-06,2.2734386675438145e-06,9.120656159211649e-07,1.922745923366165e-06,3.3159196846099803e-06,4.456016085896408e-06,3.416156232560752e-06,1.9899921426258516e-06,2.9972641186759574e-06,3.1089491585589712e-06,3.608076212913147e-06,4.7965668272809125e-06,5.432480520539684e-06,4.324931978771929e-06,8.051936674746685e-06,1.709740718069952e-05,7.379623184533557e-06,8.741055353311822e-06,9.645093996368814e-06,9.595247320248745e-06,1.2179049008409493e-05,1.1435949090810027e-05,1.494040679972386e-05,1.9409155356697738e-05,1.659987901803106e-05,3.0514062018482946e-05,6.309564196271822e-05,1.3062479411019012e-05
77,The place of birth of Björk is,The place of birth of the performer of Oceania is,Björk,the performer of Oceania, Reykjavík,1.05945412087749e-06,5.049099627285614e-08,3.809976476532029e-07,1.0248554644931573e-06,3.726199437892319e-08,7.44010790754146e-08,1.8795287815009942e-07,5.897540518162714e-07,1.2132636584283318e-05,2.3319271349464543e-06,1.973223788809264e-06,1.8583748442324577e-06,8.709829444342176e-07,5.850347974956094e-07,4.814795033780683e-07,8.484428093424867e-08,2.54130640087169e-07,2.0366096009638568e-07,1.9619660918124282e-07,5.3717508308182e-07,4.595836799126118e-06,4.740088570542866e-06,3.0242843422456644e-05,0.00026221020380035043,0.0004377775767352432,5.768290429841727e-05,2.0654761101468466e-05,1.0807734724949114e-05,2.550684939706116e-06,3.8279968066490255e-06,6.119032332208008e-05,6.591653072973713e-05,0.00027737123309634626,0.0008079124381765723,0.0005244871135801077,0.0007797941798344254,0.00027786317514255643,0.007900889962911606,0.009032797999680042,0.02191944234073162,0.012877664528787136,0.01120290532708168,0.041402168571949005,0.05383263900876045,0.03039349801838398,0.23167000710964203,0.12476454675197601,0.1048051118850708,0.09346924722194672,0.17560692131519318,0.05802909657359123,0.0713079422712326,0.026280477643013,0.0828312337398529,0.09508652985095978,0.21734307706356049,0.3568533957004547,0.6130231618881226,0.46779394149780273,0.3556296229362488,0.447033554315567,0.5980662107467651,0.4714043438434601,0.6184533834457397,0.41358324885368347,0.6169447302818298,0.5992807149887085,0.5725974440574646,0.48691830039024353,0.3611714243888855,0.5361317992210388,0.5588995218276978,0.5805635452270508,0.6308125257492065,0.28756070137023926,0.802944004535675,0.8149617910385132,0.29254645109176636,0.251909077167511,0.15855136513710022,0.00015055217954795808,0.7304073572158813
78,The date of death of Susan of Albania is,The date of death of the mother of Prince Leka of Albania is,Susan of Albania,the mother of Prince Leka of Albania, 17 July 2004,0.00031741950078867376,0.0005348059348762035,0.019301272928714752,0.0005439635133370757,0.009680491872131824,0.0003061302122659981,0.0012561192270368338,1.7280910469708033e-05,9.773761848919094e-05,1.5802792404429056e-05,4.212624389765551e-06,0.00018885401368606836,5.071463965578005e-05,3.482456668280065e-05,0.00028839492006227374,0.00011217706924071535,7.317213203350548e-06,5.8891901062452234e-06,5.1680081014637835e-06,1.433124481309278e-07,0.00014257658040151,1.5363297279691324e-05,0.00010168857988901436,1.85905573744094e-05,0.001018909621052444,0.0009520776220597327,7.519046448578592e-06,0.00012631343270186335,8.924649591790512e-06,2.5677822122815996e-05,9.507703362032771e-05,2.2224485292099416e-05,1.5656434698030353e-05,3.7109060713191866e-07,0.00018013015505857766,0.00042600062442943454,4.3650856241583824e-05,0.00016529702406842262,0.004613217432051897,2.5006595024024136e-05,2.788653318930301e-06,6.346919690258801e-05,3.706849383888766e-05,1.191182832371851e-06,3.6884532164549455e-05,1.7274854258175765e-07,3.3316450753773097e-07,1.5298878963676543e-07,1.0655952792149037e-05,2.729576067395101e-07,3.007295674706256e-07,6.552805302817433e-07,9.626738801671308e-07,1.021443608806294e-06,2.2862163007175695e-07,4.067135705554392e-06,9.975525472327718e-07,0.00011657232971629128,5.1492156671884e-06,1.3291467439557891e-05,0.00017685066268313676,2.8545846362248994e-05,0.0007681254064664245,0.00011358479969203472,0.00013346616469789296,5.4476877267006785e-06,0.00011412059393478557,1.991961653402541e-06,0.00015868690388742834,0.00020589891937561333,2.1673497030860744e-05,2.272256551805185e-06,0.00015138991875573993,1.402445741405245e-05,1.6270494597847573e-05,3.906964138877811e-06,2.8027204734826228e-06,9.486958333582152e-06,2.0036313799209893e-05,0.0021964632906019688,0.011204048991203308,0.029535215348005295
79,The place of death of Augustus II the Strong is,The place of death of the spouse of Christiane Eberhardine of Brandenburg-Bayreuth is,Augustus II the Strong,the spouse of Christiane Eberhardine of Brandenburg-Bayreuth, Warsaw,1.1469096250493749e-07,7.462288976967102e-06,3.3139334846055135e-05,1.0276839930156711e-05,2.8001553801004775e-05,2.348393900319934e-05,2.5976041797548532e-05,1.2165991392976139e-05,3.9383835428452585e-06,2.720836164371576e-06,3.4641150250536157e-06,5.37012419954408e-06,6.592414865735918e-05,9.675832552602515e-05,9.098428563447669e-05,3.227850538678467e-05,1.613847962289583e-05,2.5954195734811947e-06,9.451943583371758e-07,1.5834039004403166e-06,7.397070476145018e-06,4.957431883667596e-06,2.6911644454230554e-05,1.1246104804740753e-05,7.659320544917136e-06,3.8046900954213925e-06,2.7375003810448106e-06,2.0680611214629607e-06,3.1058109470905038e-06,1.1262602129136212e-05,9.890673027257435e-06,1.9969645563833183e-06,1.7789596995498869e-06,2.2625201836490305e-06,1.8377637616140419e-06,8.04682883881469e-07,6.777801786483906e-07,2.3419665922119748e-06,4.2212673179164995e-06,2.0444388155738125e-06,6.722397756675491e-06,5.218133537709946e-06,1.8181497580371797e-05,1.9278362742625177e-05,3.54322801285889e-05,2.6885794795816764e-05,1.5542294931947254e-05,2.1670912246918306e-05,7.605030259583145e-05,0.00011109768092865124,3.645935794338584e-05,4.2748968553496525e-05,7.854215073166415e-05,0.00011756713502109051,9.248331480193883e-05,4.505752804107033e-05,0.00017757300520315766,0.000151871659909375,0.0001414935104548931,0.0001574320631334558,0.00017860245134215802,0.0001639682741370052,0.00024171594122890383,0.00014979827392380685,0.00028421496972441673,0.00043123302748426795,0.00026058772346004844,0.00030795554630458355,0.0003741965629160404,0.0003225209948141128,0.00025893491692841053,0.00028261388069950044,0.0001908446429297328,0.0001858640753198415,0.0003206657711416483,0.0005803086678497493,0.002239369787275791,0.003166612470522523,0.0016496751923114061,0.0019943793304264545,0.00010643054702086374,0.047799404710531235
80,The spouse of Anup Sengupta is,The spouse of the director of Bangla Bachao is,Anup Sengupta,the director of Bangla Bachao, Piya Sengupta,4.580672552378928e-08,7.023680268503085e-07,4.7122671276156325e-06,3.0244045774452388e-05,2.376839802309405e-06,1.0419911404824234e-06,1.3915689578425372e-07,5.706795604965009e-07,6.504156772280112e-06,2.096780917781871e-06,1.4893463173848431e-07,2.3686051520144247e-07,2.650723160968482e-07,4.022437565254222e-07,6.774079110982711e-07,4.3420453721410013e-07,1.196676606696201e-07,1.2041685977237648e-06,1.001550117507577e-06,1.6615784943496692e-06,7.936301926747547e-07,1.824040509745828e-07,3.060705182633683e-07,1.0953574474115157e-06,8.033085805436713e-07,6.217191526047827e-07,1.8464952233898657e-07,1.6356940477635362e-06,1.8224545783596113e-06,3.094625355970493e-07,7.542589628428686e-07,1.2661701020988403e-06,6.924325930413033e-07,4.479665847156866e-07,3.718596872204216e-06,4.564064511214383e-06,1.6425204876213684e-06,1.500594635217567e-06,7.949135465423751e-07,1.3679244830200332e-06,5.359092369872087e-07,9.853033589024562e-07,5.834293688167236e-07,6.466949287187163e-08,1.9616931012933492e-07,2.804901555464312e-07,2.2126836540792283e-07,2.2681651046241313e-07,2.725024614846916e-07,1.6784115075552108e-07,3.832766424238798e-07,3.7753295600850834e-07,8.290095365737216e-07,8.165845315488696e-07,2.0527027118077967e-06,8.468946930406673e-07,4.4393866005520977e-07,9.323900940216845e-07,1.3586615068561514e-06,5.81228096052655e-06,4.507837729761377e-06,1.7961972389457515e-06,2.3803954718459863e-06,4.019057996629272e-06,3.6865180845779832e-06,2.7896062420040835e-06,2.984687398566166e-06,3.091410917477333e-06,8.18782518763328e-06,1.845662154664751e-05,1.8826331142918207e-05,2.4407974706264213e-05,1.5201992937363684e-05,8.445596176898107e-05,8.146328036673367e-05,0.0002601720916572958,0.0006355777150020003,0.0005374381435103714,0.000551197212189436,0.0010268582263961434,7.513263426517369e-06,0.0006768736056983471
81,"The place of death of James Hamilton, 4th Duke of Hamilton is","The place of death of the father of Sir James Abercrombie, 1st Baronet is","James Hamilton, 4th Duke of Hamilton","the father of Sir James Abercrombie, 1st Baronet", Hyde Park,1.1838272584441256e-08,4.714003765116104e-08,4.046224688636357e-08,8.566590103953331e-09,7.59223794943864e-08,9.365768960378773e-08,1.3781940033652518e-08,3.380738178293541e-08,1.0209181056097805e-07,1.6686716719505057e-07,2.3779951163760416e-07,1.915633447424625e-06,3.281959152445779e-06,2.170915195165435e-06,5.599181349680293e-06,1.5478142813663e-05,2.776275505311787e-05,3.14654289468308e-06,1.3511832548829261e-05,4.724441623693565e-06,1.3709027371078264e-06,1.4537436072714627e-05,1.0735157957242336e-05,2.5552606075507356e-06,3.6258663840271765e-06,5.80808955419343e-06,4.652050620279624e-07,1.594490868228604e-07,1.44268184953944e-07,1.2816443017982238e-07,1.7313006139829668e-07,1.2969124441042368e-07,1.2208914768052637e-06,3.672969342005672e-07,3.190783104400907e-07,6.769749205659537e-08,1.8078942787269625e-07,2.816361472923745e-07,5.43875842140551e-07,3.748462802377617e-07,5.925265327277884e-07,4.898912493445096e-07,1.1139520665892633e-06,4.461055596038932e-07,2.2715569514275558e-07,2.052700409649333e-07,5.872497581549396e-07,1.060421936927014e-06,6.452763159359165e-07,4.398975477215572e-07,5.63884043458529e-07,6.070689551052055e-07,9.635937203711364e-07,5.767217885477294e-07,4.1252886262554966e-07,4.887937166131451e-07,9.249425829693791e-07,7.831491188881046e-07,8.487984928251535e-07,5.118078547639016e-07,1.3110940244587255e-06,7.840284865778813e-07,2.949114161765465e-07,4.421884511884855e-07,3.15478303036798e-07,2.629514028740232e-07,3.5134377185386256e-07,8.682619068167696e-07,1.2333658787611057e-06,5.387354917729681e-07,8.081497639977897e-07,5.576727630796086e-07,1.2938451163790887e-06,1.095136781259498e-06,4.518170044320868e-06,2.1087749701109715e-05,1.2671463991864584e-05,2.686822699615732e-05,1.160038482339587e-05,7.176929648267105e-05,1.045681869982218e-06,0.00012022194277960807
82,The place of death of Amelia Pincherle is,The place of death of the mother of Sabatino Enrico 'Nello' Rosselli is,Amelia Pincherle,the mother of Sabatino Enrico 'Nello' Rosselli, Florence,1.2050179975631181e-05,2.8998458674323047e-06,1.61561240474839e-06,9.96707512967987e-07,5.691465503332438e-07,6.318391001514101e-07,1.116416342483717e-06,2.206503040724783e-06,1.1882332728418987e-05,3.049854910841532e-07,1.185823384730611e-05,1.6761663573561236e-05,1.0485263373993803e-05,8.644964509585407e-06,6.578673037438421e-06,2.4494911485817283e-06,8.1796019912872e-07,1.2345788036327576e-06,2.2692295260640094e-06,5.066717676527333e-07,1.2247444658441964e-07,1.42012595460983e-07,1.3321371170604834e-06,2.0085730056962348e-07,6.283747921997929e-08,4.244716578227781e-08,6.025901200246153e-08,1.2569253726724128e-07,8.419864343522931e-07,3.23009362546145e-06,2.6225947635794e-07,7.105713279997872e-07,5.473474971040559e-07,5.132478690939024e-07,6.038936248842219e-07,7.564454449493496e-07,2.5525787350488827e-07,2.5016635163410683e-07,9.087774088811784e-08,5.9351780379302e-08,9.76581944200916e-08,1.0778501291497378e-07,1.591525489175183e-07,2.172111237541685e-07,2.537308034789021e-07,1.381003613687426e-07,5.606780746347795e-07,4.770112695950957e-07,2.973942514472583e-07,2.129860945387918e-07,1.4806134629452572e-07,1.8434568005432084e-07,2.697772174542479e-07,6.646963157663777e-08,9.620958962841542e-08,5.4282857320231415e-08,9.009949764049452e-08,3.0629934144599247e-07,1.6530816537851933e-07,2.8555811582009483e-07,2.3294396100936865e-07,2.0146853785263374e-06,1.435969124941039e-06,1.2533342896858812e-06,3.757531658266089e-06,6.353679054882377e-06,8.093844371614978e-06,1.4240235032048076e-05,1.1126392564619891e-05,6.6730185608321335e-06,8.622853783890605e-06,9.539131497149356e-06,5.2275472626206465e-06,1.8785938664223067e-05,1.0269843187415972e-05,2.529082848923281e-05,3.380822090548463e-05,2.9342347261263058e-05,6.265642878133804e-05,7.368606748059392e-05,0.004282880574464798,0.005396418273448944
83,The country of citizenship of Artuq is,The country of citizenship of the father of Ilghazi is,Artuq,the father of Ilghazi, Seljuq empire,1.801412849999906e-07,2.3021980268822517e-06,1.11547910819354e-06,1.6056377205586614e-07,3.0585658805648563e-07,2.0086469021407538e-07,3.8012061054359947e-07,7.23960269510826e-09,1.4291494210283417e-08,1.4590115782198154e-08,7.680939262399988e-08,1.2440166585747647e-07,5.1137035939063935e-08,2.031709556149508e-07,2.2209154337815562e-07,3.1746760669193463e-06,5.927172423980664e-07,9.740804671309888e-06,1.2556619140013936e-06,4.89616638787993e-07,3.318171195587638e-07,2.0822169517487055e-06,1.5914587265797309e-06,2.1474573941304698e-07,4.3351636236366176e-07,7.285774472620687e-08,7.651792088836373e-08,9.928990039043128e-07,4.4404706045497733e-07,1.2044974937452935e-06,6.948064878997684e-07,4.441124474396929e-06,1.0545915756665636e-05,1.0024185939982999e-05,1.160082592832623e-05,2.228944140370004e-05,2.6083705506607657e-06,7.288314009201713e-06,7.233081305457745e-06,2.798408331727842e-06,2.0933987343596527e-06,2.4229743758041877e-06,5.975839485472534e-06,5.88472039453336e-06,1.3610839459943236e-06,7.068674676702358e-06,3.0777348456467735e-06,4.498786438489333e-06,5.6295648391824216e-06,3.053077307413332e-06,3.1051581572683062e-06,2.796829903672915e-06,1.2244983054188197e-06,1.7315969671471976e-06,2.489032908670197e-07,4.361028231869568e-07,2.501304265933868e-07,1.2789085701570002e-07,1.854929365663338e-07,2.2172102376316616e-07,1.4891739397171477e-07,2.899922151300416e-07,9.437057713057584e-08,1.9798648054347723e-07,2.2666776544610912e-07,3.5291787980895606e-07,4.153123427386163e-07,3.6478013498708606e-07,8.303675258503063e-07,2.676999031336891e-07,7.392369525405229e-07,7.281850571416726e-07,5.874805424355145e-07,7.098227570168092e-07,7.405278665828519e-07,4.1468499034635897e-07,2.421645888261992e-07,2.5826884098023584e-07,1.0504486169793381e-07,1.9932205930217606e-07,0.00016102327208500355,1.6072915968834423e-05
84,The country of citizenship of Ricardo Mella is,The country of citizenship of the father of Urania Mella Serrano is,Ricardo Mella,the father of Urania Mella Serrano, Spain,4.381441613077186e-05,7.979803740454372e-06,2.9817206268489826e-06,7.429091965605039e-06,6.737711828463944e-06,3.6418487070477568e-06,4.163959602010436e-06,2.453904698995757e-06,3.3728426842571935e-06,2.2553897451871308e-06,3.7530903682636563e-06,2.1109638055349933e-06,1.8295044128535665e-06,1.481440676798229e-06,5.319266733749828e-07,4.399508100050298e-07,2.2055814952182118e-07,1.826496429657709e-07,2.4282866206704057e-07,5.780848510994474e-08,1.049549709364328e-07,2.469686535278015e-07,9.233827569232744e-08,1.0143160267261919e-07,1.3415967714536237e-07,1.252126224926542e-07,1.8803457635385712e-07,1.7903892057802295e-07,7.319169270658676e-08,2.295264955876064e-08,7.80803588895651e-07,6.061997623874049e-07,3.7390574902929075e-07,1.420667388174479e-07,2.5115667767749983e-07,1.0338267202314455e-06,8.642215334475623e-07,0.00025304374867118895,8.140714635374025e-05,0.00012004563177470118,8.925418660510331e-05,0.0002031705662375316,0.00026326804072596133,0.00036700331838801503,0.0012800353579223156,0.0002987236075568944,7.3408788011875e-05,0.00016699943807907403,0.00010409064270788804,9.590447734808549e-05,4.837286178371869e-05,0.00022515437740366906,0.00032411047141067684,0.0003222298400942236,0.00033342555980198085,0.000710950989741832,0.005682619754225016,0.006293071899563074,0.005705994553864002,0.005521133542060852,0.0037869990337640047,0.00297855818644166,0.005745955277234316,0.0049051400274038315,0.0021980206947773695,0.004162444733083248,0.0070180208422243595,0.001658534980379045,0.002909697825089097,0.000878252147231251,0.00019013638666365296,0.0004244917363394052,0.0004593232006300241,0.0028498482424765825,0.0016435575671494007,0.01014217734336853,0.0031134742312133312,0.0005883397534489632,0.0037739465478807688,0.0016044708900153637,0.33268219232559204,0.7594076991081238
85,The place of birth of George Whaley is,The place of birth of the director of Clowning Around is,George Whaley,the director of Clowning Around," Castlemaine, Victoria, Australia",1.1583239256651723e-06,4.2993445958927623e-07,5.895501089980826e-06,1.3075433344056364e-05,3.933935204258887e-06,1.8526710618971265e-06,1.450078684683831e-06,4.718613979548536e-07,1.8705827642406803e-07,1.5185912616288988e-07,5.289093678584322e-07,1.5755913409520872e-06,3.7525867355725495e-06,1.12634938886913e-06,5.392358843891998e-07,1.6454170292945491e-07,5.792136903437495e-07,2.7864770046903686e-08,1.5094842709117984e-08,3.562929506983892e-08,4.88340790028019e-09,1.4226358757696289e-08,1.5602874725573201e-07,1.6926554735618993e-07,3.3020313594533945e-08,4.6393513031262046e-08,1.4144471371935197e-08,1.6604609243131563e-08,3.6159433225435578e-09,4.991787871944098e-09,2.987732727888215e-08,1.0726324006782306e-07,1.1924856835321407e-07,1.7719294476137293e-07,1.7994369727603043e-07,4.234842947425932e-07,3.423593568641081e-07,6.18774208760442e-07,8.47869216613617e-07,3.1435058645001845e-07,3.5233688322477974e-07,3.833344806025707e-07,7.593490636281786e-07,1.0139546020582202e-06,7.887311426202359e-07,2.4573120072091115e-07,3.475595633517514e-07,3.510631927383656e-07,2.804336247663741e-07,3.476159804449708e-07,9.631051511860278e-08,4.8708034938726996e-08,8.674192741864317e-08,4.1601801115120907e-08,7.179659888834067e-08,8.311966581686647e-08,1.7058052748097907e-08,1.156585938133503e-08,7.865077478186322e-09,1.5254858709567998e-08,2.3248826863664362e-08,1.8521578937225058e-08,1.7125563189779314e-08,1.1398388899408474e-08,1.601654631144811e-08,1.1859060400354338e-08,2.063428183873839e-08,2.7569448945996555e-08,1.059651477675061e-08,1.653682168978321e-08,7.52592388408857e-09,1.3012818378399515e-08,1.3643661311846245e-08,4.911948625618834e-09,9.99303839677168e-09,2.756923134228373e-09,7.764776377428007e-09,1.944015615151784e-08,9.141182921723612e-09,8.838635778829484e-08,0.00018288528372067958,7.346677648456534e-06
86,The place of burial of Kato Svanidze is,The place of burial of the mother of Yakov Iosifovich Dzhugashvili is,Kato Svanidze,the mother of Yakov Iosifovich Dzhugashvili, Tiflis,0.00030602372135035694,2.5473862478975207e-05,4.256426836946048e-05,0.00015899181016720831,1.9580298612709157e-05,7.151316822273657e-06,7.603979383929982e-07,3.231074856557825e-07,2.5781193926377455e-06,4.5449846197698207e-07,5.640038125420688e-07,4.651047220249893e-06,1.2624365126612247e-06,1.2012878869427368e-05,5.34599348611664e-06,4.554786755761597e-06,3.0283796149888076e-05,1.361514296149835e-05,0.00011754805746022612,7.063487282721326e-05,4.300596992834471e-05,1.7943541024578735e-05,9.28375156945549e-05,4.3796617319458164e-06,1.4168648476697854e-06,6.774690064048627e-06,2.1835921870660968e-05,2.3425789549946785e-05,0.00013087636034470052,4.344562330516055e-05,8.404041727771983e-05,8.893715857993811e-06,1.8427718941893545e-06,5.641699090119801e-07,1.2757791409967467e-05,1.0037883839686401e-05,7.21696051186882e-06,3.9119953726185486e-05,2.214100823039189e-05,6.477932402049191e-06,6.615759048145264e-05,4.2099851270904765e-05,4.752395398099907e-05,2.490499900886789e-05,0.0005115742678754032,4.783754775417037e-05,6.841007416369393e-05,5.285309816827066e-05,6.362311250995845e-05,1.9645617612695787e-06,3.8103746192064136e-05,1.7345382730127312e-05,6.31939692539163e-05,3.0753079045098275e-05,0.00016901489289011806,8.46422426548088e-06,2.8410600862116553e-05,1.5845896996324882e-05,3.0907863219908904e-06,1.1093297871411778e-06,1.3246773960418068e-05,3.570652916096151e-05,4.645400622393936e-06,1.4178420315147378e-05,3.782002750085667e-05,4.1576298826839775e-05,0.00014043028932064772,0.0002026345464400947,6.104147178120911e-05,0.000292612356133759,6.129522262199316e-06,8.066923328442499e-05,3.852904410450719e-05,4.5853939809603617e-05,1.924785647133831e-05,3.0161900212988257e-06,0.0005910765030421317,0.0026403022930026054,0.004221551585942507,9.939585288520902e-05,0.0004131327732466161,0.0006387742469087243
87,The place of birth of Marcus Garvey is,The place of birth of the spouse of Amy Ashwood Garvey is,Marcus Garvey,the spouse of Amy Ashwood Garvey, Saint Ann's Bay,2.458162953189458e-07,1.7059215906556346e-07,2.6052845214508125e-07,1.3030634363531135e-05,4.907178663415834e-06,1.1694300155795645e-05,1.2721283155769925e-06,4.172459284745855e-06,1.1523409739311319e-05,4.087528850504896e-06,3.196430725438404e-06,6.008513537381077e-06,2.657971663211356e-06,9.019604476634413e-07,1.7984054920816561e-06,7.781181011523586e-06,6.409075012925314e-06,4.61106810689671e-06,1.5347073713201098e-05,4.678943514591083e-05,1.1129325685033109e-05,1.0782699746414437e-06,2.0050643797731027e-05,6.640600531682139e-06,2.143160372725106e-06,1.0476591342012398e-05,1.6215379218920134e-05,1.6938427506829612e-05,7.257018296513706e-05,0.00012256513582542539,4.1635943489382043e-05,4.3843192543135956e-05,5.713347491109744e-05,5.971112477709539e-05,0.00018999098392669111,6.566096999449655e-05,0.00018987352086696774,0.0007500186329707503,0.00012815979425795376,1.541910933156032e-05,8.686044566275086e-06,1.4428835129365325e-05,1.961765519808978e-05,3.789434049394913e-05,1.5642843209207058e-05,3.914319222531049e-06,2.0433460576896323e-06,4.200843250146136e-06,6.579567980224965e-06,5.0155617827840615e-06,1.125913331634365e-05,5.0350799938314594e-06,2.838596628862433e-06,1.232811200679862e-06,6.294250169958104e-07,4.2506621866778005e-07,1.4734291653439868e-06,8.606611459072155e-07,5.083192036181572e-07,5.753103096139967e-07,3.348236248257308e-07,3.0361289304892125e-07,1.023972089342351e-07,6.612008718320794e-08,8.591094058374438e-08,9.549344071047017e-08,2.831791050539323e-07,7.773395793719828e-08,1.587657436630252e-07,2.277323005728249e-07,4.5261219838721445e-07,2.2661020011582877e-06,1.1946304994125967e-06,3.0644223443232477e-06,4.033787263324484e-06,4.0017239371081814e-05,4.541190719464794e-05,6.0866954299854115e-05,0.0002338512276764959,0.00013790880620945245,0.0020123515278100967,0.10728878527879715
88,"The place of birth of Sizzo, Prince of Schwarzburg is",The place of birth of the spouse of Princess Alexandra Therese Marie of Anhalt is,"Sizzo, Prince of Schwarzburg",the spouse of Princess Alexandra Therese Marie of Anhalt, Rudolstadt,8.290969049085106e-07,1.1493149941088632e-05,0.0001886664394987747,2.775522443698719e-05,6.97941550242831e-06,1.0218931493000127e-05,4.980146059097024e-06,3.1212934118229896e-05,1.4846241356281098e-05,2.3116697775549255e-05,5.8372344938106835e-05,0.00011593157978495583,1.6430902178399265e-05,1.5485580661334097e-05,5.472659267979907e-06,1.17028439490241e-05,9.584775398252532e-06,1.0496929462533444e-05,6.72082751407288e-06,7.2652851486054715e-06,2.1012033357692417e-06,1.0311856613043346e-06,2.341457729926333e-06,1.5342075130320154e-06,1.6652159047225723e-06,4.509331120061688e-06,3.881841621478088e-06,9.763907655724324e-06,1.868577783170622e-05,2.3853095626691356e-05,7.785127422721416e-07,8.724285862626857e-07,8.692431947565638e-07,1.3794682729439955e-07,6.935786132089561e-07,1.8820244349626591e-06,2.4414757717750035e-06,1.1020727470167913e-05,2.8946974452992436e-06,3.3973060453718062e-06,3.6830499539064476e-06,5.736968432756839e-06,2.3212971427710727e-05,5.652577965520322e-05,0.00011627753701759502,4.168748273514211e-05,3.992588244727813e-05,0.00011127412290079519,8.911622717278078e-05,6.158606265671551e-05,8.899800741346553e-05,0.0002324721572222188,0.0001995342317968607,0.00011593308590818197,0.00012516840070020407,0.00024977291468530893,0.0002754125162027776,0.0003813097137026489,0.00039479692350141704,0.0006940285093151033,0.000242042078753002,0.0002323442604392767,0.0001830744295148179,0.00031006542849354446,0.00020889841835014522,0.0006225102115422487,0.00031163403764367104,0.00015788798918947577,0.00015063059981912374,0.0001619738177396357,0.00014959088002797216,0.0007349772495217621,0.0008023538975976408,0.0006571144913323224,0.0006831155042164028,0.010776854120194912,0.0022350612562149763,0.005911421496421099,0.011050420813262463,0.0015863095177337527,2.6571131456876174e-05,0.0010305753676220775
89,The place of burial of Coretta Scott King is,The place of burial of the mother of Dexter Scott King is,Coretta Scott King,the mother of Dexter Scott King, Georgia,3.5570505474424863e-07,1.4481403241006774e-06,9.797679922485258e-06,1.0730335816333536e-05,1.473740121582523e-05,1.458622818972799e-06,3.0314541277220997e-07,6.668363425887947e-07,1.1382732054698863e-06,2.2427832391258562e-07,1.8264238121901144e-07,2.6076829726662254e-06,1.6805142877274193e-06,6.363562079059193e-06,2.6012481612269767e-05,6.339631454466144e-06,9.084341400011908e-06,4.163528865319677e-05,2.5077762984437868e-05,0.0002718848118092865,0.00037490008980967104,4.905403693555854e-05,6.545751239173114e-05,6.185166421346366e-05,1.3933630725659896e-05,0.00036894201184622943,0.00017505288997199386,3.210050272173248e-05,0.00010453821596456692,0.00023411103757098317,0.005565659608691931,0.0014354083687067032,0.002272107405588031,0.007134524639695883,0.003175350371748209,0.0007026451639831066,0.0002974969975184649,3.1552881409879774e-05,8.223718396038748e-06,1.2271075320313685e-05,4.396837084641447e-06,8.957162549450004e-07,4.513631424174491e-08,3.0521661642524123e-07,1.1568099012038147e-07,1.965290508110229e-08,4.789899321622215e-08,2.6853539836224627e-08,9.381871990399304e-08,3.0291079866628934e-08,2.017679001653505e-08,8.45774561497592e-09,4.552506371879872e-09,1.4236174017412395e-08,2.0607881623391222e-08,5.5823072386829153e-08,2.774181098175177e-07,3.0429436037593405e-07,5.036297920923971e-07,1.2712592933894484e-06,4.22209609496349e-07,1.5054401956149377e-06,2.6559334855846828e-06,1.4011008033776307e-06,1.4769294693905977e-06,1.5415588450196083e-06,1.6558030893065734e-06,9.453253255742311e-07,6.896762556607428e-07,7.194090585471713e-07,2.0658212633861694e-06,2.0160935036983574e-06,1.7603883861738723e-06,1.497805783401418e-06,2.8056845167157007e-06,0.00010740783909568563,1.4029861631570384e-05,2.3997574317036197e-05,3.8032208976801485e-05,1.6280066120089032e-05,0.0016467231325805187,0.0013708022888749838
90,The country of citizenship of Pinedjem I is,The country of citizenship of the father of Psusennes I is,Pinedjem I,the father of Psusennes I, Ancient Egypt,2.4595541617600247e-05,0.00012086643255315721,5.328918996383436e-05,1.3818103070661891e-05,8.876452193362638e-05,0.0006960309110581875,0.00030253679142333567,3.213320451322943e-05,3.647182438726304e-06,8.735042683838401e-06,3.7574816360574914e-06,6.615729489567457e-06,3.0341589081217535e-05,6.799208495067433e-05,1.4137472135189455e-05,1.3493242931872373e-06,5.655069344356889e-06,9.10082860627881e-07,2.552695832491736e-07,1.1638503565336578e-06,5.239618872110441e-07,4.913077233936747e-08,1.0650381909727002e-06,1.4786573956371285e-06,3.733520770765608e-06,8.037071893340908e-06,9.082914402824827e-06,5.03427509102039e-06,7.304683549591573e-06,7.08297284290893e-06,4.212856583762914e-05,9.163618415186647e-06,1.0104338798555546e-05,6.302236670308048e-06,5.4248474043561146e-05,7.794084012857638e-06,1.2068140677001793e-05,5.461492037284188e-05,6.240772199817002e-05,1.567164872540161e-05,8.609753422206268e-05,0.00013680975825991482,7.961299706948921e-05,7.699623529333621e-05,0.0005766842514276505,0.0010769044747576118,0.001986774383112788,0.002504241419956088,0.002642885548993945,0.005456751212477684,0.005377900321036577,0.0024321991950273514,0.003417887957766652,0.0016166152199730277,0.0007621818804182112,0.0004970875452272594,0.00038141326513141394,0.00045825348934158683,0.00022375679691322148,0.000224957155296579,0.000761470990255475,0.0013239197432994843,0.0008939413819462061,0.001763995736837387,0.0013827679213136435,0.0011465330608189106,0.028300391510128975,0.021178044378757477,0.03828572854399681,0.058842916041612625,0.02627611719071865,0.025602269917726517,0.03707927092909813,0.03028363175690174,0.03399544581770897,0.05971364676952362,0.06735538691282272,0.04157378524541855,0.057888202369213104,0.18942441046237946,0.0002371536975260824,0.1434268057346344
91,"The place of death of Humphrey Stafford, 1st Duke of Buckingham is",The place of death of the father of Humphrey Stafford is,"Humphrey Stafford, 1st Duke of Buckingham",the father of Humphrey Stafford, Northampton,2.481444607838057e-05,3.5124853638990317e-06,7.773895049467683e-06,3.493359690764919e-05,9.09896789380582e-06,2.397231639861275e-07,1.4716844987106015e-07,1.502770885508653e-07,1.7544691388593492e-07,1.5819247209947207e-06,6.280486104515148e-07,1.0494186426512897e-05,5.095685992273502e-06,1.0019496585300658e-05,8.973180956672877e-05,2.378012504777871e-05,0.0005737051251344383,0.00011477807129267603,5.645588771585608e-06,6.478966497525107e-06,1.2560531104099937e-05,1.0741152891569072e-06,8.111563829515944e-07,6.01511201239191e-05,2.995568502228707e-05,2.2875206923345104e-05,3.1808562198420987e-05,1.3498809494194575e-05,8.194788279070053e-06,8.538389010936953e-06,2.8900647066620877e-06,4.973999693902442e-06,1.5937754142214544e-05,1.020389163386426e-06,1.265668288397137e-05,1.9544747829058906e-06,2.996988996528671e-06,1.5361332771135494e-05,2.5306324005214265e-06,5.589305146713741e-06,2.416516053926898e-06,2.837768136032537e-07,6.426637355616549e-07,1.6047571307353792e-06,5.464778496389044e-07,1.356902572524632e-07,2.179312019734425e-07,4.0595270434096165e-07,9.387987631725991e-08,3.0251300131567405e-08,6.26693719141258e-08,4.2056125693079593e-08,4.405356435199792e-08,1.0122629845454867e-08,1.8704904292121682e-08,9.273058765302267e-09,1.399178106709087e-08,1.0180030152184827e-08,8.6755589379095e-09,4.323046809417974e-08,4.38396625668247e-08,1.6763291199595187e-08,1.2021548201346377e-09,6.774380167939853e-09,8.3527780248005e-09,2.740614668539365e-08,3.458519159948992e-08,3.05309164616574e-08,4.867159475452354e-08,4.2391906873717744e-08,1.1887875217553301e-07,2.0940287015491776e-07,1.234436126651417e-07,3.571402373836463e-08,6.799631790954663e-08,1.5803365727151686e-07,8.067469252637238e-07,4.0516840726922965e-07,2.315804152885903e-07,5.1054448704235256e-06,7.790907693561167e-05,0.00028069238760508597
92,The country of citizenship of Luis Bayón Herrera is,The country of citizenship of the director of Cuidado con las imitaciones is,Luis Bayón Herrera,the director of Cuidado con las imitaciones, Spanish,1.3155805618225713e-06,2.1393798306235112e-06,1.052439756676904e-06,6.521097930090036e-06,1.215022507494723e-06,1.5048918839966063e-06,1.3894856465412886e-06,7.527334673795849e-06,5.8367122619529255e-06,1.8313889995624777e-06,2.681236310309032e-06,6.500826543742733e-07,9.928907047651592e-07,4.794142114405986e-07,1.4493592743747286e-06,3.910573695975472e-07,1.1415561402827734e-06,1.0508679793019837e-07,2.346232861327735e-07,1.0350534012104617e-06,6.898242759234563e-07,1.7269010186282685e-06,8.02280396783317e-07,1.5980966736606206e-06,1.320206820309977e-06,1.8958309055960854e-06,5.833541649735707e-07,3.805461403771915e-07,4.4607969584831153e-07,4.945909495290834e-07,4.697196800407255e-06,3.707921450768481e-06,4.722105586552061e-06,9.492926437815186e-06,1.019233422994148e-05,1.9773109670495614e-05,6.531360668304842e-06,0.00017237517749890685,5.82546999794431e-05,6.314720667432994e-05,0.00013820566528011113,6.477894930867478e-05,0.00034792345832102,0.0003555801522452384,0.00022853603877592832,0.0005160835571587086,0.0004406704392749816,0.00017487983859609812,7.916593312984332e-05,8.362254448002204e-05,6.480990850832313e-05,0.00014451211609411985,9.021523874253035e-05,0.000189371028682217,0.00030818168306723237,0.000531690486241132,0.0015680614160373807,0.0023430194705724716,0.0023383593652397394,0.00029861251823604107,0.00013959106581751257,0.00017711402324493974,0.00021009698684792966,0.0002472918131388724,0.00024269700224976987,0.0003205590764991939,0.0006691408343613148,0.00025032786652445793,0.00018871648353524506,0.00014545093290507793,1.9846333088935353e-05,1.917232475534547e-05,9.370371117256582e-06,7.912488945294172e-05,3.4291791962459683e-05,0.00016780462465249002,1.8352466213400476e-05,1.6338175555574708e-05,5.6778160796966404e-05,2.31276990234619e-05,0.00243777921423316,0.0019686436280608177
93,The place of death of Martino Zaccaria is,The place of death of the father of Bartolomeo (or Bartolommeo) Zaccaria is,Martino Zaccaria,the father of Bartolomeo (or Bartolommeo) Zaccaria, Smyrna,4.102906245861959e-07,3.26176888165719e-07,1.4592350794373488e-07,4.1433207798036165e-07,2.2140804389891855e-07,3.1906233743939083e-07,1.8157559225073783e-06,2.7490682441566605e-06,4.61679337604437e-06,8.883091027200862e-07,1.2470547972043278e-06,2.8391045816533733e-06,7.756965715088882e-06,3.407096301089041e-06,1.5824510910533718e-06,1.2654886916152464e-07,1.2424574151737033e-06,6.02806096594577e-07,1.3314718216861365e-07,1.072927631184939e-07,1.214051934539384e-07,3.145407845295267e-07,5.373096314542636e-07,1.5376366491182125e-06,4.2472998984521837e-07,1.4420639899981325e-06,1.2852812687924597e-05,2.0762456642842153e-06,1.926094910231768e-06,2.925624357885681e-06,5.059063141743536e-07,2.004450863068996e-07,8.669044859743735e-07,1.7494262749551126e-07,1.0798066796269268e-07,1.6412553094369287e-08,1.610386490824567e-08,1.8795116574210624e-08,1.3123261588532387e-08,1.2841860907997216e-08,1.2606034438533698e-08,1.411354055846914e-08,6.456733103732404e-08,4.54886972534041e-08,7.25304971638252e-08,7.323855300001014e-08,5.258265289853625e-08,6.171221400563809e-08,1.6217278187014017e-07,1.708114716336695e-08,1.257806570009734e-08,4.5776289425703e-08,4.0159985559284905e-08,2.132592236137043e-08,5.0604437973333916e-08,8.883144886340233e-08,1.0066499811500762e-07,1.5863200530930044e-07,1.0589268839567012e-07,3.6163572758596274e-07,4.5693349193243193e-07,4.196625695840339e-07,4.3533293592190603e-07,2.1516713388791686e-07,6.381108050845796e-07,6.268767265282804e-07,5.530367275241588e-07,1.8151997949189536e-07,1.4181521734712987e-08,2.941102081877034e-07,3.5789298635791056e-07,2.2346965522501705e-07,4.7045682549651247e-07,3.146608094084513e-07,3.675974653560843e-07,4.4137550503364764e-07,1.0951810054393718e-06,3.144823949696729e-06,1.8074246327159926e-05,4.7394802095368505e-05,3.7508854688894644e-07,2.039089622485335e-06
94,The country of citizenship of Frederick I of Denmark is,"The country of citizenship of the father of Dorothea of Denmark, Duchess of Mecklenburg is",Frederick I of Denmark,"the father of Dorothea of Denmark, Duchess of Mecklenburg", Norway,7.563047006442503e-07,4.769544261762348e-07,3.683210252347635e-07,1.9182212440682633e-07,1.752984530867252e-06,1.4174471516525955e-06,1.2099571904400364e-06,7.797310104251665e-07,8.131616624496019e-08,2.035167483427358e-07,7.710356726420287e-07,1.1087799833831014e-07,7.304615223802102e-08,2.0521618182556267e-08,4.147887366912073e-08,1.1814239542218274e-07,2.487907408976753e-07,1.3005916343900026e-06,4.856702844335814e-07,6.106211003498174e-07,9.393555728820502e-07,1.827931299658303e-07,3.8512001765411696e-07,4.5277599269866187e-07,5.317801310411596e-07,6.464512125603505e-07,4.5302360263121955e-07,4.2757457663356035e-07,1.199162227294437e-07,4.1075000467571954e-07,3.5761121353061753e-07,3.173516347487748e-07,2.0987296522889665e-07,9.155586866427257e-08,3.121529914551502e-07,9.864747880783398e-07,6.703678536723601e-07,4.390267918097379e-07,2.199802793256822e-07,1.3878776883302635e-07,1.240259877022254e-07,1.6697715921054623e-07,3.246667006351345e-07,4.958965291734785e-07,5.618075533675437e-07,2.3134164450766548e-07,3.8515571532116155e-07,3.786733770994033e-07,2.4487940208928194e-07,4.561793502944056e-07,2.8771106030944793e-07,3.115016511401336e-07,2.362561986046785e-07,3.4452250474714674e-07,4.431310287600354e-07,5.635149136651307e-06,3.0361081826413283e-06,1.5569869447062956e-06,2.4772482447588118e-06,2.2902288492332445e-06,1.7161904679596773e-06,1.7523285578135983e-06,2.3060899820848135e-06,1.0635500302669243e-06,1.5248624549712986e-06,1.3707247035199543e-06,2.3405668798659462e-06,2.604547944429214e-06,1.5696293758082902e-06,2.520110626846872e-07,4.504168771291006e-07,6.664034799541696e-07,1.4148712352834991e-06,3.46646800153394e-07,3.574720039978274e-07,1.3381052212935174e-06,6.411527920135995e-06,8.459775017399807e-06,1.1664415069390088e-05,2.15008021768881e-05,0.012989901006221771,0.004350526258349419
95,The date of birth of  Echigues is,The date of birth of the father of Gomes Echigues is,Echigues,the father of Gomes Echigues, 985,0.008996198885142803,0.0009634019224904478,0.002793246181681752,0.0010842831106856465,0.00047675130190327764,0.00083396234549582,0.0011407160200178623,0.00024319448857568204,0.060716401785612106,0.004300681408494711,0.0009888226632028818,1.725627953419462e-05,1.041333007378853e-06,5.17393118570908e-06,0.0005011774483136833,0.0012416141107678413,0.0011907919542863965,0.099591463804245,0.017782682552933693,0.020010123029351234,0.015259999781847,0.0011155554093420506,0.0009273248142562807,5.595519542112015e-05,0.0003500067978166044,0.025312993675470352,0.009322128258645535,0.47605690360069275,0.10180909931659698,0.8844271898269653,0.0038909148424863815,0.02644403465092182,0.03438616916537285,0.1714361160993576,0.27305343747138977,0.20114481449127197,0.06887445598840714,0.03285951912403107,0.008036376908421516,0.40223807096481323,0.5274220705032349,0.2885853052139282,0.868850588798523,0.9714279770851135,0.39141276478767395,0.36197707056999207,0.1455937623977661,0.04198257252573967,0.006433655042201281,0.0002655293501447886,0.032441508024930954,0.034851208329200745,0.5425191521644592,0.6480659246444702,0.25017136335372925,0.8682764172554016,0.6854364275932312,0.9030007719993591,0.12934842705726624,0.014204449951648712,0.7964587807655334,0.14373475313186646,0.6581946611404419,0.3634747564792633,0.24054333567619324,0.5474079251289368,0.4655558168888092,0.272359699010849,0.3864308297634125,0.272839218378067,0.6794852018356323,0.13559654355049133,0.9895671010017395,0.9928508996963501,0.8314884901046753,0.5457039475440979,0.7012472748756409,0.5595659613609314,0.03452463075518608,0.00012745257117785513,0.04792439565062523,0.10434214770793915
96,The inception of American Radio Relay League was in,The inception of the publisher of National Contest Journal was in,American Radio Relay League,the publisher of National Contest Journal, 1914,0.003299993695691228,0.0031603630632162094,0.001327664009295404,0.0013454239815473557,0.3766135573387146,0.0010083508677780628,0.00457879900932312,4.172173066763207e-05,0.1444287896156311,0.5763009190559387,0.3531170189380646,0.5564956068992615,0.004178148228675127,0.014674645848572254,0.06923672556877136,0.16926632821559906,0.016364673152565956,0.15591080486774445,2.7886962925549597e-05,0.0016783513128757477,0.004106967244297266,0.14663399755954742,0.0014667168725281954,0.002703885082155466,0.00012670733849518,0.0002007754083024338,0.0007195218931883574,0.0018420867854729295,0.0004906902904622257,0.0013779655564576387,0.00014790124259889126,0.0012984700733795762,0.00012560554023366421,0.0001456250174669549,6.915431004017591e-05,7.498818376916461e-06,3.661852815639577e-06,0.00015275638725142926,2.2033913410268724e-05,0.004757600836455822,0.00851732213050127,0.005651361774653196,2.7149426387040876e-05,1.4922547961759847e-06,1.6192504972423194e-06,3.0522400606969313e-07,7.490831421819166e-08,3.1454158033739077e-07,2.4146908117472776e-07,1.1540719668801103e-07,2.3699294615653343e-07,1.1553997758539936e-09,8.4212430806474e-08,2.010049371392597e-08,6.736072144519767e-09,2.9340858631599076e-08,8.392702088855231e-10,1.2851363306864982e-09,2.9546265878366285e-08,3.178776797341243e-09,3.59466362925831e-12,1.7881483793669162e-10,1.6178483899786933e-11,2.482192507091696e-10,4.1166875464071495e-10,7.526942957802873e-11,8.360878829549723e-12,1.6048108675281725e-10,2.2230463303518633e-10,1.367031349230885e-10,1.630377777228631e-10,1.9434964748654693e-10,9.184458193978173e-10,5.704838379472221e-09,1.9241024329375023e-09,5.2862869637237964e-08,4.174137147039403e-10,2.2200416083251184e-07,1.0039010476248222e-06,4.8015135689638555e-06,0.6020827889442444,0.5647441148757935
97,The place of birth of Reinhold Schünzel is,The place of birth of the director of The Great Awakening is,Reinhold Schünzel,the director of The Great Awakening, Hamburg,6.922406470266651e-08,2.916552546139428e-07,1.5684967138440697e-06,1.7726575833876268e-06,2.613376864246675e-06,1.1022699482055032e-06,5.441507937575807e-07,2.4377280283260916e-07,2.6539149189375166e-07,5.588363194419799e-08,9.70869820093867e-08,6.348817294110631e-08,3.918422919468867e-08,1.8022041103904485e-07,9.276303103433747e-08,1.8453195025358582e-06,6.183908681123285e-06,1.047322712111054e-06,4.2832853068830445e-06,2.7843802854476962e-06,4.818876391254889e-07,3.737151814675599e-07,6.604497571061074e-07,3.0970267062002677e-07,1.7966867460472713e-07,4.4505494400937096e-08,1.495639310178376e-07,4.0354365182793117e-07,1.0750923138402868e-06,1.2002914218101068e-06,3.792642246480682e-06,2.451783529977547e-06,4.228637408232316e-06,1.6479591522511328e-06,1.3618215461974614e-06,2.5642398213676643e-06,8.961586672739941e-07,1.770451831362152e-06,9.637950597607414e-07,2.751798149347451e-07,9.406706880099591e-08,7.362565668245225e-08,7.950703917458668e-08,7.933369516877065e-08,1.0179932985465712e-07,1.1661995813483372e-07,1.0667842076372835e-07,3.5612686133390525e-07,3.163204667089303e-07,3.0670651085529244e-07,3.6601352348952787e-07,3.387899880635814e-07,4.777043614012655e-07,1.4715313056967716e-07,2.7691405080076947e-07,2.8292274123487005e-07,4.9153686632053e-07,3.1025999192024756e-07,2.0045001747348579e-07,6.768026992176601e-07,6.412233801711409e-07,8.892498613022326e-07,8.242348030762514e-07,5.567039806919638e-07,1.1703016298270086e-06,9.497316000306455e-07,6.126961693553312e-07,9.056467433765647e-07,1.148001388173725e-06,1.2552637826956925e-06,1.1443190487625543e-05,6.280093657551333e-06,1.2103671906515956e-05,6.490285613836022e-06,8.876850188244134e-06,7.931698746688198e-06,1.6546881624890375e-06,3.2703139822842786e-06,1.8429274859954603e-05,6.101834514993243e-05,0.00034202111419290304,0.10717079788446426
98,The place of birth of Hamilton MacFadden is,The place of birth of the director of Hold That Girl is,Hamilton MacFadden,the director of Hold That Girl, Boston,1.801633402465086e-07,1.8372615159023553e-05,6.713374750688672e-05,6.552019476657733e-05,2.174360997742042e-05,1.5855728634051047e-05,1.1171190635650419e-05,9.845750355452765e-06,7.774382538627833e-06,3.3213379992957925e-06,1.7354843748762505e-06,2.8894917249999708e-06,2.8975325676583452e-06,2.94698475045152e-06,2.339711500098929e-06,7.233271617224091e-07,1.5304053704312537e-06,2.1888388346269494e-07,2.3045232921958814e-07,3.0703344577887037e-07,1.0959374918684262e-07,1.7788740080959542e-07,9.581427775628981e-07,3.1542431315756403e-06,4.077005996805383e-06,3.8210278034966905e-06,8.336467089975486e-07,1.1832282780233072e-06,1.9684871404024307e-06,3.6585618090612115e-06,3.294787347840611e-06,2.715532218644512e-06,8.17486761661712e-06,1.1715077562257648e-05,1.7692960682325065e-05,5.7856435887515545e-05,1.4453595213126391e-05,3.341972842463292e-05,5.8068715588888153e-05,1.2665281246881932e-05,1.0130268492503092e-05,8.651752068544738e-06,1.577172224642709e-05,1.1575705684663262e-05,1.1085843652836047e-05,1.0200384167546872e-05,3.853720954793971e-06,1.6914000298129395e-05,1.588543273101095e-05,9.522443178866524e-06,1.3018678146181628e-05,5.0279504648642614e-06,1.5088911823113449e-05,1.2111568139516748e-05,1.1606367479544133e-05,2.045341489065322e-06,2.4259466044895817e-06,7.131272354854445e-07,1.0878289913307526e-06,1.3354004977372824e-06,1.2672616094278055e-06,2.8322858725005062e-06,2.919118458066805e-07,3.216850075205002e-07,2.2252224596286396e-07,2.3355103451194736e-07,3.6823544746766856e-07,3.5185240676582907e-07,2.149593569811259e-07,1.706510772692127e-07,1.4184213625867415e-07,2.0485384766288917e-07,2.6132099151254806e-07,1.7275328900723252e-07,1.8157584236178081e-07,4.428039517279103e-07,4.263986568275868e-07,1.7371569072111015e-07,4.223091423227743e-07,6.190733188304876e-07,0.0003059215669054538,0.005256148520857096
99,The place of birth of Agnes Carlsson is,The place of birth of the performer of Stranded is,Agnes Carlsson,the performer of Stranded, Vänersborg,1.275697195524117e-05,1.0976838893839158e-05,0.0001199860853375867,2.725436570472084e-05,6.839250090706628e-06,4.9604743253439665e-05,1.715643156785518e-05,3.8376779230020475e-06,1.2555629837152082e-05,2.6831530703930184e-06,3.0630844776169397e-06,8.905227559807827e-07,4.736850200970366e-07,2.966976353491191e-06,2.4947257770691067e-06,1.272735744350939e-06,9.189334377879277e-06,6.017020837134623e-07,1.7549347148815286e-06,4.975586875843874e-07,2.3533564217359526e-06,7.36324750505446e-07,2.0385040500059404e-07,4.5002755655332294e-07,1.6052972284796851e-07,1.1341233374650983e-07,6.371987382181032e-08,8.301955745082523e-07,1.675492171671067e-07,4.617883405444445e-06,2.112271246801356e-08,1.0004803243646165e-06,2.8677002319454914e-06,1.529165842839575e-07,3.0911334647498734e-07,2.698337198125955e-07,2.874811116271303e-06,1.508208970335545e-05,6.744617166987155e-06,2.2643464490101906e-06,5.835087790728721e-07,6.5576255110499915e-06,4.189952051092405e-06,9.454691962673678e-08,4.180942170251001e-08,6.157095526759804e-07,1.734146479748233e-07,4.6373134665600446e-08,3.997335085159648e-08,1.0161789987250813e-07,2.073451241813018e-07,7.023721195764665e-07,1.127875975726056e-06,5.193163019612257e-07,4.2748644091261667e-07,9.978933945831159e-08,6.033234285496292e-07,1.481314939155709e-06,9.026415455082315e-07,5.6281951401615515e-06,1.6576839243498398e-06,4.1476773731119465e-06,1.2307607448747149e-06,6.29684905106842e-07,1.3545318324759137e-06,5.447620424092747e-06,8.312532031595765e-07,2.788188112390344e-06,8.12720656995225e-07,1.5278361388482153e-05,1.874335612228606e-05,0.00047407258534803987,0.1783140003681183,0.00507391756400466,0.020255692303180695,0.023721301928162575,0.0023675451520830393,0.300079882144928,0.1268225461244583,0.0013631393667310476,0.0007396109867841005,0.8861384987831116
