Unnamed: 0,explicit_sentence,obscure_sentence,explicit_entity,obscure_entity,answer,ans_prob_lens_edit_layer0,ans_prob_lens_edit_layer1,ans_prob_lens_edit_layer2,ans_prob_lens_edit_layer3,ans_prob_lens_edit_layer4,ans_prob_lens_edit_layer5,ans_prob_lens_edit_layer6,ans_prob_lens_edit_layer7,ans_prob_lens_edit_layer8,ans_prob_lens_edit_layer9,ans_prob_lens_edit_layer10,ans_prob_lens_edit_layer11,ans_prob_lens_edit_layer12,ans_prob_lens_edit_layer13,ans_prob_lens_edit_layer14,ans_prob_lens_edit_layer15,ans_prob_lens_edit_layer16,ans_prob_lens_edit_layer17,ans_prob_lens_edit_layer18,ans_prob_lens_edit_layer19,ans_prob_lens_edit_layer20,ans_prob_lens_edit_layer21,ans_prob_lens_edit_layer22,ans_prob_lens_edit_layer23,ans_prob_lens_edit_layer24,ans_prob_lens_edit_layer25,ans_prob_lens_edit_layer26,ans_prob_lens_edit_layer27,ans_prob_lens_edit_layer28,ans_prob_lens_edit_layer29,ans_prob_lens_edit_layer30,ans_prob_lens_edit_layer31,ans_prob_lens_edit_layer32,ans_prob_lens_edit_layer33,ans_prob_lens_edit_layer34,ans_prob_lens_edit_layer35,ans_prob_lens_edit_layer36,ans_prob_lens_edit_layer37,ans_prob_lens_edit_layer38,ans_prob_lens_edit_layer39,ans_prob_lens_edit_layer40,ans_prob_lens_edit_layer41,ans_prob_lens_edit_layer42,ans_prob_lens_edit_layer43,ans_prob_lens_edit_layer44,ans_prob_lens_edit_layer45,ans_prob_lens_edit_layer46,ans_prob_lens_edit_layer47,ans_prob_lens_edit_layer48,ans_prob_lens_edit_layer49,ans_prob_lens_edit_layer50,ans_prob_lens_edit_layer51,ans_prob_lens_edit_layer52,ans_prob_lens_edit_layer53,ans_prob_lens_edit_layer54,ans_prob_lens_edit_layer55,ans_prob_lens_edit_layer56,ans_prob_lens_edit_layer57,ans_prob_lens_edit_layer58,ans_prob_lens_edit_layer59,ans_prob_lens_edit_layer60,ans_prob_lens_edit_layer61,ans_prob_lens_edit_layer62,ans_prob_lens_edit_layer63,ans_prob_lens_edit_layer64,ans_prob_lens_edit_layer65,ans_prob_lens_edit_layer66,ans_prob_lens_edit_layer67,ans_prob_lens_edit_layer68,ans_prob_lens_edit_layer69,ans_prob_lens_edit_layer70,ans_prob_lens_edit_layer71,ans_prob_lens_edit_layer72,ans_prob_lens_edit_layer73,ans_prob_lens_edit_layer74,ans_prob_lens_edit_layer75,ans_prob_lens_edit_layer76,ans_prob_lens_edit_layer77,ans_prob_lens_edit_layer78,ans_prob_lens_edit_layer79,answer_prob_obs,answer_prob_exp
0,The country of citizenship of Jaap Speyer is,The country of citizenship of the director of Lilli's Marriage is,Jaap Speyer,the director of Lilli's Marriage, Dutch,1.1783045920310542e-05,1.0006233424064703e-05,1.0650334843376186e-05,1.569310188642703e-05,5.969056473986711e-06,3.653043904705555e-06,1.4258394912758376e-05,1.541001256555319e-05,1.859669282566756e-05,2.9451939553837292e-05,2.3117467208066955e-05,2.3308351956075057e-05,5.128863631398417e-05,1.2384917681629304e-05,1.766692366800271e-05,7.953335625643376e-06,1.7794995073927566e-05,4.776372861670097e-06,3.273181209806353e-05,3.510956230456941e-05,3.5502403079590295e-06,1.1808970157289878e-05,2.741738353506662e-05,1.7832247976912186e-05,0.0001851342967711389,0.00012702951789833605,7.120341615518555e-05,8.58577259350568e-05,0.0002556624240241945,4.209933467791416e-05,0.0017138458788394928,0.0009297884535044432,0.0019261210691183805,0.0015407573664560914,0.0012018925044685602,0.0031333332881331444,0.0005409994628280401,0.1332821398973465,0.050704795867204666,0.0769859105348587,0.01972266659140587,0.022324195131659508,0.8584285974502563,0.8120655417442322,0.6519332528114319,0.544420599937439,0.5502048134803772,0.2896459102630615,0.4105772376060486,0.22935743629932404,0.19319918751716614,0.35720109939575195,0.2362229973077774,0.15839247405529022,0.0516546405851841,0.08402976393699646,0.0757819339632988,0.14792929589748383,0.05336281284689903,0.09517904371023178,0.06735307723283768,0.047359004616737366,0.03303287550806999,0.03304114192724228,0.05329713970422745,0.04736024886369705,0.053349778056144714,0.04734783619642258,0.02851034514605999,0.025631312280893326,0.026952557265758514,0.022580096498131752,0.03433223068714142,0.03901500999927521,0.05489590764045715,0.028884198516607285,0.08000105619430542,0.08401598036289215,0.02712646685540676,0.014755116775631905,0.0001257472176803276,0.00335746631026268
1,The place of birth of Dušan Hanák is,"The place of birth of the director of I Love, You Love is",Dušan Hanák,"the director of I Love, You Love", Bratislava,7.225622084661154e-06,2.047463112830883e-06,5.5893822718644515e-05,1.6202677215915173e-05,1.361262457066914e-05,2.781443254207261e-05,1.2056124433001969e-05,2.2901453121448867e-05,2.2516749595524743e-05,1.3628692613565363e-05,2.348777707084082e-05,3.905949415639043e-05,1.0842363735719118e-05,1.4650960110884625e-05,2.5880330213112757e-05,3.2170799386221915e-05,8.541625720681623e-05,1.6109986972878687e-05,6.1478731367969885e-06,5.165537731954828e-05,6.74171606078744e-05,0.0001194595533888787,3.210308568668552e-05,5.374555712478468e-06,2.5368592105223797e-05,1.8533681213739328e-05,8.828626050672028e-06,1.4809607819188386e-05,1.5018136764410883e-05,2.3411732399836183e-05,9.914933798427228e-06,6.616358405153733e-06,1.2608496035682037e-05,3.915239176421892e-06,2.0970705918443855e-06,4.3695281419786625e-06,8.600216006016126e-07,1.243148017238127e-05,1.2220581083965953e-05,4.5720371417701244e-06,1.4657998690381646e-05,2.5124834792222828e-05,2.6792224616656313e-06,4.211131454212591e-06,4.0323720895685256e-06,1.2087461982446257e-06,1.11778240352578e-06,2.5995029773184797e-06,1.2555816510939621e-06,4.912001827506174e-07,2.3072084331943188e-07,3.665398367047601e-07,1.1469380751805147e-06,3.7341365555221273e-07,2.93969065978672e-07,8.163951292772254e-08,1.9795716355019977e-07,9.918043986090197e-08,7.71578996250355e-08,6.189308265902582e-08,6.96106852160483e-08,3.427058103966374e-08,6.70609665576194e-08,3.28923199788278e-08,8.079547342276783e-08,2.818570443707813e-08,1.4716060370290052e-08,6.070322466911193e-09,2.626338702071962e-09,9.002824263859566e-09,1.8961575420917143e-08,4.19997654432791e-08,5.048358957537857e-07,1.1078638635808602e-05,2.1598425519187003e-05,0.0002230964892078191,0.00010408648086013272,0.003686008043587208,0.005808932241052389,0.0010043868096545339,0.1128707081079483,0.8184218406677246
2,The place of death of James Vincent is,The place of death of the director of Gold and the Woman is,James Vincent,the director of Gold and the Woman, New York,0.0001709538628347218,4.652565985452384e-05,3.7965925002936274e-05,7.080985233187675e-05,0.00010580840171314776,0.0005716988234780729,7.393002306343988e-05,4.227063254802488e-05,1.8182501662522554e-05,3.3072565202019177e-06,2.1504343749256805e-05,1.938444074767176e-05,1.079684716387419e-05,9.871683687379118e-06,2.5426170395803638e-06,3.794183840000187e-06,2.4868824766599573e-05,1.1095947229478043e-05,4.8599533329252154e-05,2.1113939510541968e-05,3.2485550036653876e-06,6.48673994874116e-06,3.517687218845822e-06,3.1772236980032176e-05,2.0065566786797717e-05,2.5213119442923926e-05,5.924053311900934e-06,7.46974692447111e-05,0.00011863426334457472,0.00024468364426866174,0.00013411832333076745,0.00019218079978600144,0.000381924444809556,0.0004670874332077801,0.0006157142925076187,0.0019367135828360915,7.264383748406544e-05,0.00014840808580629528,0.0004114281036891043,0.00036931224167346954,0.0005153322126716375,0.0010632571065798402,0.0002953632501885295,3.976284642703831e-05,0.0002778004854917526,0.00015407230239361525,0.00022084980446379632,0.0009355774964205921,0.00062020547920838,0.000311524432618171,0.0007082025986164808,0.0001070129728759639,0.0008947353344410658,0.00027325155679136515,0.0002936364326160401,0.0005306351231411099,0.0002118817064911127,0.00026116290246136487,0.0001322095631621778,0.0001517130440333858,0.00024341436801478267,0.00015621237980667502,0.0002132782101398334,0.00017980736447498202,0.00010030555858975276,0.00012459720892366022,7.988885045051575e-05,0.00022571782756131142,0.00027076908736489713,0.00045220868196338415,8.07300821179524e-05,0.00011472415644675493,0.00019019070896320045,4.366358189145103e-05,0.00020994912483729422,4.860936678596772e-05,0.00013237200619187206,0.0008348266710527241,0.0005174060352146626,0.002956432057544589,8.765982784098014e-05,0.00093993847258389
3,The place of birth of Emil Loteanu is,The place of birth of the director of Lăutarii is,Emil Loteanu,the director of Lăutarii, Romania,3.2461905448144535e-06,2.1678458779206267e-06,1.0563844625721686e-06,6.094313107496419e-07,1.3241364058558247e-06,7.637390240233799e-07,2.100090341627947e-06,2.44229477175395e-06,5.641822440338728e-07,8.896001872926718e-07,1.964049943126156e-06,1.8962952026413404e-06,1.2298690990064642e-06,1.490659542469075e-06,5.479843139255536e-07,1.4996923027865705e-06,5.526082986762049e-07,3.1150392487688805e-07,5.622920298264944e-07,1.9776204851496004e-07,1.4993742070146254e-07,4.465779284146265e-07,2.6514137516642222e-06,6.689630254186341e-07,3.383636340004159e-07,5.065008963356377e-07,3.568959812128014e-07,1.5064834713029995e-07,4.6451950197479164e-07,4.615737339008774e-07,1.0258306247123983e-05,1.2540698662633076e-05,3.358970207045786e-05,1.5470148355234414e-05,3.53837003785884e-06,2.7560747639654437e-06,6.6090374275518116e-06,8.791830623522401e-06,1.888806036731694e-05,0.0002769370621535927,2.3627368136658333e-05,5.346530997485388e-06,4.54849396192003e-06,4.975858701072866e-06,5.036779384681722e-06,3.9946585275174584e-06,6.972829851292772e-07,5.244395993031503e-07,2.0813898515825713e-07,4.086577689577098e-07,2.0956261437277135e-07,5.400614710993068e-08,3.627539229000831e-07,8.942760132413241e-08,2.4544362986489432e-08,1.6932331092789354e-08,5.136385894388695e-08,4.039872436578662e-08,3.3482301375897805e-08,9.52632746020754e-08,3.942750836927189e-08,3.936622761102626e-08,3.5271426668259664e-08,7.893997633345862e-08,2.719758107616599e-08,4.533962538744163e-08,3.22749045267301e-08,4.284634513851415e-08,1.175486659121816e-07,1.1267361088584948e-07,3.061891789002402e-07,2.83522467725561e-07,2.8490964609773073e-07,3.9788986327948805e-07,3.2098625979415374e-07,2.0790096186829032e-06,1.4807988009124529e-06,9.458154636377003e-06,2.323930493730586e-05,9.282368409913033e-06,0.0019810176454484463,0.0036820208188146353
4,The country of citizenship of Archduke Karl Salvator of Austria is,The country of citizenship of the father of Archduke Leopold Salvator of Austria is,Archduke Karl Salvator of Austria,the father of Archduke Leopold Salvator of Austria, Italian,7.487500624847598e-06,6.906955150043359e-06,7.385962362604914e-06,2.3506117940996774e-06,2.438165665807901e-06,6.323945740405179e-07,1.005869535219972e-06,7.874734251345217e-07,3.486735977276112e-06,5.593482001131633e-06,8.747905667405576e-06,1.987929681490641e-05,1.1279202226432972e-05,6.754356945748441e-06,1.0739910976553801e-05,4.3369486775191035e-06,8.543410331185441e-06,2.0976804080419242e-05,1.986828283406794e-05,7.08146981196478e-05,2.620696250232868e-05,8.500519470544532e-06,3.636984729382675e-06,4.998415533918887e-06,6.679092166450573e-06,1.3125434634275734e-05,3.0334167604451068e-06,8.302724381792359e-06,1.1302839084237348e-05,4.827912107430166e-06,7.041963272058638e-06,3.784215323321405e-06,7.59671183914179e-06,2.168022001569625e-05,9.050709195435047e-06,2.4101895178318955e-05,5.41442113899393e-06,2.1686038962798193e-05,1.0657430721039418e-05,2.0109609977225773e-05,8.775612514000386e-06,9.496190614299849e-06,3.156205639243126e-05,4.655445445678197e-05,1.9083061488345265e-05,1.836904266383499e-05,2.6512447220738977e-05,2.6559280740912072e-05,8.080997213255614e-05,2.3114880605135113e-05,4.935455581289716e-05,9.393718937644735e-05,6.721481622662395e-05,7.613837806275114e-05,5.162300294614397e-05,0.00039227158413268626,0.0003432590456213802,0.00019346414774190634,0.0002597005513962358,0.00016628102457616478,0.00048155803233385086,0.0006764698773622513,0.00041047247941605747,2.7292289814795367e-05,6.716386997140944e-05,0.00012510937813203782,0.00011252440890530124,6.79239965393208e-05,0.0001329654041910544,5.9610334574244916e-05,0.00018345708667766303,9.841687278822064e-05,7.840619218768552e-05,8.406111010117456e-05,0.0001171812109532766,1.6966483599389903e-05,1.6930627680267207e-05,5.506902380147949e-05,0.00025966804241761565,0.0010595426429063082,4.497737972997129e-05,0.0001568612497067079
5,The place of birth of Joseph Louis De Grasse is,The place of birth of the director of Father and the Boys is,Joseph Louis De Grasse,the director of Father and the Boys, New Brunswick,0.00032590230694040656,0.00017427286366000772,0.00015111353422980756,0.0001791941176634282,0.000534704711753875,0.0006896189297549427,0.00018385752628091723,0.00023386960674542934,0.0005130596691742539,0.00010382352047599852,4.8591537051834166e-05,0.0001147385555668734,4.4742053432855755e-05,5.666472134180367e-05,1.7691738321445882e-05,2.9416760298772715e-05,0.00028539763297885656,0.00024648485123179853,0.0006788261816836894,3.182856016792357e-05,1.9401468307478353e-05,4.409887878864538e-06,1.1354172784194816e-05,1.3014953765377868e-05,5.6789191148709506e-05,0.00014096710947342217,8.145553874783218e-05,0.00024348478473257273,0.0005191413220018148,0.0011976934038102627,0.0016441502375528216,0.0007782650063745677,0.001834995811805129,0.001074140309356153,0.0026868944987654686,0.002770954044535756,0.00016492092981934547,0.0010207683080807328,0.00034945886000059545,0.0003859669668599963,0.0001098585853469558,0.0006631771684624255,4.4685039028991014e-05,4.5779226638842374e-05,4.267237818567082e-05,4.814952990273014e-05,7.855060539441183e-05,0.00042100678547285497,0.0007199417450465262,0.001736633013933897,0.0014349690172821283,0.00042883603600785136,0.0012673288583755493,0.000827467767521739,0.0005984280142001808,0.000794258201494813,0.00023662026796955615,0.0001804367930162698,9.192923607770354e-05,0.00021268338605295867,0.0003038957074750215,0.00011355732567608356,0.0005318738403730094,0.0002327347465325147,0.0001293019304284826,4.661551065510139e-05,9.808594040805474e-05,0.0001304158940911293,6.478229624917731e-05,0.00024766751448623836,0.00011832562449853867,2.549997589085251e-05,2.3338636310654692e-05,7.501984509872273e-05,7.482278306270018e-05,1.7319132894044742e-05,3.7336871173465624e-05,3.4051030525006354e-05,5.4295986046781763e-05,0.00010132031457033008,0.0021015105303376913,0.003255456918850541
6,The place of death of M. B. Sreenivasan is,The place of death of the composer of Onappudava is,M. B. Sreenivasan,the composer of Onappudava, Lakshadweep,4.831727551390941e-07,1.0197979918302735e-06,8.048895324463956e-06,8.867392580214073e-07,1.544085193927458e-06,5.849481681252655e-07,5.682707069354365e-07,5.657100246025948e-07,1.3727178611588897e-06,7.459609605575679e-07,7.66884841141291e-06,1.548250838823151e-05,0.00015275555779226124,1.2324838280619588e-05,8.536476343579125e-06,3.0632127163698897e-06,3.906307483703131e-06,4.745904334413353e-06,1.1409810213081073e-05,4.669312147598248e-06,1.5218603266475839e-06,9.150652658718172e-06,5.340871666703606e-06,1.8770835595205426e-05,1.8417138107906794e-06,3.168182047375012e-06,7.887613833190699e-07,4.810861469195515e-07,1.1460608675406547e-06,3.2178186870623904e-07,1.1955191894230666e-06,2.13355428968498e-06,4.63552760265884e-06,5.056953341409098e-06,2.508176976334653e-06,1.5624921161361272e-06,6.767297691112617e-06,2.5638885290391045e-06,7.784789204379194e-07,7.354794888669858e-07,6.735252213729837e-07,7.0835517362866085e-06,3.823959104920505e-06,2.120485760315205e-06,1.1645298627627199e-06,5.185041118238587e-06,2.823100203386275e-06,4.785610144608654e-06,4.2442497942829505e-06,4.289194293960463e-06,2.3260474790731678e-06,4.85331747768214e-06,2.4840164769557305e-06,3.982030648330692e-06,3.483376531221438e-06,8.622851623840688e-07,6.388567044268711e-07,6.290970873124024e-07,3.578050495889329e-07,2.55184687603105e-07,1.885147753455385e-07,2.9049923000457056e-07,5.208356128605374e-07,9.027963301377895e-07,1.249829665539437e-06,4.315481589856063e-07,2.464704778049054e-07,1.9459663747056766e-07,3.03644640098355e-07,2.589756320503511e-07,1.8014169711477734e-07,9.80238823444779e-08,2.0129701283622126e-07,4.823536414733098e-07,2.7300430360810424e-07,6.073705094422621e-07,2.800962306537258e-07,8.301592515636003e-07,5.55790336420614e-07,5.695607683264825e-07,0.0003488212823867798,0.00012365543807391077
7,The place of death of Zine El Abidine Ben Ali is,The place of death of the spouse of Naïma Ben Ali is,Zine El Abidine Ben Ali,the spouse of Naïma Ben Ali, Jeddah,0.0003469779039733112,0.0002543688751757145,0.0002084987936541438,0.00036917251418344676,0.0002469810133334249,7.152453326852992e-05,8.811862062430009e-05,5.201382373343222e-05,0.00020092447812203318,0.0001461926440242678,4.909019025944872e-06,3.0474406230496243e-05,0.00010574503539828584,3.0156526918290183e-05,0.0004476757603697479,0.0002369149588048458,0.00021914909302722663,0.00021214083244558424,0.000500993977766484,0.0004641078703571111,0.00032988181919790804,0.0004196067457087338,5.698523818864487e-05,4.733925379696302e-06,1.1119273949589115e-05,3.1097747523745056e-06,5.947388672211673e-06,4.181263648206368e-05,1.852937748481054e-05,3.1798830605112016e-05,3.806949462159537e-05,0.00010997108620358631,0.0006837847759015858,0.0001491337170591578,0.0002750464773271233,0.00037269064341671765,0.00028115950408391654,1.951344165718183e-05,0.0001792100229067728,1.1992115105385892e-05,0.0002883398556150496,0.00015994999557733536,3.269512308179401e-05,2.99686780635966e-05,7.909163286967669e-06,2.0308552848291583e-05,1.247548425453715e-05,2.8308701075729914e-05,3.347205347381532e-05,1.4091216144151986e-05,0.00012780577526427805,5.270254041533917e-05,3.207670306437649e-05,0.0001628676982363686,0.00021235243184491992,4.054129749420099e-05,0.0001862964709289372,0.0003720787644851953,0.0022774050012230873,0.0038633381482213736,0.007069521117955446,0.0477956086397171,0.11768854409456253,0.07474250346422195,0.14404284954071045,0.7466792464256287,0.39790716767311096,0.6925635933876038,0.3220519423484802,0.37807419896125793,0.7920340895652771,0.9716066718101501,0.9956260919570923,0.9910199046134949,0.9780986309051514,0.9924141764640808,0.996209979057312,0.997951328754425,0.9457410573959351,0.9788277745246887,4.840598558075726e-05,0.054478343576192856
8,The country of Charles University is,The country of the publisher of Prague Papers on the History of International Relations is,Charles University,the publisher of Prague Papers on the History of International Relations, Czech Republic,1.097447807296703e-06,1.656267016869606e-07,6.368782834442754e-08,5.1996970285017596e-08,8.532535389349505e-08,4.4193191683916666e-07,2.2049958658953983e-07,1.2736698806747881e-07,1.8708868765315856e-07,1.6474506026042945e-07,2.4058513758973277e-07,3.675285142890061e-07,1.5190572355550103e-07,1.716672102247685e-07,9.963547142888274e-08,1.5960536359216349e-07,2.0453506976991775e-07,1.8948661306694703e-07,5.324416747498617e-07,6.062153943275916e-07,8.582844088778074e-07,1.3371908380577224e-06,7.68683662499825e-07,4.384560270409565e-06,1.614288703422062e-05,8.601588888268452e-06,1.0999674486811273e-06,1.2915961633552797e-06,1.2419864106050227e-06,3.141822389807203e-06,2.726744696701644e-06,2.4757243863859912e-06,1.2343692787908367e-06,2.2211120267456863e-06,2.21924665311235e-06,4.1239638903789455e-07,5.594558842858532e-07,5.425837116490584e-06,2.8099100291001378e-06,2.262316229462158e-06,2.0988127289456315e-06,3.64980428457784e-06,0.0003065977361984551,0.00029780922341160476,0.0005826508859172463,0.0003661613445729017,0.0003544021747075021,0.00039567353087477386,0.00027499557472765446,0.0004047500260639936,0.0003621673968154937,0.00021878724510315806,0.00016268265608232468,0.000242284731939435,0.0001899657945614308,8.997690747492015e-05,0.00021708097483497113,0.00022335629910230637,0.0003852789814118296,0.00019271737255621701,0.00016576971393078566,0.00010246949386782944,0.00017904136620927602,7.913146691862494e-05,6.918930012034252e-05,6.311324250418693e-05,7.022923819022253e-05,0.0001505757827544585,0.0002584479807410389,0.00045238202437758446,0.0005318376352079213,0.0010295526590198278,0.0009587983367964625,0.0005589884822256863,0.0002521332644391805,0.0006024736794643104,3.964984352933243e-05,1.1203245776414406e-05,5.938693902862724e-06,5.3969602049619425e-06,0.4517287313938141,0.0672052800655365
9,The employer of Éric Rohmer is,The employer of the director of Triple Agent is,Éric Rohmer,the director of Triple Agent, Cahiers du cinéma,1.4312200846688938e-06,2.338108060939703e-06,3.567917701730039e-06,4.6471697714878246e-05,3.045687662961427e-05,0.00010165975982090458,0.0003009663487318903,0.0003437959821894765,7.387462392216548e-05,0.00023878610227257013,0.0003789793117903173,5.005899220122956e-05,1.411884841218125e-05,7.116810593288392e-05,8.625500413472764e-06,4.46553804067662e-06,2.4490345822414383e-06,2.8447348086046986e-06,4.420105142344255e-06,6.9912771323288325e-06,0.00015870905190240592,7.227490277728066e-05,1.0612813639454544e-05,2.869402123906184e-05,1.830249311751686e-05,4.536847336567007e-05,5.448381489259191e-05,2.2681419068248942e-05,1.522722959634848e-05,1.0741486221377272e-05,7.883853868406732e-06,3.2450018352392362e-06,6.479878607024148e-07,4.3782270608971885e-07,1.0105799219672917e-06,6.7258606577524915e-06,7.462337634933647e-06,4.18775380239822e-06,3.5356001717445906e-06,3.157871333314688e-06,3.4025470085907727e-06,3.905380253854673e-06,2.4947807105490938e-05,2.4684448362677358e-05,5.3905841923551634e-05,0.000118353906145785,4.66456294816453e-05,7.417999586323276e-05,5.409348159446381e-05,2.3638579023099737e-06,3.180281282766373e-06,3.437864052102668e-06,1.99593687284505e-05,2.077488943541539e-06,1.8232376532978378e-05,2.590501208032947e-05,0.00016557281196583062,0.00038768749800510705,0.0005029620369896293,0.0002564714231994003,0.0002085861488012597,0.00014639437722507864,0.00014601410657633096,0.00013323324674274772,0.00018577153969090432,8.410789450863376e-05,0.00011836304474854842,0.00017647937056608498,0.00020971092453692108,0.0002372618328081444,9.919057629304007e-05,0.000136924660182558,0.00017285773355979472,0.00021506399207282811,0.00015055597759783268,0.000473623163998127,0.0003556734009180218,5.565620813285932e-05,0.00011589300993364304,0.00011346461542416364,7.766246199025773e-06,4.225887096254155e-05
10,Khoa Do received the,The director of Footy Legends received the,Khoa Do,the director of Footy Legends, Young Australian of the Year,2.852096088190592e-07,7.276538553924183e-07,1.4803008525632322e-06,8.805832862890384e-07,3.5594561609286757e-07,1.5571775975331548e-06,4.587959665514063e-06,7.14246925781481e-05,1.4604202078771777e-05,0.00021992778056301177,0.00046090965042822063,7.666045712539926e-05,6.0408469835238066e-06,6.044076599209802e-06,1.0377940270700492e-05,2.201440793214715e-06,1.8672162696020678e-06,1.3287758520164061e-06,6.790563134018157e-07,1.3164174106350401e-06,2.5138629666798806e-07,5.283473569761554e-07,1.8241953512188047e-06,9.601387773727765e-07,2.969222350657219e-06,2.5457195533817867e-06,1.654698166930757e-06,1.7937545635504648e-06,2.0368097466416657e-06,4.17720684708911e-06,2.4369337552343495e-06,1.7674241462373175e-05,3.7678810258512385e-06,9.42458791541867e-06,6.86223847878864e-06,9.905607839755248e-06,4.172667831880972e-05,5.9094778407597914e-05,0.00015306349087040871,0.00020476413192227483,6.248916906770319e-05,0.00028100513736717403,7.700364221818745e-05,6.919951556483284e-05,1.627000528969802e-05,4.397942029754631e-05,0.00010144540283363312,0.0002025131689151749,0.00016097704065032303,0.00014099004329182208,7.875893061282113e-05,2.5220917450496927e-05,2.8082591597922146e-05,5.743693691329099e-05,3.938495501643047e-05,6.0112623032182455e-05,4.6132267016218975e-05,8.228810474975035e-05,3.737611405085772e-05,1.3358978321775794e-05,7.9918736446416e-06,1.1477629414002877e-05,3.377288885531016e-05,1.8917642591986805e-05,3.9698021282674745e-05,2.7167143343831412e-05,1.1822395208582748e-05,2.478798160154838e-05,1.785206222848501e-05,2.3414560928358696e-05,7.057720358716324e-05,2.150421278201975e-05,9.301987120124977e-06,3.0311213777167723e-05,1.7560074411449023e-05,4.4583016460819636e-06,2.182771595471422e-06,4.8784959290060215e-06,2.202798714279197e-05,9.281782695325091e-05,0.002272786805406213,0.007789483293890953
11,The place of death of Luciano Salce is,The place of death of the director of Basta guardarla is,Luciano Salce,the director of Basta guardarla, Rome,6.965670309000416e-06,1.7683900068732328e-06,3.7332474676077254e-06,3.0087608138273936e-07,1.144715255918527e-07,2.64720995346579e-07,5.667779987561516e-07,2.001764414671925e-06,3.528484057824244e-06,1.1541892490640748e-06,1.0586691132630222e-05,1.0062668479804415e-05,4.680754500441253e-06,3.6057535908184946e-06,1.9881872503901832e-05,4.120519952266477e-05,6.058142753317952e-05,2.0569510525092483e-05,6.1740079217997845e-06,1.9772720349919837e-07,1.068108076651697e-06,3.552086695890466e-07,3.421873202569259e-07,1.2290116728763678e-06,2.3597722247359343e-06,4.790369530383032e-06,4.875394097325625e-06,2.6133875508094206e-06,4.742622422782006e-06,1.2892531231045723e-05,9.443533599551301e-06,9.40882910072105e-06,8.36785420688102e-06,6.024335107213119e-06,4.032910965179326e-06,9.58836517384043e-06,2.004147245315835e-05,0.00028457975713536143,0.0006404662854038179,0.0004910086281597614,0.00041372780106030405,0.0005293572321534157,0.0009162331116385758,0.0006876700790598989,0.001720076659694314,0.007148307748138905,0.007162388414144516,0.008402831852436066,0.0055570825934410095,0.00612129271030426,0.015325145795941353,0.0764106810092926,0.061869967728853226,0.04493717849254608,0.09965714812278748,0.13101570308208466,0.27265140414237976,0.20059221982955933,0.4487191140651703,0.5724601745605469,0.32725027203559875,0.30103835463523865,0.46005183458328247,0.33518096804618835,0.2999016046524048,0.8473175168037415,0.7470272183418274,0.176972895860672,0.16029372811317444,0.28892678022384644,0.3979170620441437,0.315032422542572,0.20066946744918823,0.1328299641609192,0.19294366240501404,0.4589924216270447,0.33763328194618225,0.13360494375228882,0.33234918117523193,0.029491223394870758,0.003752972697839141,0.40204694867134094
12,The place of birth of Fernando Di Leo is,The place of birth of the director of Mister Scarface is,Fernando Di Leo,the director of Mister Scarface, San Ferdinando di Puglia,1.6156656101884437e-06,9.14615100100491e-07,3.113156481049373e-06,8.743842954572756e-06,9.316442628914956e-06,1.9718614566954784e-05,7.856628144509159e-06,9.23727020563092e-06,8.726145097170956e-06,8.496163900417741e-06,1.4042218936083373e-05,6.9851043917879e-06,1.6765325199230574e-06,2.3199319912237115e-05,3.926895806216635e-05,2.0647603378165513e-05,1.251626144949114e-05,1.0604349881759845e-05,8.812954183667898e-05,1.337347293883795e-05,2.654981472005602e-06,1.9360042642802e-05,5.9379667618486565e-06,4.3512707634363323e-05,1.719212559692096e-05,1.9264940419816412e-05,4.257517048245063e-06,1.3916800526203588e-05,3.0655894533992978e-06,2.340323590033222e-06,2.098277946060989e-06,1.9884362245647935e-06,6.020142677698459e-07,9.766488062723511e-08,1.6525351043128467e-07,1.8997696997757885e-06,4.541434464044869e-06,4.0108930988935754e-05,3.151758573949337e-05,1.0535942237765994e-05,8.539373993698973e-06,9.09539721760666e-06,2.8148062938271323e-06,3.74255023416481e-06,2.570661763456883e-06,1.5492804550376604e-06,1.9089320630882867e-06,3.94905464418116e-06,1.8243722479382996e-06,1.036636604112573e-06,5.184708697925089e-06,1.6533009556951583e-06,3.014988806171459e-06,1.001290797830734e-06,9.599247050573467e-07,4.383463192425552e-07,6.937098078196868e-07,6.680903084088641e-07,9.112649195230915e-07,2.1399085881057545e-07,2.7263214974482253e-07,5.081244012217212e-07,2.456974073083984e-07,1.3195865733450773e-07,1.1172967333550332e-06,5.154167297405365e-07,1.7989628986470052e-07,2.8010160235680814e-07,2.832037750977179e-07,4.505369872731535e-07,4.767457255638874e-07,1.327407403550751e-06,3.967012162320316e-06,1.0035945706476923e-05,0.0004821714828722179,0.0035031724255532026,0.0010200705146417022,0.07787484675645828,0.01734439842402935,0.0030494993552565575,0.006465139798820019,0.33145904541015625
13,The employer of Éric Rohmer is,The employer of the director of Love in the Afternoon is,Éric Rohmer,the director of Love in the Afternoon, Cahiers du cinéma,3.395690100660431e-06,1.128621192947321e-06,2.248903001600411e-06,3.933461812266614e-06,8.636694474262185e-06,1.6674992366461083e-05,0.0001211893541039899,0.00011670519597828388,2.0633327949326485e-05,6.541399488924071e-05,0.00011681958130793646,1.60214513016399e-05,5.603587396763032e-06,1.5222760339383967e-05,2.287045390403364e-06,2.2675603759125806e-06,1.2039547527820105e-06,4.902717591903638e-06,2.912603576987749e-06,3.8954703995841555e-06,0.0001250389905180782,4.319637446315028e-05,1.0317336091247853e-05,6.408183980965987e-05,3.121634654235095e-05,4.821041147806682e-05,5.340119969332591e-05,1.3063995538686868e-05,1.3314722309587523e-05,1.0789122825372033e-05,3.6869425912300358e-06,1.4540344182023546e-06,7.18345745553961e-07,1.0576881095403223e-06,2.360358394071227e-06,5.239832717052195e-06,1.3909781046095304e-05,8.252183761214837e-06,8.898850865080021e-06,7.143121820263332e-06,7.051631200738484e-06,7.688989171583671e-06,3.904873665305786e-05,4.307488416088745e-05,0.0001375176216242835,0.0001228076871484518,6.9488312874455e-05,0.00010190534521825612,4.8409568989882246e-05,4.0905492824094836e-06,8.904877176973969e-06,5.865358616574667e-06,4.606540096574463e-05,1.4797361473029014e-05,4.483674274524674e-05,9.074623085325584e-05,0.000389668857678771,0.0008967772009782493,0.0007834011339582503,0.0007220824481919408,0.0006324161076918244,0.0007157591753639281,0.0006328550516627729,0.0005921560805290937,0.0005299991462379694,0.0002579236461315304,0.00044619941036216915,0.000686203537043184,0.0011946040904149413,0.0013401353498920798,0.000986612169072032,0.00134586775675416,0.0011928241001442075,0.0008892109035514295,0.0014849717263132334,0.0024660970084369183,0.0019496218301355839,0.000379137578420341,0.0007000908371992409,0.0007307037012651563,3.966161330026807e-06,4.225887096254155e-05
14,The date of death of Sergei Eisenstein is,The date of death of the director of The General Line is,Sergei Eisenstein,the director of The General Line, 11 February 1948,0.0013716748217120767,0.0034861864987760782,0.002125680446624756,0.018055390566587448,0.024519696831703186,0.010299384593963623,0.0011600581929087639,0.00012117695587221533,5.948547368461732e-06,1.47724520616066e-07,0.0001246529573109001,1.883074401121121e-05,5.085334487375803e-05,8.107476605800912e-05,0.03897383064031601,0.0019339107675477862,0.0016519022174179554,0.0015557199949398637,0.010895229876041412,0.0001597124501131475,0.0004967944696545601,0.0004381400649435818,0.009920368902385235,0.3296157419681549,0.220694437623024,0.0013443533098325133,0.0030563813634216785,0.0034921567421406507,0.0017779030604287982,0.07509429007768631,0.0006632856675423682,0.009044858627021313,0.04043959826231003,0.021243823692202568,0.0011620016302913427,0.0017596832476556301,0.00250955275259912,0.00024147560179699212,4.250586425769143e-05,0.0015982058830559254,1.63718232215615e-05,6.2620961216453e-06,0.002374076284468174,0.001674824277870357,0.0034831026569008827,0.005265270359814167,0.4790266752243042,0.4399324953556061,0.3119784891605377,0.11599524319171906,0.2174815684556961,0.18196070194244385,0.6084394454956055,0.005350455641746521,0.3944125771522522,0.007342166267335415,0.009301823563873768,0.27692732214927673,0.01187161449342966,0.5740456581115723,0.05385134369134903,0.005025426857173443,0.0021895631216466427,0.004833609331399202,0.2512364983558655,0.04922015219926834,0.12820343673229218,0.1257714331150055,0.1993061751127243,0.05639954283833504,0.14135341346263885,0.0155385322868824,0.4402881860733032,0.1083931252360344,0.28685420751571655,0.6760462522506714,0.7887071371078491,0.3434549868106842,0.6281234622001648,0.08544868975877762,0.09218914061784744,0.19638042151927948
15,The cause of death of Philippa of Hainault is,The cause of death of the mother of Joan of England is,Philippa of Hainault,the mother of Joan of England, edema,3.995483893959317e-06,9.866634172794875e-06,1.2709939255728386e-05,2.053289790637791e-05,1.596008223714307e-05,4.049615654366789e-06,5.090159447718179e-06,1.066683489625575e-05,3.836765245068818e-06,2.719439635257004e-06,7.052021260278707e-07,1.1794423926403397e-06,1.33309333705256e-06,2.2152014480525395e-06,2.9275252018123865e-06,3.634178028733004e-06,1.646629061724525e-05,9.228200724464841e-06,8.653324039187282e-05,3.192246731487103e-05,3.622324948082678e-05,2.726141019593342e-06,0.00020055977802257985,1.981489003810566e-05,2.832251448126044e-05,2.0451601812965237e-05,4.694738436228363e-06,1.0726334039645735e-05,8.23055779619608e-06,8.449608685623389e-06,1.4178672245179769e-05,2.384180697845295e-05,6.50620277156122e-05,7.684400770813227e-05,7.194935460574925e-05,0.00011585535685298964,2.279765612911433e-05,3.723319969139993e-05,2.590903386590071e-05,5.641756797558628e-05,0.00014921397087164223,0.0003563204372767359,0.00021760730305686593,0.00020706346549559385,0.001144137349911034,0.0002980710123665631,9.7856049251277e-05,0.00036569018266163766,0.00016630117897875607,0.00013578415382653475,0.00045990306534804404,0.000565987138543278,0.00022515370801556855,0.0004675843520089984,0.0004782627511303872,0.00022590452863369137,0.0001426383387297392,0.000403666403144598,0.00021570318494923413,0.00046038496657274663,0.0007645004079677165,0.0004002460918854922,0.0003613591834437102,0.00040668033761903644,0.00011918425298063084,0.00013930258865002543,0.0003461972519289702,0.00019620638340711594,0.00036176128196530044,0.00028698149253614247,0.00022580016229767352,9.851250069914386e-05,0.00019381707534193993,0.00011434251791797578,7.014410948613659e-05,3.298848605481908e-05,7.744352478766814e-05,6.331662007141858e-05,0.00012135005817981437,1.4948983334761579e-05,9.45436204347061e-06,1.1640160664683208e-05
16,The place of death of Adolf IV of Berg is,The place of death of the father of Count Engelbert I of Berg is,Adolf IV of Berg,the father of Count Engelbert I of Berg, Altenberg,1.904202508740127e-05,1.3590964954346418e-05,1.3853219570592046e-05,2.4026256141951308e-05,6.99783195159398e-05,3.487312642391771e-05,6.589700933545828e-05,3.506551729515195e-05,8.85107001522556e-05,0.0001292035449296236,4.467021790333092e-05,0.00010834687418537214,1.6566202248213813e-05,4.0505903598386794e-05,3.092247061431408e-05,2.091094029310625e-05,4.836967491428368e-05,0.00010896629100898281,5.406142372521572e-05,3.5835164453601465e-05,5.3949861467117444e-05,1.1590992471610662e-05,3.509192538331263e-05,9.717173270473722e-06,1.5752209947095253e-05,0.00012734545452985913,0.00012299342779442668,0.00016077862528618425,5.677729859598912e-05,0.00013219086395110935,0.00013365986524149776,0.0003843360173050314,0.00011712318519130349,9.185050294036046e-05,3.3172171242767945e-05,0.00021394368377514184,0.00011580339196370915,7.543585525127128e-05,1.7501159163657576e-05,5.9551693993853405e-05,7.771629316266626e-05,4.144304693909362e-05,3.5131168260704726e-05,1.0994408512488008e-05,2.421827957732603e-05,2.554328784754034e-05,1.7199223293573596e-05,7.56344452383928e-05,0.00011421274393796921,3.631448635132983e-05,2.596584818093106e-05,4.083157182321884e-05,6.097788718761876e-05,7.626132719451562e-05,3.257643766119145e-05,3.272721005487256e-05,2.2254997020354494e-05,9.463492460781708e-05,3.53929863194935e-05,0.00014848911087028682,0.00021884535090066493,7.612181070726365e-05,5.3589727031067014e-05,0.00012709559814538807,2.9725442800554447e-05,2.169826257159002e-05,2.6894054826698266e-05,1.9965435058111325e-05,1.1720349903043825e-05,1.8409049516776577e-05,7.299246499314904e-05,9.356388181913644e-05,9.030096407514066e-05,2.507632234483026e-05,6.0872258472954854e-05,0.0004693475493695587,0.0008814011816866696,0.002727020299062133,0.0017667819047346711,0.006575182545930147,0.0012031302321702242,0.00226600538007915
17,The date of death of Baudouin de Courtenay is,The date of death of the father of Cezaria Jędrzejewiczowa is,Baudouin de Courtenay,the father of Cezaria Jędrzejewiczowa, 3 November 1929,0.0038835923187434673,0.00337670324370265,0.06344041973352432,0.012204867787659168,0.033900678157806396,0.17696407437324524,0.19960641860961914,0.06538187712430954,0.007031424902379513,0.014945863746106625,0.009231065399944782,0.06616372615098953,0.14756742119789124,0.1593838334083557,0.06220586970448494,0.0424397736787796,0.001387390773743391,0.008735830895602703,0.023462697863578796,0.007482902146875858,0.0008494896464981139,6.302329711616039e-05,0.00017839507199823856,0.0019116938346996903,0.11373406648635864,0.025852981954813004,0.010964474640786648,0.1476598083972931,0.08309147506952286,0.20312725007534027,0.0003287766594439745,0.0001592153130332008,0.06271670013666153,0.09961064159870148,0.9737492203712463,0.8216150999069214,0.9203137159347534,0.7967281937599182,0.8896118402481079,0.8075771331787109,0.45330655574798584,0.3672994375228882,0.4232296347618103,0.836768627166748,0.5017748475074768,0.6958425045013428,0.2756728231906891,0.9129605889320374,0.08318697661161423,0.004575040657073259,0.027151118963956833,0.03986860811710358,0.06156635656952858,0.14888592064380646,0.007990877144038677,0.013049491681158543,0.0008382172673009336,0.030060552060604095,0.0009029350476339459,0.004036429338157177,0.004206440411508083,0.001156792975962162,0.006590281147509813,0.015062259510159492,0.07618679851293564,0.002749829087406397,0.24678781628608704,0.026738837361335754,0.059999365359544754,0.06819688528776169,0.02520478330552578,0.0001535745250293985,0.0012029496720060706,0.010721937753260136,0.0019014800200238824,0.053184181451797485,0.010482676327228546,0.013444148935377598,0.13770462572574615,0.007911186665296555,0.021644646301865578,0.06292207539081573
18,The place of birth of Carlos F. Borcosque is,The place of birth of the director of My Country's Wings is,Carlos F. Borcosque,the director of My Country's Wings, Valparaíso,2.5134734187304275e-06,5.417667125584558e-06,8.064126632234547e-06,1.9943097868235782e-05,1.608235288586002e-05,3.171379285049625e-05,6.852449587313458e-06,5.127238637214759e-06,6.473292614828097e-06,3.0670457817905117e-06,2.4203811335610226e-05,1.4222975551092532e-05,4.137263385928236e-05,0.0001652347418712452,6.92640314809978e-05,0.00018476338300388306,0.00047365936916321516,0.0008189869695343077,0.0020301600452512503,0.0012685509864240885,0.0013427527155727148,0.00024556706193834543,0.001414239639416337,0.00032491126330569386,0.0005981327849440277,0.0003154671867378056,0.00011490423639770597,0.00023933114425744861,6.825314630987123e-05,0.0002285117079736665,0.00015602202620357275,0.00011830760195152834,0.000443135155364871,4.307065682951361e-05,1.6784222680144012e-05,4.921220170217566e-05,1.3137584573996719e-05,4.614912541001104e-06,4.368580903246766e-06,5.420620254881214e-06,3.86052261092118e-06,5.6411404329992365e-06,2.519440158721409e-06,7.299497042367875e-07,5.033520210417919e-06,5.091646016808227e-06,5.788213456980884e-06,1.0842612027772702e-05,1.083700408344157e-05,1.0389430826762691e-05,6.314260190265486e-06,5.787943791801808e-06,6.493557066278299e-06,1.4404268767975736e-05,1.3128276805218775e-05,3.050348595934338e-06,2.594810212031007e-06,2.610242063383339e-06,5.470156338560628e-06,2.4181086700991727e-05,3.251278758398257e-05,2.8290733098401688e-05,6.312601180979982e-05,6.283926632022485e-05,9.907225467031822e-05,2.0666362615884282e-05,2.819261499098502e-05,8.583104317949619e-06,7.697763066971675e-06,2.7735932235373184e-05,5.196936399443075e-05,7.232352800201625e-06,1.4042714610695839e-05,1.7515634681330994e-05,1.105244973587105e-05,2.6122281724383356e-06,1.995096681639552e-05,1.9865237845806405e-05,9.791484626475722e-05,5.3201882110442966e-05,0.0005558159318752587,0.0008735129958949983
19,The employer of Joseph Barbera is,The employer of the director of Gallopin' Gals is,Joseph Barbera,the director of Gallopin' Gals, Van Beuren Studios,5.324466656020377e-06,2.9521163469325984e-06,1.626321363801253e-06,1.2944905165568343e-06,2.3569959921587724e-06,3.40824999511824e-06,5.54517737327842e-06,2.036003934335895e-06,3.6888960153191874e-07,3.065187570427952e-07,3.8648030908916553e-07,1.316856923949672e-06,8.148702477228653e-07,7.395033776447235e-07,5.259488489173236e-07,2.2315180103760213e-07,5.066426069788577e-07,1.146682734542992e-06,1.6824120621095062e-06,1.080337483472249e-06,1.4315427279143478e-06,9.082121437131718e-07,4.188329057797091e-06,2.831468464137288e-06,7.918113169580465e-07,1.3772812508250354e-06,8.752737130635069e-07,1.54225034521005e-07,9.867130756902043e-08,1.363442407864568e-07,1.9303426768146892e-07,2.398735148290143e-07,6.865634105679419e-08,1.1258889287546481e-07,4.965698963133036e-07,4.953341772306885e-07,7.143914331209089e-07,3.485096726763004e-07,7.176025746957748e-07,6.093832212172856e-07,1.2291196753722033e-06,1.4688201872559148e-06,9.60705392571981e-07,6.391321107912518e-07,8.933380968301208e-07,4.235614028402779e-07,7.412639888570993e-07,9.833061085373629e-07,2.410368779237615e-06,2.2132448975753505e-06,4.426697159942705e-06,2.70440955318918e-06,5.206721198192099e-06,1.37421977797203e-06,8.531586672688718e-07,5.821007107442711e-07,3.7791454587932094e-07,4.1801303041211213e-07,6.75432403340892e-08,7.927521039619023e-08,2.0130750044700108e-07,2.4982028890008223e-07,2.430845427170425e-07,6.731952453264967e-07,7.622494990755513e-07,3.2832429042173317e-07,8.049841540014313e-07,8.219679443755012e-07,3.4470161835997715e-07,3.307333997781825e-07,3.702873527799966e-07,2.2612381656017533e-07,4.3040793684667733e-07,4.60550495517964e-07,1.1399723121030547e-07,2.9125327927204125e-08,7.5886248396273e-08,1.287782396275361e-07,2.1574976472038543e-07,1.2614283662060188e-07,2.1522777387872338e-05,1.5337223885580897e-05
20,The spouse of Faith Evans is,The spouse of the performer of Burnin' Up is,Faith Evans,the performer of Burnin' Up, Notorious B.I.G.,9.812736243475229e-05,7.2739741881378e-05,9.047299681697041e-05,7.144661503843963e-05,2.89430063276086e-05,9.738557128002867e-05,4.674173760577105e-05,3.701730747707188e-05,7.6009187068848405e-06,1.4591595345336827e-06,1.1165259365952807e-06,7.963105304042983e-07,4.305130914872279e-06,6.951502200536197e-06,2.8664387627941323e-06,9.414853963107817e-08,1.991189719774411e-07,7.130309995773132e-07,4.406980679050321e-06,1.6199945093831047e-05,1.500565394962905e-05,8.882152906153351e-05,0.00037552521098405123,7.067507976898924e-05,6.705342093482614e-05,5.38269778189715e-05,5.1399034418864176e-05,0.00010363596811657771,8.321358473040164e-05,3.632183143054135e-05,9.19218800845556e-05,0.00017751094128470868,7.780789746902883e-05,3.903437027474865e-05,1.5562784028588794e-05,1.9204670024919324e-05,3.231363371014595e-05,3.130951154162176e-05,0.0001604652643436566,3.3986907510552555e-05,0.00010927617404377088,0.00011062993144150823,3.270670276833698e-05,1.6972633602563292e-05,2.2623089535045438e-05,3.986999217886478e-05,3.001381082867738e-05,2.8779966669389978e-05,0.00018503906903788447,0.0005377336638048291,0.00026341291959397495,0.000506650481838733,0.0003139961918350309,0.0017007180722430348,0.0007192494813352823,0.00019853095000144094,6.001117071718909e-05,0.00011137466935906559,0.00043024212936870754,0.0002776245237328112,0.0003259200893808156,0.0009796079248189926,0.00023673861869610846,8.537495887139812e-05,0.00026371757849119604,0.0005415640189312398,0.0002655982389114797,0.00188101502135396,0.0007317038835026324,0.00043970849947072566,0.0006391946808435023,0.0001367492222925648,0.00043250410817563534,0.0001424548536306247,0.0004966320702806115,0.0002770672144833952,0.00018204661319032311,3.66858989764296e-06,3.5051891700277338e-06,8.46654293127358e-05,6.273760664043948e-05,0.0014732192503288388
21,Jerzy Skolimowski was educated at,The director of Walkover was educated at,Jerzy Skolimowski,the director of Walkover, National Film School in Łódź,0.00016243872232735157,6.344125722534955e-05,8.314107253681868e-05,1.5931085727061145e-05,8.990640708361752e-06,6.672225026704837e-06,7.979986548889428e-06,1.42167518788483e-05,1.0526802725507878e-05,9.408256300957873e-05,0.00019530081772245467,0.0001923508825711906,3.213895615772344e-05,0.0001620749244466424,0.00044680776773020625,0.00014336990716401488,0.00024731011944822967,5.016100840293802e-05,0.0013075588503852487,0.0003079563903156668,0.0005564015009440482,0.0008780182106420398,2.634566044434905e-05,1.1980998351646122e-05,3.886033300659619e-05,1.8954617189592682e-05,1.8138405721401796e-05,4.2845590542128775e-06,4.694661129178712e-06,2.5730218112585135e-05,0.0001214942240039818,0.00016844412311911583,0.00035838191979564726,0.000657245225738734,0.0002997618285007775,0.0032067878637462854,0.0005737787578254938,0.00023107934975996614,7.400117465294898e-05,1.632090425118804e-05,9.507660251983907e-06,1.0225960068055429e-05,6.315361588349333e-06,5.710880031983834e-06,4.775028628500877e-06,2.3894838250271278e-06,7.730513061687816e-06,1.1674802408379037e-05,5.248524757917039e-06,1.7842364741227357e-06,2.8988295071030734e-06,2.218627969341469e-06,2.6626371436577756e-06,7.087892868185008e-07,3.9651934002904454e-07,1.643137039764042e-07,2.7623320875136415e-07,2.0739574324579735e-07,4.7604103770026995e-08,2.824119462729868e-07,3.921807092410745e-07,2.459275378896564e-07,1.7735376900418487e-07,2.0448440807285806e-07,3.9696860199001094e-07,3.6349757692732965e-07,2.12320145465128e-07,4.2295289404137293e-07,7.540180035903177e-07,3.3751859973563114e-07,2.4479535909449623e-07,4.2348136730652186e-07,1.5867060199070693e-07,1.1197177229860245e-07,2.628000856930157e-07,5.769143740508298e-07,9.915520422509871e-07,1.8154790950575261e-06,1.2148177574999863e-06,4.849265451412066e-07,0.0020821646321564913,0.00014927923621144146
22,The place of death of Nefertiti is,The place of death of the mother of Ankhesenamun is,Nefertiti,the mother of Ankhesenamun, Amarna,5.1466599870764185e-06,9.012614100356586e-06,1.3626004147226922e-05,6.70255976729095e-05,2.6152300051762722e-05,8.207335667975713e-06,2.118768861691933e-06,2.3718323518551188e-06,1.2964781035407213e-06,1.5751513728901045e-06,1.9418762349232566e-06,4.724638074549148e-06,1.453550680707849e-06,3.5879534152627457e-06,1.33302537506097e-05,2.4607348677818663e-05,1.5131448890315369e-05,2.6072930268128403e-05,1.924900061567314e-05,5.598351708613336e-05,1.0900628694798797e-05,8.108389920380432e-06,3.5530069908418227e-06,4.7551952775393147e-07,2.2946887838770635e-06,1.2026952163068927e-06,4.376418473839294e-06,7.988993274921086e-06,1.646176679059863e-05,2.116095129167661e-05,4.605482172337361e-05,2.1753077817265876e-05,1.7549647964187898e-05,1.9224786228733137e-05,1.6063626389950514e-05,2.2528349290951155e-05,1.8361524780630134e-05,8.922990673454478e-06,6.752480658178683e-06,8.04940555099165e-06,8.340886779478751e-06,1.00475790532073e-05,3.0164939744281583e-05,1.5921226804493926e-05,1.4203490536601748e-05,7.656740308448207e-06,7.89273326518014e-06,1.5123849152587354e-05,2.9066463866911363e-06,1.6371139963666792e-06,1.6339481589966454e-06,1.4166962500894442e-06,1.4330726116895676e-06,3.0087921913946047e-06,3.5201949231122853e-06,1.9063779745920328e-06,1.8544127442510216e-06,6.428512620004767e-07,7.841612728043401e-07,1.3378630683291703e-06,2.003504505410092e-06,2.8464626211643917e-06,2.425704224151559e-06,1.8015355180978077e-06,6.5814092522487044e-06,1.87906493920309e-06,2.2231127161376207e-07,5.228353643360606e-07,6.91889567860926e-07,4.3519955283954914e-07,3.8861166729020624e-08,1.835999512422859e-07,1.8099075305144652e-07,2.7575879357755184e-07,2.468575814873475e-07,1.2054668729888363e-07,1.1283776757409214e-07,4.2425906343623865e-08,2.6983075329667372e-08,4.3131002769314364e-08,0.0001222886930918321,2.5428671506233513e-06
23,The place of birth of Adario Strange is,The place of birth of the director of Hikikomori: Tokyo Plastic is,Adario Strange,the director of Hikikomori: Tokyo Plastic, New York,0.00017203125753439963,4.430539775057696e-05,1.245424664375605e-05,2.3001075533102266e-05,2.7925621907343157e-05,9.91353954304941e-05,7.915331661934033e-05,0.00010282144648954272,0.00017135259986389428,4.372299736132845e-05,6.22033912804909e-05,0.00015542404435109347,3.3430671464884654e-05,8.481249096803367e-06,1.5369771062978543e-05,9.40860809350852e-06,4.6069570089457557e-05,8.997927943710238e-05,3.375882079126313e-05,1.792371585906949e-05,4.248674486007076e-06,8.059701940510422e-06,1.8012165128311608e-06,2.2495118173537776e-05,7.34740897314623e-05,0.00023518622037954628,0.0002365281106904149,0.0003159678599331528,0.0016900692135095596,0.0010162664111703634,0.001211829367093742,0.005585852544754744,0.0016821821918711066,0.0013981525553390384,0.0008540176204405725,0.0007253229850903153,3.7144145608181134e-05,0.0002304584049852565,0.00026997452368959785,0.0002570448268670589,0.00015566970978397876,0.0004905089153908193,0.0004927014815621078,0.0003696756612043828,0.001464891480281949,0.0001894886081572622,0.00010208573075942695,0.00047741105663590133,0.00019115225586574525,0.00029647702467627823,0.0002692138368729502,0.0001246853353222832,0.00010203333658864722,0.0003123871283605695,0.00013976593618281186,0.0005684662028215826,0.00028879952151328325,0.00026797468308359385,0.000316903053317219,0.0005565794417634606,0.0005272548878565431,0.00014157762052491307,0.0007104564574547112,0.0004452353168744594,0.00043829588685184717,0.0003134403086733073,0.00027262294315733016,0.0003573018766473979,0.000447108963271603,0.0003217170888092369,0.0002192036045016721,6.369004404405132e-05,0.0002835265768226236,0.00015229159907903522,0.00014334043953567743,0.00012514028639998287,0.00038051698356866837,0.0006461422890424728,0.0006038938299752772,0.0009843092411756516,0.0030863808933645487,0.009805283509194851
24,The place of birth of Grover Jones is,The place of birth of the director of Thrilling Youth is,Grover Jones,the director of Thrilling Youth, Indiana,1.5940893263177713e-06,3.5170339174328547e-07,9.557414841765421e-07,9.778748790267855e-06,9.04898661246989e-06,1.0735589967225678e-05,4.955345139023848e-05,0.0001001963100861758,0.00010892451973631978,8.84424225660041e-05,7.517637277487665e-05,4.709343193098903e-05,2.1897880287724547e-05,9.03265299712075e-06,3.638422640506178e-06,1.5440967899849056e-06,9.235721449840639e-07,1.2349740927675157e-06,5.444124781206483e-06,1.4898712834110484e-05,9.819876140682027e-06,1.788294866855722e-05,8.688408706802875e-05,0.00010387915972387418,0.0001658043183851987,5.559907731367275e-05,0.00012690661242231727,0.0007023430662229657,0.0001602172269485891,0.00027567779761739075,0.0007344798068515956,0.00020829543063882738,0.00025146116968244314,0.00016264278383459896,0.00013536679034586996,0.00012534562847577035,0.00013896985910832882,0.00015655517927370965,0.00013071407738607377,1.7219146684510633e-05,5.3289408242562786e-05,2.703410245885607e-05,9.592403512215242e-05,5.463207344291732e-06,1.220244030264439e-05,0.00023998162942007184,1.377747321384959e-05,2.1188612663536333e-05,0.00018502993043512106,5.151732693775557e-05,3.5920849768444896e-05,7.530815491918474e-05,2.931177914433647e-05,4.359993909019977e-05,0.00011665136116789654,6.399289850378409e-05,5.888006489840336e-05,8.691265247762203e-05,0.00012211629655212164,0.00012522451288532466,5.652623440255411e-05,5.811830487800762e-05,3.1600764486938715e-05,1.2786748811777215e-05,4.02580808440689e-05,5.444540875032544e-05,9.553703421261162e-05,0.00011432357860030606,0.00010368968651164323,0.00022444046044256538,0.00012897652050014585,0.000143089986522682,0.00017214824038092047,0.0003327682497911155,0.00020120225963182747,6.621138891205192e-05,0.00028257726808078587,0.00043321706471033394,0.000447802129201591,0.0010443415958434343,1.2219098607602064e-05,0.0010387877700850368
25,The place of birth of J. Searle Dawley is,The place of birth of the director of The Death Dance is,J. Searle Dawley,the director of The Death Dance, Colorado,4.078759593539871e-05,5.0124366680392995e-05,6.524910713778809e-05,6.462045712396502e-05,4.7391509724548087e-05,1.5500630979659036e-05,1.604445969860535e-05,5.041710755904205e-05,8.13936349004507e-05,2.2626449208473787e-05,8.018889275263064e-06,4.8572983359918e-06,3.728881210918189e-06,2.707160319914692e-06,3.989022388850572e-06,2.0240768208168447e-05,1.612539927009493e-05,4.385178726806771e-06,4.440048542164732e-06,1.1220993201277452e-06,1.242038138116186e-06,8.523461474396754e-06,2.277748990309192e-06,1.7303882486885414e-06,8.077742563727952e-07,5.473407327372115e-07,5.197165364734246e-07,1.4109457424638094e-06,2.3375819182547275e-06,1.488555540163361e-06,9.491642458669958e-07,4.663196193632757e-07,5.219203558226582e-07,2.0246898202458397e-07,6.822953935170517e-08,4.341995349932404e-07,2.3093741674529156e-07,1.5526654806308215e-07,3.8160132476150466e-07,1.245634138058449e-07,6.945089836563056e-08,3.310463796424301e-07,9.998460654969676e-07,1.712177493118361e-07,3.2566831009717134e-07,2.538337184887496e-06,3.93584514313261e-07,1.78009571527582e-07,4.338048711360898e-07,1.834402780787059e-07,4.7205821829265915e-07,1.417205766074403e-07,1.1081886697184018e-07,1.264758253682885e-07,2.79631819921633e-07,1.1825697043832406e-07,1.6423393844888778e-07,4.2522879084572196e-07,1.460990972645959e-07,3.56213547547668e-07,1.8927404710211704e-07,1.53762030663529e-07,5.1163066672188506e-08,7.174668326115352e-08,1.970806238205114e-07,1.707859667021694e-07,1.2579204167195712e-07,1.8510597499243886e-07,9.408135070998469e-08,1.953728485659667e-07,1.8918115074484376e-07,1.7578848598986951e-07,3.601598450586607e-07,3.413370563976059e-07,2.976315158775833e-07,4.412788996432937e-07,2.3919403702166164e-07,4.4778059304917406e-07,3.7528150187426945e-07,7.77585967171035e-07,0.00012657055049203336,0.00015720681403763592
26,The country of citizenship of Myriam Fox-Jerusalmi is,The country of citizenship of the mother of Noemie Fox is,Myriam Fox-Jerusalmi,the mother of Noemie Fox, French,2.0957957531209104e-05,3.0808754672762007e-05,2.901685184042435e-05,2.177592250518501e-06,1.2024813258904032e-05,4.1789508031797595e-06,4.025051566713955e-06,5.147057436261093e-06,9.136888365901541e-06,1.80702318175463e-05,7.43609489290975e-05,1.5087221981957555e-05,3.5944667615694925e-06,7.357800200225029e-07,6.029862561263144e-06,3.5901719002140453e-06,1.3485595445672516e-05,4.554884071694687e-06,7.585576327073795e-07,1.6986967239063233e-05,1.1597757293202449e-05,2.2397252905648202e-05,2.9247827114886604e-05,4.628885290003382e-05,0.0002092269278364256,0.0002264144568471238,6.705018313368782e-05,3.681804446387105e-05,0.000155461355461739,7.181567343650386e-05,0.00035438680788502097,0.00038639764534309506,0.000171015111845918,0.00021367428416851908,7.243377331178635e-05,7.474422454833984e-05,2.7391373805585317e-05,0.0013504961971193552,0.00025412545073777437,0.0008740639314055443,0.0004066444525960833,0.0008954353979788721,0.002509089419618249,0.0009491083328612149,0.0008614540565758944,0.0015038361307233572,0.002250273944810033,0.0017176262335851789,0.001495417091064155,0.0006510444800369442,0.0015698063652962446,0.0025192475877702236,0.0024092975072562695,0.0036263123620301485,0.0009976562578231096,0.010257174260914326,0.016934741288423538,0.09842776507139206,0.08143588155508041,0.061490774154663086,0.07103390246629715,0.10744481533765793,0.07809276133775711,0.0926477387547493,0.13417530059814453,0.16091421246528625,0.0878722071647644,0.06306006759405136,0.08915041387081146,0.04715999588370323,0.11054344475269318,0.11816523224115372,0.35752278566360474,0.17758122086524963,0.15732672810554504,0.08763335645198822,0.12946270406246185,0.41791921854019165,0.27138298749923706,0.03184989467263222,0.001686269068159163,0.0075929793529212475
27,The father of Dean Parisot is,The father of the director of Red 2 is,Dean Parisot,the director of Red 2, Aldo Parisot,4.306164555600844e-06,1.2061320376233198e-05,6.432132522604661e-06,1.1845637345686555e-05,6.079946615500376e-06,6.918656254129019e-06,4.213181455270387e-06,2.5316624032711843e-06,7.206061582110124e-06,1.515432359155966e-06,1.1585706261030282e-06,1.6240808520251448e-07,1.2818736649933271e-06,2.6567647637421032e-06,3.3577334761503153e-06,6.385157121258089e-06,4.965383595845196e-06,2.206015551564633e-06,2.7526587018655846e-06,1.5320518969019759e-06,9.505772027296189e-07,3.1049015092321497e-07,2.165175772006478e-07,8.343266699739615e-07,9.891807167150546e-06,5.367279300116934e-06,3.3376577448507305e-06,5.966582193650538e-06,1.898447226267308e-05,5.962541308690561e-06,7.563509370811516e-06,3.961138645536266e-06,1.1541304957063403e-05,8.238407644967083e-06,2.6627894840203226e-06,7.00484451954253e-06,1.6795567717053927e-05,5.938166395935696e-06,1.3924546692578588e-05,3.638319867604878e-06,3.995376573584508e-06,4.0157742660085205e-06,3.721475195561652e-06,5.281143785396125e-06,1.0216760983894346e-06,6.564764021277369e-07,4.3865691168321064e-07,3.6803959346798365e-07,7.615781782988051e-07,1.3686056945516611e-06,1.7432080312573817e-06,5.1764550335065e-06,5.180145763006294e-06,6.130314886831911e-06,2.005901251322939e-06,2.2781525785831036e-06,4.538520670394064e-07,1.8064258711092407e-06,9.297650649386924e-07,6.805780685681384e-07,1.201944087370066e-06,2.1090418158564717e-06,6.818996780566522e-07,1.016638975670503e-06,8.633826951154333e-07,1.3431642855721293e-06,1.2425839486240875e-06,1.442457005396136e-06,2.2709100448992103e-06,2.2358242404152406e-06,9.747374861035496e-06,9.564874744683038e-06,8.967516805569176e-06,3.199228012817912e-05,9.237853373633698e-05,0.0002470147155690938,0.00020066529395990074,0.0007794354460202157,0.00013290267088450491,0.00030999694718047976,1.3673168723471463e-05,0.001678434549830854
28,The country of citizenship of Bonnie Tyler is,"The country of citizenship of the performer of ""What You Need From Me is",Bonnie Tyler,"the performer of ""What You Need From Me", United Kingdom,2.1014335288782604e-05,1.3860643775842618e-05,3.3381096727680415e-05,2.609121656860225e-05,1.5184265066636726e-05,2.237828084616922e-06,3.877732524415478e-06,1.2091822100046556e-05,1.6917167158680968e-05,1.6162304746103473e-05,6.965619832044467e-06,8.998302291729487e-06,2.983022750413511e-05,0.00012427930778358132,0.0001388806413160637,5.244489148026332e-05,0.0007401485345326364,6.590670091100037e-05,0.000133819121401757,0.00015452741354238242,0.0006402488797903061,0.004026763141155243,0.004068758338689804,0.017673823982477188,0.0016993157332763076,0.0015721573727205396,0.0020970655605196953,0.0005898014642298222,0.0006299270899035037,0.00021101912716403604,0.0002455280045978725,0.0011403710814192891,0.0003879385185427964,0.005109086167067289,0.013538450002670288,0.034818217158317566,0.05695336312055588,0.29825010895729065,0.1734076589345932,0.31689417362213135,0.5427115559577942,0.6953358054161072,0.5799063444137573,0.6472644209861755,0.6978268027305603,0.8594041466712952,0.8584580421447754,0.6837414503097534,0.5942766070365906,0.5605091452598572,0.6000503897666931,0.7696555256843567,0.786704421043396,0.8166112303733826,0.7724779844284058,0.6494224071502686,0.5302971601486206,0.9126618504524231,0.8565376996994019,0.3185480833053589,0.4122064411640167,0.2589968144893646,0.3578479290008545,0.5120837092399597,0.6475850343704224,0.8315720558166504,0.8422115445137024,0.8500308990478516,0.9802899956703186,0.9717243909835815,0.9883238077163696,0.9845536947250366,0.9548036456108093,0.9085261225700378,0.9149864912033081,0.9331943392753601,0.9405415058135986,0.9614861607551575,0.7363234162330627,0.626222550868988,9.984005373553373e-06,0.20330440998077393
29,The place of birth of Esther Gronenborn is,The place of birth of the director of Alaska.de is,Esther Gronenborn,the director of Alaska.de, Oldenburg,7.3373926170461345e-06,2.683849970708252e-06,4.422658093972132e-06,5.068215159553802e-06,2.6864527171710506e-06,2.252887043141527e-06,1.231714236382686e-06,4.178975359536707e-06,2.104007580783218e-05,1.161669752036687e-05,0.00011073437053710222,1.9579752915888093e-05,1.0981757441186346e-05,1.8009717678069137e-05,1.957896074600285e-06,4.238520716626226e-07,1.2708069334621541e-06,4.304155027057277e-06,1.0389430826762691e-05,2.2110154532128945e-05,6.676978955511004e-05,4.062614243593998e-05,9.409137419424951e-05,5.873488407814875e-05,2.2221893232199363e-05,4.076745608472265e-05,1.5226991308736615e-05,2.453864726703614e-05,3.3917021937668324e-05,4.6610512072220445e-05,5.1895192882511765e-05,4.8650181270204484e-05,5.5373009672621265e-05,7.03629075360368e-06,1.2408266229613218e-05,5.986580163153121e-06,3.5713871966436272e-06,3.7445158795890165e-06,3.1843126180319814e-06,6.155345090519404e-06,4.942720352119068e-06,2.510711283321143e-06,1.6767763781899703e-06,3.5573151535572833e-07,3.4411931437716703e-07,4.341098858162695e-08,3.838539086586934e-08,1.3930939246620255e-07,9.09626791667506e-08,5.924080070940363e-08,1.1749129669169633e-07,1.6841040917370265e-07,4.5462988396138826e-07,1.3441276678349823e-06,1.4862225725664757e-06,8.679535881128686e-07,1.619706836208934e-06,2.569214075265336e-06,1.2405747611410334e-06,2.57238139056426e-06,2.8650595140788937e-06,1.1020542842743453e-06,2.2148078642203473e-06,6.021178251103265e-06,1.5138130038394593e-06,1.8131663637177553e-06,1.6253727608273039e-06,2.0419358861545334e-06,2.194315356973675e-06,1.3658535863214638e-05,2.0929519450874068e-05,5.886504823138239e-06,2.269506876473315e-05,1.6329513528035022e-05,1.9200937458663248e-05,1.1386179039618582e-06,2.548879274399951e-05,5.705923103960231e-05,0.0003093313716817647,0.00023345007502939552,0.0008022740366868675,0.0007354757399298251
30,The date of death of Sargent Shriver is,The date of death of the father of Timothy Perry Shriver is,Sargent Shriver,the father of Timothy Perry Shriver," January 18, 2011",0.00036014177021570504,0.00036813036422245204,0.00022393360268324614,0.00013395371206570417,0.0003471479285508394,0.00019056252494920045,0.0001398192107444629,0.0004315030528232455,3.988068783655763e-05,0.00010378943989053369,0.00021391532209236175,0.00010408690286567435,0.0006714338669553399,9.347504965262488e-05,9.044470789376646e-05,0.00024458198458887637,1.8919536159955896e-05,0.004905089270323515,0.005278130993247032,0.0011603209422901273,0.0019233162747696042,0.0019470584811642766,0.0006493679247796535,0.007667627185583115,0.006485983729362488,0.001849411753937602,0.002037367783486843,0.0005091275670565665,0.0030005169101059437,0.005491232965141535,0.0022371215745806694,0.003585291560739279,0.009607581421732903,0.23566415905952454,0.8261897563934326,0.8228459358215332,0.7988675236701965,0.3962629735469818,0.604029655456543,0.0757121741771698,0.041463691741228104,0.009425736032426357,0.007358246017247438,0.004781283438205719,0.0021755537018179893,0.006361688952893019,0.0026365213561803102,0.002903914311900735,0.0014338617911562324,0.0019439164316281676,0.0024362660478800535,0.0008488645544275641,0.0011629457585513592,0.0006811762577854097,0.002882468281313777,0.0027440409176051617,0.0020310876425355673,0.0029413802549242973,0.01021222211420536,0.004285621922463179,0.004492647480219603,0.002569673815742135,0.0018141433829441667,0.00446127075701952,0.010677977465093136,0.004189783241599798,0.009269914589822292,0.017729708924889565,0.026535555720329285,0.027187405154109,0.010735276155173779,0.008663859218358994,0.7227213382720947,0.8451945185661316,0.738895833492279,0.6939483880996704,0.8093625903129578,0.9371277093887329,0.9408199191093445,0.9714152812957764,0.0031521981582045555,0.6483657360076904
31,The date of death of Prince Nikita Alexandrovich of Russia is,The date of death of the father of Prince Alexander Nikitich Romanov is,Prince Nikita Alexandrovich of Russia,the father of Prince Alexander Nikitich Romanov, 12 September 1974,0.00012395709927659482,0.001778570469468832,0.0005440926179289818,0.0008752347202971578,0.1309202015399933,0.0017339298501610756,0.012643746100366116,0.016596734523773193,0.0014975342201068997,0.0014997809194028378,0.07117436826229095,0.03383602201938629,0.012934662401676178,0.28468868136405945,0.6722877025604248,0.030094491317868233,0.007744619622826576,0.03558932989835739,0.05723314359784126,0.0023116280790418386,0.007804045453667641,0.0003613321459852159,0.00036457134410738945,0.4984840452671051,0.08716242760419846,0.0016074631130322814,0.00018657890905160457,0.0003252233727835119,3.458297942415811e-05,0.001474070711992681,0.00013200208195485175,4.42460659542121e-05,0.0015380242839455605,0.0032707310747355223,0.00163959467317909,0.002407553605735302,0.017959075048565865,0.015908796340227127,0.005761721637099981,0.13197126984596252,0.008489361964166164,0.007696633227169514,0.1072336733341217,0.037147048860788345,0.03609959036111832,0.09744288772344589,0.07621440291404724,0.7373995780944824,0.4750049412250519,0.007370924111455679,0.004559165332466364,0.008565018884837627,0.025355326011776924,8.732575952308252e-05,0.0028449834790080786,0.0012207559775561094,0.0002844895061571151,0.03582219034433365,0.02100134827196598,0.037253085523843765,0.00986857246607542,0.024685068055987358,0.004980028141289949,0.009697968140244484,0.16242384910583496,0.04656488448381424,0.0784929022192955,0.04002666473388672,0.08553949743509293,0.055262330919504166,0.2665748596191406,0.004109236411750317,0.045821528881788254,0.04722272604703903,0.18879613280296326,0.05125605687499046,0.2881363332271576,0.39567697048187256,0.6772568821907043,0.10222330689430237,0.02668871358036995,0.08895751088857651
32,The place of death of Dikkha is,The place of death of the spouse of Saw Thanda is,Dikkha,the spouse of Saw Thanda, Mrauk U,0.0005588559433817863,0.00041165133006870747,0.0004733968526124954,0.001490933820605278,0.0017726952210068703,0.002129086758941412,0.003124748356640339,0.0001131772660301067,0.00013808607764076442,0.00010296954133082181,2.809842953865882e-05,3.6681433357443893e-06,1.455491019441979e-05,2.6559760044619907e-06,3.399620982236229e-05,2.737039358180482e-05,1.1576207725738641e-05,1.7833304809755646e-05,0.0002063886058749631,5.422487811301835e-05,4.939284917782061e-05,4.304363756091334e-05,2.1381807528086938e-05,1.5353623894043267e-05,1.5942618119879626e-05,4.790972070622956e-06,5.159384272701573e-06,1.8435333913657814e-05,9.578422577760648e-06,6.285521521931514e-05,1.2618907021533232e-05,1.3554322322306689e-05,0.00011493993952171877,1.9060131307924166e-05,4.551253005047329e-05,0.0002752809086814523,1.1501219887577463e-05,2.010427306231577e-05,0.00012859875278081745,0.0004494132590480149,0.0003044404147658497,0.0002134778769686818,0.0006245834520086646,0.00016023247735574841,0.0008469552267342806,0.0002231277758255601,6.454358663177118e-05,2.1876960090594366e-05,9.296469215769321e-05,8.015730418264866e-05,4.417636591824703e-05,0.0003547966480255127,0.0002483630960341543,0.0006428852211683989,0.00038649808266200125,9.088009392144158e-05,0.0004971280577592552,0.00037105861702002585,0.00041589728789404035,0.00019088601402472705,0.0004079875652678311,4.3223972170380875e-05,4.725802500615828e-05,0.00017705561185721308,0.00033873572829179466,7.381000614259392e-05,0.0003493953845463693,6.154926086310297e-05,0.00014367054973263294,4.648691901820712e-05,9.134192805504426e-05,0.000146769656566903,8.657923171995208e-05,0.0003400259593036026,4.453501969692297e-05,2.5690158508950844e-05,1.6653057173243724e-05,1.0516201655264013e-05,6.02486898060306e-06,3.1943862268235534e-05,0.0035845714155584574,0.0012816776288673282
33,The place of birth of Glenn Danzig is,The place of birth of the composer of Bullet is,Glenn Danzig,the composer of Bullet," Lodi, New Jersey",0.0001467084075557068,1.4500074939860497e-05,1.784287996997591e-05,1.5479638022952713e-05,1.8368367818766274e-05,6.641969230258837e-05,5.2141120249871165e-05,2.250547731819097e-05,4.6316763473441824e-05,8.893049198377412e-06,8.405378139286768e-06,3.942859166272683e-06,4.446324510354316e-06,3.422657027840614e-05,5.7275028666481376e-05,1.4703750821354333e-05,8.035799692152068e-05,7.24001984053757e-06,1.2904284631076735e-05,1.456864765714272e-06,5.95975507167168e-06,6.00507291892427e-06,1.6557970639041741e-06,2.9836355679435655e-06,4.945671662426321e-06,3.3946166695386637e-06,9.243487966159591e-07,7.4659114943642635e-06,4.335716425885039e-07,1.93590176422731e-06,5.166195364836312e-07,4.522685685515171e-06,3.7260203953337623e-06,2.396182571828831e-05,1.5553936464129947e-05,9.815442354010884e-06,2.7824971766676754e-05,3.8129066524561495e-05,8.443913975497708e-05,6.195018795551732e-05,4.6244344957813155e-06,1.3648214917338919e-05,2.5254446427425137e-06,5.458658961288165e-06,1.086891188606387e-06,4.35506035501021e-06,8.651778102830576e-07,7.171169272623956e-06,8.120591132865229e-07,5.732035788241774e-07,1.1151363423778093e-06,2.4525850221834844e-06,2.2365041729699442e-07,9.899289210579809e-08,8.091412837529788e-07,1.924119715113193e-06,1.1399689356039744e-05,3.230923084629467e-07,6.515591053357639e-07,7.869638238844345e-07,1.4248776096792426e-06,2.147319719369989e-06,4.796038865606533e-06,1.3072333331365371e-06,1.4166418623062782e-05,8.010327292140573e-06,2.67992209046497e-06,2.6248224457958713e-05,7.258137884491589e-06,0.00011763208021875471,0.00015929581422824413,0.0007332945242524147,0.1125449389219284,0.025156373158097267,0.04822376370429993,0.9842478036880493,0.9847212433815002,0.9962512850761414,0.6350613832473755,0.36584678292274475,0.0021290851291269064,0.7237951755523682
34,The place of death of W. Duncan Mansfield is,The place of death of the director of Girl Loves Boy is,W. Duncan Mansfield,the director of Girl Loves Boy, Hollywood,6.568119715666398e-06,6.995861440373119e-06,8.710503607289866e-06,1.5604946383973584e-05,2.5870647732517682e-05,1.7851167285698466e-05,1.6143429093062878e-05,4.081729639437981e-05,2.359784411964938e-05,1.4466902030108031e-05,0.0001959118526428938,0.00013368218787945807,2.602374843263533e-05,4.093882307643071e-05,8.314312435686588e-05,4.885009184363298e-05,5.9021749621024355e-05,1.416911618434824e-05,1.297334620176116e-05,9.805213267100044e-06,2.4933340682764538e-05,1.530505301161611e-06,1.734592274260649e-06,1.0505204045330174e-05,5.070748011348769e-05,2.0123970898566768e-05,1.3025833141000476e-05,1.5790034012752585e-05,1.426721519237617e-05,5.511698873306159e-06,1.2372433957352769e-05,1.9363194951438345e-05,4.368922236608341e-05,3.672538878163323e-05,5.7225883210776374e-05,8.782713121036068e-05,3.5147495509590954e-05,4.552570317173377e-05,3.294665293651633e-05,2.698957541724667e-05,5.986340329400264e-05,0.00010955012839986011,9.827693429542705e-05,2.121427132806275e-05,2.4062990632955916e-05,3.6683512007584795e-05,2.0751142074004747e-05,2.9683660613955e-05,2.3473765395465307e-05,1.1468230695754755e-05,1.3130277693562675e-05,8.520888513885438e-06,1.5240673747030087e-05,1.2269186299818102e-05,8.305473784275819e-06,4.086557964910753e-06,2.33436685448396e-06,7.856918273319025e-06,8.326913302880712e-06,8.04524461273104e-06,6.8237468440202065e-06,7.890910637797788e-06,5.075619810668286e-06,3.2098760129883885e-06,2.6611314751789905e-06,3.054469971175422e-06,3.915959496225696e-06,4.031993739772588e-06,4.4181165321788285e-06,1.3793523976346478e-05,8.765142410993576e-06,4.98545887239743e-06,7.865884072089102e-06,7.897860086814035e-06,4.805660410056589e-06,4.106360393052455e-06,2.0130656253058987e-07,1.6869503838279343e-07,6.514964923098887e-08,2.695679086173186e-06,0.0005825546104460955,1.1103588803962339e-05
35,The place of birth of S. S. Wilson is,The place of birth of the director of Tremors 4: The Legend Begins is,S. S. Wilson,the director of Tremors 4: The Legend Begins, American,3.4179520298494026e-05,8.559323759982362e-06,9.660215255280491e-06,8.718324124856736e-07,4.576375886244932e-06,1.5150986655498855e-05,0.00010244225268252194,8.677185542182997e-05,4.341191743151285e-05,8.771121429163031e-06,3.181412466801703e-05,4.975200863555074e-05,2.2685950170853175e-05,2.2532323782797903e-05,4.036133395857178e-05,1.8885930330725387e-05,2.6157222237088718e-05,2.768740705505479e-05,5.958674228168093e-05,1.069974314305e-05,6.928961738594808e-06,9.003101877169684e-05,1.4931161786080338e-05,1.8709972209762782e-05,2.59501193795586e-05,3.1913939892547205e-05,3.306370854261331e-05,4.347657522885129e-05,0.00012859635171480477,0.00034990700078196824,0.00017264409689232707,0.00034839866566471756,0.0003123032220173627,0.00041322025936096907,0.0002948651963379234,0.0003449399955570698,0.00030784899718128145,0.000256699335295707,8.805270044831559e-05,9.362235687149223e-06,2.363558451179415e-06,5.309613243298372e-06,2.0107263765112293e-07,2.518950736885017e-07,6.603934252780164e-07,8.486013598485442e-07,6.241089636205288e-07,7.823311989341164e-07,5.361478656595864e-07,1.2343531352598802e-06,4.418037065079261e-07,1.1097621666067425e-07,2.1907121094955073e-07,1.046569053642088e-07,3.102553591816104e-07,6.57286491900777e-08,1.330943177890731e-07,8.483426938710181e-08,1.3942604937255965e-07,6.385685935583751e-08,4.0049485505733173e-08,2.424042477855437e-08,2.1874004829669502e-08,2.4787022212535703e-08,4.459544200585697e-08,2.872274507126349e-08,4.29031317139561e-08,1.4766180811420782e-07,4.578493317808352e-08,6.387604116753209e-07,2.5607855391740486e-08,8.847480614804226e-08,4.943242970512074e-07,1.1306277514222529e-07,5.521645221051585e-07,1.5950892873206612e-07,3.8409976355069375e-07,6.72013641178637e-07,2.310872133648445e-07,5.957247708465729e-07,0.0007480743806809187,0.0003031211963389069
36,The place of birth of Jonathan Binney is,The place of birth of the father of Hibbert Newton Binney is,Jonathan Binney,the father of Hibbert Newton Binney, Hull,1.8695808421398397e-06,2.6229866989524453e-07,1.988064013858093e-06,1.7553769794176333e-05,5.5197746405610815e-05,7.30541578377597e-05,0.0001010089908959344,9.058808245754335e-06,3.197935484422487e-06,9.438576853426639e-06,2.523460125303245e-07,7.970219485287089e-06,1.096097821573494e-05,3.4262300232512644e-06,2.4778585157037014e-06,2.1792289771838114e-05,9.770474207471125e-06,7.429005563608371e-06,8.56539118103683e-05,0.00014858027861919254,0.0003926834324374795,0.004723077639937401,0.0025558089837431908,0.0020991771016269922,0.0014333502622321248,0.000420623691752553,0.00010340749577153474,0.00011000697850249708,8.168831845978275e-05,6.259200017666444e-05,0.00010017544991569594,9.883003804134205e-05,0.00024731302983127534,0.00019152364984620363,5.007375148124993e-05,0.00022191900643520057,0.0003015373949892819,0.000894116354174912,0.0002728258550632745,0.00028022771584801376,0.0003243469400331378,0.0002357953489990905,0.0001342838368145749,3.997792009613477e-05,0.0001994975027628243,0.00022113470186013728,0.0004786525387316942,0.0003244195249862969,0.000512913626153022,0.0004796922439709306,0.0004927914123982191,0.0003636803012341261,0.00019977249030489475,0.00040425959741696715,0.0001698173291515559,0.0001992733305087313,0.00044734906987287104,0.00036762419040314853,0.0004991220193915069,0.00041505013359710574,0.0006560650654137135,0.0005325081292539835,0.00025017562438733876,0.0004010347474832088,0.00037204683758318424,0.0001289678766625002,0.00014365378592628986,0.00017897602810990065,0.0001826070947572589,0.0002048519963864237,0.00017243606271222234,0.0002367177658015862,0.0004033795848954469,0.0003580716729629785,0.00027920902357436717,0.0002257821470266208,0.00021414956427179277,0.0004576673964038491,0.00036172589170746505,0.0012441463768482208,9.54381248448044e-05,0.0002656818542163819
37,The country of citizenship of Eleanor of Austria is,"The country of citizenship of the mother of Maria of Portugal, Duchess of Viseu is",Eleanor of Austria,"the mother of Maria of Portugal, Duchess of Viseu", Spanish,1.6116979168145917e-05,8.213766705011949e-06,1.1699276001309045e-05,3.280840246588923e-05,7.940570867503993e-06,3.080636088270694e-05,2.7109310394735076e-05,1.159506973635871e-05,6.7954333644593135e-06,1.568038533150684e-05,4.207291567581706e-05,5.944772055954672e-06,9.012988812173717e-06,5.017788225814002e-06,2.08380697586108e-05,2.592378768895287e-05,1.2773866728821304e-05,7.843097591830883e-06,4.272377736924682e-06,6.18300873611588e-07,2.93049595256889e-07,1.106481249735225e-06,1.348636715192697e-06,1.0463681974215433e-06,1.3904019624533248e-06,3.669515308502014e-06,1.362392254122824e-06,1.0940087804556242e-06,1.4539837138727307e-06,1.2163058045189246e-06,2.623641876198235e-06,1.3491022400557995e-05,8.312325007864274e-06,1.3814149497193284e-05,2.0562387362588197e-05,1.7762691641109996e-05,1.056658129527932e-05,9.909515210893005e-05,4.4517630158225074e-05,0.00010412051051389426,3.019133691850584e-05,0.00014108340837992728,8.673552656546235e-06,3.8349780879798345e-06,6.229748578334693e-06,4.540518602880184e-06,5.6934341046144255e-06,1.3607797882286832e-05,1.2862441508332267e-05,1.2818788491131272e-05,6.922855391167104e-06,1.485254233557498e-05,2.790564758470282e-05,4.1089260776061565e-05,7.4215927270415705e-06,5.905458237975836e-06,3.367517138030962e-06,2.7033686365030007e-06,2.513451590857585e-06,1.551911054775701e-06,2.8212423330842284e-06,2.4512901291018352e-05,6.060686428099871e-05,1.3907626339459966e-07,1.0321607078367379e-05,3.622240183176473e-05,1.636757042433601e-05,2.359555583097972e-05,0.00011242598702665418,0.00015201419591903687,4.027286922791973e-05,5.108801633468829e-05,0.00020859339565504342,0.00034620717633515596,0.00016813220281619579,0.00027267279801890254,8.793376036919653e-05,0.00013276247773319483,0.0001054251188179478,0.0016245980514213443,0.00011789619020419195,0.001638298504985869
38,The spouse of Michal Bat-Adam is,The spouse of the director of The Deserter's Wife is,Michal Bat-Adam,the director of The Deserter's Wife, Moshé Mizrahi,0.0008084189030341804,0.00022375083062797785,0.00016926470561884344,0.0005131750949658453,0.0011867487337440252,0.0002598726423457265,1.3288276932144072e-05,3.363871883266256e-06,1.2695858458755538e-05,4.873159014096018e-06,3.1786235922481865e-05,6.158108590170741e-05,0.00014011362509336323,0.0010835531866177917,0.0002863054978661239,3.2842159271240234e-05,0.00011079497198807076,1.853524736361578e-05,0.0005885636201128364,8.054388308664784e-05,3.4930255878862226e-06,2.7724439632947906e-07,7.086312052706489e-07,1.3544690773414914e-05,7.1123263296613e-06,8.040768079808913e-06,3.6520816593110794e-06,7.987069352566323e-07,1.4652081290478236e-06,1.350581442238763e-07,4.1847738430078607e-07,1.0601735311865923e-06,3.5381472116569057e-06,4.527841156232171e-06,2.1659754565916955e-05,0.0011641986202448606,0.0005993813974782825,0.013409262523055077,0.0025105990935117006,4.3600808567134663e-05,0.00012432179937604815,0.00017011669115163386,0.003867949591949582,0.00016816717106848955,0.00023008142306935042,2.5680190447019413e-05,1.5583684216835536e-05,6.664155807811767e-05,1.9408180378377438e-05,1.3589574336947408e-05,1.9654948118841276e-05,7.870639819884673e-06,3.8918886275496334e-05,1.0351628588978201e-05,8.212563443521503e-06,9.801559826883022e-06,1.5829559742996935e-06,1.604354110895656e-05,1.8812970665749162e-06,4.775559773406712e-06,2.5455738068558276e-06,5.879647687834222e-06,4.7531252675980795e-06,7.269092634487606e-07,1.206535955589061e-07,3.6588819511962356e-06,3.000330366376147e-07,2.0802448830181675e-07,4.5745082388748415e-07,1.2812759564440057e-07,1.3841754480381496e-06,4.976202916395778e-08,5.140047392160341e-07,9.883547136269044e-07,2.130765096808318e-06,5.574461283686105e-07,3.810287125816103e-07,1.3985335272082011e-06,2.1351843315642327e-07,5.617299621007987e-07,0.0006657057674601674,0.001674881437793374
39,The country of citizenship of Callicrates is,The country of citizenship of the father of Phintys is,Callicrates,the father of Phintys, Athens,1.3923243386670947e-05,1.277764567930717e-05,1.1032784641429316e-05,3.048918870263151e-06,8.447163963865023e-07,2.1121500139997806e-06,1.6058472738222918e-06,4.918790182273369e-06,2.7907008188776672e-05,0.00016329385107383132,4.553677354124375e-05,0.00020747889357153326,0.00018993078265339136,7.973733590915799e-05,1.1312182323308662e-05,2.2714153601555154e-05,1.3235588085080963e-05,4.252859434927814e-05,2.6237088604830205e-05,1.1102702956122812e-05,9.046911486620957e-07,2.4922339889599243e-06,1.4489405657513998e-05,4.087451088707894e-06,1.8072129250867874e-06,1.5228490610752488e-06,1.2142472769482993e-06,2.240577003931321e-07,2.5897713840095093e-07,4.373765705167898e-07,3.892993390763877e-06,4.516181888902793e-06,7.36490562758263e-07,1.2084504987797118e-06,9.721328524392447e-07,1.9183162294211797e-06,1.0164508239540737e-06,0.00011592503869906068,6.093981210142374e-05,3.865542748826556e-05,7.611184264533222e-05,9.006671461975202e-05,0.0008718320168554783,0.0005270992987789214,0.0003184820234309882,0.0009096700232475996,0.0006001980509608984,0.0007911305292509496,0.0006686088745482266,0.0007635370129719377,0.0011925403960049152,0.0021332260221242905,0.006308561656624079,0.005006307736039162,0.007014756556600332,0.0026445945259183645,0.006766559090465307,0.0033878840040415525,0.0043188356794416904,0.011624781414866447,0.005002399440854788,0.003504356136545539,0.007208958733826876,0.0038455913309007883,0.0021758945658802986,0.0011706070508807898,0.0009626112878322601,0.0010258050169795752,0.0009799549588933587,0.00027821585536003113,0.00027867325115948915,0.000245767820160836,0.0006197461043484509,0.0005249327514320612,0.0003797142708208412,0.0002530142373871058,0.000326559878885746,0.000403124577132985,0.0005231271497905254,0.00014510897744912654,0.009094743989408016,0.010355380363762379
40,The date of death of Princess of Monaco is,The date of death of the mother of Albert II is,Princess of Monaco,the mother of Albert II," September 14, 1982",9.007406333694234e-05,0.000569648458622396,0.0004172841436229646,0.0002669331443030387,0.00012630668061319739,0.00011541630374267697,2.4868682885426097e-05,9.415345630259253e-06,1.3401734577200841e-05,2.904289658545167e-06,2.649620682859677e-06,2.7909256459679455e-05,1.7856969861895777e-05,8.38417781778844e-06,4.84533529743203e-06,9.263255378755275e-06,2.1891619326197542e-06,3.948512676288374e-05,1.5519768567173742e-05,2.6538675683696056e-06,4.380994141683914e-06,3.897646365658147e-06,4.324129349697614e-06,1.1744900803023484e-05,1.9416796931182034e-05,3.28223395626992e-05,5.882081313757226e-05,1.765092383720912e-05,1.103413069358794e-05,1.4637432286690455e-05,1.0222854143648874e-05,1.8411301425658166e-05,1.615667133592069e-05,2.756397179837222e-06,3.7963775412208633e-06,5.910557774768677e-06,5.945716566202464e-06,4.3007084968849085e-06,1.570351014379412e-05,4.1215862438548356e-05,2.0239822333678603e-05,3.324207500554621e-05,0.00012243911623954773,9.209970448864624e-05,0.00015743683616165072,0.0003149795229546726,0.00016191428585443646,0.00013787412899546325,0.00024918350391089916,0.0003022954042535275,0.00021515952539630234,0.0002687369706109166,0.00020662501628976315,0.00022286696184892207,0.00033086343319155276,0.00013452301209326833,0.0001006937091005966,0.00028244650457054377,0.0005448018782772124,0.00042679967009462416,0.0004744824836961925,0.0006185243255458772,0.0005891035543754697,0.0032712891697883606,0.004042699467390776,0.0027471587527543306,0.0027842766139656305,0.0017491261241957545,0.0014987646136432886,0.0015344227431342006,0.0026972568593919277,0.0011127544566988945,0.0024219488259404898,0.002582243178039789,0.0010865411022678018,0.0006766131846234202,0.0007358189322985709,0.0016508515691384673,0.0013702991418540478,0.002307953080162406,0.001742519554682076,0.01178724505007267
41,The place of birth of Marcela Agoncillo is,The place of birth of the mother of Lorenza Marino Agoncillo is,Marcela Agoncillo,the mother of Lorenza Marino Agoncillo," Taal, Batangas",6.352214313665172e-06,5.79320794713567e-06,2.072380084428005e-05,4.580348559102276e-06,2.924668115156237e-05,2.849045085895341e-05,9.069702355191112e-05,5.918747410760261e-05,8.043119305511937e-05,6.945610221009701e-05,1.2745104868372437e-05,3.755443231057143e-06,2.52557356361649e-06,2.0480501916608773e-05,2.9635944883921184e-05,1.6749278074712493e-05,1.368453467875952e-06,2.278450210724259e-06,1.6744020285841543e-06,1.8281512893736362e-05,7.93802973930724e-06,4.911047653877176e-06,1.8723835637501907e-06,7.961103278830706e-07,5.513151677405403e-07,2.0293198588205996e-07,2.0470349682000233e-07,1.231963580039519e-07,7.065072082923507e-08,6.063605439976527e-08,1.9317962340892336e-08,9.328122274609996e-08,1.7043380751147197e-07,1.3226100747942837e-07,1.7356246928557084e-07,2.39367363974452e-06,3.3824592264863895e-06,1.0625089998939075e-06,3.5551274777390063e-06,7.715589163126424e-07,1.2994480584893608e-06,2.6165737381234067e-06,2.848551048373338e-06,8.077160600805655e-06,3.822691269306233e-06,5.225778295425698e-06,3.937207111448515e-06,3.580820020943065e-06,4.468609404284507e-06,2.6020159111794783e-06,1.7846076616478967e-06,2.2409428765968187e-06,2.231653752460261e-06,1.25421854590968e-06,2.2526934628785966e-07,3.8529603330061946e-07,9.138202017311414e-07,1.5625797686880105e-06,1.997344952542335e-06,5.996475920255762e-06,2.962844746434712e-06,2.7136611606692895e-06,6.170096185087459e-06,4.566678398987278e-06,1.2568351849040482e-05,1.5496936612180434e-05,2.1118627046234906e-05,2.1377856683102436e-05,0.00021764506527688354,8.696310396771878e-05,0.0003097695589531213,0.0016513854498043656,0.011022926308214664,0.015582207590341568,0.1732853204011917,0.4287461042404175,0.5796650052070618,0.779355525970459,0.3344400227069855,0.2314811646938324,0.000925548723898828,0.4838232100009918
42,The country of citizenship of Ilich Ramírez Sánchez is,The country of citizenship of the spouse of Isabelle Coutant-Peyre is,Ilich Ramírez Sánchez,the spouse of Isabelle Coutant-Peyre, Venezuelan,1.1218754707442713e-06,5.220218781687436e-07,1.4451643437496386e-06,2.3213114275222324e-07,1.5658505958526803e-07,5.7825563004598735e-08,3.7527811969084723e-08,7.752861819199097e-08,1.2404932192566775e-08,1.1681422051879053e-07,8.787183247704888e-08,6.91819010967265e-08,1.4587989483061392e-07,2.177029188032975e-07,1.6795824819837435e-07,6.976718935902682e-08,8.706321352747182e-08,1.7475237257258414e-07,1.0712224707276619e-07,2.3933210968607455e-07,4.815818783754366e-07,1.7905002778206836e-06,7.809248359080811e-07,5.808980176880141e-07,3.1899580221761425e-07,3.3736941418283095e-07,3.1181781423583743e-07,5.902219868403336e-07,1.00709962680412e-06,2.814563799802272e-07,4.386260457067692e-07,3.4886531352640304e-07,6.055861376808025e-07,3.578020653094427e-07,9.329331760454806e-07,2.3796953882992966e-06,3.5140490126650548e-06,0.0002662766491994262,0.00018580198229756206,0.000681935460306704,0.0005256776930764318,0.00030589167727157474,0.0030158034060150385,0.004493245854973793,0.004362267907708883,0.0028244424611330032,0.005326407495886087,0.005727578420192003,0.003079807385802269,0.00229535810649395,0.0064155892468988895,0.006187186110764742,0.0057489764876663685,0.007563276216387749,0.0036868161987513304,0.004392948467284441,0.008106783032417297,0.0027591800317168236,0.002967385808005929,0.0024827844463288784,0.005454690661281347,0.002708307933062315,0.0024980453308671713,0.002219126559793949,0.002803579904139042,0.003658062545582652,0.0017457029316574335,0.0016907216049730778,0.0025089443661272526,0.0033550190273672342,0.000983038335107267,0.0002943210129160434,0.0003119904431514442,0.00019653010531328619,0.0005711749545298517,0.0040745846927165985,0.005054285284131765,0.005542177706956863,0.0021584616042673588,0.0015276757767423987,0.00018003529112320393,0.02095785364508629
43,The place of death of Elizabeth of York is,The place of death of the mother of Elizabeth Tudor is,Elizabeth of York,the mother of Elizabeth Tudor, Tower,1.6566006877383188e-07,3.2552475204283837e-07,4.901189072370471e-07,2.451034106343286e-06,2.026554648182355e-05,0.00019155409245286137,0.00016829704691190273,6.904352630954236e-05,2.045268047368154e-05,2.2936434106668457e-05,1.610076469660271e-05,6.558007044077385e-06,3.2148402624443406e-06,2.3069496819516644e-05,3.945609932998195e-05,1.5319410522351973e-05,2.6329242245992646e-05,4.738872121379245e-06,0.00013812350516673177,0.0005004120757803321,0.00034161502844654024,0.00018214988813269883,7.983576506376266e-05,6.987209053477272e-05,4.190926847513765e-05,3.530329922796227e-05,4.584920134220738e-06,1.2163149222033098e-05,2.9138058380340226e-05,2.9472723326762207e-05,5.973893712507561e-05,2.0126390154473484e-05,8.755560884310398e-06,2.018902523559518e-05,1.5980423995642923e-05,6.372208190441597e-06,1.3858875718142372e-05,2.004259658860974e-05,7.30919127818197e-05,5.1118371629854664e-05,0.0001798543962650001,0.00029401108622550964,0.000345454114722088,0.0004330171213950962,0.0011483640410006046,0.0012568366946652532,0.0007035703165456653,0.0012846312019973993,0.0006506693898700178,0.0004399098106659949,0.00032887281849980354,0.0002735218731686473,0.00019938001059927046,0.0003253419417887926,0.0004562544927466661,0.0018092456739395857,0.001763415290042758,0.0027824409771710634,0.0023540682159364223,0.0027387680020183325,0.0005012034089304507,0.000699568132404238,0.0006956651923246682,0.0007334502297453582,0.0009814556688070297,0.0007131477468647063,0.0002691340050660074,0.000389805412851274,0.00022594546317122877,0.0007752655656076968,0.0006187407998368144,0.00046032044338062406,0.00022772444935981184,6.673486495856196e-05,0.00014088379975873977,7.725132309133187e-05,8.468783198622987e-05,0.00023895158665254712,0.0007482964429073036,0.004120562691241503,4.613781129592098e-05,0.00035098879016004503
44,The place of birth of Lydia Maria Child is,The place of birth of the spouse of David Lee Child is,Lydia Maria Child,the spouse of David Lee Child," Medford, Massachusetts",2.7912914447369985e-05,1.956089363375213e-05,2.2567022824659944e-05,3.974533683503978e-05,1.3359885087993462e-05,1.3231577213446144e-05,5.429136763268616e-06,1.3164348047212115e-06,2.7246458103036275e-06,4.1667367440823e-06,6.1702512539341114e-06,1.8065207768813707e-05,1.0552247658779379e-05,2.6767906092572957e-05,6.328461313387379e-05,1.3643910278915428e-05,1.8270489817950875e-05,5.243825853540329e-06,4.639603503164835e-06,3.1138174563238863e-06,8.015821549633984e-06,2.7197134841117077e-05,0.00023753629648126662,0.00010161530371988192,3.0411796615226194e-05,8.168856584234163e-05,5.637903086608276e-05,0.00013442458293866366,8.218902803491801e-05,9.237319318344817e-05,8.885136048775166e-05,5.312786015565507e-05,9.974203567253426e-05,0.0003291000030003488,0.0003809200134128332,0.00013530148135032505,0.00020120595581829548,0.0002220670139649883,0.00022002500190865248,4.52331623819191e-05,9.886183397611603e-05,2.4707531338208355e-05,1.2586886441567913e-05,1.2071451237716246e-05,6.215468602022156e-06,2.2967324184719473e-05,1.1019950761692598e-05,1.4601249858969823e-05,8.403500032727607e-06,9.093089829548262e-06,6.811555522290291e-06,4.062226707901573e-06,1.1818324310297612e-05,1.4452550203714054e-05,2.884001332859043e-06,2.4986788957903627e-06,1.1608487511693966e-05,4.901016382063972e-06,5.3852422752243e-06,5.422923095466103e-06,4.657086719817016e-06,1.7572172509972006e-05,1.061806960933609e-05,1.1725455806299578e-05,0.00251135160215199,0.0013767832424491644,0.002304359804838896,0.0017989512998610735,0.004094387404620647,0.003243108745664358,0.004155124071985483,0.012581035494804382,0.016117321327328682,0.029727019369602203,0.01585855893790722,0.5965969562530518,0.18888115882873535,0.5780586004257202,0.44087857007980347,0.46128368377685547,0.0005709961988031864,0.6995660066604614
45,The date of birth of Mechthild of Bavaria is,"The date of birth of the mother of Philip II, Margrave of Baden-Baden is",Mechthild of Bavaria,"the mother of Philip II, Margrave of Baden-Baden", 12 July 1532,0.0003125584917142987,0.001183387590572238,0.00923155713826418,0.0106303496286273,0.09125400334596634,0.008833792060613632,0.01257239282131195,0.2002553641796112,0.01985734887421131,2.3246433556778356e-05,0.14035993814468384,0.036470845341682434,0.013105716556310654,0.0016092252917587757,0.014757242985069752,0.4041104018688202,0.011417323723435402,0.29422661662101746,0.475094735622406,0.02221706695854664,0.004237665329128504,0.0022993877064436674,0.003908717073500156,0.0025275503285229206,0.003159570274874568,0.007446075323969126,8.842227543937042e-05,0.05973287671804428,0.0034095661249011755,0.05657589063048363,0.0016680274857208133,0.027356337755918503,0.01367067452520132,0.0033204681240022182,0.06619683653116226,0.03430720418691635,0.028291748836636543,0.03706146031618118,0.013784922659397125,0.007046579383313656,0.00015260391228366643,0.004273551050573587,0.01150019746273756,0.0009571495465934277,0.0036328048445284367,1.3696511587113491e-06,7.576483039883897e-05,0.00015653653827030212,9.110202881856821e-06,4.0770478904050833e-07,6.513337666547159e-06,1.2015580068691634e-05,4.6224071411415935e-05,0.0002424400154268369,9.1514366431511e-06,0.0005291904089972377,3.848476626444608e-05,8.111009810818359e-05,2.81466909655137e-05,1.2468134627852123e-05,0.00022410668316297233,0.00020517621305771172,0.004899751394987106,0.0006494992994703352,3.735858263098635e-05,2.0912857507937588e-05,0.00011145191092509776,4.877615356235765e-05,8.601458830526099e-05,6.488764483947307e-05,0.0001744607143336907,4.203453499940224e-06,7.1045956246962305e-06,0.0009442660957574844,1.2306179996812716e-05,1.6920153029786889e-06,5.896448556086398e-07,2.3431020963471383e-06,7.510434443247505e-07,8.291202539112419e-05,0.024880314245820045,0.0020635207183659077
46,The place of birth of Charles VII is,The place of birth of the father of Marie Marguerite de Valois is,Charles VII,the father of Marie Marguerite de Valois, Paris,5.952960691502085e-06,2.594825218693586e-06,3.2091193133965135e-06,3.6409696804184932e-06,1.9820986381091643e-06,1.1863482995977392e-06,1.686275822976313e-06,4.9068376029026695e-06,8.167488886101637e-06,2.9364400688791648e-06,1.4755401025468018e-05,1.4323735740617849e-05,8.324810551130213e-06,4.25035432272125e-06,5.52705341760884e-06,9.891463378153276e-06,2.007388866331894e-05,2.001418761210516e-05,4.7583725972799584e-06,6.194729394337628e-06,2.7571693408390274e-06,1.2828784747398458e-05,6.070067229302367e-06,4.950192760588834e-06,3.4861807307606796e-06,1.6445397932329797e-06,3.119871053058887e-06,3.2127256872627186e-06,2.6658817660063505e-06,6.54612358630402e-06,2.6212824195681605e-06,2.0703000700450502e-06,4.5059409785608295e-06,3.802973878919147e-06,5.606668310065288e-06,1.4251454558689147e-05,4.855366569245234e-06,5.781715299235657e-05,4.822055052500218e-05,4.162953337072395e-05,0.00015755344065837562,0.00010337457933928818,2.0245426640030928e-05,1.8364804418524727e-05,2.4874858354451135e-05,4.564466144074686e-05,1.2516212336777244e-05,4.624755456461571e-05,2.208220394095406e-05,5.4589827414019965e-06,1.0235821719106752e-05,5.556595624511829e-06,2.56246275966987e-05,1.978811815206427e-05,9.203974514093716e-06,8.014319973881356e-06,4.567231826513307e-06,1.703311909295735e-06,8.95890116225928e-06,1.1434845873736776e-05,6.224621756700799e-06,9.993451385525987e-06,8.393598363909405e-06,1.4551475032931194e-05,2.2651816834695637e-05,0.00020279122691135854,0.00024395577202085406,0.0005042586126364768,0.0005320961936376989,0.00037057441659271717,0.0009776202496141195,0.00030197208980098367,0.0002681787882465869,0.00042913793004117906,0.0006186218233779073,0.0021555216517299414,0.005466501694172621,0.010881708934903145,0.014732526615262032,0.014741873368620872,0.004300910513848066,0.06978119164705276
47,The place of death of Gustavo Alatriste is,The place of death of the director of Las tecnologías pesqueras is,Gustavo Alatriste,the director of Las tecnologías pesqueras," Houston, Texas",4.0580821405455936e-06,2.841985406121239e-06,5.406847321864916e-06,1.1047395673813298e-06,6.072219093766762e-06,4.015435933979461e-06,1.1843512766063213e-05,2.7734367904486135e-06,1.11095196189126e-05,7.884566912252922e-06,7.869449291320052e-06,4.071074727107771e-06,1.5253658602887299e-05,2.117916665156372e-05,3.130451659671962e-05,6.236469744180795e-06,2.0577384930220433e-05,1.0739103345258627e-05,4.344738499639789e-06,2.708731017264654e-06,1.819243516365532e-05,0.00013524167297873646,0.00013855966972187161,0.0001306585327256471,3.217421181034297e-05,8.770581189310178e-05,2.700100594665855e-05,3.69734043488279e-05,2.3596892788191326e-05,2.1974345145281404e-05,8.252394763985649e-06,9.911749657476321e-06,1.3796644680041936e-06,2.846202050932334e-06,2.953745479317149e-06,7.026470484561287e-06,8.562299626646563e-06,6.264306193770608e-06,4.949583853885997e-06,1.4406158470592345e-06,2.827488742696005e-06,1.7909324014908634e-06,7.153433898565709e-07,4.261381150172383e-07,6.252109869819833e-07,1.3851120002073003e-06,2.7104769628749636e-07,2.8649475680708747e-08,7.320064554505734e-08,1.0574723319223267e-07,2.541038099934667e-07,8.929153949566171e-08,2.5006511350511573e-07,2.0004117118332942e-07,3.0841161446915066e-07,3.330450795147044e-07,3.639063947957766e-07,4.400867510412354e-07,6.618640782107832e-07,1.1525689842528664e-06,1.1235175634283223e-06,8.513861757819541e-07,2.346982682865928e-06,1.2335859764789348e-06,1.777042712092225e-06,1.7342629234917695e-06,8.375497486667882e-07,1.559929614813882e-06,1.6765186501288554e-06,2.7929672796744853e-06,2.5396805085620144e-06,4.868176347372355e-06,4.094692030776059e-06,4.5560236685560085e-06,8.545105629309546e-06,2.844092705345247e-06,1.7470084685555776e-06,5.38022504770197e-06,1.6766172848292626e-05,7.926249054435175e-06,2.330260758753866e-05,1.695428363746032e-05
48,The spouse of Selena is,The spouse of the performer of Cien Años is,Selena,the performer of Cien Años, Chris Pérez,3.5339944588486105e-05,7.70590213505784e-06,5.308107574819587e-06,4.4582739064935595e-06,2.314449375262484e-06,2.4213743472500937e-06,9.285638043365907e-06,1.9235412764828652e-06,1.8234371736980393e-06,2.4051344098552363e-06,1.0339642813050887e-06,5.560799309023423e-06,3.229971525797737e-06,2.0063539523107465e-06,3.334583198011387e-06,2.3634581793885445e-06,1.0956441656162497e-06,2.330126790184295e-06,3.769574050238589e-06,1.236775096913334e-05,1.2511160093708895e-05,2.801621303660795e-05,4.170015745330602e-05,3.8203095755307004e-05,0.00011711903061950579,3.631977961049415e-05,1.2260249604878481e-05,3.149360782117583e-05,1.502865688962629e-05,4.582921974360943e-06,2.193486352553009e-06,8.843150681059342e-06,1.2479119504860137e-05,2.420471719233319e-05,4.6240096708061174e-05,2.109817614837084e-05,6.232385203475133e-06,1.6987778508337215e-05,1.63382737810025e-05,3.5387838579481468e-06,1.9049739421461709e-06,7.121287580957869e-06,6.665806267847074e-06,4.7798366722417995e-06,3.3573273867659736e-06,7.881909368734341e-06,1.077922570402734e-05,8.040995453484356e-06,4.262913535058033e-06,2.776711426122347e-06,3.9984711293072905e-06,3.4672548281378113e-06,1.5552693639619974e-06,7.18025648893672e-06,1.2568384590849746e-05,2.9124310458428226e-05,6.281368314375868e-06,3.313834895379841e-05,4.291192817618139e-05,1.73677435668651e-05,1.6686301023582928e-05,2.9990082111908123e-05,7.579646626254544e-05,0.00011864808038808405,0.0002194744738517329,0.0001506993139628321,0.0001804637722671032,0.0001186269655590877,0.00015820276166778058,0.000330341630615294,0.0001768147776601836,0.0003322446718811989,0.004349524155259132,0.005379783920943737,0.9776623845100403,0.9679487943649292,0.6820131540298462,0.7964458465576172,0.7278735637664795,0.8714213967323303,4.358991645858623e-05,0.09869507700204849
49,Mansoor Khan received the,The director of Jo Jeeta Wohi Sikandar received the,Mansoor Khan,the director of Jo Jeeta Wohi Sikandar, Filmfare Award for Best Director,1.5346311101893662e-06,3.2183768325921847e-06,1.220501303578203e-06,3.258238336911745e-07,1.0791511328989145e-07,2.994817549506479e-08,1.1326576299097724e-07,1.9679960772123195e-08,5.2783992288141235e-08,1.9242548887632438e-08,3.70222918988361e-09,7.1753571972976715e-09,4.981927759217797e-09,7.307854588134433e-08,6.773738192578094e-08,6.434699173496483e-08,2.8991553335799836e-07,8.68487575189647e-07,2.803963525366271e-06,4.50768737891849e-07,1.3082926386687177e-07,1.2133406812608882e-07,3.946204287785804e-07,1.498657297815953e-06,2.87349894279032e-06,3.6463916330831125e-06,5.354730092221871e-06,3.944210220652167e-06,9.535205208521802e-06,6.569380275323056e-06,3.4528400192357367e-06,8.89051898411708e-06,1.5153014828683808e-05,4.955327312927693e-06,3.6161386560706887e-06,2.6875729872699594e-06,1.6013507320167264e-06,7.589360393467359e-07,7.522710916418873e-07,5.997776497679297e-07,4.921217282571888e-07,2.0434970338101266e-07,1.5272283349077043e-07,9.810010226374288e-08,1.6713654815703194e-07,2.2628675822033983e-07,3.5733575032281806e-07,1.4920865964995755e-07,4.1353692381562723e-07,5.47230683878297e-07,8.205832955354708e-07,1.4673533996756305e-06,7.68238521686726e-07,1.2730631624435773e-06,1.0545613804424647e-06,1.6469221009174362e-06,1.5770465324749239e-06,1.519769739388721e-06,1.625019081075152e-06,1.0867197488551028e-06,1.2658910009122337e-06,1.92000925380853e-06,1.5621697002643486e-06,1.1268890602877946e-06,1.0055549637399963e-06,2.5245165033993544e-06,1.3062877997072064e-06,1.6395550801462377e-06,8.054791464928712e-07,4.873691068496555e-07,8.474490869048168e-07,4.953566303811385e-07,2.2883860140154866e-07,2.3761937484323425e-07,1.7178224709368806e-07,5.7261750896486774e-08,7.004963720191881e-08,1.2434068707989354e-07,1.9919045257665857e-07,6.175366706884233e-07,0.01965763419866562,0.001545333070680499
50,The country of citizenship of Bart Sibrel is,The country of citizenship of the director of Astronauts Gone Wild is,Bart Sibrel,the director of Astronauts Gone Wild, American,6.416091491701081e-05,9.423797564522829e-06,9.576420416124165e-05,0.00010004274372477084,2.0072331608389504e-05,7.556707259936957e-06,2.9776920200674795e-05,0.00019483723735902458,3.3109852665802464e-05,6.986352673266083e-06,7.246853783726692e-05,1.4358035514305811e-05,3.066349745495245e-05,8.538113615941256e-05,0.00020557055540848523,7.588479638798162e-05,0.0002960464626085013,0.0003697191132232547,0.00039711419958621264,0.0008658349979668856,0.000370718480553478,0.000803898845333606,0.0005385935655795038,0.00034536418388597667,0.00035173259675502777,0.0001019021074171178,9.046097693499178e-05,5.419390072347596e-05,0.0010134591720998287,0.0011461431859061122,0.000553683377802372,0.0004357247380539775,0.0005974638042971492,0.0032489923760294914,0.002606476191431284,0.005010443273931742,0.010840147733688354,0.03555764630436897,0.009712360799312592,0.01601468212902546,0.015460183843970299,0.006357469595968723,0.0032166221644729376,0.0012799958931282163,0.0011063315905630589,0.0016240004915744066,0.0013343251775950193,0.0009438629494979978,0.0008176540723070502,0.00029657126287929714,0.0007722870795987546,0.0011043987469747663,0.0011029028100892901,0.00030185753712430596,0.0002064359578071162,0.00048515823436900973,0.00048003921983763576,0.00026834127493202686,0.0002205166092608124,0.0010521559743210673,0.0013393326662480831,0.0015830855118110776,0.0009723742841742933,0.0017009028233587742,0.0029081255197525024,0.0032358597964048386,0.005815685726702213,0.0034979903139173985,0.0004725216422230005,0.0015567948576062918,0.0004254497471265495,0.000420104042859748,0.0010986862471327186,0.00494169257581234,0.00797465443611145,0.003328780410811305,0.003141405526548624,0.00011486823495943099,0.0009258403442800045,0.0018168060341849923,0.006274744868278503,0.016325704753398895
51,The place of birth of Muhammad Ali Jinnah is,The place of birth of the spouse of Emibai Jinnah is,Muhammad Ali Jinnah,the spouse of Emibai Jinnah, Karachi,2.423070668555738e-07,7.357447771028092e-07,1.263201738765929e-06,1.659836811995774e-06,4.711838528237422e-07,9.153161499853013e-07,2.127172137988964e-06,2.606847999686579e-07,4.624914851092399e-08,1.1748619499485358e-07,2.3543101690393087e-08,9.767091313506171e-08,1.6895785392989637e-07,1.8887809005718736e-07,4.3594440057859174e-07,3.2452086884404707e-07,5.925438131271221e-07,1.896930825751042e-06,1.8041923794953618e-06,2.351666807953734e-06,5.953109848633176e-06,3.073080733884126e-06,2.637919897097163e-05,1.437380888091866e-05,1.0743058737716638e-05,2.6471052478882484e-06,1.5464268017240101e-06,1.3885644875699654e-05,7.397847184620332e-06,9.959197086573113e-06,3.5536737414076924e-05,2.0549356122501194e-05,4.073532181791961e-06,4.051975338370539e-06,5.594349204329774e-06,6.917181053722743e-06,1.4967988136049826e-05,8.146796972141601e-06,2.864774978661444e-05,0.00010885885421885177,4.3700827518478036e-05,4.737282870337367e-05,8.317020547110587e-05,9.552805568091571e-05,0.00017755785665940493,6.640302308369428e-05,6.741262768628076e-05,8.33550511742942e-05,6.745203427271917e-05,5.9820562455570325e-05,6.357082020258531e-05,0.00014935663784854114,0.00016457516176160425,0.00010338907304685563,0.00011808933049906045,0.00016240892000496387,0.00020023393153678626,0.0002363905805395916,0.00020294332352932543,0.0005134097882546484,0.0003078813897445798,0.0005235205753706396,0.00028837256832048297,0.0002226910728495568,0.0016312747029587626,0.003186505287885666,0.002296249382197857,0.003294949419796467,0.002027104841545224,0.0024705608375370502,0.002932144794613123,0.0020170288626104593,0.0019160945666953921,0.0016290657222270966,0.0014913940103724599,0.11692550033330917,0.02365344762802124,0.013504932634532452,0.011387335136532784,0.018175460398197174,0.006528638768941164,0.06649399548768997
52,The place of birth of Jelena Zrinska is,The place of birth of the spouse of Francis I Rákóczi is,Jelena Zrinska,the spouse of Francis I Rákóczi, Ozalj,9.193239520755014e-07,1.2285684078960912e-06,4.3258930304546084e-07,2.156077016479685e-06,1.1206932867935393e-05,1.0975775694532786e-05,2.1177183953113854e-05,8.528290891263168e-06,4.994408755010227e-06,6.194167781359283e-06,1.0157321383985618e-07,4.01295756091713e-06,3.048656253668014e-06,1.0992499483108986e-05,3.851789188047405e-06,1.209986749017844e-06,4.708665073849261e-06,5.022869663662277e-05,5.443175268737832e-06,5.916136615269352e-06,8.526848432666156e-06,2.1300788830558304e-06,2.011635842791293e-06,2.299919060533284e-06,3.6522765185509343e-06,8.949773473432288e-07,8.518805429957865e-07,5.205028514865262e-07,3.4216299127365346e-07,2.7644621241051937e-06,2.9280761282279855e-06,6.477629995060852e-06,1.2885940122941975e-05,1.7794056930142688e-06,1.3275497394715785e-06,1.7560186051923665e-06,1.2613531907845754e-07,6.430121857192717e-08,1.6351876297449053e-07,1.963484095313106e-07,4.7286505377996946e-07,1.0574146926956018e-06,8.426156909990823e-07,4.7333261932180903e-07,2.184323875553673e-06,1.9239548691984965e-06,2.048321448455681e-06,2.8190179364173673e-06,5.261983915261226e-06,5.328770839696517e-06,2.5354115678055678e-06,6.66301366436528e-06,3.613357876020018e-06,1.767877847669297e-06,3.275135213698377e-06,2.4246721750387223e-06,5.201901785767404e-06,3.98834936277126e-06,5.420742581918603e-06,7.23151924830745e-06,6.163114449009299e-06,3.668007138912799e-06,1.4365029983309796e-06,8.446418178209569e-07,9.833079275267664e-07,1.160969532065792e-06,2.1305256723280763e-06,3.05432786262827e-06,5.81086487727589e-06,7.1827275860414375e-06,9.243203749065287e-06,5.10921745444648e-06,1.0733007002272643e-05,6.491993644885952e-06,6.731034318363527e-06,2.0919766029692255e-05,2.9793547582812607e-05,5.268784661893733e-05,4.631183037417941e-05,6.0116177337476984e-05,2.2712054487783462e-05,1.720249929348938e-05
53,The place of birth of W. P. Kellino is,The place of birth of the director of Pay Box Adventure is,W. P. Kellino,the director of Pay Box Adventure, London,0.00021817610831931233,0.0004201569245196879,0.001168729504570365,0.00023649490321986377,0.0013182300608605146,0.0027159436140209436,0.00046062126057222486,0.0007445942610502243,0.0007212170166894794,0.0006351712509058416,0.0017943434650078416,0.0015071547823026776,0.0016617713263258338,0.0009337310330010951,0.0004926698748022318,0.00033941277069970965,0.00037219072692096233,0.0005029069725424051,0.0005613207467831671,0.00018014434317592531,0.00012721061648335308,0.0002083127328660339,0.00014413993631023914,0.0005025136633776128,0.0008247881778515875,0.0003815456002485007,0.0001361163449473679,0.0008989546331577003,0.0005505473236553371,0.0003588979598134756,0.00032532293698750436,8.48037816467695e-05,4.188690218143165e-05,3.892940003424883e-05,7.476656173821539e-05,0.0003123698406852782,9.194274025503546e-05,0.00033417786471545696,0.00022381325834430754,0.0001443219225620851,6.578859756700695e-05,6.477448187069967e-05,5.87454233027529e-05,1.874542431323789e-05,0.00015772665210533887,3.061390088987537e-05,6.199228664627299e-05,8.918622188502923e-05,0.0001228390756295994,8.116171375149861e-05,2.636621502460912e-05,3.642885712906718e-05,0.00010883602226385847,8.547453762730584e-05,3.8976100768195465e-05,0.00010322226444259286,3.0028922992642038e-05,0.00010555039625614882,3.884922989527695e-05,4.4947202695766464e-05,3.2905154512263834e-05,3.458706851233728e-05,3.204472523066215e-05,4.102452294318937e-05,3.715985803864896e-05,2.8648579245782457e-05,6.117840530350804e-05,4.055473254993558e-05,4.306079063098878e-05,7.772146636852995e-05,8.255142893176526e-05,5.046722071710974e-05,9.019545541377738e-05,6.073183612897992e-05,7.489018753403798e-05,9.2824029707117e-06,5.486464033310767e-06,2.122894329659175e-06,3.9739184103382286e-06,0.00010480753553565592,0.0030692610889673233,0.004842882510274649
54,The employer of Chip Gubera is,The employer of the director of Academy of Doom is,Chip Gubera,the director of Academy of Doom, University of Missouri,0.00010570079030003399,2.0395360479597002e-05,0.0001036514513543807,0.0002522045106161386,0.00046140694757923484,0.00018389300385024399,6.851897342130542e-05,4.3001113226637244e-05,7.256345998030156e-05,0.0003116876177955419,0.00015193226863630116,7.798610749887303e-05,0.0001901325595099479,2.9179072953411378e-05,7.671946514165029e-05,0.0002098623663187027,0.00017738361202646047,0.0002389385917922482,0.0005120218847878277,0.00015034516400191933,0.0028139364439994097,0.00011802731023635715,5.7983088481705636e-05,0.00013522300287149847,4.0265331335831434e-05,7.958189962664619e-05,0.0001413728459738195,4.656352393794805e-05,8.134251402225345e-05,2.1078731151646934e-05,1.3969605788588524e-05,9.929054067470133e-05,0.00017621229926589876,8.496407099300995e-05,4.4599826651392505e-05,1.3411821782938205e-05,4.931167495669797e-05,0.00030845985747873783,0.00011444067786214873,0.00042741387733258307,0.0004345761553850025,0.0002637652796693146,0.00033900473499670625,0.00018413290672469884,8.003059338079765e-05,7.651476335013285e-05,0.0001992300822166726,0.00016374771075788885,0.0005272253765724599,0.0004132627509534359,0.0014158145058900118,0.0008236787398345768,0.0012882170267403126,0.0005509891198016703,0.0007536209304817021,0.000618714198935777,0.0003306814469397068,0.00035429332638159394,0.00020087244047317654,0.00021363567793741822,0.00040786858880892396,0.0005586158367805183,0.00016620421956758946,0.00038861826760694385,0.0007339096628129482,0.0002978501725010574,0.0005396347842179239,0.00029436935437843204,0.00019052278366871178,0.00043881795136258006,0.00027247698744758964,0.00011244237248320132,0.00038681545993313193,0.000338489975547418,0.0009634435991756618,0.0009629204287193716,0.00036212842678651214,0.00028748330078087747,0.0002184272016165778,0.00011680601892294362,0.00033540386357344687,0.0005125220632180572
55,The place of birth of Lacy J. Dalton is,The place of birth of the performer of Slow Down is,Lacy J. Dalton,the performer of Slow Down, Bloomsburg,3.0913988666725345e-06,1.6321210978276213e-06,7.40271332233533e-07,7.8048628893157e-07,5.033334105064569e-07,2.072179938750196e-07,1.6681721604072663e-07,2.5957831439882284e-07,7.313077077242269e-08,2.748093947957386e-07,2.3263713444521272e-07,6.634417673012649e-07,5.108308869239409e-07,1.7411093722330406e-06,1.768389097378531e-07,6.404654868674697e-07,1.137627236857952e-06,1.7070838111976627e-06,6.101574854255887e-06,1.0952430784527678e-06,1.7053614556061802e-06,9.043727118296374e-07,1.2077224482709426e-06,2.2739376959179936e-07,1.5078710191573919e-07,1.244446963255541e-07,4.044221100230061e-07,6.312360483207158e-07,1.4851782736968744e-07,2.569665582541347e-07,2.5401195671292953e-06,2.2688586795993615e-06,1.0036665116786025e-05,9.395407687406987e-06,8.829705620883033e-06,1.1648600093394634e-06,6.728345852025086e-06,2.2450255983130774e-06,7.208097940747393e-06,2.0430949007277377e-05,4.611953499988886e-06,9.138589120993856e-06,3.399201887077652e-06,2.5082977117563132e-06,1.3294245491124457e-06,7.480663839487534e-07,8.00144164259109e-07,6.367657761074952e-07,1.641817789277411e-06,4.810574864677619e-06,2.967750560856075e-06,3.0386681828531437e-06,3.837707026832504e-06,3.902256594301434e-06,1.7721687299854239e-06,6.244922019504884e-07,8.849257824294909e-07,4.2738520278362557e-07,3.679199949147005e-07,6.903311486894381e-07,7.686627441216842e-07,1.5982453760443605e-06,2.8136419132351875e-06,3.517834556987509e-06,1.5674406313337386e-05,1.610627441550605e-05,8.380804501939565e-06,2.025821595452726e-05,2.0224893887643702e-05,7.080147770466283e-05,1.8455735698807985e-05,3.2531836041016504e-05,0.0001475102617405355,7.276197720784694e-05,0.00014167532208375633,0.002837040927261114,0.0011158399283885956,0.004845838528126478,0.43180933594703674,0.2884332835674286,4.056566467625089e-05,0.9982154369354248
56,The place of birth of Salvatore Piscicelli is,The place of birth of the director of Blues metropolitano is,Salvatore Piscicelli,the director of Blues metropolitano, Pomigliano d'Arco,5.252975824987516e-06,2.7816226975119207e-06,1.4477298464043997e-05,3.834723429463338e-06,1.3136635061528068e-05,7.248177553265123e-06,1.0306475815013982e-05,3.6890401133859996e-06,1.1084802054028842e-06,9.527163456368726e-06,1.3599244539364008e-06,7.954034231261176e-07,4.298401847790956e-07,4.6337643766491965e-07,9.99694904635362e-08,1.617637508388725e-07,1.592704421682356e-07,1.461537408431468e-06,5.75883518649789e-07,1.0267267498420551e-06,8.183903446479235e-06,6.243753887247294e-06,9.30514852370834e-06,1.412766596331494e-05,1.2135435099480674e-05,5.681669790646993e-06,6.431174369936343e-06,1.7649654182605445e-06,3.012988145201234e-06,6.710805791954044e-06,6.87397800902545e-07,1.850536648362322e-07,2.3647299940421362e-07,5.161223839422746e-07,3.645236859028955e-07,6.0471853657873e-07,6.66081916733674e-07,9.405900527781341e-06,1.7520196706755087e-06,4.58137776604417e-07,1.428534119440883e-06,1.1902579899469856e-06,4.005998164302582e-07,2.8248385319784575e-07,1.9796945593952842e-07,5.29776059465803e-07,5.571466203946329e-07,3.785921478538512e-07,4.097355201793107e-07,7.198472076197504e-07,2.3151687855715863e-06,1.1670950925690704e-06,2.3156665065471316e-06,8.820458106129081e-07,2.112135234710877e-06,1.3521162145480048e-06,4.318939318181947e-06,3.773571279452881e-06,6.235031833057292e-06,8.044544301810674e-06,7.701468348386697e-06,8.628352588857524e-06,6.325851245492231e-06,6.20260470896028e-06,5.796235654997872e-06,5.171059001440881e-06,8.381237421417609e-06,1.3057596333965193e-05,1.3853501513949595e-05,2.335113640583586e-05,2.5412107788724825e-05,1.091440390155185e-05,1.5972247638273984e-05,8.266475560958497e-06,2.6407417408336187e-06,2.873215635190718e-05,4.436951712705195e-05,7.509974966524169e-05,0.00012066397175658494,0.00015210843412205577,5.036969014327042e-05,0.0003071585379075259
57,The place of death of Ludowika Margaretha of Zweibrücken-Bitsch is,The place of death of the mother of Johanna Sibylla of Hanau-Lichtenberg is,Ludowika Margaretha of Zweibrücken-Bitsch,the mother of Johanna Sibylla of Hanau-Lichtenberg, Bouxwiller,2.1840544661699823e-07,8.469438483871272e-08,1.8247867217269231e-07,8.436966680847036e-08,1.0301997832584675e-07,5.1824773805719815e-08,8.243127780360737e-08,7.02535061236631e-08,4.2902894392682356e-07,1.8596211930343998e-06,2.445425025143777e-06,1.0837366062332876e-06,1.9441661152086454e-06,1.2884362377008074e-07,6.942029813217232e-07,1.126372239923512e-06,6.560269980582234e-07,1.8306853917238186e-06,2.2619399260292994e-06,3.3134465411421843e-06,3.2610702760393906e-07,4.674502349644172e-07,1.085606413653295e-07,2.5756969534995733e-07,1.7646775631874334e-06,1.0784806363517419e-06,6.339291758195031e-07,4.167363556462078e-07,2.8540529228848754e-07,2.0460178973280563e-07,3.6454455312195932e-06,1.239732455360354e-06,1.6076880910986802e-06,5.917369776398118e-07,1.7789264461498533e-07,5.674656335941108e-07,5.714531994271965e-07,4.113605882594129e-07,7.657873624111744e-08,1.5021009858173784e-07,1.6010089609608258e-07,6.97115041248253e-08,7.833077830809998e-08,5.746921871718769e-08,1.1135030320019723e-07,1.0369405600840764e-07,1.1606493188764944e-07,4.762840433158999e-08,3.1749263484925905e-07,2.2114818420959637e-07,2.1951571227418754e-07,1.7195459633967403e-07,1.5719970747340994e-07,2.0480931084421172e-07,1.8302083049093198e-07,2.725458614349918e-07,1.7430004106699926e-07,2.784157402402343e-07,6.244790142773127e-07,5.990634690533625e-07,5.654117103404133e-07,6.268580250434752e-07,3.7152406662244175e-07,4.3407939642747806e-07,8.171400054379774e-07,2.8541444407892413e-06,2.697375521165668e-06,2.6451359644852346e-06,1.3154209455024102e-06,1.1242636901442893e-06,1.1812259117505164e-06,1.970556240848964e-06,2.5988638299168088e-06,6.347565317810222e-07,1.5497929553021095e-06,8.383079261875537e-07,1.3242275826996774e-06,2.3463960587832844e-06,1.4797715266468003e-06,9.122029950958677e-06,3.239811849198304e-05,9.832150681177154e-05
58,The spouse of Edward Buzzell is,The spouse of the director of Ann Carver's Profession is,Edward Buzzell,the director of Ann Carver's Profession, Ona Munson,1.6161084204213694e-05,2.7563992262003012e-05,4.203095886623487e-05,2.343032610951923e-05,1.6519856217200868e-05,2.350267459405586e-05,1.0029774784925394e-05,4.1294051698059775e-06,4.824216262022674e-07,4.167893337125861e-07,1.7816837498685345e-06,8.97768529739551e-07,1.656645690673031e-05,5.460163447423838e-05,8.750278357183561e-05,2.054048854915891e-05,3.4823215173673816e-06,5.8487280512053985e-06,2.003630652325228e-05,4.262992206349736e-06,5.245537977316417e-06,1.0805687225001748e-06,2.7658327894641843e-07,8.916371712075488e-07,8.685455554768851e-07,1.6019896520447219e-06,4.3204602206969867e-07,4.608303640907252e-07,2.56598298165045e-07,7.069991170283174e-07,2.246036501674098e-06,5.208516540733399e-06,4.2093433876289055e-06,1.304876059293747e-05,8.222378710343037e-06,8.690195500093978e-06,2.1315379854058847e-05,6.342978304019198e-05,8.293340215459466e-05,1.1674200322886463e-05,3.8141162804095075e-05,3.865437611239031e-05,8.180363693099935e-06,6.033074896549806e-06,1.787743894965388e-05,4.6205019316403195e-05,8.271598744613584e-06,1.0597937944112346e-05,6.1552750594273675e-06,1.4685239193568123e-06,5.096744644106366e-06,6.901191682118224e-06,2.6353773137088865e-05,1.2501262972364202e-05,4.8203939513769e-05,7.721165275142994e-06,1.141335360443918e-06,4.109087967663072e-06,5.755233814852545e-06,1.5561830878141336e-05,2.3237066670844797e-06,4.919756975141354e-06,3.835604275082005e-06,1.817805605242029e-05,2.13826606341172e-05,8.683113264851272e-06,1.3394930647336878e-05,2.7756539566325955e-05,6.264615512918681e-05,5.915127258049324e-05,2.0225110347382724e-05,2.669925379450433e-05,0.0002196888526668772,0.00010153174662264064,0.00017553454381413758,0.00019764505850616843,5.9884572692681104e-05,4.000748958787881e-05,0.0002135542599717155,0.0006797348032705486,3.3159838494611904e-05,0.0019791305530816317
59,The date of birth of Iyasu I is,The date of birth of the father of Bakaffa is,Iyasu I,the father of Bakaffa, 1654,0.005524164531379938,0.0055639296770095825,0.0004652946372516453,3.276586357969791e-05,0.0012892457889392972,5.89386672800174e-06,9.660117939347401e-05,4.6059434680501e-05,0.003260330529883504,0.0003183677326887846,0.09172026813030243,0.0005858184304088354,0.0011781391222029924,0.005475757643580437,0.000197682180441916,0.00044278151472099125,0.016252418980002403,0.02029462158679962,0.029770733788609505,0.0016723580192774534,0.0024814868811517954,0.0009371301857754588,0.0011093587381765246,0.007050612010061741,0.0006092727999202907,5.308620529831387e-05,0.00018609109974931926,0.004558657296001911,0.0025699844118207693,0.029071329161524773,0.0035716830752789974,0.017581593245267868,0.06571158021688461,0.010852144099771976,0.0347554050385952,0.0018971171230077744,0.001591447158716619,0.04439844563603401,0.007029251661151648,0.029094558209180832,0.00031203177059069276,0.0016250608023256063,0.0030085828620940447,0.001425893628038466,0.0003827573382295668,2.033484179264633e-06,0.00013552294694818556,9.973358828574419e-05,4.329931925894925e-06,8.680783025738492e-07,2.8898830350954086e-06,1.6417236565757776e-06,5.11858488607686e-05,0.00047669370542280376,3.407546682865359e-05,5.902874545427039e-05,4.779459777637385e-05,4.020263804704882e-05,0.00012928001524414867,3.391029531485401e-05,0.006911431904882193,5.3280640713637695e-05,0.0013439522590488195,0.0006559710600413382,4.755422560265288e-05,3.268047657911666e-05,0.00023038903600536287,3.1137735732045257e-06,6.655258039245382e-05,2.257169398944825e-05,2.7163852792000398e-05,3.858215677610133e-06,4.683587030740455e-05,0.00011621911107795313,2.37471340369666e-05,4.587735384120606e-05,1.6573963875998743e-05,0.00013377005234360695,0.00031891310936771333,0.0024318788200616837,0.044697511941194534,0.01570437103509903
60,The place of burial of Johnny Horton is,The place of burial of the performer of Honky-Tonk Man is,Johnny Horton,the performer of Honky-Tonk Man, Louisiana,7.18723822501488e-06,3.18183424496965e-06,1.715279495329014e-06,4.159341813192441e-07,6.381423389711927e-08,5.466502557283093e-07,1.474007973456537e-07,1.0873883837803078e-07,4.627984822036524e-07,5.3100770855962764e-06,2.6784014153236058e-06,2.668836941666086e-06,1.5565005014650524e-05,3.2614868814562215e-06,6.931640541552042e-07,3.059396249227575e-06,1.1538758371898439e-05,1.7762928109732457e-05,1.2855367458541878e-05,7.724101124040317e-06,4.344784247223288e-05,8.264995267381892e-05,3.1743780709803104e-05,8.896835788618773e-05,5.447516014100984e-05,1.832099587772973e-05,2.999067510245368e-05,1.730616895656567e-05,1.2293670806684531e-05,9.018337550514843e-06,4.7218873078236356e-05,8.088808681350201e-05,7.80461632530205e-05,0.000122994722914882,0.00020755497098434716,0.00027258502086624503,0.00017004819528665394,0.0005074086366221309,0.00043227573041804135,0.00011271546100033447,8.173455717042089e-05,0.0007865822990424931,0.0001760228187777102,0.0001798856392269954,0.009571402333676815,0.02425023540854454,0.01001573633402586,0.03792785853147507,0.003153932746499777,0.0010811859974637628,0.0026667809579521418,0.0010405471548438072,0.000869350042194128,0.001296251080930233,0.0004118120123166591,0.0003519713645800948,0.00032878536148928106,0.00017551594646647573,0.00027867808239534497,0.00010823200136655942,3.2562144042458385e-05,2.1174953872105107e-05,4.050721327075735e-05,2.9569026082754135e-05,1.70255789271323e-05,3.5840043892676476e-06,1.3296382348926272e-05,7.852559065213427e-06,8.608393727627117e-06,8.026471732591745e-06,6.34237403573934e-06,1.1861571692861617e-05,9.452727681491524e-06,5.605572823697003e-06,7.837975317670498e-06,1.1335258022882044e-05,1.8054013708024286e-05,6.018233034410514e-05,3.078607187489979e-05,3.627549085649662e-05,0.00015042773156892508,0.0004283966263756156
61,Nagesh Kukunoor received the,The director of Hyderabad Blues 2 received the,Nagesh Kukunoor,the director of Hyderabad Blues 2, Filmfare Award,9.616974239179399e-07,4.459429874259513e-06,1.47602520428336e-06,5.046412638876063e-07,2.414813593532017e-07,1.1044527070680488e-07,2.0443447112938884e-07,9.812963241984107e-08,1.176025961058258e-07,7.398173806905106e-08,3.607727592225274e-07,7.969847501954064e-07,4.816508862859337e-07,3.0462938411801588e-06,1.585668201187218e-06,9.771687246029614e-07,4.2084326423719176e-07,1.878024022516911e-06,8.750932465773076e-06,3.6129364161752164e-05,1.0214924259344116e-05,8.887349395081401e-06,4.165590780758066e-06,6.213098095031455e-05,9.631006832933053e-06,2.328699702047743e-05,1.7647960703470744e-05,1.2428093214111868e-05,2.515697997296229e-05,3.729714444489218e-05,2.7295920517644845e-05,5.60880835109856e-05,5.555783354793675e-05,4.0024078771239147e-05,4.7129935410339385e-05,0.0001598615199327469,0.0007406432996504009,0.000606546294875443,0.00020038048387505114,5.057197995483875e-05,9.322232654085383e-05,4.991918831365183e-05,3.4042121114907786e-05,3.188747359672561e-05,1.9726277969311923e-05,7.894562259025406e-06,3.38498853125202e-06,7.2931220529426355e-06,1.5840969354030676e-06,1.797301251826866e-06,1.5483606148336548e-06,1.38320740461495e-06,9.490489105701272e-07,3.0345799473252555e-07,2.4161778355846764e-07,2.3207546462344908e-07,1.0463065081012246e-07,5.797477342639468e-08,6.335103108767726e-08,1.2399236481996923e-07,3.354554678480781e-07,1.6484341358591337e-07,2.830400376296893e-07,2.536882846015942e-07,1.0077044265699442e-07,3.0626537750322314e-07,8.38395578739437e-07,8.417445087616215e-07,1.715956159387133e-06,1.6916814047363005e-06,8.269753379863687e-07,2.5281376565544633e-06,1.6834252392072813e-06,3.00715328194201e-06,2.4045057216426358e-06,4.686819011112675e-06,1.579464537826425e-06,5.412473910837434e-06,1.1762122994696256e-05,4.149747110204771e-05,0.010266088880598545,0.005902671255171299
62,Steve Vai received the,The performer of The Attitude Song received the,Steve Vai,the performer of The Attitude Song, Grammy,1.2006551060039783e-06,1.0277377668899135e-06,1.1369284038664773e-06,9.257907436222013e-07,6.413737878574466e-07,3.0909509405319113e-06,2.400153107373626e-06,8.969962436822243e-06,1.2206920473545324e-05,1.7356471289531328e-05,4.674623141909251e-06,1.2304313713684678e-05,6.29225978627801e-05,1.3749610843660776e-05,1.8016493413597345e-05,1.0120137631020043e-05,1.7554495570948347e-05,7.024870683380868e-06,1.704998612694908e-05,1.616946974536404e-05,5.639848041028017e-06,3.896966063621221e-06,1.576028262206819e-05,2.8402117095538415e-05,5.1874976634280756e-05,2.084065090457443e-05,3.024236866622232e-05,1.4269474377215374e-05,8.484403224429116e-06,5.7890047173714265e-06,5.258556939224945e-06,6.583300660167879e-07,2.744698349488317e-06,9.22929302760167e-07,2.7918599698750768e-06,6.264617240958614e-06,5.701860573026352e-06,2.9102934604452457e-06,2.2458289095084183e-06,1.7864736037154216e-06,2.4088819827738917e-06,2.8781473702110816e-06,2.0854929516644916e-06,6.640398169110995e-07,1.1308995908621e-06,5.66507935673144e-07,3.2179607956095424e-07,2.332856894327051e-07,5.204811870385129e-08,1.2691150175214716e-07,3.046665710826346e-07,1.748063738205019e-07,1.6077254372248717e-07,1.8373593491105566e-07,8.55573674130028e-08,1.4909873868873547e-07,7.202159935104646e-08,2.330904891323371e-07,1.3975008528177568e-07,1.471780279871382e-07,1.108320191178791e-07,1.95563444549407e-07,2.9547004487540107e-07,4.399142028432834e-07,2.567906278727605e-07,5.233667934589903e-07,1.4321041135190171e-06,8.738479095882212e-07,8.613606610197166e-07,6.486499728453055e-07,2.3446882551070303e-06,3.016461505467305e-06,1.2956280670550768e-06,1.0290935961165815e-06,4.961477202414244e-07,4.394727000089915e-07,1.989169504668098e-06,2.0579161628120346e-06,7.258824098244077e-06,3.3280812203884125e-06,0.013734649866819382,0.01109603326767683
63,The place of birth of Gösta Bernhard is,The place of birth of the director of Sju svarta be-hå is,Gösta Bernhard,the director of Sju svarta be-hå, Västervik,3.763481799978763e-05,5.247977696853923e-06,4.889977572020143e-05,7.50723120290786e-05,5.466242328111548e-06,1.728171991999261e-05,1.5288531358237378e-05,2.400211087660864e-06,2.4933959139161743e-05,3.2025202472141245e-06,7.316111236832512e-07,5.937851028647856e-07,5.402414444688475e-07,2.539432534831576e-05,9.060177944775205e-06,1.5576446457998827e-05,0.00011356588947819546,1.1390320651116781e-05,3.066565113840625e-05,2.387484755672631e-06,3.63179060514085e-06,4.108899247512454e-06,3.851900146401022e-06,1.5111937500478234e-05,6.461850716732442e-06,3.422324516577646e-05,3.437870645939256e-06,1.3201835827203467e-05,1.8626773453433998e-05,1.990365308301989e-05,5.1296215133334044e-06,1.2628951481019612e-05,1.3321659025677945e-05,2.6118068490177393e-06,6.790263341827085e-06,3.3883802643686067e-06,4.8691435949876904e-06,2.129127096850425e-05,1.5228739357553422e-05,4.045314653922105e-06,8.685683496878482e-06,8.39104104670696e-05,2.8379232389852405e-05,9.404249794897623e-06,4.728481144411489e-06,2.618102598717087e-06,1.1204446309420746e-05,1.579613672220148e-05,5.827669156133197e-06,3.682616124933702e-06,3.5801701869786484e-06,5.227516339800786e-06,4.349025402916595e-06,7.87784574640682e-06,2.3909944957267726e-06,3.5651416965265526e-06,2.504521944501903e-06,1.0450136869621929e-05,2.1966973235976184e-06,7.695774002058897e-06,3.3192547562066466e-05,1.3244075489637908e-05,2.1258811102597974e-05,3.286310675321147e-05,0.00011147484474349767,0.00025257328525185585,0.00025355647085234523,0.0009320141980424523,0.00119909574277699,0.0014281945768743753,0.00011604097380768508,0.00019192318723071367,0.0006485903286375105,0.00045038849930278957,0.00022476872254628688,0.0019517430337145925,5.873184636584483e-05,0.0004103996907360852,0.0017960494151338935,0.0006050351657904685,0.003318350063636899,0.008592861704528332
64,The place of death of Richard Pottier is,The place of death of the director of The Beautiful Otero is,Richard Pottier,the director of The Beautiful Otero, Le Plessis-Bouchard,1.7074040670195245e-06,1.0581393325992394e-06,4.943664862366859e-06,1.4841558595435345e-06,7.149231805669842e-06,4.8320343921659514e-06,6.590491011593258e-06,4.346294190327171e-06,7.129049208742799e-06,4.056469151691999e-06,3.666091288323514e-05,2.6546440494712442e-05,1.9388460714253597e-05,4.803839146916289e-06,5.8990272009395994e-06,5.456267899717204e-07,9.298744885199994e-07,5.23459220858058e-07,2.5264550913561834e-06,3.1073869877218385e-07,1.6332162999788125e-07,4.309208350150584e-07,6.935183591849636e-07,1.1170916422997834e-06,4.360511240975029e-07,5.002878538107325e-07,2.70517347189525e-07,5.4204556363401935e-06,7.65134018365643e-07,1.6156279798451578e-06,1.5515004179178504e-06,2.8543061034724815e-06,7.278629823304072e-07,3.4013407912425464e-07,1.902062990666309e-06,1.878505281638354e-05,2.2322444692690624e-06,2.715961636567954e-05,7.426624506479129e-05,7.690603524679318e-05,0.00010229048348264769,5.347129626898095e-05,3.918826405424625e-05,7.081027888489189e-06,1.212935967487283e-05,1.590066312928684e-05,1.2273778338567354e-05,3.084591298829764e-05,1.0081981599796563e-05,2.0063769170519663e-06,2.813073706420255e-06,1.8927685232483782e-06,6.7682331064133905e-06,2.758475602604449e-06,9.379881703353021e-06,1.0233830835204571e-05,2.6615809929353418e-06,8.234139386331663e-06,1.0223761819361243e-05,4.9391123866371345e-06,9.459766260988545e-06,5.564970251725754e-06,2.489916141712456e-06,1.4663824003946502e-06,1.4651527635578532e-06,9.934568652170128e-07,2.484356855347869e-06,2.4221642433985835e-06,1.5269134792106343e-06,1.4059757631912362e-05,7.089449354680255e-06,1.1981209127043257e-06,1.6534578435312142e-06,4.413222541188588e-06,9.278504876419902e-06,4.756715952680679e-06,1.0184510301769478e-06,3.3492210604890715e-06,7.394197609755793e-07,9.476013474341016e-06,0.0005970148486085236,0.0021603871136903763
65,The place of birth of Herbert Maisch is,The place of birth of the director of Nights in Andalusia is,Herbert Maisch,the director of Nights in Andalusia, Nürtingen,0.00015556778816971928,6.73237518640235e-05,9.024497558129951e-05,0.00026872276794165373,8.178828284144402e-05,3.0459214030997828e-05,1.5133864508243278e-05,9.903893669616082e-07,2.9817047106917016e-05,1.2368031093501486e-05,4.94202395202592e-05,9.215640602633357e-06,7.048860879876884e-06,0.00014692879631184042,0.0003956262662541121,0.0003109590907115489,0.0005331539432518184,8.620614244136959e-05,0.00011795561295002699,3.2533380363020115e-06,1.6215124560403638e-05,3.1309334644902265e-06,5.1512864729375e-07,1.8878032506108866e-06,2.734105009949417e-06,1.580446678417502e-06,3.6239237033441896e-06,4.410440396895865e-06,4.2029710130009335e-06,1.5502651876886375e-05,1.9072836948907934e-05,5.547341061173938e-05,4.347942376625724e-05,2.9496293791453354e-05,2.4195669539039955e-05,3.606039535952732e-05,5.5501262977486476e-05,0.000129414998809807,4.167735460214317e-05,3.8718230825907085e-06,6.374462827807292e-06,7.592367410325096e-07,1.7214102854268276e-06,4.715375041541847e-07,1.780542106644134e-06,1.7630407000979176e-07,2.1582221165772353e-07,7.477818257939362e-07,6.213867891347036e-07,8.291434596685576e-07,8.773031368036754e-07,2.1908246594648517e-07,2.8665967874985654e-06,3.9401481899403734e-07,3.5224086332164006e-06,3.3633371003816137e-06,5.635370712298027e-07,1.611704988135898e-06,3.5601722174760653e-06,7.671232197026256e-06,1.6574540495639667e-05,4.725778580905171e-06,1.1936701866943622e-06,1.4530456837746897e-06,9.615767339710146e-06,2.087140956064104e-06,4.434632955963025e-06,8.075399819063023e-06,4.961557351634838e-07,9.36534252105048e-06,3.1779727578395978e-06,4.81310962641146e-06,1.9380513549549505e-06,1.4676338651042897e-06,1.0120594424734008e-06,2.9124689149284677e-07,1.1686524885590188e-06,9.945341616912629e-07,2.905671635744511e-06,1.6288522601826116e-05,0.0010137262288480997,0.0003682101669255644
66,The place of birth of Nicki Minaj is,The place of birth of the performer of Changed It is,Nicki Minaj,the performer of Changed It, Port of Spain,2.2713174985256046e-05,5.085740212962264e-06,1.0904602277150843e-05,1.2786252909791074e-06,6.265701131269452e-07,3.8385746847779956e-06,7.824256158528442e-07,1.4710208233736921e-06,1.4192535672918893e-05,1.8582255734145292e-06,4.6461072997772135e-06,5.902461452933494e-06,3.682779833980021e-06,2.9343373171286657e-05,8.548193727619946e-05,6.36100594419986e-05,6.68701104586944e-05,5.050633626524359e-05,5.677527951775119e-05,9.519218292552978e-05,0.00011226625792915002,0.00014094423386268318,2.390300141996704e-05,2.620824488985818e-05,9.740751556819305e-05,0.00014759083569515496,0.00011640285811154172,0.0002559051208663732,0.00015522738976869732,0.00013463346112985164,4.5595392293762416e-05,0.00026442171656526625,0.0001108107971958816,4.772154716192745e-05,0.00022482268104795367,7.438626926159486e-05,0.00015609399997629225,3.424709939281456e-05,0.00013617088552564383,0.00011067291052313522,7.782009924994782e-05,1.4374903912539594e-05,1.5916557458695024e-05,1.2291174243728165e-05,5.815949862153502e-06,3.491037887215498e-06,6.225831384654157e-06,6.388487236108631e-06,5.7840820772980805e-06,1.2084735317330342e-05,9.524442430119962e-05,2.6429042918607593e-05,1.4600157555832993e-05,2.3406126274494454e-05,7.990428457560483e-06,1.2107950169593096e-05,6.183746882015839e-05,5.12595652253367e-05,3.575988739612512e-05,3.8848083931952715e-05,5.4135220125317574e-05,4.6336375817190856e-05,0.00011175683903275058,0.0003773235366679728,0.0003414827515371144,0.00020461867097765207,0.0007069575949572027,0.0009934846311807632,0.0010574570624157786,0.00033434672513976693,3.650911821750924e-05,0.00019136787159368396,6.079710874473676e-05,2.2071249986765906e-05,0.0002619716979097575,0.00027575413696467876,7.056157483020797e-05,0.0005166581249795854,0.002488277852535248,0.002802470698952675,0.00018080350128002465,0.010083596222102642
67,The date of death of Sir John Grey is,"The date of death of the father of Edmund Grey, 1st Earl of Kent is",Sir John Grey,"the father of Edmund Grey, 1st Earl of Kent", 1439,0.0010231492342427373,0.0011965096928179264,0.028484534472227097,0.025460882112383842,0.030633646994829178,0.013202784582972527,0.002360211918130517,0.016472183167934418,0.00956355594098568,1.4497082702291664e-05,0.007292646914720535,0.31153032183647156,0.0018762137042358518,0.0008021807298064232,3.195264071109705e-05,0.00134128553327173,0.00028753120568580925,0.015802454203367233,0.0028611826710402966,0.0014279126189649105,2.914465767389629e-05,0.0017474283231422305,0.007688924204558134,0.09799597412347794,0.06553137302398682,0.008399062789976597,0.005056391470134258,0.006108340807259083,2.1814670617459342e-05,0.03954421356320381,0.0034809280186891556,0.0001354002597508952,0.008351953700184822,0.006170168053358793,0.03974344953894615,0.005211957730352879,0.0022284502629190683,0.0017150051426142454,0.01200184691697359,0.09407254308462143,0.0010719941928982735,0.009020574390888214,0.06216766685247421,0.002721609780564904,0.0830298662185669,0.002470799721777439,0.01720668375492096,0.07059409469366074,0.006440097000449896,0.01188487559556961,0.016813185065984726,0.009738152846693993,0.007482641376554966,0.05632542818784714,0.0025770198553800583,0.016045833006501198,0.0016931730788201094,0.02543036825954914,0.003179904306307435,0.15978725254535675,0.10249733179807663,0.007701728492975235,0.043720971792936325,0.08587078750133514,0.05174924433231354,0.008750243112444878,0.05831475928425789,0.041708726435899734,0.0015277056954801083,0.19636256992816925,0.0017871737945824862,0.0002814911713358015,0.014534651301801205,0.062275297939777374,0.03282531723380089,0.13331879675388336,0.06799418479204178,0.07723858952522278,0.1206648126244545,0.012503016740083694,0.008859858848154545,0.012893819250166416
68,The inception of Vassar College was in,The inception of the publisher of The Miscellany News was in,Vassar College,the publisher of The Miscellany News, 1861,0.016043690964579582,0.07679300755262375,0.0657268613576889,0.06637242436408997,0.7418652176856995,0.07948829978704453,0.363393634557724,0.041668329387903214,0.9656290411949158,0.8886370062828064,0.5609301924705505,0.5358020663261414,0.06031537428498268,0.5729437470436096,0.21690328419208527,0.7009142637252808,0.13665860891342163,0.8537918329238892,0.007366434670984745,0.027191519737243652,0.8720066547393799,0.8524134159088135,0.20553159713745117,0.08308207988739014,0.2359638214111328,0.2869606614112854,0.0391644649207592,0.002962114056572318,0.16321352124214172,0.0008761052158661187,0.008785312063992023,0.14580833911895752,0.08504436910152435,0.008620250038802624,0.14841228723526,0.0021357054356485605,0.0006946207722648978,0.0032837598118931055,0.00013394038251135498,0.00047944815014488995,0.00018580802134238183,7.543512037955225e-05,0.002774344291538,0.0008903580019250512,0.0007698294357396662,1.8441642168909311e-06,0.0001501543738413602,0.0001425290247425437,1.0919666237896308e-05,0.0001393390994053334,5.455697464640252e-05,1.3358722128486988e-07,3.6400928138391464e-07,1.581377728143707e-05,1.0036358162324177e-06,1.740343213896267e-05,9.632891533328802e-07,2.9533377983170794e-06,1.520855676062638e-06,1.1707287512763287e-06,1.8578334675112274e-06,8.182400961231906e-07,6.726873380102916e-06,2.399381173745496e-06,1.335872354957246e-07,1.463935461742949e-07,4.155991462084785e-08,4.7016804671784485e-08,1.745116939844138e-08,1.9601136500568828e-06,2.6879257575274096e-07,2.48417055814798e-08,1.9968101696576923e-06,7.527565685450099e-06,0.00015696088667027652,0.00024265826505143195,0.0009109433740377426,1.1359686595824314e-06,2.9936394639662467e-05,1.998471134356805e-06,0.6940249800682068,0.615096926689148
69,The place of death of Albert Capellani is,The place of death of the director of Out of the Fog is,Albert Capellani,the director of Out of the Fog, Paris,1.1393251952540595e-05,2.2631213141721673e-05,1.1639855983958114e-05,8.735266874282388e-07,5.288105967338197e-06,3.5552670851757284e-06,2.4155465325748082e-06,2.3906024580355734e-05,2.2823633116786368e-05,3.3492683542135637e-06,6.890478834975511e-05,0.00011217072460567579,2.8148950150352903e-05,4.768441431224346e-05,2.9710106900893152e-05,1.5607398381689563e-05,8.942910426412709e-06,1.7275669961236417e-05,8.72959390108008e-06,3.0284027161542326e-06,1.2055461411364377e-06,3.472392336334451e-06,2.129346648871433e-05,3.6831231682299403e-06,1.577970238031412e-06,3.3954752325371373e-06,5.205272827879526e-06,1.5580631952616386e-05,0.0001105326518882066,0.00012691400479525328,6.692473107250407e-05,0.0003069015219807625,0.0002916646481025964,0.000701813492923975,0.0020625656470656395,0.0004803896590601653,0.000143989862408489,0.0010199156822636724,0.0003597158647608012,0.0002702345373108983,0.00043376319808885455,0.00012556760339066386,0.00042064095032401383,0.0001362727052764967,0.0002665463543962687,0.00022546164109371603,0.000341145001584664,0.0009664636454544961,0.000571772048715502,0.00042437799856998026,0.0004435023874975741,0.00043005237239412963,0.00026074485504068434,0.001805295585654676,0.0006471119122579694,0.021563004702329636,0.01999836042523384,0.014820070005953312,0.012757062911987305,0.014989456161856651,0.027552569285035133,0.009440130554139614,0.008875781670212746,0.013626493513584137,0.005241223610937595,0.09059640765190125,0.09954690933227539,0.0017630502115935087,0.0019385302439332008,0.003324371064081788,0.00609913794323802,0.002542429603636265,0.003074361477047205,0.006391296628862619,0.005574358627200127,0.037094537168741226,0.006993688177317381,0.01044837012887001,0.01781350001692772,0.03823737055063248,0.00014827321865595877,0.07970350235700607
70,The place of birth of Finbar Furey is,The place of birth of the father of Áine Furey is,Finbar Furey,the father of Áine Furey, Dublin,3.3351332149322843e-06,1.414422854395525e-06,8.845600518725405e-07,8.311824899465137e-07,9.033264518620854e-07,3.1089673484530067e-06,7.250559519889066e-06,4.1202570173481945e-06,1.8068119516101433e-06,7.523386557295453e-06,3.572885907487944e-05,5.54497200937476e-05,2.3093114577932283e-05,1.5305073247873224e-05,3.689730147016235e-05,0.00018816007650457323,0.00016829901142045856,6.748637679265812e-05,2.7334877813700587e-05,5.8667078519647475e-06,7.39092065487057e-05,0.0001755018311087042,4.153412373852916e-05,2.7562782634049654e-05,5.77268838242162e-06,5.400157533586025e-06,1.656067070143763e-06,2.5515484594507143e-05,3.082886541960761e-05,6.588499672943726e-05,0.00018395297229290009,2.364965621381998e-05,8.266286749858409e-05,1.4385179383680224e-05,2.7125537599204108e-05,4.191870175418444e-06,4.984054612577893e-06,0.006271945778280497,0.0003736731014214456,0.0001272940426133573,5.2380390116013587e-05,1.8914432075689547e-05,6.956513516342966e-06,1.0801190910569858e-05,8.073050594248343e-06,3.1556319299852476e-05,2.1447838662425056e-05,1.2312405488046352e-05,0.00017420480435248464,8.227955549955368e-05,8.738965698285028e-05,5.358921771403402e-05,0.0001058407942764461,4.1226459870813414e-05,2.82941764453426e-05,8.230119419749826e-06,1.0251706044073217e-05,7.961845767567866e-06,7.424817340506706e-06,1.4281536095950287e-05,1.2941274690092541e-05,1.498820711276494e-05,7.574330538773211e-06,7.75494390836684e-06,2.263565420435043e-06,6.752657100150827e-06,2.1219896098045865e-06,9.23729021451436e-06,1.2033711755066179e-05,1.2370211152301636e-05,3.07012815028429e-05,3.979849861934781e-05,3.1896590371616185e-05,2.978839802381117e-05,3.838277916656807e-05,2.890328505600337e-05,0.00010644388385117054,1.3950850188848563e-05,0.00010704674787120894,0.00044573796913027763,0.0022156082559376955,0.13417360186576843
71,The date of birth of Gerald Drummond is,The date of birth of the father of Gerald George Drummond is,Gerald Drummond,the father of Gerald George Drummond," September 8, 1976",0.0002167888160329312,0.0005443573463708162,0.0005573139642365277,0.00023737826268188655,0.0005530711496248841,0.0008434135816060007,0.00022457934392150491,0.00011782341607613489,6.850855425000191e-05,0.0002904132124967873,1.949004399648402e-05,0.00032982323318719864,0.0003148292889818549,0.00019053323194384575,0.00015308900037780404,0.0007353004184551537,6.656808545812964e-05,2.9775028451695107e-05,1.577517468831502e-05,1.080891797755612e-05,1.5793943020980805e-05,7.857704986236058e-06,6.636388206970878e-06,0.00010815788846230134,0.00011100871051894501,8.07575779617764e-05,0.00019219818932469934,0.00014898809604346752,0.0001933382300194353,0.0007108525605872273,0.00025586504489183426,0.0007424689247272909,0.0007713798549957573,7.537622877862304e-05,3.881220254697837e-05,6.883248715894297e-06,8.359649655176327e-06,6.187046892591752e-06,2.2152351448312402e-05,1.472019539505709e-05,1.4348213881021366e-05,4.921266372548416e-05,2.282591231050901e-05,4.650564005714841e-05,0.0002599868457764387,0.00014818619820289314,7.886458479333669e-05,0.00010772077075671405,0.00022770401847083122,0.0001247258041985333,0.00014144208398647606,0.0001683556183706969,0.00017550538177601993,0.00015123495541047305,4.169974272372201e-05,2.3351720301434398e-05,2.4672683139215223e-05,5.164482718100771e-05,3.705541530507617e-05,3.59541954821907e-05,4.035137317259796e-05,5.09919882460963e-05,5.7309091062052175e-05,0.00015598705795127898,0.00018401825218461454,0.00024768608273006976,9.97266179183498e-05,8.493629866279662e-05,6.353616481646895e-05,1.8939450455945916e-05,4.168569284956902e-05,0.0002371213340666145,5.2182524086674675e-05,8.262213668785989e-05,4.142901525483467e-05,1.0902926078415476e-05,6.265658157644793e-05,0.00019346835324540734,0.00022736084065400064,0.002667521359398961,0.0006457236013375223,0.004676514305174351
72,The country of citizenship of Liam Lynch is,The country of citizenship of the director of Sarah Silverman: Jesus Is Magic is,Liam Lynch,the director of Sarah Silverman: Jesus Is Magic, United States,2.65237449639244e-05,2.220970782218501e-05,8.316813364217523e-06,2.2885073121869937e-05,1.696164872555528e-05,1.3279800441523548e-06,2.2180392988957465e-06,1.439308448425436e-06,8.665919040140579e-07,4.6619942395409453e-07,2.9403811367956223e-06,9.195620691571094e-07,6.346608188323444e-06,3.774061269723461e-06,8.678911399329081e-06,1.9047904515900882e-06,1.319729449278384e-06,8.619225013717369e-07,1.9351155060576275e-06,1.694469574431423e-06,3.9713995647616684e-06,4.626938243745826e-05,6.006352850818075e-05,0.00016997575585264713,0.00012615295418072492,6.448513886425644e-05,3.961076436098665e-05,2.1087887944304384e-05,5.637083449983038e-05,2.6525243811192922e-05,2.8898588425363414e-05,9.572953422321007e-05,8.079401595750824e-05,0.0003150393604300916,0.0006555899744853377,0.0018311180174350739,0.004140939097851515,0.0012790687615051866,0.0017068209126591682,0.0027251557912677526,0.014321875758469105,0.0026040261145681143,5.3414845879729e-09,3.920852691408072e-07,2.1050577743153553e-06,5.014367616240634e-06,2.6302982405468356e-06,6.346337158902315e-06,8.470577995467465e-06,3.259806135247345e-06,1.2914342732983641e-06,2.6676716515794396e-06,2.4957603272923734e-06,4.739379448892578e-07,2.332497928136945e-07,2.2955566336690936e-08,1.9888888758146095e-08,4.388588692449957e-08,2.8095408666217736e-08,9.016463686783993e-10,4.97865970672251e-09,6.138599628613406e-10,2.9887681218809803e-09,8.22053447535609e-09,3.1632819030846804e-08,8.638439297214973e-09,3.0525146854643026e-08,4.3482717870801935e-08,1.6516153777956788e-08,5.922281776093996e-09,3.2936046778786476e-08,1.2864513898591667e-08,1.259276558585043e-07,1.3768087114840455e-07,1.1066817506844018e-07,1.1660787180289844e-07,2.0617078178020165e-07,1.4491452304810082e-07,9.08971031776673e-09,1.4109880908108607e-07,0.2557501196861267,0.017845479771494865
73,The place of birth of Çesk Zadeja is,The place of birth of the composer of Tana is,Çesk Zadeja,the composer of Tana, Shkodër,0.00011401744995964691,3.7417041312437505e-05,4.154851194471121e-05,2.2923095457372256e-05,6.15154158367659e-06,3.3118717510660645e-06,1.096170876735414e-06,2.1590817596006673e-06,1.5218594853649847e-05,4.381606686365558e-06,3.604511903176899e-06,4.7192015699693e-06,3.0038484055694425e-07,1.2070155435139895e-06,1.8337159417569637e-06,1.0650621334207244e-05,3.95850383938523e-06,3.3659250675555086e-06,1.40069396366016e-05,1.6523059457540512e-05,6.241918981686467e-06,3.8283353205770254e-05,1.3415090506896377e-05,3.86784813599661e-05,3.6797231587115675e-05,9.660678188083693e-06,2.4400926122325473e-05,3.526847285684198e-05,9.089286322705448e-06,1.0970169569191057e-05,1.0106327863468323e-05,9.899798897095025e-06,0.0001049335696734488,3.044444565603044e-05,3.0341343517648056e-05,1.7308371752733365e-05,1.4342144822876435e-05,1.4854088476567995e-05,0.0001658109831623733,3.138226020382717e-05,4.919128696201369e-05,3.030880725418683e-05,1.0837009540409781e-05,1.814503048080951e-05,8.667562724440359e-06,2.275163569720462e-05,1.5322762919822708e-05,2.6320525648770854e-05,1.5667230400140397e-05,6.7803293859469704e-06,2.1463141820277087e-05,1.370783047605073e-05,2.3893486286397092e-05,4.934006483381381e-06,5.189684088691138e-06,1.1273277777945623e-05,8.970276212494355e-06,3.986822775914334e-06,3.0754228646401316e-05,6.865496834507212e-05,1.9716240785783157e-05,7.903031655587256e-05,0.00011234006524318829,0.00210852874442935,0.0004174937785137445,0.0014693911653012037,0.0018244651146233082,0.0016910064732655883,0.0007729538483545184,0.0040201470255851746,0.0011168380733579397,0.000697033479809761,0.0020964299328625202,0.00030709407292306423,0.004998225253075361,0.9683685898780823,0.5309428572654724,0.4796224534511566,0.7831631898880005,0.2942984700202942,0.0016707078320905566,0.5530678629875183
74,The place of birth of Dulce of Aragon is,The place of birth of the mother of Theresa of Portugal is,Dulce of Aragon,the mother of Theresa of Portugal, Barcelona,7.792609153511876e-07,1.7139932140253222e-07,5.957588200544706e-07,9.64578134698968e-07,1.1760977258745697e-06,2.47399100317125e-07,6.254686013562605e-07,2.2975622471221868e-07,8.819950636507201e-08,7.144033702388697e-07,1.0584719802864129e-06,1.1529720040925895e-06,4.514767226737604e-07,2.577395889602485e-06,9.635202786739683e-07,1.622699073777767e-06,1.0518674571358133e-06,4.174423793301685e-06,2.94516098620079e-06,4.741836164612323e-06,3.4344045616307994e-06,6.7961782406200655e-06,1.1005535270669498e-05,2.1977972210152075e-05,2.277102248626761e-05,1.0678889339033049e-05,4.81468441648758e-06,8.933490789786447e-06,2.4024178856052458e-05,2.519276677048765e-05,2.7522897653398104e-05,2.5762388759176247e-05,3.085213029407896e-05,7.236133387777954e-05,6.425441824831069e-05,4.660447666537948e-05,4.069126589456573e-05,0.0001503202220192179,0.0001740589359542355,0.00014348587137646973,0.00014586154429707676,0.00043652826570905745,0.003423301735892892,0.002019083360210061,0.0035586743615567684,0.005042258650064468,0.0015447597252205014,0.0008600175497122109,0.000972430338151753,0.0013082328950986266,0.0019864996429532766,0.002143123419955373,0.0021093140821903944,0.0017533438513055444,0.0015021678991615772,0.007844868116080761,0.011197546496987343,0.005695957224816084,0.0043540955521166325,0.004132966510951519,0.0014844599645584822,0.0014513666974380612,0.0027247401885688305,0.0018580141477286816,0.001994734862819314,0.0018459925195202231,0.000847663963213563,0.0007658989634364843,0.0005663575138896704,0.0008505580481141806,0.0005047823069617152,0.0004196141380816698,0.0009557422599755228,0.00028147196280770004,0.0017802227521315217,0.0001688459888100624,0.00019869495008606464,0.0026167407631874084,0.005369492340832949,0.08422767370939255,0.00014105811715126038,0.007420875132083893
75,The country of citizenship of Master P is,The country of citizenship of the director of No Tomorrow is,Master P,the director of No Tomorrow, American,2.9441398510243744e-05,1.8002278011408634e-05,8.528384933015332e-05,5.416244675870985e-05,2.0701805624412373e-05,9.754990969668142e-06,1.4732801901118364e-05,6.480939919129014e-05,1.9342951418366283e-05,1.0212727829639334e-05,4.10709653806407e-05,1.1627498679445125e-05,2.4481822038069367e-05,3.073902189498767e-05,8.581127076467965e-06,6.513232165161753e-06,9.815093653742224e-05,0.00025186591665260494,0.000259335181908682,0.0008350079879164696,0.0003864314639940858,0.0007199664833024144,0.0011331748683005571,0.001492844894528389,0.0021181569900363684,0.0007778109284117818,0.0002734435547608882,0.0007331282831728458,0.008111881092190742,0.007428884506225586,0.0100440364331007,0.006238230504095554,0.00884758960455656,0.0316830538213253,0.0069900983944535255,0.01320968009531498,0.04086291417479515,0.06624683737754822,0.045582666993141174,0.059484973549842834,0.014627466909587383,0.02710159495472908,0.020068801939487457,0.008045302703976631,0.00371528510004282,0.002536789746955037,0.0023816151078790426,0.0037712547928094864,0.0012411698698997498,6.078334627090953e-05,0.0005342264194041491,0.0011308632092550397,0.0011002500541508198,0.000762436946388334,0.001007943181321025,0.0026563936844468117,0.002950177527964115,0.003334068926051259,0.0022485603112727404,0.003293016692623496,0.003152115037664771,0.0033024728763848543,0.0026612388901412487,0.0030216884333640337,0.005232748109847307,0.004178512841463089,0.018841508775949478,0.006640089210122824,3.250714507885277e-05,0.00017466953431721777,8.249186794273555e-05,6.417134864022955e-05,0.0002026000147452578,0.00943521223962307,0.015207099728286266,0.011968944221735,0.018954550847411156,0.0386599600315094,0.11485264450311661,0.030826358124613762,0.011531917378306389,0.07208684831857681
76,The place of death of James Bauer is,The place of death of the director of The Black Star is,James Bauer,the director of The Black Star, Argentina,1.027502821671078e-05,3.1678769119025674e-06,1.6647240954625886e-06,2.919446842497564e-06,4.696088126365794e-06,3.5712328099180013e-06,2.6471659566595918e-06,8.881760891199519e-07,1.8622660036271554e-07,7.372215804934967e-06,9.996842891268898e-06,6.5147437453561e-06,2.271460743941134e-06,4.136133611609694e-06,3.1321471851697424e-06,6.217199825186981e-06,2.6616321520123165e-06,2.910500370489899e-06,2.090125462927972e-06,2.7595851861406118e-06,1.6774728237578529e-06,1.8772694829749526e-06,4.0767990867607296e-06,1.3398909686657134e-05,3.3880267437780276e-05,5.063631397206336e-05,4.416338197188452e-05,2.2046480808057822e-05,1.2677305676334072e-05,8.423548024438787e-06,3.089828396696248e-06,6.299074811977334e-06,1.112279096560087e-05,1.32661816678592e-05,1.0898372238443699e-05,8.966211680672131e-06,2.1667119654011913e-06,5.100685029901797e-06,2.8589061003003735e-06,5.754846824856941e-06,1.1222066859772895e-05,2.260861401737202e-05,2.5439592718612403e-05,1.244600753125269e-05,8.662091204314493e-06,7.149565135478042e-06,7.710275895078667e-06,1.1467762305983342e-05,1.3541366570279934e-05,4.984759016224416e-06,7.999899025890045e-06,2.450422471156344e-06,3.361284370839712e-06,4.577597337629413e-06,2.8295785341470037e-06,3.4368829346931307e-06,2.1403197933977935e-06,4.432049536262639e-06,6.218730050022714e-06,1.0679065781005193e-05,8.296181476907805e-06,3.150143129460048e-06,7.0176283770706505e-06,7.433910468535032e-06,1.1453601473476738e-05,1.3161201422917657e-05,1.2460756806831341e-05,1.675812563917134e-05,3.058521542698145e-05,2.9486107450793497e-05,9.642842996981926e-06,2.4098508220049553e-05,2.4945256882347167e-05,2.4585764549556188e-05,2.946682616311591e-05,1.458354563510511e-05,3.6471559724304825e-05,3.332857522764243e-05,3.276475035818294e-05,4.38932838733308e-05,6.309564196271822e-05,1.3062479411019012e-05
77,The place of birth of Björk is,The place of birth of the performer of Oceania is,Björk,the performer of Oceania, Reykjavík,6.922263082742575e-07,5.593406271486856e-08,1.358049672717243e-07,4.608650669979397e-07,4.846598855579032e-08,4.013009657910516e-08,1.408020438020685e-07,2.5281352122874523e-07,3.0219332529668463e-06,9.918679779730155e-07,5.955761253062519e-07,6.015186500007985e-07,2.9028421977272956e-07,1.8808667334724305e-07,1.260749797893368e-07,1.7986417688575784e-08,1.1098866536940477e-07,1.2621103451238014e-07,1.359522769917021e-07,1.8225095743673592e-07,3.7258789689076366e-06,4.947903562424472e-06,3.8762624171795323e-05,0.00020888313883915544,0.0003412403166294098,4.505144170252606e-05,1.025751498673344e-05,4.409692337503657e-06,2.9133168482076144e-06,3.789859874814283e-06,6.896790000610054e-05,5.588195926975459e-05,0.0002296159800607711,0.001827620668336749,0.000945369596593082,0.0015383078716695309,0.0006502571050077677,0.016241151839494705,0.011743633076548576,0.04878224432468414,0.03726974129676819,0.014832518063485622,0.05372099205851555,0.07418711483478546,0.04887311905622482,0.3508547246456146,0.253069132566452,0.25039681792259216,0.32101738452911377,0.5318962931632996,0.2485896795988083,0.29923006892204285,0.21425728499889374,0.40073952078819275,0.40968698263168335,0.7210456132888794,0.8405671715736389,0.9421641826629639,0.8827646374702454,0.8725119233131409,0.9278971552848816,0.9613417983055115,0.9470429420471191,0.9643146395683289,0.9172784686088562,0.9260569214820862,0.9633277654647827,0.9356058239936829,0.9272133708000183,0.8595365881919861,0.8320136070251465,0.8217132687568665,0.8683080673217773,0.9242944717407227,0.44842588901519775,0.9076427817344666,0.9205633997917175,0.5825327038764954,0.5987876057624817,0.6266738176345825,0.00015055217954795808,0.7304073572158813
78,The date of death of Susan of Albania is,The date of death of the mother of Prince Leka of Albania is,Susan of Albania,the mother of Prince Leka of Albania, 17 July 2004,0.000871520780492574,0.003031835425645113,0.014496568590402603,0.011850802227854729,0.15022027492523193,0.00622905045747757,0.06645642220973969,0.011567490175366402,0.012368260882794857,0.0004947893903590739,0.004717602860182524,0.034565698355436325,0.007853795774281025,0.0017262480687350035,0.016559705138206482,0.011958076618611813,0.00022145573166199028,0.00012367211456876248,0.00044372212141752243,9.117443369177636e-06,0.020132923498749733,0.0002763078373391181,0.0005885347491130233,0.0006199611234478652,0.03556428104639053,0.00531908730044961,9.356543159810826e-05,0.003248750464990735,8.092281495919451e-05,0.00014520583499688655,0.0007333244429901242,0.00016125960974022746,0.00024039088748395443,1.2078059626219328e-05,0.0011193369282409549,0.005691830534487963,0.0020178821869194508,0.0033631939440965652,0.031334877014160156,0.0014021964743733406,8.065668225754052e-05,0.0012264916440472007,0.0005565661122091115,4.5781413064105436e-05,0.003262443235144019,4.78228366773692e-06,2.539570959925186e-05,2.172848689951934e-05,6.903691974002868e-05,3.434068275964819e-06,5.029241947340779e-06,1.346880708297249e-05,7.354152330663055e-05,7.810913666617125e-05,3.103706694673747e-05,0.0003161418717354536,0.00016215513460338116,0.011513126082718372,0.0006548610399477184,0.003351188963279128,0.028098089620471,0.004614962264895439,0.05503227934241295,0.01885751262307167,0.013599983416497707,0.0007116620545275509,0.03347744792699814,0.0005722239729948342,0.01599579118192196,0.01953958533704281,0.0023493848275393248,0.00010147211287403479,0.012009707279503345,0.0015253655146807432,0.001858817762695253,0.00064209004631266,0.00048408916336484253,0.0006656234036199749,0.00470419367775321,0.03935573995113373,0.011204048991203308,0.029535215348005295
79,The place of death of Augustus II the Strong is,The place of death of the spouse of Christiane Eberhardine of Brandenburg-Bayreuth is,Augustus II the Strong,the spouse of Christiane Eberhardine of Brandenburg-Bayreuth, Warsaw,1.246922209929835e-07,1.5379322348962887e-06,1.4836022273811977e-05,5.254902134765871e-06,7.317428753594868e-06,3.88711623600102e-06,1.0131600902241189e-05,4.19054458689061e-06,1.2889980780528276e-06,1.0946038173642592e-06,1.950058049260406e-06,3.0656276521767722e-06,6.122201011748984e-05,5.236691140453331e-05,6.915579433552921e-05,2.3285829229280353e-05,1.2678377970587462e-05,2.351327793803648e-06,9.287267630497809e-07,1.6898873127502156e-06,8.496302143612411e-06,5.2759496611543e-06,1.7181067960336804e-05,9.034465620061383e-06,9.398336260346696e-06,4.007146344520152e-06,3.3383519166818587e-06,2.0049531030963408e-06,3.027379534614738e-06,1.0298160304955672e-05,8.208054168790113e-06,1.353636548628856e-06,1.0782581512103206e-06,1.6645640243950766e-06,1.1033862392650917e-06,8.682256975589553e-07,6.179143952067534e-07,1.3625182191390195e-06,2.321340843991493e-06,2.1805781216244213e-06,5.558661086979555e-06,6.1984205785847735e-06,2.0301227777963504e-05,1.404933300364064e-05,2.8000285965390503e-05,1.527327003714163e-05,7.738475687801838e-06,3.511930844979361e-05,4.581277971738018e-05,0.00013531427248381078,4.232919673086144e-05,3.464754263404757e-05,0.00015583576168864965,0.00025350123178213835,0.0002146805200027302,0.00012776779476553202,0.0003623217926360667,0.00042179576121270657,0.0004005531664006412,0.0004973389441147447,0.0005972955841571093,0.0005580030265264213,0.0006513105472549796,0.00039579495205543935,0.0006729147280566394,0.0010224803118035197,0.0007440976914949715,0.0007671357598155737,0.000695273163728416,0.0007588833686895669,0.0007349842344410717,0.0007564014522358775,0.0005225743516348302,0.0005570640205405653,0.0008576428517699242,0.00227874587289989,0.009367024526000023,0.007203221321105957,0.0031719126272946596,0.012401970103383064,0.00010643054702086374,0.047799404710531235
80,The spouse of Anup Sengupta is,The spouse of the director of Bangla Bachao is,Anup Sengupta,the director of Bangla Bachao, Piya Sengupta,1.1119349210275686e-06,1.1847166661027586e-06,8.777748234933824e-07,2.3103534658730496e-06,2.3001691715762718e-06,1.1153994137202972e-06,2.8011319841425575e-07,1.0066669346997514e-06,8.382363375858404e-06,3.4738761769403936e-06,2.2345059846884396e-07,2.6701260935624305e-07,3.2094618518385687e-07,5.256070494397136e-07,7.995304258656688e-07,5.115455223858589e-07,1.4935373826574505e-07,1.2342447917035315e-06,1.649547698434617e-06,1.6318339248755365e-06,1.139759433499421e-06,2.6424856969242683e-07,4.6726296432098025e-07,1.7903369098348776e-06,1.0721419130277354e-06,9.014070201374125e-07,3.3184454650836415e-07,2.452230319249793e-06,2.3292068362934515e-06,4.435185019247001e-07,1.1615786661423044e-06,1.9302149212307995e-06,8.287053105959785e-07,5.656079906657396e-07,4.345305114838993e-06,7.488323717552703e-06,1.9004002069777925e-06,1.5249911484715994e-06,8.730170861781517e-07,1.5058052440508618e-06,6.787639676986146e-07,1.137655885941058e-06,6.681359536742093e-07,1.2332868948305986e-07,2.870617095140915e-07,3.3286207212768204e-07,4.11087142992983e-07,2.4567933110120066e-07,4.0146827018361364e-07,2.923680142430385e-07,5.444341582006018e-07,4.709190477569791e-07,1.132029979089566e-06,1.211170228998526e-06,2.6372338197688805e-06,1.3934661637904355e-06,1.0393835054856027e-06,1.1061327995776082e-06,2.261951976834098e-06,4.965147581970086e-06,3.680840109154815e-06,2.0453817342058755e-06,3.835425104625756e-06,8.437997166765854e-06,8.707890629011672e-06,6.100347036408493e-06,3.5351645237824414e-06,7.889953849371523e-06,1.985786366276443e-05,5.336439426173456e-05,3.009814645338338e-05,3.4751119528664276e-05,2.240925095975399e-05,0.00013228859461378306,0.00010352939716540277,0.0002535630774218589,0.002201648196205497,0.0019850116223096848,0.0018547957297414541,0.0031562342774122953,7.513263426517369e-06,0.0006768736056983471
81,"The place of death of James Hamilton, 4th Duke of Hamilton is","The place of death of the father of Sir James Abercrombie, 1st Baronet is","James Hamilton, 4th Duke of Hamilton","the father of Sir James Abercrombie, 1st Baronet", Hyde Park,1.1973163793754793e-08,1.621528333828337e-08,1.5915565754198724e-08,4.909607387304504e-09,2.1105732272985733e-08,4.3006636474274273e-08,1.4400733938657595e-08,5.444195849690914e-08,1.5124551566714217e-07,4.854582584812306e-07,4.4011846966895973e-07,1.6641422462271294e-06,7.75515400164295e-06,3.120597057204577e-06,8.989955858851317e-06,4.3712974729714915e-05,1.4729073882335797e-05,9.841586461334373e-07,6.003406724630622e-06,4.324155270296615e-06,5.109922312840354e-06,5.525872256839648e-05,4.786783756571822e-05,5.492387572303414e-06,8.764521226112265e-06,2.5343546440126374e-05,1.5131132613532827e-06,6.358436621667352e-07,4.327375222601404e-07,4.0397569023298274e-07,5.762158821198682e-07,2.3823774597531155e-07,1.9259734926890815e-06,6.322605372588441e-07,4.3296452645336103e-07,1.1089233709071777e-07,3.6213026533005177e-07,4.91552384573879e-07,8.517558853782248e-07,6.463668000833422e-07,1.0834139629878337e-06,5.750289915340545e-07,1.5153963204284082e-06,6.173535211928538e-07,2.470087281380984e-07,2.0739348371989763e-07,5.973249699309235e-07,5.839000323248911e-07,7.409927320622955e-07,7.426525030496123e-07,1.3365636277740123e-06,1.4684090956507134e-06,1.6773021798144327e-06,1.0062739193017478e-06,7.563576787106285e-07,1.1527748711159802e-06,1.9155686459271237e-06,1.6253665080512292e-06,1.280889932786522e-06,7.794586736054043e-07,1.509797471044294e-06,7.520876010858046e-07,3.1231505204232235e-07,4.180690780231089e-07,2.187840948408848e-07,2.0844534276420745e-07,2.8358590498100966e-07,8.592846256760822e-07,1.2859205753557035e-06,7.86150962994725e-07,6.842725497335778e-07,1.4035703088666196e-06,2.6476566290511983e-06,1.4080475239097723e-06,5.69976691622287e-06,1.802299084374681e-05,8.834363143250812e-06,4.157022340223193e-05,3.464962719590403e-05,0.0003783694701269269,1.045681869982218e-06,0.00012022194277960807
82,The place of death of Amelia Pincherle is,The place of death of the mother of Sabatino Enrico 'Nello' Rosselli is,Amelia Pincherle,the mother of Sabatino Enrico 'Nello' Rosselli, Florence,5.579405751632294e-06,2.553508011260419e-06,3.0588946628995473e-06,4.110396275791572e-06,2.1273815491440473e-06,7.942672368699277e-07,1.1914459037143388e-06,2.210651928180596e-06,9.896960364130791e-06,1.0350235868372692e-07,1.9008581148227677e-05,2.2113848899607547e-05,9.313010195910465e-06,3.6901444673276274e-06,2.0799900539714145e-06,1.5824083448023885e-06,8.258542720795958e-07,6.040105517968186e-07,1.5269606592482887e-06,5.293428557706648e-07,1.484567491161215e-07,1.4856748009606235e-07,1.377133571622835e-06,2.7795616119874467e-07,8.859797162585892e-08,5.531984470508178e-08,8.219883085303081e-08,1.0463552513328978e-07,7.58168255288183e-07,2.1133050722710323e-06,3.332203277750523e-07,7.790368954374571e-07,7.536399948548933e-07,7.248362408063258e-07,4.415661578605068e-07,9.717572311274125e-07,4.4103541085860343e-07,6.626420372413122e-07,3.1218911544783623e-07,9.545095736029907e-08,1.5325959168421832e-07,1.521696049167076e-07,2.4983796720334794e-07,3.6430654404284724e-07,3.3590271186767495e-07,1.2272715821382008e-07,9.037592008098727e-08,7.191975726072997e-08,8.87262601168004e-08,1.7293615428570774e-08,1.2736602883478554e-08,1.0172139575104211e-08,3.401949655312819e-08,8.662700778927501e-09,1.4509284440578085e-08,8.423110209321294e-09,1.3831149558996003e-08,3.816091123098886e-07,3.832078903087677e-07,4.980584549230116e-07,5.694162155123195e-07,7.558776815130841e-06,7.364807970589027e-06,3.952159659093013e-06,9.198695806844626e-06,1.561622957524378e-05,3.849987842841074e-05,6.809827027609572e-05,5.647130456054583e-05,4.280186112737283e-05,1.5749737940495834e-05,3.559757169568911e-05,4.74656953883823e-05,2.5379631551913917e-05,6.647363625233993e-05,3.0043973310966976e-05,3.0176299333106726e-05,5.748936382587999e-05,7.659544644411653e-05,0.0005275960429571569,0.004282880574464798,0.005396418273448944
83,The country of citizenship of Artuq is,The country of citizenship of the father of Ilghazi is,Artuq,the father of Ilghazi, Seljuq empire,2.045429255304043e-06,3.6693227229989134e-06,1.4693754337713472e-06,2.795251816678501e-07,3.725813542132528e-07,2.094472080216292e-07,4.1580727838663734e-07,2.032787982386708e-08,5.272045555670957e-08,7.520969802499167e-08,3.550046585587552e-07,6.37290213489905e-07,2.3512679092618782e-07,5.651352807944932e-07,1.5838897127196105e-07,4.02897831008886e-06,1.1357182074789307e-06,8.572690603614319e-06,6.023380478836771e-07,6.909183412062703e-07,4.060525213844812e-07,4.722727680928074e-06,4.039123723487137e-06,7.594147177769628e-07,1.69302518315817e-06,1.9361546321761125e-07,2.0116686982873944e-07,1.9240096662542783e-06,1.0242067673971178e-06,2.5108570298471022e-06,1.8837271227312158e-06,9.674295142758638e-06,1.870737105491571e-05,2.3834943931433372e-05,1.8535336494096555e-05,2.1470163119374774e-05,2.100487790812622e-06,8.385497494600713e-06,6.645924258918967e-06,1.9194635569874663e-06,1.830561473070702e-06,2.8432066301320447e-06,7.947744961711578e-06,5.1585116125352215e-06,3.342025593155995e-06,1.3626940926769748e-05,1.0274354281136766e-05,9.557422345096711e-06,1.965010233107023e-05,1.7192098312079906e-05,3.3431959309382364e-05,2.3231452360050753e-05,8.087557034741621e-06,1.3124777979101054e-05,1.309764911638922e-06,1.984667051146971e-06,8.584906936448533e-07,8.785374916442379e-07,5.580578203989717e-07,5.98562166942429e-07,3.9931049400365737e-07,6.354451898005209e-07,5.026420808462717e-07,1.1525124818945187e-06,7.303965503524523e-07,1.3513579233404016e-06,1.4842864857200766e-06,1.538396873002057e-06,2.4289936391141964e-06,1.5015103826954146e-06,2.8335248316579964e-06,2.424874537609867e-06,3.7549207263509743e-06,4.425927272677654e-06,5.649776994687272e-06,1.360733790534141e-06,1.3806863989884732e-06,1.9885449091816554e-06,1.5714631445007399e-06,2.55913596447499e-06,0.00016102327208500355,1.6072915968834423e-05
84,The country of citizenship of Ricardo Mella is,The country of citizenship of the father of Urania Mella Serrano is,Ricardo Mella,the father of Urania Mella Serrano, Spain,5.350803621695377e-05,1.8840433767763898e-05,9.608595064491965e-06,2.0404660972417332e-05,2.1413292415672913e-05,8.220037670980673e-06,1.2566087207233068e-05,1.4272905900725164e-05,1.773416079231538e-05,1.952509774127975e-05,5.143585440237075e-05,5.702463386114687e-05,4.0386217733612284e-05,1.957080530701205e-05,3.244994559281622e-06,3.4574720757518662e-06,1.7714284012981807e-06,1.3629859267894062e-06,3.2896361972234445e-06,5.0983396704396e-07,6.625609216825978e-07,1.5796788375155302e-06,4.951927508045628e-07,6.793664510951203e-07,6.961266194593918e-07,8.674896889715455e-07,1.196827497551567e-06,1.048794501912198e-06,7.092683063092409e-07,2.2690372247780033e-07,8.094472832453903e-06,5.1595852710306644e-06,3.953318810090423e-06,2.576445240265457e-06,3.876214577758219e-06,1.2805197002307978e-05,6.916724942129804e-06,0.004034276586025953,0.0011485558934509754,0.001766071654856205,0.0014172103255987167,0.0037887501530349255,0.011197572574019432,0.014943110756576061,0.04821101948618889,0.018654439598321915,0.007313999813050032,0.006633515004068613,0.005068663507699966,0.008427822962403297,0.006759078241884708,0.010238271206617355,0.016814226284623146,0.027594203129410744,0.041072700172662735,0.12412996590137482,0.2625483274459839,0.35732850432395935,0.5716367363929749,0.3697715699672699,0.3467526435852051,0.44708511233329773,0.6485207676887512,0.6915359497070312,0.501620352268219,0.4673710763454437,0.7470539212226868,0.43533313274383545,0.5985274910926819,0.45881834626197815,0.07177466154098511,0.09997350722551346,0.15542563796043396,0.4165396988391876,0.321490615606308,0.647045910358429,0.4825652837753296,0.1871490627527237,0.5297028422355652,0.3533307611942291,0.33268219232559204,0.7594076991081238
85,The place of birth of George Whaley is,The place of birth of the director of Clowning Around is,George Whaley,the director of Clowning Around," Castlemaine, Victoria, Australia",5.910593245062046e-06,1.7411045973858563e-06,1.1057411938963924e-05,2.3778115064487793e-05,2.146883707609959e-05,6.721113550156588e-06,7.683275725867134e-06,2.0227589629939757e-06,4.1830938357634295e-07,4.792829031430301e-07,2.2818831268978101e-07,2.0828626929869642e-06,4.12554345530225e-06,2.7547851004783297e-06,4.6530857389370794e-07,2.4485979110977496e-07,9.866879508990678e-07,9.17134101996453e-08,4.143072374063195e-08,5.259092716869418e-08,5.986299900229142e-09,1.2865790210980776e-08,1.25043627008381e-07,1.8939604728984705e-07,3.389570224499039e-08,4.532411068680631e-08,2.3683444538846743e-08,3.4926845415839125e-08,6.601510005310729e-09,7.827598125231816e-09,4.846172529937576e-08,1.2828051865199086e-07,2.4094248374240124e-07,3.8138117020025675e-07,2.2157161083669052e-07,6.686537972200313e-07,4.474090644634998e-07,9.708395509733236e-07,1.35267032419506e-06,3.984287957337074e-07,4.6430199063252076e-07,5.339327913134184e-07,1.096589016924554e-06,1.5981064507286646e-06,1.4489210116153117e-06,5.138612664268294e-07,6.376119472406572e-07,6.85209670336917e-07,4.556245585263241e-07,4.422442714258068e-07,1.6928669310800615e-07,9.433386338741911e-08,1.4020574212736392e-07,4.656430974137038e-08,8.767448633761887e-08,1.1223450968600446e-07,3.072360854616818e-08,1.447977115986987e-08,1.372479729866427e-08,2.60297561283096e-08,4.497294980865263e-08,2.8319353972960926e-08,2.7398399993217026e-08,1.9704604170556195e-08,2.494708972733406e-08,2.1827593954526492e-08,4.3547615291572583e-08,6.002026964324614e-08,2.3188606590451855e-08,1.970260754546871e-08,1.263727433808981e-08,2.2049553294323232e-08,1.3857424541185992e-08,4.964186395284287e-09,1.0414742845910041e-08,1.1366151353442433e-09,3.579500029715632e-09,1.552813699845501e-08,1.2967832141441704e-08,1.228449661994091e-07,0.00018288528372067958,7.346677648456534e-06
86,The place of burial of Kato Svanidze is,The place of burial of the mother of Yakov Iosifovich Dzhugashvili is,Kato Svanidze,the mother of Yakov Iosifovich Dzhugashvili, Tiflis,0.00014531674969475716,6.734245835104957e-05,7.049702253425494e-05,0.0004006593662779778,7.345052290474996e-05,5.380781294661574e-05,3.194293822161853e-05,6.491472504421836e-06,6.73497561365366e-05,6.290576948231319e-06,3.417110519876587e-06,2.4687369659659453e-05,6.668532023468288e-06,3.300957177998498e-05,2.8394550099619664e-05,1.0850158105313312e-05,0.00011820023792097345,2.8332588044577278e-05,0.00011193349200766534,0.0002259149041492492,0.00019254451035521924,9.185652015730739e-05,0.00025180840748362243,2.065550143015571e-05,6.846214546385454e-06,2.442322511342354e-05,3.3877779060276225e-05,1.5889774658717215e-05,0.00033630215330049396,6.667760317213833e-05,0.0001036227258737199,1.4043194823898375e-05,6.1746291066810954e-06,1.3036684549661004e-06,1.539398181193974e-05,3.0487515687127598e-05,1.4693045159219764e-05,4.2019932152470574e-05,0.0001228001492563635,7.109939815563848e-06,0.00011200695735169575,3.8538022636203095e-05,7.048020052025095e-05,9.462033631280065e-05,0.0005971710779704154,6.620237400056794e-05,9.056428825715557e-05,3.9453931094612926e-05,0.0005713161663152277,0.00022181740496307611,0.0006029554060660303,0.0011637432035058737,0.000790978956501931,0.0006529667880386114,0.0023151393979787827,0.0011257604928687215,0.001840669778175652,0.0019119043136015534,0.0007522764499299228,0.00021231465507298708,0.00032698753057047725,0.001422668108716607,0.0014682944165542722,0.0014141008723527193,0.0017205079784616828,0.002802836475893855,0.005222669802606106,0.00618468364700675,0.00322265294380486,0.006989727262407541,0.0007411744445562363,0.007148260250687599,0.0011692011030390859,0.003619240131229162,0.0017286700895056129,0.0005730654811486602,0.006235809065401554,0.0027897912077605724,0.0032978421077132225,0.0005739034968428314,0.0004131327732466161,0.0006387742469087243
87,The place of birth of Marcus Garvey is,The place of birth of the spouse of Amy Ashwood Garvey is,Marcus Garvey,the spouse of Amy Ashwood Garvey, Saint Ann's Bay,1.893725283252934e-07,1.744352573496144e-07,1.4943245219001255e-07,3.1057452360983007e-06,1.4398312941921176e-06,2.768199010461103e-06,8.758742069403525e-07,2.758809614533675e-06,4.465216534299543e-06,3.824922714557033e-06,2.152567731172894e-06,5.717420663131634e-06,5.059833711129613e-06,2.4099817892420106e-06,3.124429440504173e-06,9.231728654413018e-06,8.963876098277979e-06,4.703866125055356e-06,1.741318919812329e-05,5.250392860034481e-05,1.6980648069875315e-05,2.1090950212965254e-06,2.3717660951660946e-05,1.5308269212255254e-05,3.4795612009475008e-06,1.810841422411613e-05,2.9615117455250584e-05,3.004771497217007e-05,0.00010868164099520072,0.00015214105951599777,5.7457749790046364e-05,6.213729648152366e-05,0.00010685450251912698,0.0001358371664537117,0.0004973559989593923,0.00016613274055998772,0.0006908088107593358,0.001479997648857534,0.0003358742978889495,6.209333514561877e-05,4.224549775244668e-05,7.71989143686369e-05,6.558590393979102e-05,0.00013754001702181995,6.368196045514196e-05,2.0047440557391383e-05,1.3269957889860962e-05,2.3887951101642102e-05,4.174053174210712e-05,3.372592982486822e-05,7.23368430044502e-05,3.679782821564004e-05,2.6108937163371593e-05,1.0013091014116071e-05,6.128020231699338e-06,5.200107807468157e-06,1.282196808460867e-05,9.203192348650191e-06,4.72036072096671e-06,6.4328560256399214e-06,3.555996954673901e-06,3.541302703524707e-06,1.1703532436513342e-06,8.498308261550847e-07,1.0481743402124266e-06,9.699008387542563e-07,3.833269147435203e-06,9.228218118551013e-07,2.1628918602800695e-06,3.3544031339260982e-06,6.169530934130307e-06,3.136802843073383e-05,1.4581133655156009e-05,3.645387550932355e-05,7.30086539988406e-05,0.000747579091694206,0.0006334285717457533,0.00010648758325260133,0.002222718670964241,0.007868854328989983,0.0020123515278100967,0.10728878527879715
88,"The place of birth of Sizzo, Prince of Schwarzburg is",The place of birth of the spouse of Princess Alexandra Therese Marie of Anhalt is,"Sizzo, Prince of Schwarzburg",the spouse of Princess Alexandra Therese Marie of Anhalt, Rudolstadt,2.18656396100414e-06,4.0053123484540265e-06,2.9521990654757246e-05,1.1971620551776141e-05,9.838588084676303e-06,2.1424686565296724e-05,8.543174772057682e-06,6.0797690821345896e-05,2.9332122721825726e-05,3.5079920053249225e-05,9.281445090891793e-05,0.00012281561794225127,2.6564403015072457e-05,2.4693536033737473e-05,1.0491407010704279e-05,1.6547668565181084e-05,1.39014682645211e-05,2.4893992303987034e-05,1.9190860257367603e-05,3.198076956323348e-05,9.504306035523769e-06,4.104945219296496e-06,9.182211215374991e-06,6.241359642444877e-06,5.447350304166321e-06,9.216371836373582e-06,1.0850614671653602e-05,2.660224163264502e-05,4.6592234866693616e-05,6.11280556768179e-05,3.179710802214686e-06,3.496672206892981e-06,3.0088731364230625e-06,4.818148227059282e-07,1.8442904092808021e-06,4.075875494891079e-06,9.241082807420753e-06,1.8010880012298003e-05,4.189258106634952e-06,5.221015271672513e-06,5.568994765781099e-06,1.0020605259342119e-05,2.988441519846674e-05,8.30686985864304e-05,0.00015962465840857476,0.00011743969662347808,0.00010337327694287524,0.00025177773204632103,0.00017456832574680448,0.00012052289093844593,0.0002226112992502749,0.000612915784586221,0.0010374181438237429,0.0005354327731765807,0.0005656538414768875,0.0011429747100919485,0.0009747206931933761,0.0012249948922544718,0.0014464287087321281,0.0019486251985654235,0.0011581236030906439,0.0008688646485097706,0.000820039538666606,0.0011831087758764625,0.000842810666654259,0.0019353351090103388,0.0012750641908496618,0.0005066588055342436,0.0004355086712166667,0.0006582144415006042,0.0005523572908714414,0.00252508744597435,0.0033133660908788443,0.0018800027901306748,0.004402589984238148,0.028111949563026428,0.014180796220898628,0.010957345366477966,0.032794829457998276,0.006890170741826296,2.6571131456876174e-05,0.0010305753676220775
89,The place of burial of Coretta Scott King is,The place of burial of the mother of Dexter Scott King is,Coretta Scott King,the mother of Dexter Scott King, Georgia,6.574084636667976e-07,9.407001471117837e-07,1.5929049368423875e-06,1.7191039205499692e-06,3.5058205867244396e-06,9.788888064576895e-07,1.0348211390009965e-06,1.0393280263087945e-06,1.156839971372392e-06,6.08997936524247e-07,3.949525648749841e-07,4.175432877673302e-06,5.115811291034333e-06,1.0901780115091242e-05,1.5381236153189093e-05,7.676059794903267e-06,1.031927877193084e-05,2.038504317170009e-05,2.8254367862246e-05,0.00014213123358786106,0.0002952769573312253,8.106351015157998e-05,7.156015635700896e-05,7.913870649645105e-05,2.8134361855336465e-05,0.000577407015953213,0.0003208666166756302,7.146192365325987e-05,0.00030484164017252624,0.0005871549365110695,0.012618153356015682,0.004499863367527723,0.004155346658080816,0.01953096315264702,0.014744824729859829,0.0019155298359692097,0.0012050977675244212,0.0001815356663428247,6.821894930908456e-05,7.467591058230028e-05,1.685055212874431e-05,6.708795353915775e-06,4.112048372917343e-07,2.2383089799404843e-06,1.5276342537617893e-06,4.199091563350521e-07,7.88194085998839e-07,1.9696170738825458e-07,3.057047706533922e-06,1.966062882274855e-06,1.7483270084994729e-06,2.9763828024442773e-07,2.848894382623257e-07,1.0978021691698814e-06,1.515617327640939e-06,3.0749872621527174e-06,1.087257987819612e-05,1.1016910320904572e-05,1.7174890672322363e-05,5.222409527050331e-05,1.0032533282355871e-05,2.8234841010998935e-05,5.471898475661874e-05,2.8698759706458077e-05,3.229401772841811e-05,1.970649645954836e-05,1.9217141016270034e-05,1.4177111552271526e-05,9.911927008943167e-06,1.5553232515230775e-05,3.800594640779309e-05,3.805245796684176e-05,3.402755464776419e-05,3.251556699979119e-05,7.171784818638116e-05,0.0005800521466881037,0.00023231111117638648,0.00015023251762613654,0.00012409317423589528,8.500427793478593e-05,0.0016467231325805187,0.0013708022888749838
90,The country of citizenship of Pinedjem I is,The country of citizenship of the father of Psusennes I is,Pinedjem I,the father of Psusennes I, Ancient Egypt,1.800320387701504e-05,2.7717051125364378e-05,4.889600313617848e-05,9.09624850464752e-06,4.3519299651961774e-05,0.0005980356363579631,0.0002928835747297853,6.27940462436527e-05,1.0901772839133628e-05,3.342757190694101e-05,2.366485568927601e-05,2.814577419485431e-05,8.306101517518982e-05,9.267695713788271e-05,1.094752769859042e-05,2.7650446554616792e-06,5.967566721665207e-06,1.0311833875675802e-06,2.6090015126101207e-07,2.1882633518544026e-06,9.94597030512523e-07,1.0040335496341868e-07,1.6746016626711935e-06,2.357130142627284e-06,8.01148507889593e-06,9.508383300271817e-06,1.0231006854155567e-05,7.269739853654755e-06,1.0477881005499512e-05,1.1218655345146544e-05,5.158225030754693e-05,7.732350240985397e-06,1.7570633644936606e-05,7.88429406384239e-06,8.371984586119652e-05,1.7893715266836807e-05,3.603308505262248e-05,0.00014558636758010834,0.0001905206445371732,4.829119279747829e-05,0.0002663623890839517,0.000553901947569102,0.000340867176419124,0.0003445303882472217,0.0035113166086375713,0.004400483798235655,0.009891566820442677,0.012424618937075138,0.012350593693554401,0.022345401346683502,0.03167710080742836,0.015882505103945732,0.019688181579113007,0.00975045282393694,0.007582582999020815,0.0034323581494390965,0.0032810450065881014,0.002899175276979804,0.0007689442718401551,0.000635704433079809,0.0027227106038480997,0.0062275538221001625,0.005817977245897055,0.013859273865818977,0.011007369495928288,0.008434747345745564,0.07462206482887268,0.04853544384241104,0.08021833747625351,0.07510419934988022,0.030212240293622017,0.03522113710641861,0.04794770106673241,0.054078955203294754,0.07030964642763138,0.08020991086959839,0.12995901703834534,0.23068243265151978,0.11348655074834824,0.46599552035331726,0.0002371536975260824,0.1434268057346344
91,"The place of death of Humphrey Stafford, 1st Duke of Buckingham is",The place of death of the father of Humphrey Stafford is,"Humphrey Stafford, 1st Duke of Buckingham",the father of Humphrey Stafford, Northampton,4.3883846956305206e-05,3.151342025375925e-05,0.00012095782585674897,9.2075060820207e-05,4.2954667151207104e-05,1.9464232536847703e-06,8.916533147385053e-07,4.6025485289646895e-07,5.709643460249936e-07,1.8921779201264144e-06,1.0777145007523359e-06,9.940406926034484e-06,1.040638926497195e-05,2.3320431864704005e-05,0.000157052039867267,8.723770588403568e-05,0.002130724722519517,0.00040588335832580924,2.9905615519965068e-05,3.277832001913339e-05,3.803937943303026e-05,5.281476205709623e-06,3.368028501427034e-06,0.00011212795652681962,8.213200635509565e-05,6.890546501381323e-05,8.493200584780425e-05,4.764547338709235e-05,2.9999660910107195e-05,2.961652171507012e-05,1.2446041182556655e-05,1.6579715520492755e-05,5.3614417993230745e-05,4.354879820311908e-06,3.985276271123439e-05,1.169936058431631e-05,9.476719242229592e-06,4.080703729414381e-05,6.505090823338833e-06,1.633917236176785e-05,1.0889470104302745e-05,1.522991055935563e-06,3.0222256555134663e-06,5.222633262746967e-06,2.4442192625429016e-06,7.97770212557225e-07,1.0132158649867051e-06,2.506899136278662e-06,1.0807384569488931e-06,2.8210845925968897e-07,5.819747457280755e-07,3.0699342801199236e-07,4.3140016714460216e-07,1.1442598690791783e-07,1.6619608800283459e-07,1.0273316775055719e-07,8.09193565487476e-08,6.912765826427858e-08,6.611151093238732e-08,4.4225637907402415e-07,4.3082738443445123e-07,1.1010216383056104e-07,1.0556572505038275e-08,5.718005269272908e-08,7.012236835635122e-08,2.0506629994088144e-07,4.402523927637958e-07,4.701357454450772e-07,7.249738587233878e-07,4.608997642208124e-06,2.0049492377438582e-06,2.3768600385665195e-06,1.6304499013131135e-06,8.525022394678672e-07,1.8804859109877725e-06,5.0894436753878836e-06,2.1683244995074347e-05,1.2723580766760278e-05,4.990591605746886e-06,5.494054494192824e-05,7.790907693561167e-05,0.00028069238760508597
92,The country of citizenship of Luis Bayón Herrera is,The country of citizenship of the director of Cuidado con las imitaciones is,Luis Bayón Herrera,the director of Cuidado con las imitaciones, Spanish,6.206564194144448e-06,4.590413936966797e-06,2.879016619772301e-06,9.52420577959856e-06,2.511530510673765e-06,3.274175469414331e-06,4.260734840499936e-06,1.2900385627290234e-05,1.758976031851489e-05,8.654155863041524e-06,1.770677226886619e-05,3.416931804167689e-06,6.36930099062738e-06,2.963242422993062e-06,2.2227222871151753e-06,1.758018697728403e-06,4.837538654101081e-06,4.803419528798258e-07,8.968449378699006e-07,2.2293224901659414e-06,1.4115994417807087e-06,3.741176442417782e-06,1.6421603277194663e-06,2.820855797835975e-06,3.530204821799998e-06,4.8014658204920124e-06,1.8024499013336026e-06,1.0900901088461978e-06,1.401724261995696e-06,1.5155500250330078e-06,1.2443913874449208e-05,1.072610029950738e-05,1.4421650121221319e-05,2.7539872462511994e-05,2.751754072960466e-05,4.730197906610556e-05,1.59048995556077e-05,0.0006658107158727944,0.0002481279952917248,0.00020451964519452304,0.00031461811158806086,0.00019066272943746299,0.001984660979360342,0.002075847005471587,0.0011806763941422105,0.0020084886346012354,0.001610924256965518,0.0006173558649607003,0.00034794394741766155,0.000347845780197531,0.00037762962165288627,0.0006336820079013705,0.0005929477629251778,0.0012031152145937085,0.0016106939874589443,0.00313963764347136,0.004795259330421686,0.005428921896964312,0.005304176360368729,0.0012583539355546236,0.0006837287219241261,0.0012963038170710206,0.0015444352757185698,0.0016258899122476578,0.0018237568438053131,0.0021245148964226246,0.005179286934435368,0.0025298853870481253,0.0020988357719033957,0.002539556473493576,0.00013347060303203762,0.00015013411757536232,0.00011360342614352703,0.0005648865480907261,0.0003330581821501255,0.0008944087894633412,0.0003924463817384094,0.0005206770147196949,0.0007787366630509496,0.0005048846360296011,0.00243777921423316,0.0019686436280608177
93,The place of death of Martino Zaccaria is,The place of death of the father of Bartolomeo (or Bartolommeo) Zaccaria is,Martino Zaccaria,the father of Bartolomeo (or Bartolommeo) Zaccaria, Smyrna,1.2269291005395644e-07,7.686954717200933e-08,5.09948456794973e-08,2.457745438277925e-07,3.3427849643885565e-07,1.044303985509032e-06,5.8179434745397884e-06,1.107077878259588e-05,1.9487339159240946e-05,4.397888915264048e-06,4.1708321987243835e-06,7.947647645778488e-06,1.4065492905501742e-05,5.022017376177246e-06,4.944898137182463e-06,6.989780558797065e-07,4.039210125483805e-06,1.6688843516021734e-06,7.049004580039764e-07,2.900585229781427e-07,4.6920266072447703e-07,1.0588221357465954e-06,4.2438529135324643e-07,1.1085975302194129e-06,5.038468771090265e-07,6.787004167563282e-07,1.561960016260855e-05,1.5482904700547806e-06,1.694914772087941e-06,4.0485692807124e-06,7.29388375475537e-07,2.409349804111116e-07,8.408328540099319e-07,1.9881831292423158e-07,9.558717550817164e-08,2.9791554112534868e-08,2.023991285682314e-08,1.8624492170715712e-08,1.5099898220682917e-08,1.8335706286620734e-08,1.3095192485934604e-08,1.6973297434219603e-08,4.335102232744248e-08,5.170177530544606e-08,7.855707195858486e-08,1.497708836950551e-07,9.012531876351204e-08,6.646881445249164e-08,2.0009089496397792e-07,1.1673635391673542e-08,1.2729516107867767e-08,2.1918891590644307e-08,2.77004090776245e-08,2.2448617187365016e-08,4.3551608541747555e-08,7.068713614444277e-08,1.1870254468249186e-07,2.1438556530029018e-07,2.2159660773013456e-07,4.202721299861878e-07,3.376029553692206e-07,2.658899518337421e-07,3.43496139976196e-07,1.3551934330280346e-07,2.803837730880332e-07,2.993934344885929e-07,3.314796401809872e-07,1.5450457624410774e-07,1.253606001228036e-07,3.5296844203003275e-07,3.188322637015517e-07,8.912869589039474e-07,8.432240861111495e-07,4.977825938112801e-07,7.171959737206635e-07,7.552159786428092e-07,2.047085672529647e-06,3.818705408775713e-06,7.319046744669322e-06,4.757633723784238e-05,3.7508854688894644e-07,2.039089622485335e-06
94,The country of citizenship of Frederick I of Denmark is,"The country of citizenship of the father of Dorothea of Denmark, Duchess of Mecklenburg is",Frederick I of Denmark,"the father of Dorothea of Denmark, Duchess of Mecklenburg", Norway,9.849396747085848e-07,7.084937010404246e-07,6.706511612719623e-07,3.278784390658984e-07,1.7662872551227338e-06,1.4237643881642725e-06,2.281488150401856e-06,8.479327107124845e-07,1.67895294111986e-07,4.2456898086129513e-07,1.3085754062558408e-06,2.605325448712392e-07,1.9511003301886376e-07,5.938806424410359e-08,6.221138448836427e-08,2.5414149718017143e-07,4.0924393829300243e-07,1.944247514984454e-06,1.3399736644714721e-06,8.925308634388784e-07,2.1138457668712363e-06,3.585320484944532e-07,4.4442717239689955e-07,7.256052185766748e-07,6.077085572542273e-07,6.988743734837044e-07,7.405285487038782e-07,5.680535082319693e-07,2.596524097953079e-07,5.482425535774382e-07,5.563072136283154e-07,6.05477282533684e-07,5.048328830525861e-07,2.91888170522725e-07,1.0051987828774145e-06,3.0422220334003214e-06,1.561796693749784e-06,9.311415283264068e-07,6.594271440008015e-07,5.770648954239732e-07,4.5250507696437126e-07,4.793955099557934e-07,9.593227332516108e-07,1.2339596651145257e-06,1.8113203168468317e-06,1.1604073506532586e-06,1.3874849855710636e-06,1.2987457012059167e-06,9.915673899740796e-07,1.5647867712687002e-06,2.2362403342413018e-06,1.2238075441928231e-06,1.5136932915993384e-06,1.966177933354629e-06,4.5274896365299355e-06,4.165912832831964e-05,5.968135610601166e-06,3.4270294690941228e-06,5.6906260397227015e-06,5.2319451242510695e-06,4.5704064177698456e-06,3.5208045119361486e-06,7.995291525730863e-06,3.1154745556705166e-06,5.234378932073014e-06,5.642523319693282e-06,6.2326698753167875e-06,4.601930868375348e-06,2.300246251252247e-06,1.9766949321819993e-07,5.527018629436498e-07,8.690755066709244e-07,2.3786997189745307e-06,9.568973382556578e-07,9.028254339682462e-07,3.282779744040454e-06,1.2963329936610535e-05,1.2188044820504729e-05,4.17016344727017e-05,0.00011115639063064009,0.012989901006221771,0.004350526258349419
95,The date of birth of  Echigues is,The date of birth of the father of Gomes Echigues is,Echigues,the father of Gomes Echigues, 985,0.005103956442326307,0.003219224978238344,0.004261102061718702,0.008341863751411438,0.012466885149478912,0.012910005636513233,0.022310007363557816,0.010030333884060383,0.695344090461731,0.35590723156929016,0.3041651248931885,0.002760102739557624,0.0001923479576362297,0.00030061521101742983,0.003683830611407757,0.04202639311552048,0.010685301385819912,0.27227646112442017,0.0790090337395668,0.09394101053476334,0.1760915219783783,0.007456265855580568,0.005743331741541624,0.0003290202294010669,0.003886512713506818,0.13139840960502625,0.03907426819205284,0.9248624444007874,0.4478341042995453,0.9333691000938416,0.048776775598526,0.3569277822971344,0.3948104977607727,0.7456426620483398,0.8191691040992737,0.8771558403968811,0.6000003814697266,0.20913055539131165,0.05153483897447586,0.8525102734565735,0.8483134508132935,0.793919563293457,0.9396529793739319,0.976639449596405,0.7557188868522644,0.7062700390815735,0.7418582439422607,0.12323091179132462,0.05497310683131218,0.015039922669529915,0.2529774606227875,0.6293715238571167,0.9350517392158508,0.981497049331665,0.8439807891845703,0.9783731698989868,0.8751646280288696,0.9891519546508789,0.6505187749862671,0.5062246322631836,0.9755487442016602,0.8300849199295044,0.986230194568634,0.9511892199516296,0.8567760586738586,0.9429444074630737,0.9187256097793579,0.9476421475410461,0.8909004330635071,0.9109632968902588,0.9587035179138184,0.7316550612449646,0.9988067150115967,0.9995054006576538,0.9600929617881775,0.9371672868728638,0.9185217022895813,0.8864641189575195,0.777788519859314,0.09248858690261841,0.04792439565062523,0.10434214770793915
96,The inception of American Radio Relay League was in,The inception of the publisher of National Contest Journal was in,American Radio Relay League,the publisher of National Contest Journal, 1914,0.007310309447348118,0.02013670653104782,0.010327030904591084,0.0066888597793877125,0.13068269193172455,0.008466101251542568,0.07928542047739029,0.02310992032289505,0.7663306593894958,0.9024744033813477,0.8780421018600464,0.39675864577293396,0.09163503348827362,0.24653273820877075,0.3235012888908386,0.8488938808441162,0.27119696140289307,0.9042809009552002,0.0031332180369645357,0.047537870705127716,0.19961419701576233,0.6138674020767212,0.05074194446206093,0.016828326508402824,0.001586893224157393,0.001326918601989746,0.005108023062348366,0.04942422732710838,0.008172397501766682,0.029384972527623177,0.005527433007955551,0.057518791407346725,0.016704775393009186,0.027616938576102257,0.011198492720723152,0.002085229614749551,0.0009037487325258553,0.018343493342399597,0.005800544284284115,0.46857962012290955,0.30562156438827515,0.23752398788928986,0.0021359138190746307,6.78762880852446e-05,9.250929724657908e-05,4.3642263335641474e-05,6.308697720669443e-06,1.4247391845856328e-05,4.9071397370425984e-05,1.823242928367108e-05,1.1352929504937492e-05,1.6616060349861073e-07,6.186723567225272e-06,1.9297383460070705e-06,3.989877370713657e-07,4.550302037387155e-06,2.8994327294640243e-07,2.3189586784155836e-07,6.327248229354154e-06,4.773505679622758e-07,3.8998221318919946e-10,1.983321951115613e-08,3.924038871616631e-09,6.48450253493138e-08,1.3951299138170725e-07,1.73209020459808e-08,4.789571850238872e-09,1.0970956054734415e-07,2.1414062700841896e-07,9.047832350006502e-08,1.2553763895084558e-07,8.032469622776262e-08,4.647226035103813e-07,5.520095328392927e-06,9.262019375455566e-06,0.00045292064896784723,1.8505049865780165e-06,0.0004143393016420305,0.0005791832227259874,0.002701278543099761,0.6020827889442444,0.5647441148757935
97,The place of birth of Reinhold Schünzel is,The place of birth of the director of The Great Awakening is,Reinhold Schünzel,the director of The Great Awakening, Hamburg,3.292793167020136e-07,6.151799425424542e-08,2.9559723202510213e-07,2.741784612680931e-07,2.6434170194988837e-06,1.1109602837677812e-06,5.906989599679946e-07,2.1371181446738774e-07,1.547026187154188e-07,3.8268289870302397e-08,6.671030661209443e-08,4.5363570677636744e-08,3.270164583568658e-08,1.5136552633521205e-07,1.819319273010933e-08,2.156554188559312e-07,9.724344636197202e-07,6.12834696767095e-07,1.4728256019225228e-06,1.3083673593428102e-06,2.8441218091757037e-07,1.8097328791100153e-07,2.9649166322087694e-07,1.4966542494221358e-07,1.0145308948494858e-07,2.9079131991238683e-08,1.8658677447547234e-07,4.041221188799682e-07,8.112282330330345e-07,1.0077390015794663e-06,5.771988526248606e-06,3.5559719435696024e-06,4.993422408006154e-06,2.3856168809288647e-06,1.810481421671284e-06,3.1139877592067933e-06,1.019718183670193e-06,1.742009317240445e-06,1.0812900654855184e-06,2.674777306310716e-07,1.0266870020814167e-07,6.325805657070305e-08,7.237867549747534e-08,7.138902446968132e-08,8.556531128078859e-08,1.0654762405692964e-07,1.0755405099871496e-07,2.759617245828849e-07,3.694690633437858e-07,3.462733388914785e-07,4.1504617342980055e-07,4.1698356767483347e-07,5.354073095986678e-07,1.8268990231717908e-07,3.580081227028131e-07,4.973659883944492e-07,9.303705041929788e-07,6.445471854021889e-07,4.746681270262343e-07,1.6296326066367328e-06,1.3771599469691864e-06,1.754535560394288e-06,2.256183961435454e-06,1.7214741774296272e-06,3.3190940484928433e-06,3.068688556595589e-06,2.709537511691451e-06,4.488338618102716e-06,6.359487997542601e-06,1.033127773553133e-05,5.158398926141672e-05,1.2920235349156428e-05,4.26908854933572e-06,3.834371000266401e-06,1.03161291917786e-05,3.210986324120313e-05,2.2510500912176212e-06,3.1735692118672887e-07,6.423606828320771e-05,0.00030973475077189505,0.00034202111419290304,0.10717079788446426
98,The place of birth of Hamilton MacFadden is,The place of birth of the director of Hold That Girl is,Hamilton MacFadden,the director of Hold That Girl, Boston,3.789693073485978e-05,2.08245273825014e-05,6.479996955022216e-05,8.152869122568518e-05,2.5601410015951842e-05,1.6207191947614774e-05,3.0194049031706527e-05,3.4406584745738655e-05,1.6169175069080666e-05,9.042252713697962e-06,4.25370899392874e-06,6.4595433286740445e-06,5.211229108681437e-06,9.983416020986624e-06,4.509830887400312e-06,2.3355082703346852e-06,5.0519420256023295e-06,1.5762734619784169e-06,1.1163198223584914e-06,6.371802783178282e-07,2.7504779609444086e-07,1.8587074634979217e-07,1.1464314866316272e-06,3.912853117071791e-06,5.719361979572568e-06,6.4429532358190045e-06,1.9749779767153086e-06,1.9719302599696675e-06,4.639624421542976e-06,6.363496595440665e-06,6.5903850554605015e-06,4.887673640041612e-06,1.697221705398988e-05,2.756105095613748e-05,3.472951357252896e-05,0.00015961301687639207,3.020739313797094e-05,3.4552664146758616e-05,7.460502092726529e-05,1.89729908015579e-05,1.3866419976693578e-05,2.0849338397965766e-05,1.6387333744205534e-05,1.8701226508710533e-05,1.5039312529552262e-05,1.532898204459343e-05,5.920603143749759e-06,1.9073777366429567e-05,2.7156263968208805e-05,1.4209887012839317e-05,1.4015176020620856e-05,7.734637620160356e-06,2.680402758414857e-05,2.9739958335994743e-05,2.9921922759967856e-05,5.754157882620348e-06,5.661633622366935e-06,1.7936639551408007e-06,3.5477373785397504e-06,5.125867119204486e-06,4.534076651907526e-06,1.0565014235908166e-05,1.6358483208023245e-06,1.4666937886431697e-06,9.33723242724227e-07,1.0274628721163026e-06,2.2328561044560047e-06,2.2258707303990377e-06,1.4108110235611093e-06,1.3780731933366042e-06,1.096866299121757e-06,1.3094454516249243e-06,2.158604047508561e-06,1.178716956928838e-06,1.2205383654873003e-06,2.1637870304402895e-06,1.91677236216492e-06,1.1152820889037685e-06,1.9931587758037494e-06,3.753996679733973e-06,0.0003059215669054538,0.005256148520857096
99,The place of birth of Agnes Carlsson is,The place of birth of the performer of Stranded is,Agnes Carlsson,the performer of Stranded, Vänersborg,4.105655898456462e-05,1.2835664165322669e-05,0.0001108884098357521,6.505702913273126e-05,1.5697567505412735e-05,0.00012326394789852202,8.625195187050849e-05,9.342397788714152e-06,3.356871457071975e-05,6.7047444645140786e-06,1.997156687139068e-06,3.3796602565416833e-06,2.065143462459673e-06,2.327026959392242e-05,1.7621724737182376e-06,4.646414254239062e-06,1.7221180314663798e-05,3.4202500955871074e-06,1.4102086424827576e-05,1.8905491288023768e-06,1.1396637091820594e-05,2.343408823435311e-06,7.507133545914257e-07,1.9033030866921763e-06,5.470042196975555e-07,6.337784270726843e-07,5.249525543149502e-07,6.0129941630293615e-06,1.4413410553970607e-06,1.6732401491026394e-05,1.467067107796538e-07,7.273752999026328e-06,1.6492127542733215e-05,7.683751164222485e-07,1.6554866988371941e-06,1.2456843023755937e-06,1.4234572518034838e-05,4.486334364628419e-05,3.8735139241907746e-05,9.157917702395935e-06,1.694742422841955e-06,2.048796886811033e-05,1.1226528840779793e-05,3.517640152495005e-07,1.6624444754143042e-07,1.8061298305838136e-06,6.785206210224715e-07,6.213118020070851e-09,6.779057315497994e-09,2.084767558585554e-08,6.795489326805182e-08,5.146362127561588e-07,2.5863053565444716e-07,4.4072564264752145e-07,3.500816205814772e-07,2.50714123239959e-07,1.5658287111364189e-06,8.14345185062848e-06,5.628966846416006e-06,4.9026115448214114e-05,1.2014782441838179e-05,2.694929571589455e-05,1.5256233382388018e-05,4.297587111068424e-06,1.3816287719237152e-05,6.536282307934016e-05,1.7789514458854683e-05,8.20841160020791e-05,2.553863487264607e-05,0.0004998387885279953,0.0002153767563868314,0.016255443915724754,0.9530529379844666,0.3124096691608429,0.5786274671554565,0.5008347034454346,0.13719670474529266,0.9602610468864441,0.9041092991828918,0.08372611552476883,0.0007396109867841005,0.8861384987831116
