Unnamed: 0,explicit_sentence,obscure_sentence,explicit_entity,obscure_entity,answer,ans_prob_lens_edit_layer0,ans_prob_lens_edit_layer1,ans_prob_lens_edit_layer2,ans_prob_lens_edit_layer3,ans_prob_lens_edit_layer4,ans_prob_lens_edit_layer5,ans_prob_lens_edit_layer6,ans_prob_lens_edit_layer7,ans_prob_lens_edit_layer8,ans_prob_lens_edit_layer9,ans_prob_lens_edit_layer10,ans_prob_lens_edit_layer11,ans_prob_lens_edit_layer12,ans_prob_lens_edit_layer13,ans_prob_lens_edit_layer14,ans_prob_lens_edit_layer15,ans_prob_lens_edit_layer16,ans_prob_lens_edit_layer17,ans_prob_lens_edit_layer18,ans_prob_lens_edit_layer19,ans_prob_lens_edit_layer20,ans_prob_lens_edit_layer21,ans_prob_lens_edit_layer22,ans_prob_lens_edit_layer23,ans_prob_lens_edit_layer24,ans_prob_lens_edit_layer25,ans_prob_lens_edit_layer26,ans_prob_lens_edit_layer27,ans_prob_lens_edit_layer28,ans_prob_lens_edit_layer29,ans_prob_lens_edit_layer30,ans_prob_lens_edit_layer31,ans_prob_lens_edit_layer32,ans_prob_lens_edit_layer33,ans_prob_lens_edit_layer34,ans_prob_lens_edit_layer35,ans_prob_lens_edit_layer36,ans_prob_lens_edit_layer37,ans_prob_lens_edit_layer38,ans_prob_lens_edit_layer39,ans_prob_lens_edit_layer40,ans_prob_lens_edit_layer41,ans_prob_lens_edit_layer42,ans_prob_lens_edit_layer43,ans_prob_lens_edit_layer44,ans_prob_lens_edit_layer45,ans_prob_lens_edit_layer46,ans_prob_lens_edit_layer47,ans_prob_lens_edit_layer48,ans_prob_lens_edit_layer49,ans_prob_lens_edit_layer50,ans_prob_lens_edit_layer51,ans_prob_lens_edit_layer52,ans_prob_lens_edit_layer53,ans_prob_lens_edit_layer54,ans_prob_lens_edit_layer55,ans_prob_lens_edit_layer56,ans_prob_lens_edit_layer57,ans_prob_lens_edit_layer58,ans_prob_lens_edit_layer59,ans_prob_lens_edit_layer60,ans_prob_lens_edit_layer61,ans_prob_lens_edit_layer62,ans_prob_lens_edit_layer63,ans_prob_lens_edit_layer64,ans_prob_lens_edit_layer65,ans_prob_lens_edit_layer66,ans_prob_lens_edit_layer67,ans_prob_lens_edit_layer68,ans_prob_lens_edit_layer69,ans_prob_lens_edit_layer70,ans_prob_lens_edit_layer71,ans_prob_lens_edit_layer72,ans_prob_lens_edit_layer73,ans_prob_lens_edit_layer74,ans_prob_lens_edit_layer75,ans_prob_lens_edit_layer76,ans_prob_lens_edit_layer77,ans_prob_lens_edit_layer78,ans_prob_lens_edit_layer79,answer_prob_obs,answer_prob_exp
0,The country of citizenship of Jaap Speyer is,The country of citizenship of the director of Lilli's Marriage is,Jaap Speyer,the director of Lilli's Marriage, Dutch,1.1958307368331589e-05,8.360848369193263e-06,5.029458861827152e-06,8.207133760151919e-06,3.1112972465052735e-06,2.584098638180876e-06,4.490626906772377e-06,1.2364665053610224e-05,9.216249964083545e-06,1.1235033525736071e-05,6.763782039342914e-06,6.0813731579401065e-06,1.1271514267718885e-05,2.0656918877648422e-06,6.295556431723526e-06,1.3218123058322817e-06,3.74581304640742e-06,1.009727498058055e-06,1.0626609764585737e-05,9.855836651695427e-06,7.951559837238165e-07,4.095076292287558e-06,1.0230394764221273e-05,8.21793764771428e-06,5.767805123468861e-05,4.8052614147309214e-05,2.3852449885453098e-05,3.110652323812246e-05,0.00012190874258521944,1.7988702893489972e-05,0.0009016463300213218,0.0003271044697612524,0.0008174532558768988,0.0006072740070521832,0.0004866295785177499,0.001667353673838079,0.000240794601268135,0.06342467665672302,0.01944733038544655,0.036977458745241165,0.009940478950738907,0.014287900179624557,0.852806031703949,0.7620056867599487,0.6811317205429077,0.5801791548728943,0.5701795220375061,0.3339076042175293,0.4440406858921051,0.28449514508247375,0.22768639028072357,0.3607270121574402,0.30450698733329773,0.12962815165519714,0.05081506073474884,0.08345042914152145,0.06742661446332932,0.14784860610961914,0.09515467286109924,0.1640942245721817,0.10604976117610931,0.07565146684646606,0.06731705367565155,0.059903375804424286,0.07558917999267578,0.06737436354160309,0.0950746014714241,0.09477025270462036,0.040318336337804794,0.035559795796871185,0.03586212918162346,0.031739916652441025,0.047137774527072906,0.04873700812458992,0.061806485056877136,0.03970222547650337,0.06950255483388901,0.05795757472515106,0.030441656708717346,0.01642378233373165,0.0001257472176803276,0.00335746631026268
1,The place of birth of Dušan Hanák is,"The place of birth of the director of I Love, You Love is",Dušan Hanák,"the director of I Love, You Love", Bratislava,7.840794182811806e-07,5.44603551588807e-07,8.220892050303519e-05,8.903898560674861e-06,7.814624041202478e-06,1.648531724640634e-05,4.9012874114851e-06,1.3265998859424144e-05,9.533765478408895e-06,5.660629994963529e-06,1.1575778444239404e-05,1.1604500286921393e-05,4.376526248961454e-06,4.590314802044304e-06,9.993174899136648e-06,1.4590465980290901e-05,5.036372385802679e-05,6.648016551480396e-06,2.703390919123194e-06,2.5455341528868303e-05,3.450801159488037e-05,8.366474503418431e-05,1.7417110939277336e-05,4.522724339039996e-06,1.3200083230913151e-05,1.1130137863801792e-05,3.5656717045640107e-06,4.870448719884735e-06,6.776433565391926e-06,9.96772178041283e-06,2.4819589725666447e-06,1.4319062984213815e-06,2.6236129997414537e-06,7.704269364694483e-07,4.3958903006569017e-07,8.522731604898581e-07,1.8409279789466382e-07,2.140436890840647e-06,2.4707183001737576e-06,9.003179570754583e-07,1.8543393025538535e-06,3.3773278573789867e-06,2.99681090609738e-07,3.557452998848021e-07,3.627268085892865e-07,1.3819376931678562e-07,1.1166628155478975e-07,4.794850383404992e-07,1.1374914521411483e-07,4.676801523828544e-08,3.6773364797682007e-08,4.923799323819367e-08,1.5922489637887338e-07,5.484975673653025e-08,4.368730088799566e-08,1.3089641370811478e-08,1.3967536460768315e-08,5.977316419603085e-09,3.4311518071206137e-09,2.8707953791951013e-09,2.7896265297755463e-09,1.2784880931704379e-09,1.6744116093647676e-09,8.856116950894943e-10,3.0057210054224015e-09,8.057829958829643e-10,3.883525445669278e-10,1.8366337617425899e-10,6.273311731197495e-11,2.2651541753404558e-10,6.520123885245255e-10,1.495501167347868e-09,1.49843764063462e-08,1.1488505435863772e-07,2.688128120098554e-07,2.636215185702895e-06,7.950259259814629e-07,2.0292291083023883e-05,2.9639613785548136e-05,5.752265678893309e-06,0.1128707081079483,0.8184218406677246
2,The place of death of James Vincent is,The place of death of the director of Gold and the Woman is,James Vincent,the director of Gold and the Woman, New York,3.498153455439024e-05,2.1957888748147525e-05,2.5810320948949084e-05,1.701208202575799e-05,2.7988753572572023e-05,0.0003666477568913251,1.3783755093754735e-05,5.7489678511046804e-06,2.8612746518774657e-06,8.16813439996622e-07,7.851977898098994e-06,7.062442364258459e-06,4.62812022306025e-06,2.4257251425297e-06,6.004312353979913e-07,7.290742587429122e-07,5.4683109738107305e-06,1.932622126332717e-06,1.0070790267491248e-05,8.96678011486074e-06,1.1722156614268897e-06,3.491544703138061e-06,1.4941941799406777e-06,1.1584756975935306e-05,8.413995601586066e-06,9.784495887288358e-06,1.7350799907944747e-06,2.5204684789059684e-05,4.0746839658822864e-05,8.767071267357096e-05,2.6956717192661017e-05,3.562907295417972e-05,8.907911978894845e-05,0.0001256278483197093,0.0002755692694336176,0.0010273868683725595,2.9469225410139188e-05,6.0161433793837205e-05,0.00018660110072232783,0.0001970604935195297,0.00024981822934933007,0.0005248295492492616,0.00011635444388957694,1.0452152309881058e-05,7.701248250668868e-05,4.892079232377e-05,6.520665920106694e-05,0.0003086600045207888,0.00020771710842382163,5.700976907974109e-05,0.00026301838806830347,1.9585484551498666e-05,0.00028877638396807015,5.640444942400791e-05,4.792262916453183e-05,0.00013038625183980912,3.6732621083501726e-05,3.836199175566435e-05,2.3119935576687567e-05,2.5502677090116777e-05,5.089240221423097e-05,5.503904685610905e-05,4.431964043760672e-05,3.958380330004729e-05,1.998750121856574e-05,2.6018056814791635e-05,1.8042675947071984e-05,4.1238567064283416e-05,4.351880488684401e-05,0.00019559639622457325,4.6175071474863216e-05,3.35098484356422e-05,7.083320087986067e-05,1.0515799658605829e-05,4.6031469537410885e-05,1.8245586034026928e-05,1.963681097549852e-05,0.00017324757936876267,0.00010830596147570759,0.0011660943273454905,8.765982784098014e-05,0.00093993847258389
3,The place of birth of Emil Loteanu is,The place of birth of the director of Lăutarii is,Emil Loteanu,the director of Lăutarii, Romania,7.155416824389249e-06,4.639348389900988e-06,1.2099031891921186e-06,6.310548883448064e-07,5.381475034482719e-07,4.102749926460092e-07,6.001483825457399e-07,7.718466008554969e-07,2.0037829528973816e-07,3.7127168184269976e-07,6.72303201554314e-07,4.1735711420187727e-07,3.0555315788660664e-07,6.404832220141543e-07,4.046855224260071e-07,9.698032954474911e-07,4.814913268091914e-07,1.7156648368654714e-07,3.054090882415039e-07,1.088546852656691e-07,7.888781539122647e-08,2.908276428570389e-07,1.7352272152493242e-06,4.022902828637598e-07,2.028330214898233e-07,2.7430144200479845e-07,1.270708196443593e-07,4.7097010735797085e-08,1.5284355470157607e-07,1.514438991989664e-07,3.7908484955551103e-06,3.7281981803971576e-06,1.011850963550387e-05,4.279170298104873e-06,9.727378937895992e-07,1.0034126489699702e-06,2.9973236905789236e-06,3.3696594528009882e-06,6.623527042393107e-06,6.468089122790843e-05,6.868694981676526e-06,1.348974478787568e-06,6.577302542609686e-07,6.620966814807616e-07,8.20409240986919e-07,5.153449365025153e-07,7.794243828129765e-08,6.120836104628324e-08,2.6117451312757112e-08,4.7814715742333647e-08,3.047489371965639e-08,7.593220274770829e-09,4.732970282361748e-08,1.3495962569720632e-08,3.641755119687673e-09,2.5455801910823084e-09,7.64623475646431e-09,7.326959927667076e-09,7.1424555159183e-09,1.9277097251801933e-08,8.168065335212304e-09,8.64905214115197e-09,7.362445320069355e-09,1.5191506719247627e-08,5.441607164868856e-09,9.392368660599004e-09,4.706189216108214e-09,5.764754895665192e-09,1.4222989896950367e-08,1.0921477056058393e-08,5.193028940198019e-08,4.189329771975281e-08,4.502649630921951e-08,5.836830041516805e-08,4.4495276796396865e-08,2.5999531771958573e-07,1.7303462129802938e-07,1.1297352102701552e-06,2.4420596673735417e-06,6.901573783579806e-07,0.0019810176454484463,0.0036820208188146353
4,The country of citizenship of Archduke Karl Salvator of Austria is,The country of citizenship of the father of Archduke Leopold Salvator of Austria is,Archduke Karl Salvator of Austria,the father of Archduke Leopold Salvator of Austria, Italian,1.0276338798576035e-05,6.777550879633054e-06,4.746089416585164e-06,5.430113674265158e-07,6.449894840443449e-07,1.9903022518974467e-07,2.478527107996342e-07,1.5571063727293222e-07,5.601593784376746e-07,1.014618305816839e-06,5.817216788273072e-07,1.2601765320141567e-06,7.391408871626481e-07,6.479963872152439e-07,7.60834552693268e-07,9.734377499626135e-07,1.7776159211280174e-06,4.354136763140559e-06,4.171751243120525e-06,1.7732363630784675e-05,2.742408241829253e-06,1.0293940704286797e-06,5.947041472609271e-07,6.499492428702069e-07,6.664255352006876e-07,1.7826141629484482e-06,4.695515087860258e-07,1.5490149962715805e-06,1.3842216048942646e-06,8.588590958424902e-07,7.874718335187936e-07,4.6882644255674677e-07,8.072076980170095e-07,1.977577994694002e-06,6.702983910145122e-07,1.5885364064160967e-06,4.421560220180254e-07,2.485842060195864e-06,1.2289015103306156e-06,2.369418780290289e-06,1.2308328223298304e-06,1.1050234434151207e-06,4.195604105916573e-06,7.4053550633834675e-06,2.5429087600059574e-06,1.500156827205501e-06,1.6622306020508404e-06,2.04971615858085e-06,6.085741006245371e-06,1.7814968487073202e-06,2.8428494260879233e-06,5.424934442999074e-06,3.310709644210874e-06,3.5599764487415086e-06,3.314289642730728e-06,3.279665907029994e-05,6.413055962184444e-05,3.647740959422663e-05,6.256189954001456e-05,4.966751657775603e-05,0.00010536451736697927,0.00011092281783930957,0.00014609978825319558,0.00015293958131223917,9.440474241273478e-05,0.0001613697240827605,0.00022166325652506202,8.561991126043722e-05,0.00012340368994046003,2.4446771931252442e-05,5.3189160098554567e-05,4.2588228097883984e-05,2.8815433324780315e-05,5.55195365450345e-05,6.439550634240732e-05,3.035504232684616e-05,8.825545592117123e-06,2.5120411009993404e-05,0.0005822423263452947,0.0002527397882658988,4.497737972997129e-05,0.0001568612497067079
5,The place of birth of Joseph Louis De Grasse is,The place of birth of the director of Father and the Boys is,Joseph Louis De Grasse,the director of Father and the Boys, New Brunswick,8.376198093174025e-05,0.000227444339543581,9.736032370710745e-05,4.460528725758195e-05,9.105809294851497e-05,0.000266324874246493,2.1734040274168365e-05,3.0407114536501467e-05,0.00010391364776296541,3.0071843866608106e-05,2.519603913242463e-05,3.029738763871137e-05,1.662450267758686e-05,1.1188147254870273e-05,1.1013321454811376e-05,4.404611900099553e-06,7.24168203305453e-05,5.3662326536141336e-05,0.00019214114581700414,2.3018994397716597e-05,1.2546561265480705e-05,4.840930614591343e-06,7.715310857747681e-06,7.593862392241135e-06,3.508774170768447e-05,8.201530727092177e-05,2.578543353592977e-05,9.204560774378479e-05,0.00017766129167284817,0.0005677040899172425,0.0006594264996238053,0.00028913799906149507,0.0005293216090649366,0.00028213104815222323,0.0009916495764628053,0.0008113990188576281,4.367704241303727e-05,0.0003625739482231438,8.600065484642982e-05,9.945517376763746e-05,2.3816493921913207e-05,0.0001013363289530389,7.702047696511727e-06,5.066234734840691e-06,4.69388032797724e-06,7.053295121295378e-06,1.0695194760046434e-05,7.452211866620928e-05,0.00012953401892445982,0.00025149676366709173,0.00024003743601497263,4.8783553211251274e-05,0.00019334795069880784,9.967320511350408e-05,7.221358100650832e-05,0.00012792579946108162,3.2144242140930146e-05,1.9279545085737482e-05,1.2448057532310486e-05,2.4913584638852626e-05,4.663696381612681e-05,2.07571192731848e-05,6.399802077794448e-05,2.4756240236456506e-05,1.6136573322000913e-05,6.866285275464179e-06,1.197765777760651e-05,1.922850242408458e-05,6.230290182429599e-06,6.995964940870181e-05,5.515976226888597e-05,4.496122073760489e-06,4.779682058142498e-06,2.698060779948719e-05,1.25314772958518e-05,6.93905349180568e-06,4.169595285929972e-06,6.486079655587673e-06,8.788547347649e-06,2.2244485080591403e-05,0.0021015105303376913,0.003255456918850541
6,The place of death of M. B. Sreenivasan is,The place of death of the composer of Onappudava is,M. B. Sreenivasan,the composer of Onappudava, Lakshadweep,1.4282503570939298e-06,6.556426797033055e-06,3.559220931492746e-05,1.7541450461067143e-06,5.031537057220703e-06,1.498185952186759e-06,9.004888852359727e-07,1.1149410283906036e-06,2.754289198492188e-06,9.955908808478853e-07,2.0653946194215678e-05,2.197846697526984e-05,0.00019578055071178824,2.2409443772630766e-05,1.935821637744084e-05,3.7751988202217035e-06,4.908662958769128e-06,5.882183813810116e-06,1.9469629478408024e-05,1.0315543477190658e-05,2.3851468995417235e-06,1.2057584171998315e-05,8.456137038592715e-06,2.7741520170820877e-05,2.1213877516856883e-06,3.4845181744458387e-06,5.930301654188952e-07,3.190526740581845e-07,7.682592695346102e-07,1.944829222111366e-07,9.401463785252417e-07,1.4250815638661152e-06,2.94460960503784e-06,3.6412520785233937e-06,1.7462122059441754e-06,9.036269830176025e-07,4.650782557291677e-06,2.2541744328918867e-06,7.954174066071573e-07,9.160434046862065e-07,6.996744446041703e-07,7.91753063822398e-06,4.455488124222029e-06,1.9140998119837604e-06,1.0667603191905073e-06,4.996466941520339e-06,2.697544687180198e-06,4.665210326493252e-06,3.7340605558711104e-06,4.93774041387951e-06,2.016539156102226e-06,4.168469331489177e-06,1.801536200218834e-06,2.5519527753203874e-06,2.501587232472957e-06,5.937006335443584e-07,4.708506082806707e-07,4.257522050465923e-07,3.148083180803951e-07,2.1963521135148767e-07,1.3135505128047953e-07,2.2130906529582717e-07,3.654461977475876e-07,5.789711394754704e-07,6.451001581808669e-07,2.296196726092603e-07,1.1567404811785309e-07,1.1639896513315762e-07,1.8321784978070355e-07,1.8377566846083937e-07,1.0770110492330787e-07,5.2631875746556034e-08,1.0257382854206298e-07,2.1424528995339642e-07,1.461893930354563e-07,3.567208750610007e-07,9.48059195593487e-08,5.056083978161041e-07,1.7468595103764528e-07,1.38705004815165e-07,0.0003488212823867798,0.00012365543807391077
7,The place of death of Zine El Abidine Ben Ali is,The place of death of the spouse of Naïma Ben Ali is,Zine El Abidine Ben Ali,the spouse of Naïma Ben Ali, Jeddah,0.00044338448788039386,0.0003071701794397086,6.725626735715196e-05,0.00013114430475980043,0.00021594656573142856,2.320125167898368e-05,3.606847894843668e-05,1.9627943402156234e-05,8.727699605515227e-05,3.555052899173461e-05,3.234388941564248e-06,2.9608361728605814e-05,4.219023321638815e-05,9.79644937615376e-06,0.0002833704638760537,0.00019254686776548624,7.322259625652805e-05,0.000179520997335203,0.00013471108104567975,0.00014256344002205878,8.525497105438262e-05,0.000126057886518538,4.066850306116976e-05,1.7037219777193968e-06,5.473446890391642e-06,2.3898442123027053e-06,2.750382691374398e-06,3.0073748348513618e-05,7.49409855416161e-06,1.2697745660261717e-05,1.8666158211999573e-05,5.266792140901089e-05,0.00030212249839678407,8.97804566193372e-05,0.0001832763955462724,0.00018768197332974523,9.831837087403983e-05,9.105053322855383e-06,9.642312215873972e-05,6.51493883196963e-06,0.0001418825559085235,0.00011831531446659938,3.068293517571874e-05,1.1103629731223918e-05,2.2638969312538393e-06,5.935089120612247e-06,7.5294707357898e-07,1.1310162335576024e-05,9.418279660167173e-06,3.1171077807812253e-06,2.641573519213125e-05,9.652244443714153e-06,6.682500043098116e-06,2.3341648557106964e-05,2.7870952180819586e-05,5.738776962971315e-06,2.57931951637147e-05,2.9686294510611333e-05,0.0002695918083190918,0.0003005288017448038,0.0007192473858594894,0.005935703404247761,0.017197242006659508,0.011408930644392967,0.03209821507334709,0.30365991592407227,0.0768173485994339,0.2719883918762207,0.14582319557666779,0.14023016393184662,0.3841264247894287,0.8586582541465759,0.9880223274230957,0.985450029373169,0.9700667858123779,0.9806829690933228,0.9791000485420227,0.9976415634155273,0.7472355365753174,0.8946576714515686,4.840598558075726e-05,0.054478343576192856
8,The country of Charles University is,The country of the publisher of Prague Papers on the History of International Relations is,Charles University,the publisher of Prague Papers on the History of International Relations, Czech Republic,2.444701749482192e-06,2.0107312082018325e-07,5.3039187264403154e-08,6.206930436292168e-08,2.5758455990398943e-07,6.200021402946732e-07,1.1716335279743362e-07,7.56394129552973e-08,2.1267457839257986e-07,1.3039539226156194e-07,2.2267299470968283e-07,2.6564151767161093e-07,8.473473656067654e-08,1.2275589256205421e-07,7.632463194795491e-08,8.064745316005428e-08,1.1568143065687764e-07,1.3718532443363074e-07,3.4365911005806993e-07,3.0193922384569305e-07,4.344615831541887e-07,8.379184919249383e-07,4.15464995739967e-07,1.4800618828303413e-06,7.19572290108772e-06,3.736144208232872e-06,4.050033624025673e-07,4.773617661157914e-07,5.282686856844521e-07,1.4538419463860919e-06,1.0106176659974153e-06,7.00673865594581e-07,4.409432960983395e-07,7.965081181282585e-07,8.656315344524046e-07,2.0388657162584423e-07,2.7180610118193727e-07,1.1336179568388616e-06,7.111947297744337e-07,6.524401783281064e-07,6.368167078107945e-07,1.2706482266366947e-06,3.0962142773205414e-05,3.721462780958973e-05,9.67099258559756e-05,5.481460539158434e-05,4.8699839680921286e-05,5.485531437443569e-05,5.3321593441069126e-05,6.16265315329656e-05,6.620926433242857e-05,5.5717293435009196e-05,3.147351890220307e-05,4.316052218200639e-05,3.067635771003552e-05,1.4922529771865811e-05,1.5792491467436776e-05,1.6051135389716364e-05,1.7002505046548322e-05,1.0937465049210005e-05,1.365984007861698e-05,6.90406250214437e-06,1.0795782145578414e-05,5.217369107413106e-06,2.3002255602477817e-06,1.7915396028911346e-06,2.8144729640189325e-06,4.177923528914107e-06,8.198208888643421e-06,1.0816302165039815e-05,1.1835397344839294e-05,3.29824943037238e-05,3.7420442822622135e-05,2.5749253836693242e-05,1.5875913959462196e-05,2.6415460524731316e-05,3.6101146179134957e-06,1.0030462362919934e-06,6.033450290487963e-07,2.7754546749747533e-07,0.4517287313938141,0.0672052800655365
9,The employer of Éric Rohmer is,The employer of the director of Triple Agent is,Éric Rohmer,the director of Triple Agent, Cahiers du cinéma,1.499761538070743e-06,4.723286110674962e-06,2.8590188776433934e-06,0.00013766411575488746,2.087619031954091e-05,0.00013097558985464275,0.00015364533464889973,0.00022768546477891505,2.7491963919601403e-05,0.00015336340584326535,0.00021469469356816262,2.4057741029537283e-05,4.6507734623446595e-06,2.5237204681616277e-05,3.1353956728708e-06,1.4660098486274364e-06,8.377396625292022e-07,9.17530940114375e-07,1.120789306696679e-06,2.313543518539518e-06,5.007781146559864e-05,2.723276338656433e-05,4.8870629143493716e-06,1.0089205716212746e-05,6.6641305238590576e-06,1.6891255654627457e-05,1.3749929166806396e-05,5.6854155445762444e-06,5.071082341601141e-06,3.0360001801454928e-06,2.5959832328226184e-06,1.2724366342808935e-06,1.8918170496817766e-07,1.745959536947339e-07,5.1832012104569e-07,3.6185449516779045e-06,2.6389625418232754e-06,1.8494044979888713e-06,1.985894641620689e-06,1.9012683196706348e-06,1.5566448610115913e-06,2.4024484446272254e-06,1.3744915122515522e-05,1.2848889127781149e-05,3.101911715930328e-05,4.7652374632889405e-05,1.3695024790649768e-05,2.1688179913326167e-05,1.9570716176531278e-05,9.955833775165956e-07,1.1109186743851751e-06,1.5639863022443024e-06,4.941356564813759e-06,1.0815118685059133e-06,7.594287126266863e-06,1.4545703379553743e-05,4.718520358437672e-05,0.00018749022274278104,0.00019315993995405734,0.00012990378309041262,8.206538041122258e-05,5.618625436909497e-05,6.0031277826055884e-05,4.4383345084497705e-05,8.349725976586342e-05,4.2887953895842656e-05,4.617401646100916e-05,5.389768193708733e-05,6.122297054389492e-05,5.953112486167811e-05,6.915478297742084e-05,0.00011692690895870328,9.591275011189282e-05,0.00011435864144004881,0.00010726614709710702,0.00036415469367057085,0.00023457547649741173,7.764330803183839e-05,0.0001632577768759802,0.0001438155595678836,7.766246199025773e-06,4.225887096254155e-05
10,Khoa Do received the,The director of Footy Legends received the,Khoa Do,the director of Footy Legends, Young Australian of the Year,2.065823281327539e-07,7.469172373930633e-07,1.7397818510289653e-06,3.0256544505391503e-06,7.482469754904741e-07,2.5470958462392446e-06,6.597351784876082e-06,7.379287126241252e-05,9.656084330345038e-06,0.00014364764501806349,0.00034800541470758617,3.059855225728825e-05,2.700058530535898e-06,1.680604214016057e-06,3.8342650441336446e-06,7.633502718817908e-07,3.8989898598629225e-07,3.85227195920379e-07,2.838316106590355e-07,3.606703273817402e-07,9.113421128859045e-08,1.9670693518492044e-07,7.047127041914791e-07,4.167382883224491e-07,1.1335445151416934e-06,1.0275853128405288e-06,4.2506474073888967e-07,6.132403314040857e-07,8.646335345474654e-07,1.7456167142881895e-06,9.970683549909154e-07,7.099017693690257e-06,1.3944794545750483e-06,3.3130968404293526e-06,2.1263838334562024e-06,3.3823473586380715e-06,1.344508200418204e-05,2.1986481442581862e-05,6.061396925360896e-05,6.504070188384503e-05,2.2920834453543648e-05,7.3505740147084e-05,1.4543678844347596e-05,1.0432378985569812e-05,1.3939137488705455e-06,7.555704087280901e-06,2.050925286312122e-05,1.5852407159400173e-05,1.8233371520182118e-05,1.6001422409317456e-05,7.930367246444803e-06,1.9315821191412397e-06,2.7426726774137933e-06,5.133269041834865e-06,4.039611667394638e-06,6.443951861001551e-06,4.414494469529018e-06,7.747241397737525e-06,2.859499772966956e-06,8.594602718403621e-07,5.921511956330505e-07,8.747981041778985e-07,3.5815307910525007e-06,1.3999525663166423e-06,3.7600016185024288e-06,2.278361534990836e-06,8.701324532012222e-07,2.700287268453394e-06,2.169686240449664e-06,2.0004561065434245e-06,1.0100593499373645e-05,4.512836767389672e-06,7.3036799221881665e-06,1.6330075595760718e-05,1.3058636795904022e-05,9.89667205431033e-06,3.3618907764321193e-06,5.8130244724452496e-06,1.9076207536272705e-05,8.565329153498169e-06,0.002272786805406213,0.007789483293890953
11,The place of death of Luciano Salce is,The place of death of the director of Basta guardarla is,Luciano Salce,the director of Basta guardarla, Rome,1.0307976481271908e-05,2.3800791950634448e-06,2.745751999100321e-06,2.117532744705386e-07,7.633517640215359e-08,2.1665900362677348e-07,1.6212571551932342e-07,5.421492232926539e-07,1.2584617934408016e-06,2.889483425860817e-07,4.126398380321916e-06,3.5154748729837593e-06,1.9021573507416178e-06,9.523124049337639e-07,7.61879618949024e-06,9.43099530559266e-06,1.423571211489616e-05,6.38396204521996e-06,2.5696858756418806e-06,1.5777833084484882e-07,4.863338176619436e-07,2.1613924161556497e-07,1.7701954391213803e-07,5.76770560201112e-07,1.3669434792973334e-06,2.606028374430025e-06,1.887612825157703e-06,1.0049921002064366e-06,2.3780803530826233e-06,4.89445938001154e-06,3.0424098440562375e-06,2.555586661401321e-06,1.8493325342205935e-06,2.039786750174244e-06,1.5560179917883943e-06,3.808868768828688e-06,8.906999028113205e-06,0.00011698614980559796,0.00035940896486863494,0.00026310159591957927,0.00018079805886372924,0.00025836576241999865,0.0004133874026592821,0.0001715370744932443,0.0004472951404750347,0.0017746929079294205,0.0011823325185105205,0.0022602819371968508,0.0009327703155577183,0.0008123776060529053,0.002196414628997445,0.011460580863058567,0.011911416426301003,0.00485655153170228,0.012962646782398224,0.011156266555190086,0.02526911348104477,0.01863015629351139,0.04866662621498108,0.08300759643316269,0.024191683158278465,0.019095176830887794,0.050049781799316406,0.023463504388928413,0.01749495416879654,0.2745838463306427,0.12512372434139252,0.006894249934703112,0.007057545240968466,0.018909873440861702,0.05816586688160896,0.027837691828608513,0.011504506692290306,0.00533381849527359,0.007202344015240669,0.029390720650553703,0.00743149733170867,0.0027379051316529512,0.0073766885325312614,0.000609217444434762,0.003752972697839141,0.40204694867134094
12,The place of birth of Fernando Di Leo is,The place of birth of the director of Mister Scarface is,Fernando Di Leo,the director of Mister Scarface, San Ferdinando di Puglia,1.735087266752089e-06,1.2377377061056904e-06,5.266407242743298e-06,8.95405264600413e-06,4.218224603391718e-06,1.0384236702520866e-05,2.8169008601253154e-06,4.04786169383442e-06,4.619284027285175e-06,4.409014309203485e-06,1.1859732694574632e-05,3.1425029192178044e-06,6.725130106133292e-07,6.48761715638102e-06,1.3217404557508416e-05,6.047097940609092e-06,4.1219832382921595e-06,2.373337565586553e-06,2.020240754063707e-05,4.8983379201672506e-06,1.1549631153684459e-06,1.4039566849533003e-05,3.0324829367600614e-06,2.500005575711839e-05,8.600799446867313e-06,1.0192193258262705e-05,1.3924101267548394e-06,5.038866675022291e-06,8.986060038296273e-07,7.704983886469563e-07,4.4854994030174566e-07,3.5814107945952856e-07,1.4181627250309248e-07,2.0983737414326242e-08,3.8969357518681136e-08,4.484912778934813e-07,8.774132993494277e-07,1.1028545486624353e-05,1.0002688213717192e-05,2.757145466603106e-06,2.12886538974999e-06,1.6004455574147869e-06,7.840601483621867e-07,7.397715648949088e-07,4.893330469712964e-07,3.268872319495131e-07,4.915244176117994e-07,1.2028309583911323e-06,3.269676369654917e-07,1.643827687303201e-07,8.032320693018846e-07,2.2637270546965738e-07,4.2616275663931447e-07,1.0911211489883499e-07,1.1554376300182412e-07,5.000907066232685e-08,8.333913825708805e-08,7.430837456467998e-08,7.822593062201122e-08,2.1659733562273686e-08,3.468908360559908e-08,6.235622862504897e-08,1.8285627234604362e-08,1.0950258477748775e-08,8.976662257964563e-08,5.149567527951149e-08,1.140154015644157e-08,1.501349444765765e-08,1.3599315451529037e-08,1.9537061746177642e-08,2.565839807289194e-08,5.949456038933931e-08,1.725794049889373e-07,5.127905069457483e-07,2.0555000446620397e-05,0.00010799281153595075,3.2511445169802755e-05,0.0017495685024186969,0.0004408553650137037,6.781923002563417e-05,0.006465139798820019,0.33145904541015625
13,The employer of Éric Rohmer is,The employer of the director of Love in the Afternoon is,Éric Rohmer,the director of Love in the Afternoon, Cahiers du cinéma,3.831165940937353e-06,1.3570221426562057e-06,1.0894696060859133e-06,8.351441920240177e-07,3.804234211202129e-06,1.4971606105973478e-05,5.0517748604761437e-05,3.894361725542694e-05,4.252848611940863e-06,2.5326242393930443e-05,5.893641719012521e-05,6.001624569762498e-06,1.494116872891027e-06,3.6189564980304567e-06,6.033583304088097e-07,6.212203516042791e-07,3.558577645890182e-07,1.5888510915829102e-06,5.967764309389167e-07,1.0717419627326308e-06,4.215872468193993e-05,1.5133843589865137e-05,4.837756478082156e-06,2.459303505020216e-05,1.2197980140626896e-05,1.7263562767766416e-05,1.1500064829306211e-05,2.1847120024176547e-06,3.860221568174893e-06,2.4699877485545585e-06,8.059924425651843e-07,3.3506333352306683e-07,1.73483073240277e-07,4.983656936019543e-07,1.651003913138993e-06,3.162629809594364e-06,6.11267250860692e-06,4.358084424893605e-06,7.031020686554257e-06,5.8036039263242856e-06,4.3998484215990175e-06,6.879519787617028e-06,2.8893724447698332e-05,3.409825512790121e-05,0.00011153278319397941,5.9868696553166956e-05,3.113955972366966e-05,3.999571345048025e-05,2.1274849132169038e-05,1.927648099808721e-06,3.023288400072488e-06,2.7483069970912766e-06,1.8796976291923784e-05,1.0392910553491674e-05,1.993654586840421e-05,5.497184974956326e-05,0.00013391194806899875,0.0006935180281288922,0.0005150086362846196,0.0005600742879323661,0.0004846864321734756,0.0005085852462798357,0.00039939588168635964,0.0002667624212335795,0.0003156533348374069,0.00019574270118027925,0.00024999454035423696,0.0004668707842938602,0.0007004702347330749,0.0007452982245013118,0.0011568242916837335,0.002757827052846551,0.001154972123913467,0.0011735233711078763,0.002797408029437065,0.005066541954874992,0.003477844875305891,0.002328498987480998,0.0030390028841793537,0.002110572997480631,3.966161330026807e-06,4.225887096254155e-05
14,The date of death of Sergei Eisenstein is,The date of death of the director of The General Line is,Sergei Eisenstein,the director of The General Line, 11 February 1948,0.00018450799689162523,0.0006017432897351682,0.000218781060539186,0.0014882879331707954,0.0008287194068543613,0.002583402441814542,5.211912139202468e-05,1.4746949545951793e-06,5.85979833545025e-08,1.6635490762695326e-09,1.557078235236986e-06,3.627507112469175e-07,1.652031869525672e-06,3.69171812053537e-06,0.0035044695250689983,4.4095624616602436e-05,8.835820335661992e-05,7.514125172747299e-05,0.0003297935181763023,1.07148762253928e-05,5.311797940521501e-05,9.263280662707984e-05,0.003252664115279913,0.10355137288570404,0.03790568187832832,0.0001648612378630787,0.0001772670802893117,0.00023714377311989665,0.0001799460587790236,0.01073920726776123,3.4317698009544984e-05,0.0012906224001199007,0.002796606160700321,0.0010897826869040728,9.153071732725948e-05,4.903691660729237e-05,1.6860465620993637e-05,8.103948857751675e-06,5.196465053813881e-07,2.4525947083020583e-05,2.1491632651304826e-07,5.0097703763185564e-08,3.322612974443473e-05,9.691296327218879e-06,4.555011855700286e-06,2.8763961381628178e-05,0.007198606617748737,0.002874705707654357,0.001615428365767002,0.0004301296139601618,0.0011918186210095882,0.00026662214077077806,0.0033224010840058327,5.259019417280797e-06,0.0011030080495402217,1.5224504750221968e-05,1.533325485070236e-05,0.0011670534731820226,5.363185846363194e-05,0.0026178203988820314,9.536585275782272e-05,9.364780453324784e-06,4.844830073125195e-06,4.707688276539557e-06,0.0006345212459564209,0.00019035399600397795,0.00017425752594135702,0.00024499540450051427,0.0008569348137825727,0.00022314772650133818,0.00112500274553895,0.0002364931278862059,0.009942556731402874,0.0009227777482010424,0.01627948507666588,0.04475665092468262,0.04084252938628197,0.019956598058342934,0.027351750060915947,0.002761316718533635,0.09218914061784744,0.19638042151927948
15,The cause of death of Philippa of Hainault is,The cause of death of the mother of Joan of England is,Philippa of Hainault,the mother of Joan of England, edema,2.39092128140328e-06,1.652714672673028e-05,2.796408261929173e-05,3.451429438428022e-05,7.750092663627584e-06,1.6090363033072208e-06,1.1556784329513903e-06,5.31956004579115e-07,1.4676928117296484e-07,1.4909841183907702e-07,4.140308718092456e-08,1.0524061622163572e-07,1.7601117008325673e-07,5.940578944318986e-07,8.891729521565139e-07,1.86646070687857e-06,8.04933370091021e-06,6.0410916375985835e-06,4.1013467125594616e-05,8.712935596122406e-06,1.0892460522882175e-05,3.9599603951501194e-07,6.656068580923602e-05,1.189902650367003e-05,1.2254096873220988e-05,1.3453305655275472e-05,1.6574830397075857e-06,3.7349582271417603e-06,1.7029576611093944e-06,2.310250010850723e-06,3.545251274772454e-06,1.0950037903967313e-05,4.2482701246626675e-05,1.8508542780182324e-05,2.0266166757210158e-05,3.180249404977076e-05,1.2188372238597367e-05,1.47747314258595e-05,9.184743248624727e-06,1.3649213542521466e-05,2.77513299806742e-05,0.0001837891322793439,8.441831596428528e-05,0.00011236984573770314,0.0009282215614803135,0.00021100060257595032,6.303416739683598e-05,0.0003041125601157546,9.272726310882717e-05,3.9169190131360665e-05,0.00025052635464817286,0.0002678410382941365,0.000167123565915972,0.00015957915456965566,0.00016500138735864311,4.2342700908193365e-05,4.1170857002725825e-05,0.0001095747429644689,5.34247919858899e-05,0.00011165980686200783,0.00025872301193885505,0.00024000336998142302,0.00012845569290220737,0.000134899266413413,4.113825343665667e-05,7.729009666945785e-05,0.0002752048021648079,0.00018181033374276012,0.0003837478579953313,0.00023382696963381022,0.00018593791173771024,0.00012545530626084656,0.00015942761092446744,0.00021926139015704393,5.154226892045699e-05,4.382329643703997e-05,6.774687790311873e-05,2.63687197730178e-05,5.276557567412965e-05,1.3882528037356678e-05,9.45436204347061e-06,1.1640160664683208e-05
16,The place of death of Adolf IV of Berg is,The place of death of the father of Count Engelbert I of Berg is,Adolf IV of Berg,the father of Count Engelbert I of Berg, Altenberg,3.328240927658044e-05,1.6192332623177208e-05,1.2576273547892924e-05,2.469436549290549e-05,9.776443766895682e-05,2.8926449886057526e-05,3.058437505387701e-05,8.030607205000706e-06,3.024931538675446e-05,7.352865941356868e-05,8.699900718056597e-06,6.60468140267767e-05,6.200038114911877e-06,2.533639781177044e-05,2.9627250114572234e-05,6.640795163548319e-06,3.2721072784624994e-05,0.00011255004210397601,3.1547850085189566e-05,7.552384886366781e-06,7.72356452216627e-06,1.4175512887959485e-06,8.351055839739274e-06,2.5525366709189257e-06,5.8104810705117416e-06,6.521058094222099e-05,7.11329557816498e-05,6.37768316664733e-05,1.5039322533993982e-05,3.442898014327511e-05,3.2791111152619123e-05,0.00013548217248171568,4.083930980414152e-05,1.8307080608792603e-05,1.5104493286344223e-05,5.638345828629099e-05,3.767789894482121e-05,2.5617538994993083e-05,5.132524165674113e-06,1.85972257895628e-05,1.595988760527689e-05,7.080929208314046e-06,9.14184875000501e-06,1.8479014443073538e-06,4.284854185243603e-06,2.470925664965762e-06,3.887549610226415e-06,1.3000044418731704e-05,9.31201248022262e-06,3.992984602518845e-06,1.5714057326476905e-06,3.63157005267567e-06,5.91527896176558e-06,9.026946827361826e-06,2.7108294489153195e-06,1.8945490865007741e-06,1.3561952982854564e-06,4.651751169149065e-06,1.9299081941426266e-06,1.5697632989031263e-05,1.3279708582558669e-05,5.809835329273483e-06,2.5066829039133154e-06,5.381417850003345e-06,1.8006772961598472e-06,1.5763696410431294e-06,2.4194034722313518e-06,8.579206678405171e-07,8.087697551673045e-07,1.3257216778583825e-05,9.204630259773694e-06,2.3215638975671027e-06,2.6674151740735397e-06,3.7742717040600837e-07,8.964814810497046e-07,4.776083187607583e-06,3.934063897759188e-06,1.0262109753966797e-05,1.212756887980504e-05,0.00010579914669506252,0.0012031302321702242,0.00226600538007915
17,The date of death of Baudouin de Courtenay is,The date of death of the father of Cezaria Jędrzejewiczowa is,Baudouin de Courtenay,the father of Cezaria Jędrzejewiczowa, 3 November 1929,0.007465117145329714,0.0014671472599729896,0.2703861892223358,0.0012575024738907814,0.0031677503138780594,0.045627936720848083,0.013046099804341793,0.0013463353971019387,0.00035966470022685826,0.002210059901699424,4.811424150830135e-05,0.000972169335000217,0.002458196133375168,0.005289827939122915,0.0010907088872045279,0.0003321788681205362,2.663270970515441e-05,0.0015756344655528665,0.0005598660791292787,0.000612954143434763,3.193650263710879e-05,6.539745299960487e-06,5.426448842626996e-05,0.0002619556034915149,0.014881925657391548,0.006942726671695709,0.001204439322464168,0.011469638906419277,0.0061335149221122265,0.026130078360438347,2.7911097276955843e-05,9.377887181472033e-06,0.003044879762455821,0.004256217274814844,0.7876787781715393,0.2885911166667938,0.5502685904502869,0.35754257440567017,0.6575618982315063,0.18878410756587982,0.07458629459142685,0.06629245728254318,0.08554524928331375,0.4491974711418152,0.0448753647506237,0.10269346088171005,0.0026087979786098003,0.26801878213882446,0.003541707992553711,2.5235371140297502e-05,0.0002957445685751736,0.0003516759315971285,0.001335678854957223,0.0005990062491036952,4.8047746531665325e-05,7.811166869942099e-05,4.561365585686872e-06,0.00010746299085440114,5.392664206738118e-06,8.873591468727682e-06,4.9347104322805535e-06,7.483175977540668e-06,1.9611734387581237e-05,4.0577902836957946e-05,0.0014736109878867865,3.82586003979668e-05,0.007986335083842278,7.688443292863667e-05,0.0008218131260946393,9.657065675128251e-05,0.00039896188536658883,2.0767286059708567e-06,1.5222525462377234e-06,0.000123761739814654,1.4321251001092605e-05,0.0007609574240632355,4.503962554736063e-05,0.0009381836862303317,0.0010770147200673819,0.0006545106880366802,0.021644646301865578,0.06292207539081573
18,The place of birth of Carlos F. Borcosque is,The place of birth of the director of My Country's Wings is,Carlos F. Borcosque,the director of My Country's Wings, Valparaíso,1.0736069953054539e-06,7.153740625653882e-06,1.1411903869884554e-05,7.314461981877685e-05,2.032540214713663e-05,2.4661378120072186e-05,2.808746103255544e-06,2.3265022264240542e-06,5.987969416310079e-06,2.262515408801846e-06,2.6756784791359678e-05,1.1341789104335476e-05,3.575143637135625e-05,0.00010089107672683895,0.0001304024044657126,0.0001999265659833327,0.000681620032992214,0.0007442427449859679,0.0017692958936095238,0.00133028335403651,0.0015497308922931552,0.00033366947900503874,0.0016932440921664238,0.0003210633294656873,0.0007138350047171116,0.00044244094169698656,9.885039617074654e-05,0.00024595632567070425,7.493781595258042e-05,0.00035617296816781163,0.00016904941003303975,7.369300146820024e-05,0.0002686912484932691,3.095646025030874e-05,1.1870053640450351e-05,4.623767381417565e-05,8.354472811333835e-06,2.690176188480109e-06,2.585336460469989e-06,2.546724090279895e-06,1.4074923910811776e-06,1.9013070868822979e-06,9.069696034202934e-07,2.240462890767958e-07,1.6222735439441749e-06,1.6835978158269427e-06,1.9948306544392835e-06,6.659095561190043e-06,3.960541562264552e-06,4.77869798487518e-06,3.101525635429425e-06,2.4768726234469796e-06,3.509934913381585e-06,7.16957583790645e-06,6.11478071732563e-06,1.9685048755491152e-06,1.8365300320510869e-06,3.870591172017157e-06,2.1941914383205585e-06,1.01595642263419e-05,1.5658220945624635e-05,1.3987929378345143e-05,2.2387055651051924e-05,2.4032735382206738e-05,3.474342520348728e-05,7.82177630753722e-06,1.3522376320906915e-05,3.952693532482954e-06,2.530532583477907e-06,9.144229807134252e-06,2.4246077373391017e-05,1.9715705548151163e-06,4.259090019331779e-06,1.184083339467179e-05,5.22453274243162e-06,2.4616854261694243e-06,5.034357400290901e-06,6.924225544935325e-06,1.9466850062599406e-05,5.310687811288517e-06,0.0005558159318752587,0.0008735129958949983
19,The employer of Joseph Barbera is,The employer of the director of Gallopin' Gals is,Joseph Barbera,the director of Gallopin' Gals, Van Beuren Studios,4.010929842479527e-06,1.6096730632852996e-06,1.53816120018746e-06,1.5922189504635753e-06,3.6521514630294405e-06,3.1370925626106327e-06,2.9296238608367275e-06,8.518451863892551e-07,1.4134640480278904e-07,1.6063933117038687e-07,2.184758898238215e-07,8.414879175688839e-07,5.452948812489922e-07,4.787239049619529e-07,5.008470793654851e-07,1.636811930438853e-07,3.025233468179067e-07,6.766057367713074e-07,8.717344712749764e-07,5.273843726172345e-07,1.107310708903242e-06,4.415455236994603e-07,2.1049743281764677e-06,2.3780908122716937e-06,4.5695620087826683e-07,1.1466748901511892e-06,6.535369720950257e-07,8.883849034191371e-08,5.800687219448264e-08,7.557260062185378e-08,1.2664919779581396e-07,1.4827074323875422e-07,4.2566203006799697e-08,6.89489425553802e-08,3.5892330174647213e-07,2.8138666152699443e-07,3.3984326819336275e-07,1.847547110855885e-07,2.463764587901096e-07,2.215651306869404e-07,4.109711539967975e-07,4.864692186856701e-07,4.038759868763009e-07,2.1129197591562843e-07,3.054705643990019e-07,1.1186750725755701e-07,2.240917069684656e-07,2.8512056360341376e-07,8.098659805000352e-07,8.506275435138377e-07,1.482499669691606e-06,1.8228090539196273e-06,3.6815292787650833e-06,5.794533421976666e-07,6.382950914485264e-07,4.4859237391392526e-07,4.096884822502034e-07,4.7308341777352325e-07,7.468244689334824e-08,9.911476439583566e-08,2.9941637080810324e-07,2.3190679598883435e-07,3.2826332585500495e-07,9.516273280496534e-07,5.895074650652532e-07,4.049374808801076e-07,8.099674460027018e-07,9.608885420675506e-07,4.8861284085433e-07,3.1278869982998003e-07,3.0683159479849564e-07,1.7842089050645882e-07,2.876008409202768e-07,3.908461678747699e-07,6.114187556249817e-08,1.9337923262696677e-08,3.4393448089531375e-08,1.1249956344272505e-07,1.4740942333446583e-07,2.3185761222066503e-07,2.1522777387872338e-05,1.5337223885580897e-05
20,The spouse of Faith Evans is,The spouse of the performer of Burnin' Up is,Faith Evans,the performer of Burnin' Up, Notorious B.I.G.,6.657378980889916e-05,6.630652933381498e-05,8.382935629924759e-05,2.7389283786760643e-05,2.0395253159222193e-05,6.200354255270213e-05,1.649744990572799e-05,1.0649509022186976e-05,2.785654032777529e-06,6.295748562479275e-07,4.4791792674914177e-07,2.1057343246866367e-07,1.4700677866130718e-06,1.7723402834235458e-06,7.971341915435914e-07,1.631397417156677e-08,4.1553768426183524e-08,1.2932848392210872e-07,1.0246508281852584e-06,2.591753400338348e-06,2.872590357583249e-06,1.96744022105122e-05,0.0001246769679710269,1.530773806734942e-05,1.6351146769011393e-05,1.6646095900796354e-05,1.2526770660770126e-05,3.157083847327158e-05,2.2471715055871755e-05,1.1050688954128418e-05,1.7309725080849603e-05,4.037148391944356e-05,1.28505052998662e-05,7.3947408054664265e-06,4.8190809138759505e-06,3.3863429962366354e-06,6.69858400215162e-06,5.362820047594141e-06,3.998256579507142e-05,4.607905793818645e-06,1.8910435755969957e-05,2.641860737639945e-05,7.188034032878932e-06,3.581733153623645e-06,4.846276169701014e-06,6.563760507560801e-06,4.169735348114045e-06,4.785482815350406e-06,3.2085124985314906e-05,0.00011018065561074764,4.038732367916964e-05,7.677367830183357e-05,6.125406071078032e-05,0.00028094262233935297,0.00013450263941194862,2.3995935407583602e-05,7.39533243176993e-06,1.2186548701720312e-05,5.6112730817403644e-05,2.9104785426170565e-05,3.141433262499049e-05,0.0001300541771342978,4.011656346847303e-05,1.4886423741700128e-05,4.076299228472635e-05,8.656812133267522e-05,3.8531892641913146e-05,0.00027427979512140155,0.00016043396317400038,8.26609248179011e-05,0.00017379980999976397,2.9434908356051892e-05,0.00012448329653125256,2.294873775099404e-05,9.16102435439825e-05,6.793571083107963e-05,2.363367639190983e-05,1.3717873343921383e-06,1.3036374184594024e-06,1.026742029353045e-05,6.273760664043948e-05,0.0014732192503288388
21,Jerzy Skolimowski was educated at,The director of Walkover was educated at,Jerzy Skolimowski,the director of Walkover, National Film School in Łódź,0.0002592101809568703,5.869338565389626e-05,2.459180359437596e-05,2.9403113330772612e-06,3.157971377731883e-06,1.5980059515641187e-06,8.615817023382988e-06,4.978691777068889e-06,9.974863132811151e-06,3.561471021384932e-05,8.449230517726392e-05,0.00027373048942536116,6.2404924392467365e-06,0.00022654500207863748,0.0003088460071012378,6.074717384763062e-05,0.00012134681310271844,1.401680401613703e-05,0.00030273274751380086,0.00016869073442649096,0.00012598875036928803,0.00014381410437636077,5.581182449532207e-06,3.7586908092634985e-06,1.1534043551364448e-05,1.2666763723245822e-05,3.3901847018569242e-06,7.978647431627905e-07,8.133887945405149e-07,3.615434479797841e-06,2.5799845388974063e-05,4.5200547901913524e-05,7.897320028860122e-05,0.00014246540376916528,7.224097498692572e-05,0.0007412197301164269,0.000127641687868163,3.282906618551351e-05,2.0559617041726597e-05,5.006646915717283e-06,3.892104814440245e-06,2.784040134429233e-06,1.075192699317995e-06,8.241167392952775e-07,6.464691182372917e-07,3.3385313713552023e-07,1.0094348681377596e-06,1.4856452708045254e-06,6.122950253484305e-07,1.8761592457394727e-07,2.7712209771380003e-07,1.7609225722026167e-07,2.9576756332971854e-07,8.127909012500822e-08,5.244911704949118e-08,2.203051607807538e-08,2.807644250424346e-08,2.9325308403826966e-08,6.822179265952855e-09,3.8650018296948474e-08,3.6919804102808484e-08,3.2324994236887505e-08,1.9907995252310684e-08,2.4122302377804772e-08,4.9713843708332206e-08,4.667348463271992e-08,1.829445928080986e-08,2.649257169196062e-08,4.485121607444853e-08,2.3063087439822993e-08,1.4157985894769354e-08,3.7807641461995445e-08,1.430733043150667e-08,1.2601868881745304e-08,3.298340445212489e-08,5.4248644687504566e-08,1.1505263586286674e-07,1.9579839261041343e-07,1.1574815061976551e-07,6.452324896599748e-08,0.0020821646321564913,0.00014927923621144146
22,The place of death of Nefertiti is,The place of death of the mother of Ankhesenamun is,Nefertiti,the mother of Ankhesenamun, Amarna,4.868457835982554e-06,1.6323447198374197e-05,2.410565866739489e-05,8.24032467789948e-05,2.1807722077937797e-05,4.3184882088098675e-06,4.115181866382045e-07,6.174174700390722e-07,2.5790848212636774e-07,3.644919956968806e-07,5.175972432880371e-07,2.0158611278020544e-06,4.035360348098038e-07,1.1213677453270066e-06,5.1987212827953044e-06,6.45310319669079e-06,4.7799971980566625e-06,9.310159839515109e-06,4.885436283075251e-06,1.8093596736434847e-05,3.2906170872593066e-06,2.0099857920286013e-06,1.2977679944015108e-06,1.8777404875436332e-07,7.267211685757502e-07,7.117092764019617e-07,5.410341145761777e-06,1.3189956916903611e-05,1.2898441127617843e-05,1.1942647688556463e-05,2.5909062969731167e-05,2.1714258764404804e-05,1.1929379979846999e-05,1.754188815539237e-05,1.6036934539442882e-05,2.771866274997592e-05,1.810456524253823e-05,9.371479791298043e-06,5.612954737443943e-06,6.118976216384908e-06,7.32728949515149e-06,4.7302587518061046e-06,2.2632984837400727e-05,9.650496394897345e-06,5.882384357391857e-06,1.9130673081235727e-06,1.5813560594324372e-06,2.9340551463974407e-06,8.118654477584641e-07,5.255810151538753e-07,4.0712390614316973e-07,2.939708565463661e-07,2.6599545321914775e-07,2.439616650917742e-07,2.3767319135004072e-07,1.1715880532392475e-07,1.483392537693362e-07,2.503266500752943e-07,2.2857042836221808e-07,1.306549393120804e-07,2.000867596052558e-07,4.4666020926342753e-07,1.02886438924088e-07,1.217636764749841e-07,7.966287398630811e-07,1.8309118843262695e-07,8.980809695913194e-08,5.79567043246243e-08,1.011241010928643e-07,4.354990679189541e-08,7.030093485127509e-08,8.724880729005235e-08,1.339073474326824e-08,6.523786311163349e-08,2.744122085118761e-08,2.1451349141443643e-08,9.763039088284131e-08,1.6120043966338926e-08,1.4715803686726758e-08,3.2361868740338195e-09,0.0001222886930918321,2.5428671506233513e-06
23,The place of birth of Adario Strange is,The place of birth of the director of Hikikomori: Tokyo Plastic is,Adario Strange,the director of Hikikomori: Tokyo Plastic, New York,7.514689059462398e-05,1.3909895642427728e-05,2.4362725525861606e-06,4.4449197957874276e-06,9.886549378279597e-06,4.0466773498337716e-05,1.6747058907640167e-05,1.5317897123168223e-05,3.140262560918927e-05,9.047972525877412e-06,2.080251397273969e-05,3.594712688936852e-05,1.4403009117813781e-05,1.3831071328240796e-06,5.194079221837455e-06,2.178187969548162e-06,9.362236596643925e-06,1.6459262042189948e-05,6.086415396566736e-06,3.659421281554387e-06,1.425494133400207e-06,5.538394361792598e-06,7.546391884716286e-07,6.037212187948171e-06,1.989876363950316e-05,5.889538806513883e-05,5.141710062162019e-05,3.633260348578915e-05,0.00038554452476091683,0.00021757266949862242,0.00023605447495356202,0.0010373519035056233,0.00027909636264666915,0.0001921032671816647,0.00013843917986378074,0.00011992908548563719,2.2469719624496065e-05,0.00015634848386980593,0.0001372062397422269,0.00020947163284290582,9.211812721332535e-05,0.0002621071762405336,0.0001340735179837793,6.461587327066809e-05,0.00037288476596586406,6.1033337260596454e-05,7.787715003360063e-05,0.00037992830039002,0.00019604997942224145,0.00022463580535259098,0.00025213827029801905,9.42254628171213e-05,7.661913696210831e-05,0.00012880167923867702,0.0001001212076516822,0.0002813264727592468,0.00010376403952250257,2.519379268051125e-05,3.879399082507007e-05,6.563329952768981e-05,9.22434774111025e-05,2.52265981544042e-05,0.00010916162864305079,5.9592061006696895e-05,8.428737783106044e-05,5.245968350209296e-05,3.992623169324361e-05,6.40332727925852e-05,4.1127725125988945e-05,6.651592411799356e-05,5.3378196753328666e-05,6.351529464154737e-06,6.351357296807691e-05,0.00010820200986927375,2.7341624445398338e-05,8.95501725608483e-05,0.0001103979884646833,0.00021390500478446484,0.0001808686211006716,0.00031793583184480667,0.0030863808933645487,0.009805283509194851
24,The place of birth of Grover Jones is,The place of birth of the director of Thrilling Youth is,Grover Jones,the director of Thrilling Youth, Indiana,1.148718524746073e-06,1.5496364369482762e-07,9.181828772852896e-07,8.307160896947607e-06,2.5199874471582007e-06,6.394159754563589e-06,1.628602694836445e-05,5.6553508329670876e-05,5.295409573591314e-05,3.62383398169186e-05,2.909222530433908e-05,1.4845787518424913e-05,9.093991138797719e-06,2.1680762074538507e-06,5.019056516175624e-06,1.87291550446389e-06,5.161533067621349e-07,3.2087314139062073e-07,2.173913117076154e-06,1.2701693776762113e-05,8.28170777822379e-06,2.0936424334649928e-05,7.083537639118731e-05,9.538963058730587e-05,0.00015528668882325292,4.458190596778877e-05,6.321431283140555e-05,0.00034027721267193556,6.938012666068971e-05,0.00011040051322197542,0.0002726541424635798,9.704137482913211e-05,0.00011418871144996956,5.296095332596451e-05,4.789748345501721e-05,5.188625073060393e-05,7.359268784057349e-05,0.00017934861534740776,0.0001318906433880329,3.2470667065354064e-05,7.391665712930262e-05,3.538900273269974e-05,0.00015607279783580452,7.75851913203951e-06,2.033832060988061e-05,0.00015276634076144546,1.3122259588271845e-05,5.1755629101535305e-05,0.00021555808780249208,3.1617175409337506e-05,1.7555770682520233e-05,5.713300924981013e-05,3.0011458875378594e-05,1.2950184100191109e-05,4.2443924030521885e-05,2.0112709535169415e-05,3.256999116274528e-05,2.8819680665037595e-05,3.4423588658683e-05,5.255058204056695e-05,2.6023093596450053e-05,3.832971924566664e-05,2.2331110812956467e-05,1.0777038369269576e-05,2.5925293812179007e-05,3.150998963974416e-05,4.792129766428843e-05,5.7636225392343476e-05,4.607591836247593e-05,0.00012153734132880345,7.021547935437411e-05,6.103268242441118e-05,8.322999929077923e-05,8.25461684144102e-05,5.6443881476297975e-05,4.0604874811833724e-05,8.282468479592353e-05,0.00012536566646303982,0.00016671075718477368,0.000450855033705011,1.2219098607602064e-05,0.0010387877700850368
25,The place of birth of J. Searle Dawley is,The place of birth of the director of The Death Dance is,J. Searle Dawley,the director of The Death Dance, Colorado,2.987452899105847e-05,0.00016584672266617417,7.345070480369031e-05,5.7612785894889385e-05,1.0841373295988888e-05,7.361994448729092e-06,6.364682121784426e-06,1.907208570628427e-05,4.049051131005399e-05,6.671171377092833e-06,2.570721335359849e-06,1.7774884781829314e-06,1.8589842056826456e-06,9.99181906990998e-07,1.7437711221646168e-06,7.514206117775757e-06,8.57461509440327e-06,1.5494211993427598e-06,2.702340680116322e-06,6.791142368456349e-07,6.675318218185566e-07,6.8195654421288054e-06,2.458325752741075e-06,2.093723651341861e-06,1.2043286687912769e-06,5.691837827725976e-07,3.3898334095283644e-07,1.0420195621918538e-06,1.98362522496609e-06,1.2896140333396033e-06,7.492385520890821e-07,3.443616094500612e-07,3.123837188923062e-07,1.0756632207176153e-07,4.069037018439303e-08,3.435880557844939e-07,1.9031739384445245e-07,2.4540821641494404e-07,5.706882006961678e-07,2.846323639005277e-07,1.4787542568228673e-07,5.608864626083232e-07,2.0815325569856213e-06,3.3738342608558014e-07,6.458078587456839e-07,2.6055006401293213e-06,6.32696753655182e-07,6.944269443920348e-07,6.473100029324996e-07,1.498105177688558e-07,4.2703331359916774e-07,1.4107600065926817e-07,1.4262643333040614e-07,9.240753229278198e-08,2.589877396985685e-07,7.743456365005841e-08,1.531716975478048e-07,3.504993912883947e-07,9.821118140962426e-08,1.6680571945926204e-07,1.0303874375949817e-07,1.040483041947482e-07,3.2869227339915597e-08,3.8840816785068455e-08,8.521831773578015e-08,9.930739963692758e-08,4.6455181035298665e-08,6.492503246136039e-08,2.940176813126527e-08,1.0704060571242735e-07,8.188558098254362e-08,6.030622046182543e-08,1.1481021999770746e-07,4.537435671636558e-08,4.872592285209976e-08,1.2728351350688172e-07,3.9230833692727174e-08,1.7185705303290888e-07,9.807755674273722e-08,1.2880576605311944e-07,0.00012657055049203336,0.00015720681403763592
26,The country of citizenship of Myriam Fox-Jerusalmi is,The country of citizenship of the mother of Noemie Fox is,Myriam Fox-Jerusalmi,the mother of Noemie Fox, French,2.855526690836996e-05,2.95415629807394e-05,9.387707905261777e-06,9.345104672320304e-07,6.9996081037970725e-06,9.56690996645193e-07,1.6010696981538786e-06,1.5807169120307663e-06,3.5411953831498977e-06,5.401323505793698e-06,8.455784154648427e-06,1.216838541040488e-06,1.8028454462637455e-07,4.5688246075314964e-08,1.0024527909990866e-06,4.385005070162151e-07,1.3037414419159177e-06,4.960087949257286e-07,1.099307610274991e-06,2.7979003789369017e-06,3.092007546001696e-06,6.021188710292336e-06,9.051019333128352e-06,1.393505408486817e-05,5.186083581065759e-05,7.831382390577346e-05,1.5258367966453079e-05,7.517194717365783e-06,2.6455263650859706e-05,1.0380205822002608e-05,4.1286792111350223e-05,3.6196412111166865e-05,1.6715010133339092e-05,1.9845965653075837e-05,4.948715286445804e-06,4.759174316859571e-06,2.109107072101324e-06,0.00010747490887297317,1.905651697597932e-05,9.038356802193448e-05,4.0839517168933526e-05,5.107073957333341e-05,8.296807209262624e-05,4.526893826550804e-05,2.8800805011997e-05,4.619330866262317e-05,6.778097304049879e-05,7.00412638252601e-05,3.823465885943733e-05,1.6739752027206123e-05,2.2425767383538187e-05,3.5568682505982e-05,3.144233414786868e-05,5.460360989673063e-05,1.1041366633435246e-05,8.842186070978642e-05,0.00017864062101580203,0.0024374243803322315,0.003323550568893552,0.0025413641706109047,0.0031128651462495327,0.0037174553144723177,0.006516044028103352,0.008678756654262543,0.009893822483718395,0.02645639330148697,0.013771040365099907,0.007487282156944275,0.011098671704530716,0.002116762101650238,0.003987144213169813,0.003440484870225191,0.08161665499210358,0.06735115498304367,0.0868927538394928,0.19242045283317566,0.09527023136615753,0.1360752433538437,0.05091416463255882,0.0021071939263492823,0.001686269068159163,0.0075929793529212475
27,The father of Dean Parisot is,The father of the director of Red 2 is,Dean Parisot,the director of Red 2, Aldo Parisot,4.360535513114883e-06,9.830800081545021e-06,2.8000711154163582e-06,8.697077646502294e-06,4.490896117204102e-06,6.009332992107375e-06,2.1310911506589036e-06,2.2421190806198865e-06,4.1668949961604085e-06,6.994207524257945e-07,4.534533957212261e-07,9.867507344551996e-08,8.871887189343397e-07,1.639672973396955e-06,1.864116597971588e-06,2.6314996830478776e-06,4.647615696740104e-06,1.3057357364232303e-06,1.5682312550779898e-06,1.4302117961051408e-06,4.1203423961633234e-07,1.631081829600589e-07,8.708283871783351e-08,4.2108186448786e-07,3.1691538424638566e-06,2.0967311229469487e-06,1.476155489399389e-06,2.6272080049238866e-06,6.178943749546306e-06,1.8868879578803899e-06,2.976528776343912e-06,1.3762418120677467e-06,5.050432719144737e-06,4.215585249767173e-06,1.1713854064510087e-06,3.5648549783218186e-06,7.836762961233035e-06,2.6879622510023182e-06,7.481849934265483e-06,2.222598595835734e-06,2.4082119125523604e-06,2.2940691906114807e-06,2.6675509161577793e-06,2.2863089270686032e-06,1.1289888561805128e-06,7.630962386429019e-07,4.0374459331360413e-07,3.010314912899048e-07,4.76471853971816e-07,9.748978300194722e-07,7.230630671983818e-07,2.8007539185637143e-06,1.3261220601634705e-06,1.4384488622454228e-06,5.239924121269723e-07,5.979962907076697e-07,1.4246992918742762e-07,5.254923394204525e-07,2.5083127752623113e-07,2.12634702734249e-07,3.139238060612115e-07,5.690015427717299e-07,1.5353830917774758e-07,2.609239970752242e-07,1.9718098087651015e-07,2.984000389005814e-07,1.7880145719573193e-07,2.2196611837443925e-07,3.5827483202410804e-07,2.6082778958880226e-07,1.2577472716657212e-06,1.5665538057874073e-06,2.1190978714002995e-06,5.951411367277615e-06,1.33454386741505e-05,5.444286216516048e-05,4.3500498577486724e-05,0.00012255994079168886,2.2243279090616852e-05,3.747164737433195e-05,1.3673168723471463e-05,0.001678434549830854
28,The country of citizenship of Bonnie Tyler is,"The country of citizenship of the performer of ""What You Need From Me is",Bonnie Tyler,"the performer of ""What You Need From Me", United Kingdom,7.2772450039337855e-06,3.1187155400402844e-06,1.0140962331206538e-05,4.066725523443893e-06,6.110212780185975e-06,6.091705699873273e-07,1.4490501598629635e-06,4.349682512838626e-06,6.959548500162782e-06,5.838636752741877e-06,2.8201095574331703e-06,3.902888693119166e-06,1.0449770343257114e-05,5.973598672426306e-05,8.114738739095628e-05,1.4607792763854377e-05,0.0002833691833075136,2.245353789476212e-05,5.0166097935289145e-05,4.582018664223142e-05,0.000272960402071476,0.0016433888813480735,0.0013186088763177395,0.00778136495500803,0.0005001371609978378,0.0005704705836251378,0.0008451103931292892,0.00018480163998901844,0.0002274869621032849,6.477590795839205e-05,6.526698416564614e-05,0.0002736242313403636,8.588702621636912e-05,0.0010847538942471147,0.003675423562526703,0.007969393394887447,0.01857973076403141,0.10154876857995987,0.04865984618663788,0.10767334699630737,0.21603864431381226,0.36995118856430054,0.2691173553466797,0.3710562288761139,0.41178908944129944,0.6537933349609375,0.6784194111824036,0.4531530439853668,0.3905896544456482,0.421968549489975,0.4540403485298157,0.635718584060669,0.710383415222168,0.7335691452026367,0.6613892912864685,0.5711240768432617,0.4507797062397003,0.8795307278633118,0.7799564599990845,0.20422358810901642,0.34466513991355896,0.18776610493659973,0.2534283995628357,0.42461588978767395,0.5516341328620911,0.7911607623100281,0.7524185180664062,0.7812182307243347,0.9709128141403198,0.9640685319900513,0.982490599155426,0.9753956198692322,0.9265609979629517,0.8922466039657593,0.8884328007698059,0.9177483320236206,0.9220442175865173,0.9550836682319641,0.6763913631439209,0.5312415361404419,9.984005373553373e-06,0.20330440998077393
29,The place of birth of Esther Gronenborn is,The place of birth of the director of Alaska.de is,Esther Gronenborn,the director of Alaska.de, Oldenburg,5.233252068137517e-06,1.6806326357254875e-06,3.430656988712144e-06,1.7388261994710774e-06,4.2955616663675755e-07,4.7613590936634864e-07,1.6386016454816854e-07,8.118481105157116e-07,9.046539162227418e-06,6.2444496506941505e-06,0.00015821499982848763,1.0515532267163508e-05,1.1115138477180153e-05,1.4525552614941262e-05,1.2016295841021929e-05,2.616389338072622e-06,6.561916052305605e-06,3.175285883116885e-06,8.189897016563918e-06,1.6036361557780765e-05,5.213624899624847e-05,5.471416443469934e-05,0.00011044568964280188,7.093967724358663e-05,1.6750962458900176e-05,3.4163411328336224e-05,7.912453838798683e-06,1.1775002349168062e-05,1.1439995432738215e-05,1.2780244105670135e-05,1.0819388990057632e-05,1.0377409125794657e-05,1.1125218406959902e-05,1.7284882005697e-06,5.077393325336743e-06,2.855134880519472e-06,1.0131954013559152e-06,7.667616728213034e-07,5.834537546434149e-07,1.8230977048006025e-06,1.031608576340659e-06,6.963099394852179e-07,1.8988053795965243e-07,2.897672146673358e-08,4.148838783635256e-08,1.3345077043425135e-08,1.3745197868786363e-08,4.1840110043267487e-08,1.7705103161347324e-08,1.1563949797732676e-08,1.6130911717482377e-08,2.8699780330043723e-08,6.775345440246383e-08,1.0023077123832991e-07,8.579095833738393e-08,5.1640608234038154e-08,1.0529956284699438e-07,1.4358754185650469e-07,3.991416264170766e-08,1.3845442481397185e-07,1.0727328714210671e-07,3.6579521633939294e-08,7.305590798978301e-08,1.680719634578054e-07,3.034069351315338e-08,4.788391549936932e-08,3.27979527980915e-08,3.861275033045786e-08,4.4540442445395456e-08,2.777956069621723e-07,7.72144289840071e-07,8.932737927125345e-08,7.069321554808994e-07,5.648975047733984e-07,7.617401820425584e-07,3.8575547023356194e-07,1.927912762766937e-06,1.7925588053913089e-06,1.3729236343351658e-05,7.588239441247424e-06,0.0008022740366868675,0.0007354757399298251
30,The date of death of Sargent Shriver is,The date of death of the father of Timothy Perry Shriver is,Sargent Shriver,the father of Timothy Perry Shriver," January 18, 2011",0.00030228536343201995,0.0005080639384686947,0.0001980214292416349,0.00017102941637858748,0.0004960270598530769,0.0002029514726018533,0.00012685440015047789,0.0003976176376454532,2.485562436049804e-05,3.3455238735768944e-05,7.378028385573998e-05,8.297252497868612e-05,0.000260798231465742,2.290711745445151e-05,3.511860268190503e-05,6.026639312040061e-05,1.5658547454222571e-06,0.0010184620041400194,0.0014773625880479813,0.00028136660694144666,0.0005141288274899125,0.0005682948394678533,0.00022996385814622045,0.0020263816695660353,0.0020324555225670338,0.0005109750782139599,0.0006381141720339656,9.08427537069656e-05,0.0004972859751433134,0.0010849807877093554,0.00039479968836531043,0.0005457698716782033,0.0011849428992718458,0.03629399463534355,0.4271274209022522,0.3094868063926697,0.37656882405281067,0.055323436856269836,0.1409207135438919,0.004891146440058947,0.003881978802382946,0.0006707475986331701,0.0013474317966029048,0.0008792427834123373,0.00028910711989738047,0.0007562165264971554,0.00037542724749073386,0.00035218725679442286,0.0001209985712193884,0.0001804653584258631,0.00020046050485689193,5.203891487326473e-05,5.808911373605952e-05,3.3728720154613256e-05,0.00015754201740492135,0.0001302698510698974,0.00015065506158862263,0.00019373753457330167,0.0007799393497407436,0.00022043641365598887,0.000297567225061357,0.00013967615086585283,9.563864296069369e-05,0.00019146234262734652,0.0005295744049362838,0.00021276566258165985,0.0004582788096740842,0.000960672739893198,0.0014193246606737375,0.001287783612497151,0.0005589019856415689,0.0004070571740157902,0.2666982412338257,0.44808709621429443,0.41711822152137756,0.5177859663963318,0.6036332249641418,0.6611597537994385,0.7692587375640869,0.8200355768203735,0.0031521981582045555,0.6483657360076904
31,The date of death of Prince Nikita Alexandrovich of Russia is,The date of death of the father of Prince Alexander Nikitich Romanov is,Prince Nikita Alexandrovich of Russia,the father of Prince Alexander Nikitich Romanov, 12 September 1974,2.730437699938193e-06,9.218123886967078e-05,2.8394479159032926e-05,1.6280659110634588e-05,0.07163694500923157,0.00011542701395228505,0.0004101200320292264,0.0004923598608002067,3.9498489059042186e-05,0.0001990371965803206,0.0004875041777268052,0.0008378020720556378,0.0001547800056869164,0.018536951392889023,0.15992403030395508,0.0009452717495150864,0.0003820108249783516,0.005175167229026556,0.0029085781425237656,0.0003211541916243732,0.0006145384977571666,9.19576341402717e-05,0.00018579215975478292,0.19335679709911346,0.008753801696002483,0.000900910294149071,4.1237053665099666e-05,2.9611690479214303e-05,4.327261194703169e-06,0.00048731264541856945,1.7668007785687223e-05,5.353639608074445e-06,0.00022605773119721562,0.00022033294953871518,0.00023272752878256142,0.000123168938443996,0.0007759042782709002,0.0011284708743914962,0.0005751918070018291,0.010607685893774033,0.0006123530911281705,0.000547969713807106,0.007526933681219816,0.00208209827542305,0.00026909273583441973,0.0023529839236289263,0.0004517137713264674,0.008407289162278175,0.011983191594481468,1.958807115443051e-05,9.505345587967895e-06,9.175468221656047e-06,3.649733116617426e-05,1.0625833368749227e-07,4.565137260215124e-06,3.680862846522359e-06,7.181913588283351e-07,0.00010059097257908434,0.0001273324160138145,8.10394121799618e-05,2.1868989279028028e-05,0.00012473756214603782,1.5846862879698165e-05,2.726211278059054e-05,0.00041364054777659476,0.0005492002237588167,0.0003095116699114442,7.059914787532762e-05,0.0009329420863650739,0.0001229489571414888,0.0012681533116847277,3.693647886393592e-05,0.00012710547889582813,0.00024690726422704756,0.0025849230587482452,0.00023826764663681388,0.0017745868535712361,0.0039252592250704765,0.0025085487868636847,0.0005595580441877246,0.02668871358036995,0.08895751088857651
32,The place of death of Dikkha is,The place of death of the spouse of Saw Thanda is,Dikkha,the spouse of Saw Thanda, Mrauk U,0.0002524869632907212,0.0001790483365766704,0.00014241202734410763,0.00015429939958266914,0.0003664743562694639,0.0005509508191607893,0.0007568601286038756,2.8080241463612765e-05,2.718094219744671e-05,3.590103369788267e-05,6.694855983369052e-06,1.2637646022994886e-06,3.948331595893251e-06,3.2139206496140105e-07,1.53949367813766e-05,8.41643395688152e-06,1.8653036022442393e-06,3.981699592259247e-06,1.7858385035651736e-05,9.997800589189865e-06,1.167911796073895e-05,9.407560355612077e-06,5.8817036006075796e-06,2.408129148534499e-06,2.3247853278007824e-06,8.713390684533806e-07,1.19236096907116e-06,2.886583160943701e-06,1.7736336985763046e-06,1.1402736163290683e-05,2.114565859301365e-06,2.9361076485656668e-06,4.218522008159198e-05,5.8056630223290995e-06,1.1177301530551631e-05,0.00011715254368027672,2.1513947103812825e-06,8.134222298394889e-06,3.7084439099999145e-05,0.0001345471537206322,8.206054189940915e-05,7.017338793957606e-05,0.00030590040842071176,5.877215517102741e-05,0.0003478923754300922,6.542878691107035e-05,1.0444710824231151e-05,6.5220742726523895e-06,1.5233717931550927e-05,8.583831004216336e-06,5.315885118761798e-06,4.695708048529923e-05,4.426942905411124e-05,0.0001067498087650165,4.18761046603322e-05,5.948959369561635e-06,9.90253611234948e-05,5.30359466210939e-05,5.4989195632515475e-05,4.319391155149788e-05,0.00010563234536675736,8.493969289702363e-06,1.1466548130556475e-05,2.4474978999933228e-05,7.384174386970699e-05,1.1975372217420954e-05,4.2868428863584995e-05,5.004976173950126e-06,8.585822797613218e-06,2.3607142338732956e-06,5.66984908800805e-06,2.188844337069895e-05,1.2941431123181246e-05,0.0001540546800242737,3.5420464428170817e-06,2.0094707906537224e-06,7.156766059779329e-07,4.132731987738225e-07,7.769961598569353e-07,2.0214690721331863e-06,0.0035845714155584574,0.0012816776288673282
33,The place of birth of Glenn Danzig is,The place of birth of the composer of Bullet is,Glenn Danzig,the composer of Bullet," Lodi, New Jersey",0.00016682570276316255,3.296926479379181e-06,1.1495269973238464e-05,5.3732364904135466e-06,8.17829914012691e-06,2.212989238614682e-05,1.0436849152029026e-05,8.823609277897049e-06,1.8960176021209918e-05,3.933819698431762e-06,1.1010335583705455e-05,3.0593412247981178e-06,3.2313291740138084e-06,1.1354760317772161e-05,2.6531697585596703e-05,3.797989165832405e-06,1.7686861610854976e-05,2.6037898805952864e-06,4.512925443123095e-06,6.596984576390241e-07,2.0318807401054073e-06,3.170824356857338e-06,4.845171019951522e-07,1.0250024615743314e-06,2.0442432742129313e-06,9.150476785180217e-07,2.054140963991813e-07,1.2681446150963893e-06,7.432824844499919e-08,5.071875079920574e-07,1.1592931770110226e-07,1.1156658956679166e-06,9.310452924182755e-07,6.54519999443437e-06,3.2746588658483233e-06,2.215300810348708e-06,5.692003014701186e-06,1.2223151315993164e-05,2.6411042199470103e-05,1.8614993678056635e-05,1.460075054637855e-06,3.7530714962485945e-06,8.080972975221812e-07,1.3014117712373263e-06,3.139369937343872e-07,1.7662174514043727e-06,2.944124162240769e-07,5.016271643398795e-06,3.0383901616914955e-07,1.5106705575362867e-07,3.8829270465612353e-07,5.399434144237603e-07,6.764474846931989e-08,2.9459148009891578e-08,2.178686457909862e-07,2.9236827003842336e-07,2.3203269847726915e-06,6.122021289911572e-08,1.1577252223560208e-07,1.6006750058750185e-07,3.0078027180024947e-07,4.3576136476985994e-07,7.888085065133055e-07,1.9403370288273436e-07,1.9273370526207145e-06,1.308271521338611e-06,2.734821293870482e-07,3.2886737244552933e-06,6.137849482001911e-07,1.2416465324349701e-05,3.272400863352232e-05,7.419251051032916e-05,0.011503580026328564,0.0013858305756002665,0.0028206417337059975,0.7497906684875488,0.6369661688804626,0.9128729104995728,0.0686759352684021,0.012561049312353134,0.0021290851291269064,0.7237951755523682
34,The place of death of W. Duncan Mansfield is,The place of death of the director of Girl Loves Boy is,W. Duncan Mansfield,the director of Girl Loves Boy, Hollywood,1.7403539231963805e-06,9.15925920708105e-06,1.0387570000602864e-05,1.6401296306867152e-05,1.26458735394408e-05,1.0876696251216345e-05,5.170654276298592e-06,2.23403621930629e-05,1.4707175068906508e-05,6.4430655584146734e-06,9.84545040410012e-05,6.152146670501679e-05,2.402978680038359e-05,2.7658647013595328e-05,5.336725735105574e-05,2.6720319510786794e-05,2.8348587875370868e-05,8.71352222020505e-06,8.226160389313009e-06,1.5212966900435276e-05,1.1468228876765352e-05,1.3082856185064884e-06,8.746428079575708e-07,7.648069185961504e-06,3.152988574584015e-05,1.763185537129175e-05,6.877788109704852e-06,5.079807579022599e-06,6.018723070155829e-06,2.146278347936459e-06,5.428114945971174e-06,1.63402237376431e-05,2.1045540052000433e-05,1.8290764273842797e-05,4.4418546167435125e-05,4.766814163303934e-05,2.1088977518957108e-05,3.009300780831836e-05,2.208084515586961e-05,2.2504311345983297e-05,5.62355708098039e-05,0.00010711602226365358,8.801895455690101e-05,1.6234551367233507e-05,1.4360124623635784e-05,2.3517492081737146e-05,1.3885118278267328e-05,2.4188790121115744e-05,1.1243822882534005e-05,3.81018799089361e-06,5.760230123996735e-06,3.4747590689221397e-06,5.60200123800314e-06,4.357854777481407e-06,2.0437482817214914e-06,1.7998899011217873e-06,8.935497248785396e-07,2.3640029667149065e-06,2.2300534965324914e-06,2.4777984890533844e-06,1.6773615243437234e-06,2.7988965030090185e-06,1.6252270143013448e-06,1.0994143622156116e-06,6.713984816997254e-07,7.763320013509656e-07,8.169434977389756e-07,6.317711154224526e-07,6.760301403119229e-07,2.569577873146045e-06,5.375214186642552e-06,1.4972995359130437e-06,3.5783825751423137e-06,1.9987498944828985e-06,1.9461981537460815e-06,2.44536749960389e-06,8.490683853779046e-07,4.5799075110153353e-07,1.9762961755986908e-07,4.493411154271598e-07,0.0005825546104460955,1.1103588803962339e-05
35,The place of birth of S. S. Wilson is,The place of birth of the director of Tremors 4: The Legend Begins is,S. S. Wilson,the director of Tremors 4: The Legend Begins, American,3.6067419841856463e-06,1.8865603124140762e-06,1.361013914902287e-06,1.4615184795729874e-07,2.1080343231005827e-06,3.5681339340953855e-06,2.12415870919358e-05,3.1076298910193145e-05,1.0239730727334972e-05,1.3934172784502152e-06,4.276385880075395e-06,6.510774710477563e-06,2.1813871171616483e-06,1.991498947973014e-06,7.3829774009936955e-06,2.4761625354585703e-06,2.6484933641768293e-06,1.4584549035134842e-06,6.497705271613086e-06,8.214562967623351e-07,5.246959631222126e-07,1.246011015609838e-05,2.5132790142379235e-06,1.981895820790669e-06,3.11016424348054e-06,6.563815077242907e-06,5.0462826948205475e-06,3.3717126370902406e-06,1.0565578122623265e-05,3.283363184891641e-05,9.531335308565758e-06,2.6289268134860322e-05,1.9963301383540966e-05,2.049437716777902e-05,1.2908823919133283e-05,1.661415080889128e-05,1.7717269656714052e-05,2.25869043788407e-05,5.250532012723852e-06,1.2223204066685867e-06,3.7749998682556907e-07,1.0273632824464585e-06,9.147343860149704e-08,1.2446005825950124e-07,3.140649482702429e-07,2.7981025141343707e-07,1.8210880625701975e-07,2.835479051555012e-07,9.725525984549677e-08,2.57602096098708e-07,3.605993015298736e-08,1.2292464823815408e-08,2.2736450944194075e-08,8.923295879981197e-09,1.7537695740088566e-08,2.6586122192640005e-09,7.221356401743151e-09,7.605521545883676e-09,6.022664145177714e-09,3.7908018946097854e-09,2.604847670895083e-09,1.5205826597863847e-09,1.2164073082132631e-09,1.2734027166061423e-09,3.1862319449516008e-09,2.302420698541141e-09,2.6535567076990674e-09,7.501117949004765e-09,2.713433699952361e-09,4.2224325369488724e-08,2.923395081566582e-09,1.2528461823535508e-08,5.16244789139364e-08,1.681614847370838e-08,9.817141943813112e-08,2.5280259663418292e-08,4.503905515207407e-08,1.0014632323418482e-07,4.967195366134547e-08,1.382400256488836e-07,0.0007480743806809187,0.0003031211963389069
36,The place of birth of Jonathan Binney is,The place of birth of the father of Hibbert Newton Binney is,Jonathan Binney,the father of Hibbert Newton Binney, Hull,2.733449491643114e-06,4.7560737925778085e-07,1.0492698493180797e-05,0.0001384579372825101,0.0003080049355048686,0.0002736054011620581,0.0001481270301155746,2.2603187971981242e-05,6.790897714381572e-06,3.1375634534924757e-06,1.0576407021289924e-06,2.0006434624519898e-06,1.915399934659945e-06,1.3538224266085308e-06,3.858661330014002e-06,1.1100238225481007e-05,2.268872322019888e-06,1.461078454667586e-06,3.79396733478643e-05,5.781649088021368e-05,7.644975994480774e-05,0.0007304309983737767,0.0005165358306840062,0.00047218077816069126,0.000421906792325899,9.994149877456948e-05,2.4215059966081753e-05,1.951946433109697e-05,2.4141179892467335e-05,2.1908595954300836e-05,3.560274126357399e-05,6.4188199758064e-05,0.00011803712550317869,8.27793701319024e-05,3.132137135253288e-05,0.00013929979468230158,8.933303615776822e-05,0.0003530203830450773,0.00011039830860681832,0.00011785917013185099,0.00011535494559211656,9.970343671739101e-05,5.8435529354028404e-05,2.3501588657381944e-05,0.00011197344429092482,9.982509800465778e-05,0.00021014426602050662,0.00015857287507969886,0.0002961822028737515,0.00018190982518717647,0.00011927643208764493,0.00012228608829900622,5.145381874172017e-05,7.927839760668576e-05,3.7504829379031435e-05,3.193851807736792e-05,5.260083344182931e-05,5.2197949116816744e-05,6.405520252883434e-05,7.77809982537292e-05,0.00011092994100181386,8.795279427431524e-05,4.5279339246917516e-05,0.00020980866975151002,0.0001533202303107828,6.045233385520987e-05,8.39215426822193e-05,8.257212175522e-05,9.235415200237185e-05,4.964503750670701e-05,0.00011716476001311094,0.00011810191062977538,0.00010944742825813591,0.00021558905427809805,9.835485980147496e-05,7.810317038092762e-05,8.549612539354712e-05,0.00012666256225202233,5.012561450712383e-05,0.00019469877588562667,9.54381248448044e-05,0.0002656818542163819
37,The country of citizenship of Eleanor of Austria is,"The country of citizenship of the mother of Maria of Portugal, Duchess of Viseu is",Eleanor of Austria,"the mother of Maria of Portugal, Duchess of Viseu", Spanish,9.535795470583253e-06,6.431853307731217e-06,1.2921187590109184e-05,2.657959885254968e-05,6.545404175994918e-06,3.180726707796566e-05,1.6794852854218334e-05,1.0019598448707256e-05,3.0701312425662763e-06,5.812600647914223e-06,6.8138174356136005e-06,1.0703728321459494e-06,1.375516831103596e-06,5.286905206958181e-07,4.54097335023107e-06,8.80172046890948e-06,5.022068762627896e-06,3.003867050210829e-06,1.2444980939108063e-06,1.523223431831866e-07,4.082522053749926e-08,2.087162869202075e-07,2.9477396878974105e-07,2.2675577326936036e-07,3.397883290290338e-07,9.241191492037615e-07,3.1204743322632567e-07,2.3443710972514964e-07,2.1829217189406336e-07,1.8399401824353845e-07,3.3875190297294466e-07,2.2138558506412664e-06,1.3496679684976698e-06,2.1215159904386383e-06,3.693637154356111e-06,2.5739518605405465e-06,1.6803788867036928e-06,2.644905907800421e-05,1.2289697224332485e-05,3.5615554224932566e-05,9.813789802137762e-06,3.789107358898036e-05,2.755028390311054e-06,1.00792044577247e-06,1.9136198261548998e-06,1.5666335002606502e-06,1.4366828509082552e-06,3.657193474282394e-06,3.3562946555321105e-06,3.1707031666883267e-06,2.5013760023284703e-06,3.741136424650904e-06,7.4164177021884825e-06,1.3374502486840356e-05,2.66766414824815e-06,3.272223466410651e-06,1.7026379737217212e-06,1.0949087254630285e-06,1.1854547210532473e-06,7.205370593510452e-07,1.20164600048156e-06,6.714183200529078e-06,1.970006815099623e-05,2.313841385159776e-08,2.4657351787027437e-06,1.5462366718566045e-05,7.530806669819867e-06,1.281512959394604e-05,4.5155040425015613e-05,6.897866114741191e-05,1.5873516531428322e-05,1.4566005120286718e-05,6.887823110446334e-05,8.561026334064081e-05,4.180060568614863e-05,5.525317828869447e-05,2.351835610170383e-05,5.0737933634081855e-05,4.31758671766147e-05,0.0004378960293252021,0.00011789619020419195,0.001638298504985869
38,The spouse of Michal Bat-Adam is,The spouse of the director of The Deserter's Wife is,Michal Bat-Adam,the director of The Deserter's Wife, Moshé Mizrahi,0.00027930119540542364,6.168374966364354e-05,2.942735045508016e-05,0.00017493413179181516,0.00014448398724198341,3.511862814775668e-05,8.540184239791415e-07,4.6081098048489366e-07,7.499439789171447e-07,4.016652042082569e-07,1.1725671356543899e-05,1.7630281945457682e-05,4.8224410420516506e-05,0.00023936631623655558,5.8789093600353226e-05,5.5869500101835e-06,1.4450233720708638e-05,2.8290905902395025e-06,6.39561767457053e-05,1.4894332707626745e-05,4.324379005993251e-07,3.432508322021022e-08,1.916261709311584e-07,4.132115918764612e-06,1.2357537571006105e-06,1.9861847704305546e-06,8.106764539661526e-07,1.2819285188925278e-07,2.7253514645053656e-07,2.2504963226310792e-08,7.095437126736215e-08,2.0128008770825545e-07,7.768478553771274e-07,1.19329456538253e-06,5.767848051618785e-06,0.00018932524835690856,0.00012103473272873089,0.004091472364962101,0.00046809317427687347,1.0940132597170305e-05,2.3895216145319864e-05,3.233651295886375e-05,0.0011416926281526685,2.5497505703242496e-05,2.676421354408376e-05,2.423339310553274e-06,8.763492473917722e-07,6.516601843031822e-06,1.7219549590663519e-06,1.4677782473881962e-06,1.4196839401847683e-06,4.0937334233603906e-07,3.3073922622861573e-06,6.881028866700944e-07,5.836289460603439e-07,8.175957759704033e-07,1.4320995944672177e-07,1.739923732202442e-06,1.8630206000125327e-07,8.025793931665248e-07,4.080448547938431e-07,9.031728041009046e-07,7.858171215957555e-07,8.708814647206964e-08,1.9475773882504654e-08,5.546877446249709e-07,4.345251625181845e-08,3.278059423905688e-08,5.361302868323037e-08,1.0611335810040146e-08,1.174544834725566e-07,5.907792033355008e-09,7.042734750939417e-08,1.6324966622960346e-07,3.060711151192663e-07,1.249877215059314e-07,7.461233764161079e-08,2.1517365667023114e-07,3.6447719509169474e-08,1.2275945948658773e-07,0.0006657057674601674,0.001674881437793374
39,The country of citizenship of Callicrates is,The country of citizenship of the father of Phintys is,Callicrates,the father of Phintys, Athens,1.3500718523573596e-05,1.5038175661175046e-05,7.499093044316396e-06,1.6095808632599073e-06,3.8587634776376945e-07,1.470945335313445e-06,2.011959622905124e-06,5.448631782201119e-06,8.873216756910551e-06,6.117638986324891e-05,9.141169357462786e-06,3.807221946772188e-05,4.386362707009539e-05,1.9804085241048597e-05,1.2321908798185177e-05,2.0175821191514842e-05,6.733621830790071e-06,1.761200292094145e-05,1.665308082010597e-05,6.386152108461829e-06,5.028899181525048e-07,1.1933498171856627e-06,5.539817266253522e-06,1.6970435581242782e-06,6.809253818573779e-07,8.91162130756129e-07,6.328253334686451e-07,8.854683386516626e-08,1.0925406002115778e-07,1.127249902310723e-07,1.5893810996203683e-06,1.762093461366021e-06,1.9663802675040642e-07,3.448161010055628e-07,2.327386425804434e-07,5.74050318391528e-07,3.295282340332051e-07,4.53909051429946e-05,2.2700094632455148e-05,1.5434736269526184e-05,2.333424890821334e-05,2.3663124011363834e-05,0.00048220038297586143,0.0002727113605942577,0.00021578973974101245,0.00032074828050099313,0.00014136196114122868,0.00018084155453834683,0.0001300765434280038,9.828220208873972e-05,8.107242319965735e-05,0.00044352826080285013,0.001325236982665956,0.0006046309717930853,0.0010303864255547523,0.0011595317628234625,0.0017508965684100986,0.0010520966025069356,0.0014693287666887045,0.0028550196439027786,0.0010694199008867145,0.000877761805895716,0.0017484318232163787,0.0011212537065148354,0.000721737218555063,0.0003915069391950965,0.00044145624269731343,0.00027675522142089903,0.0002311920834472403,2.940884769486729e-05,4.660938066081144e-05,1.786019311111886e-05,9.498756844550371e-05,8.675362187204883e-05,6.39311911072582e-05,7.976423512445763e-05,6.700940866721794e-05,4.430181434145197e-05,0.00011652192915789783,3.896964335581288e-05,0.009094743989408016,0.010355380363762379
40,The date of death of Princess of Monaco is,The date of death of the mother of Albert II is,Princess of Monaco,the mother of Albert II," September 14, 1982",1.2328665434324648e-05,5.5295004131039605e-05,9.568657696945593e-05,0.00010760570148704574,8.150251233018935e-06,8.89143757376587e-06,6.916334314155392e-07,2.995246859427425e-07,8.296281066577649e-07,1.0178904830127067e-07,1.6754555076659017e-07,3.2033390198193956e-06,1.1528810546224122e-06,1.239921061824134e-06,1.2189316294097807e-06,8.305852361445432e-07,1.77790070665651e-07,8.326916031364817e-06,3.595410362322582e-06,4.3945325955974113e-07,5.260542934593104e-07,1.0001094778999686e-06,1.2906549500257825e-06,2.276306076964829e-06,3.852195732179098e-06,7.48160209695925e-06,1.4326801647257525e-05,2.835512532328721e-06,2.150107320630923e-06,2.785678134387126e-06,1.969178811123129e-06,2.378731096541742e-06,1.117203737521777e-06,4.4623124040299444e-07,5.387678925217187e-07,1.1838965292554349e-06,2.0176412363070995e-06,1.2687906973951613e-06,4.15557406086009e-06,8.975227501650807e-06,3.0440739919868065e-06,4.001879460702185e-06,2.7560536182136275e-05,1.747590613376815e-05,1.9004985006176867e-05,4.788133082911372e-05,2.2590553271584213e-05,1.514277664682595e-05,3.60399171768222e-05,2.6129648176720366e-05,1.2197700925753452e-05,1.840209552028682e-05,8.908572453947272e-06,1.040244478645036e-05,2.9511475077015348e-05,9.267339009966236e-06,9.954936103895307e-06,3.8024980312911794e-05,8.31059951451607e-05,4.7174304199870676e-05,6.352394848363474e-05,5.56194172531832e-05,6.836279499111697e-05,0.00031961005879566073,0.000509426521603018,0.000448966515250504,0.0003594408626668155,0.0001949291763594374,0.00016834370035212487,0.000165551042300649,0.00028669065795838833,3.7815629184478894e-05,0.000397435505874455,0.0005305761587806046,0.000570599571801722,0.000288347335299477,0.0002468074962962419,0.0003364778240211308,0.00033266074024140835,0.00023188719933386892,0.001742519554682076,0.01178724505007267
41,The place of birth of Marcela Agoncillo is,The place of birth of the mother of Lorenza Marino Agoncillo is,Marcela Agoncillo,the mother of Lorenza Marino Agoncillo," Taal, Batangas",6.743001449649455e-06,9.209150448441505e-06,4.360340608400293e-05,5.1156830522813834e-06,4.523048482951708e-05,4.955957774654962e-05,7.136255590012297e-05,7.057890616124496e-05,0.00014679008745588362,2.601399137347471e-05,1.7899383237818256e-05,9.6880239652819e-07,7.346534403041005e-07,1.1392261512810364e-05,2.7329177100909874e-05,1.2766859981638845e-05,1.094510366783652e-06,5.085522616354865e-07,5.71340308397339e-07,8.158729542628862e-06,2.464888893882744e-06,1.3918036074755946e-06,6.441373443522025e-07,1.623374288328705e-07,1.6723188878131623e-07,7.101993304559073e-08,4.485433180434484e-08,2.419001887687955e-08,2.0345478191075017e-08,2.04313597151895e-08,5.656363821771038e-09,5.1160640168745886e-08,7.401241930438118e-08,5.208388387245577e-08,7.201482077334731e-08,1.0693787544369115e-06,1.4746838132850826e-06,7.091329621289333e-07,2.9342043035285315e-06,5.387415171753673e-07,9.588083003109205e-07,1.4893158777340432e-06,1.6476154769407003e-06,3.28420651385386e-06,1.576878617015609e-06,2.0827244497922948e-06,1.2715378261418664e-06,9.813223869059584e-07,8.759330967222922e-07,5.120027708471753e-07,4.185031912129489e-07,5.194370942263049e-07,5.51732284748141e-07,2.071722917662555e-07,4.918075902082819e-08,6.973957056288782e-08,1.5322176238896645e-07,2.7731999807656393e-07,2.8648031502598315e-07,9.934216222973191e-07,5.270505880616838e-07,5.121725621393125e-07,9.977730996979517e-07,6.620039698645996e-07,1.6762171526352176e-06,1.957396989382687e-06,2.167297225241782e-06,2.1358055164455436e-06,1.675568455539178e-05,2.9722577892243862e-06,2.7272375518805347e-05,8.899422391550615e-05,0.0003321004915051162,0.0007217150996439159,0.008029409684240818,0.0249651987105608,0.06767750531435013,0.3007926046848297,0.01256425492465496,0.007415774278342724,0.000925548723898828,0.4838232100009918
42,The country of citizenship of Ilich Ramírez Sánchez is,The country of citizenship of the spouse of Isabelle Coutant-Peyre is,Ilich Ramírez Sánchez,the spouse of Isabelle Coutant-Peyre, Venezuelan,9.75191142060794e-07,6.548786473103974e-07,2.735307589318836e-06,4.6413859422500536e-07,4.1408267748010985e-07,1.749219222801912e-07,1.323373055583943e-07,3.863307256324333e-07,2.2021956169737678e-07,2.9710631110901886e-07,1.5139214326609363e-07,9.041433202128246e-08,1.608372599548602e-07,2.7857311124535045e-07,2.0892350960366457e-07,8.149691410608284e-08,7.94425147887523e-08,1.4003957460317906e-07,7.380737798712289e-08,2.542034280850203e-07,5.257307407191547e-07,1.797267827896576e-06,7.232651455524319e-07,5.511524250323419e-07,3.174712048803485e-07,3.9420831399183953e-07,2.9101016707500094e-07,4.4831688228441635e-07,6.385629944816174e-07,2.475006226632104e-07,3.2501759505976224e-07,2.2771413910049887e-07,3.614736954205e-07,2.6953432552545564e-07,6.299237043094763e-07,2.0484610558924032e-06,2.9196646664786385e-06,0.00017871409363579005,0.00010797824506880715,0.0005374319152906537,0.0003259983495809138,0.00021698388445656747,0.002162599004805088,0.0035778507590293884,0.0032986660953611135,0.0016889184480533004,0.0027825573924928904,0.0032347911037504673,0.001352863386273384,0.0009635451715439558,0.0026647266931831837,0.002500894945114851,0.0019035571021959186,0.0019362664315849543,0.0010352518875151873,0.001425370224751532,0.0030019416008144617,0.0010991495801135898,0.0008693501586094499,0.0009617874165996909,0.001492193667218089,0.0005070666084066033,0.0007271619979292154,0.0008158267010003328,0.001130958553403616,0.0016306114848703146,0.0005079012480564415,0.0005352934822440147,0.001187885063700378,0.001321189571171999,0.0004895953461527824,0.0001971106103155762,0.0002440532116452232,0.00015306468412745744,0.00045268924441188574,0.003570449072867632,0.0024209311231970787,0.004117436241358519,0.0022811167873442173,0.0025677653029561043,0.00018003529112320393,0.02095785364508629
43,The place of death of Elizabeth of York is,The place of death of the mother of Elizabeth Tudor is,Elizabeth of York,the mother of Elizabeth Tudor, Tower,3.1638731456951064e-07,8.714642376617121e-07,2.3537909328297246e-06,1.2133697964600287e-05,7.945479592308402e-05,0.0002736290916800499,0.0001803637860575691,6.723447586409748e-05,1.2309422345424537e-05,1.0212727829639334e-05,4.360179900686489e-06,4.223616087983828e-06,9.39107337671885e-07,1.0020286026701797e-05,1.7886797650135122e-05,3.1825068163016113e-06,6.855906121927546e-06,2.1484438548213802e-06,9.735090134199709e-05,0.0005742189241573215,0.00018593283311929554,6.727440631948411e-05,2.225247044407297e-05,3.432617450016551e-05,2.8889377063023858e-05,2.1287138224579394e-05,2.8109029699407984e-06,8.337824510817882e-06,1.0252807442157064e-05,8.664637789479457e-06,1.5798554159118794e-05,6.459518772317097e-06,3.374393827471067e-06,5.124710241943831e-06,4.138678832532605e-06,1.6677964822520153e-06,3.3193300623679534e-06,7.17485454515554e-06,1.6232957932516e-05,1.246948249900015e-05,5.406760101323016e-05,7.540167280239984e-05,9.263100946554914e-05,0.00012162220809841529,0.0003082519688177854,0.00023770242114551365,9.411733481101692e-05,0.0005448341835290194,0.00014136169920675457,8.755533781368285e-05,3.646339609986171e-05,7.235283555928618e-05,8.961177809396759e-05,0.000188276608241722,0.0002225708303740248,0.000645912776235491,0.0012963673798367381,0.0007312785019166768,0.0015725648263469338,0.0013997417408972979,0.0004967443528585136,0.0008024899871088564,0.0008316321764141321,0.0006698956131003797,0.00045480369590222836,0.000526415416970849,0.0003464945184532553,0.00035919377114623785,0.0003264861588831991,0.0008628689683973789,0.0006779294344596565,0.000406023085815832,0.0002661680046003312,0.00024834630312398076,0.00014462934632319957,0.00025175727205350995,0.00024755089543759823,0.0009075594716705382,0.0014715780271217227,0.010454894043505192,4.613781129592098e-05,0.00035098879016004503
44,The place of birth of Lydia Maria Child is,The place of birth of the spouse of David Lee Child is,Lydia Maria Child,the spouse of David Lee Child," Medford, Massachusetts",3.666953489300795e-05,3.2989362807711586e-05,2.5678340534796007e-05,5.9181325923418626e-05,1.4355522580444813e-05,2.2880958567839116e-05,6.319362455542432e-06,1.524959088783362e-06,7.927519618533552e-06,4.409514986036811e-06,1.2388353752612602e-05,3.46056986018084e-05,9.893812602967955e-06,2.4591125111328438e-05,6.063557884772308e-05,1.1282509149168618e-05,1.4989371265983209e-05,3.969795216107741e-06,3.5644723084260477e-06,2.530299752834253e-06,4.07606557928375e-06,1.5688914572820067e-05,0.00024962914176285267,6.575109000550583e-05,2.349604619666934e-05,5.3994554036762565e-05,3.392271901248023e-05,0.00011350589920766652,5.1446106226649135e-05,6.182018114486709e-05,4.585441274684854e-05,3.043766992050223e-05,4.0416100091533735e-05,9.741427493281662e-05,0.00011114488006569445,3.9623915654374287e-05,4.3753541831392795e-05,7.643030403414741e-05,7.556463242508471e-05,1.460239218431525e-05,3.293261397629976e-05,7.30471811039024e-06,5.139667337061837e-06,5.592412435362348e-06,2.2020960841473425e-06,8.806112418824341e-06,3.915950856026029e-06,4.384157819004031e-06,2.4160601697076345e-06,2.1729993022745475e-06,2.0882805529254256e-06,2.060057113340008e-06,3.073540938203223e-06,3.3698954666760983e-06,8.471046726299392e-07,4.6986750135147304e-07,1.730550934553321e-06,9.560264970787102e-07,9.119777359956061e-07,6.978865485507413e-07,7.403529593830172e-07,2.8267784273339203e-06,1.527798985989648e-06,1.5415229199788882e-06,0.00012867247278336436,0.00010981940431520343,0.0001177922313218005,8.701624756213278e-05,0.00017303338972851634,0.00011678662121994421,0.00027477534604258835,0.0006972044357098639,0.0006886963383294642,0.0016512731090188026,0.0007680710987187922,0.0669744461774826,0.007538032252341509,0.176208034157753,0.08998991549015045,0.04392175003886223,0.0005709961988031864,0.6995660066604614
45,The date of birth of Mechthild of Bavaria is,"The date of birth of the mother of Philip II, Margrave of Baden-Baden is",Mechthild of Bavaria,"the mother of Philip II, Margrave of Baden-Baden", 12 July 1532,1.056083056028001e-05,0.0001281296426896006,0.006733403075486422,0.0017583172302693129,0.019702307879924774,0.0003535969590302557,0.0003557916497811675,0.00797420833259821,0.000262138870311901,8.111815930078592e-08,0.0017452966421842575,0.0017173979431390762,0.0001929363061208278,9.239971404895186e-06,0.0001547872816445306,0.01071873214095831,0.0002232950209872797,0.02472936175763607,0.027690833434462547,0.0028320089913904667,0.0001240172132384032,0.000570775184314698,0.0015590523835271597,0.0009085874771699309,0.00021857628598809242,0.003267753403633833,2.7527039492269978e-05,0.02780674584209919,0.0016295420937240124,0.035965386778116226,0.001228593522682786,0.017758691683411598,0.003675726242363453,0.00044959972728975117,0.02351979911327362,0.005212855059653521,0.004209761042147875,0.0037737975362688303,0.004053912591189146,0.00025127085973508656,1.6917207176447846e-05,0.0007547161658294499,0.0026483063120394945,9.224736277246848e-05,0.00013535446487367153,3.7058359936281704e-08,9.475450610807457e-07,1.0541118626861135e-06,3.991597168351291e-07,1.8525053491202925e-08,1.7662861750977754e-07,2.1959965579299023e-07,9.848906756815268e-07,1.7796425026972429e-06,1.1522463694291218e-07,7.896032911958173e-06,3.6462495245359605e-07,2.018668510572752e-06,6.410253945432487e-07,5.6465278674977526e-08,1.7228015849468648e-06,3.1093795769265853e-06,6.305059650912881e-05,3.763438826354104e-06,4.468230940801732e-07,2.6714965883911646e-07,9.291283049606136e-07,2.4491632188983203e-07,6.651316653005779e-07,8.961545461261267e-08,1.3427571730062482e-06,1.3735275672388525e-07,2.781864694156866e-08,1.14854901767103e-05,1.9831099962175358e-07,2.8796068818337517e-07,1.1867393290287964e-08,1.1845830272250168e-07,3.6956173676827575e-09,2.958257425689226e-07,0.024880314245820045,0.0020635207183659077
46,The place of birth of Charles VII is,The place of birth of the father of Marie Marguerite de Valois is,Charles VII,the father of Marie Marguerite de Valois, Paris,4.170407009951305e-06,1.3196021200201358e-06,4.1821631384664215e-06,8.757111572776921e-06,6.6090055952372495e-06,1.974248789338162e-06,1.0019078899858869e-06,3.277173846072401e-06,6.7846667661797255e-06,2.9150287446100265e-06,8.58374642120907e-06,5.611305823549628e-06,2.2134074697532924e-06,1.4200002169673098e-06,1.8683293774302001e-06,2.969890147141996e-06,7.234914846776519e-06,1.1978465408901684e-05,2.153705509044812e-06,2.5699819161673076e-06,9.706816399557283e-07,3.6877088405162795e-06,3.0906232950655976e-06,2.461884832882788e-06,2.2765341327612987e-06,1.0823832781170495e-06,1.5446942143171327e-06,1.2509619864431443e-06,1.1419992915762123e-06,3.841693796857726e-06,1.6047904409788316e-06,1.5140318510020734e-06,3.923638814740116e-06,1.7499888826932875e-06,4.721881396108074e-06,8.57343457028037e-06,4.9103423407359514e-06,3.509612361085601e-05,3.106828808085993e-05,1.8902866941061802e-05,6.0935402871109545e-05,4.6101602492854e-05,1.0209267202299088e-05,1.0193824891757686e-05,1.0968105016218033e-05,1.4285561519500334e-05,3.5608911730378168e-06,1.9967723346780986e-05,1.0943464076262899e-05,2.40968392972718e-06,7.295538125617895e-06,2.972165930259507e-06,9.6608355306671e-06,6.510168532258831e-06,3.4650013276404934e-06,1.2471626860133256e-06,1.5199167364698951e-06,5.327762551132764e-07,1.8286206113771186e-06,2.0437266812223243e-06,1.4017862213222543e-06,2.464711997163249e-06,1.7751121959008742e-06,2.383945229667006e-06,4.650706159736728e-06,3.8031706935726106e-05,2.9739780075033195e-05,7.287603511940688e-05,0.00011335785529809073,3.926638237317093e-05,0.00017154018860310316,5.528575275093317e-05,4.2005733121186495e-05,0.0001025518067763187,0.00015149962564464658,0.00048280259943567216,0.0014292087871581316,0.0024752351455390453,0.003059755777940154,0.0006650363793596625,0.004300910513848066,0.06978119164705276
47,The place of death of Gustavo Alatriste is,The place of death of the director of Las tecnologías pesqueras is,Gustavo Alatriste,the director of Las tecnologías pesqueras," Houston, Texas",1.9043193333345698e-06,2.3832194528949913e-06,3.4583924843900604e-06,9.641205451771384e-07,8.663590961077716e-06,6.6326369960734155e-06,1.240775873156963e-05,2.4226860659837257e-06,8.772499313636217e-06,6.753291017957963e-06,7.966529665281996e-06,5.92319975112332e-06,2.4521166778868064e-05,3.088176890742034e-05,5.3905241657048464e-05,9.523834705760237e-06,2.2414824343286455e-05,1.1559984159248415e-05,4.759253897645976e-06,4.980126050213585e-06,1.6759524442022666e-05,0.00011867747525684536,0.00021196319721639156,0.00019005984358955175,2.57437950494932e-05,7.961736992001534e-05,1.7047530491254292e-05,2.588002462289296e-05,1.7315047443844378e-05,1.978187901841011e-05,6.195525202201679e-06,7.154862032621168e-06,1.0372179986006813e-06,2.5157314667012542e-06,4.060092578583863e-06,7.464070677087875e-06,9.72537964116782e-06,1.2904110917588696e-05,1.0944133464363404e-05,3.2163366086024325e-06,8.574025741836522e-06,6.15891849520267e-06,2.8499514428403927e-06,2.03623221750604e-06,2.198117044827086e-06,4.392639766592765e-06,8.943580382947403e-07,1.5726969593288231e-07,2.3455744724287797e-07,2.1566565067132615e-07,3.647262190042966e-07,1.7546682329339092e-07,3.8740270724701986e-07,4.296257714031526e-07,3.868590852107445e-07,4.4267983412282774e-07,3.898119302903069e-07,4.743046986277477e-07,6.09508447269036e-07,8.832394655655662e-07,1.0979475746353273e-06,8.515024774169433e-07,1.7461194374845945e-06,8.60746297348669e-07,1.1906522559002042e-06,1.0898975233430974e-06,5.145775503478944e-07,1.0289689953424386e-06,9.554848929838045e-07,2.164465513487812e-06,1.525191464679665e-06,1.8192441757491906e-06,2.2570841338165337e-06,4.004678430646891e-06,9.351248081657104e-06,4.0062172956822906e-06,2.8697054403892253e-06,6.521867817355087e-06,1.6081354260677472e-05,4.2702804421423934e-06,2.330260758753866e-05,1.695428363746032e-05
48,The spouse of Selena is,The spouse of the performer of Cien Años is,Selena,the performer of Cien Años, Chris Pérez,7.439641194650903e-05,1.2816949492844287e-05,3.0844053071632516e-06,1.2221584029248334e-06,2.0668662727985065e-06,1.7500657349955873e-06,6.1147811720729806e-06,8.312814543387503e-07,8.387222010242112e-07,9.951455695045297e-07,5.695377467418439e-07,3.180204430464073e-06,1.6180636066565057e-06,6.233648832676408e-07,1.4098823157837614e-06,1.1266845376667334e-06,6.009136086504441e-07,1.0118546924786642e-06,1.289067313337e-06,6.538706657011062e-06,7.065056706778705e-06,1.8465945686330087e-05,2.431627581245266e-05,3.321916301501915e-05,8.983024599729106e-05,2.5133313101832755e-05,7.77683817432262e-06,2.4302305973833427e-05,1.1365269529051147e-05,3.3522742342029233e-06,1.3750513971899636e-06,5.025898190069711e-06,7.686701792408712e-06,1.2029098797938786e-05,2.7376894649933092e-05,1.0386589565314353e-05,3.894183464581147e-06,1.209116726386128e-05,9.409493031853344e-06,1.7965459164770436e-06,9.049609843714279e-07,3.6336678022053093e-06,3.8642933759547304e-06,2.4325629510713043e-06,1.8694902337301755e-06,4.21278264184366e-06,6.671094524790533e-06,4.271035322744865e-06,2.5925719455699436e-06,2.0305938051023986e-06,2.2488077320304e-06,2.098763161484385e-06,1.4458775012826663e-06,5.392517323343782e-06,6.854212188045494e-06,1.9016701116925105e-05,3.4986123864655383e-06,1.929774953168817e-05,1.752557909640018e-05,7.353883574978681e-06,6.750850843673106e-06,1.2703310858341865e-05,3.069629747187719e-05,5.056215013610199e-05,9.885071631288156e-05,7.114630716387182e-05,0.00010306518379366025,6.307554576778784e-05,0.0001126317074522376,0.00021234495216049254,0.00010604843555483967,0.0001898771442938596,0.0032182936556637287,0.0033389348536729813,0.9382686018943787,0.9553287625312805,0.5914356112480164,0.5689727663993835,0.5581420063972473,0.42625123262405396,4.358991645858623e-05,0.09869507700204849
49,Mansoor Khan received the,The director of Jo Jeeta Wohi Sikandar received the,Mansoor Khan,the director of Jo Jeeta Wohi Sikandar, Filmfare Award for Best Director,2.8660920179390814e-06,3.938924692192813e-06,1.2824875739170238e-06,2.634774318721611e-07,8.05552460292347e-08,1.3282102528933137e-08,6.879530900505415e-08,1.5327374924822834e-08,2.1848279629921308e-08,7.210289698633687e-09,1.0096449232221971e-09,2.1810049322112945e-09,1.6017054349504178e-09,3.878826859704532e-08,2.8655694706003487e-08,2.5359055300100408e-08,1.5865904856582347e-07,3.5059369452028477e-07,1.1072177130699856e-06,1.764235690870919e-07,4.9713346328417174e-08,3.533319059556561e-08,1.5841570188968035e-07,6.046977318874269e-07,1.3025044154346688e-06,1.5651473859179532e-06,1.921259354276117e-06,1.4082331745157717e-06,5.73099259781884e-06,4.636858648154885e-06,3.5318475966050755e-06,4.04275215259986e-06,8.351519682037178e-06,3.535170435498003e-06,2.376472366449889e-06,1.5461719158338383e-06,8.788304057816276e-07,2.6350056714363745e-07,2.777589713787165e-07,2.4297295908581873e-07,1.7859230183603358e-07,4.6211301452103726e-08,3.953991978278282e-08,2.471150573057912e-08,3.403564363679834e-08,5.351422061039557e-08,9.424748270703276e-08,3.4056867548315495e-08,1.2588797915213945e-07,1.2115593506223377e-07,1.758053116418523e-07,3.4335531040596834e-07,1.9598169842538482e-07,2.8262286377866985e-07,1.8944645319152187e-07,3.0807078132966126e-07,3.1487377327721333e-07,3.0437868758781406e-07,3.133619088657724e-07,2.1693770690944802e-07,2.8957740028090484e-07,4.566620646073716e-07,4.1721949628481525e-07,2.58809478737021e-07,2.2247697017974133e-07,6.564721957147412e-07,1.98131445472427e-07,3.7629689586538007e-07,1.8573602744709206e-07,9.149596280622063e-08,1.7040071043084026e-07,1.2774852109487256e-07,6.391131535110617e-08,6.066350977107504e-08,4.945460574390381e-08,1.6810302483349915e-08,1.7992519474319124e-08,2.5888262200624013e-08,3.542074367146597e-08,4.863389335696411e-08,0.01965763419866562,0.001545333070680499
50,The country of citizenship of Bart Sibrel is,The country of citizenship of the director of Astronauts Gone Wild is,Bart Sibrel,the director of Astronauts Gone Wild, American,3.823035513050854e-05,3.0292112569441088e-06,4.733203968498856e-05,2.9041888410574757e-05,3.847701464110287e-06,1.8164664652431384e-06,7.050449767120881e-06,6.0443722759373486e-05,5.391221293393755e-06,1.6072693824753514e-06,1.9665953004732728e-05,4.035983238281915e-06,6.366285560943652e-06,1.824620812840294e-05,8.891794277587906e-05,1.7622263840166852e-05,3.572147761587985e-05,6.800847040722147e-05,0.00011980714043602347,0.00016244839935097843,0.00012421001156326383,0.00013051980931777507,9.658966882852837e-05,5.3549498261418194e-05,4.038796032546088e-05,1.4147402907838114e-05,9.886613952403422e-06,4.2146143641730305e-06,0.00010991640010615811,0.00012666180555243045,5.6344997574342415e-05,4.259850538801402e-05,4.996983989258297e-05,0.00025642014225013554,0.00025126567925326526,0.0006306273280642927,0.0019365435000509024,0.005422499496489763,0.0012532428372651339,0.0024785634595900774,0.004306033253669739,0.0011584768071770668,0.0005343143129721284,0.00018770838505588472,0.0003060221206396818,0.001318678492680192,0.0004201214178465307,0.0004216126981191337,0.0002875017817132175,0.00013470668636728078,0.0004956797929480672,0.0007593726040795445,0.0005244514322839677,5.5528496886836365e-05,5.292643254506402e-05,0.00018689858552534133,0.0001989712764043361,0.00010102944361278787,5.222182517172769e-05,0.00013636413495987654,0.00022890727268531919,0.0001985799171961844,0.0001612094056326896,0.00017614309035707265,0.00032437252230010927,0.000539044791366905,0.0006176775204949081,0.0003916480054613203,0.0004433873691596091,0.0008556342800147831,0.0005021850811317563,0.000356644275598228,0.00017780446796678007,0.0007838072488084435,0.0005809610011056066,0.0004417913733050227,0.000348937523085624,6.096767265262315e-06,6.35794349364005e-05,8.940824773162603e-05,0.006274744868278503,0.016325704753398895
51,The place of birth of Muhammad Ali Jinnah is,The place of birth of the spouse of Emibai Jinnah is,Muhammad Ali Jinnah,the spouse of Emibai Jinnah, Karachi,2.9918260224803817e-07,7.853191164031159e-07,1.7634270079724956e-06,2.3428144686477026e-06,2.384187496318191e-07,1.8978739717567805e-06,3.3582671221665805e-06,4.58195557939689e-07,1.5909051853668643e-07,1.640987790096915e-07,5.795293844812477e-08,1.20149081794807e-07,1.1110262931879333e-07,2.1071056721666537e-07,7.359120672845165e-07,4.954770815857046e-07,1.315085341957456e-06,3.951866801799042e-06,2.499010406609159e-06,4.617756530933548e-06,6.9911211539874785e-06,3.0731200695299776e-06,2.735841007961426e-05,1.4230688975658268e-05,1.238475124409888e-05,2.7975709144811844e-06,1.4919236264177016e-06,1.6587066056672484e-05,9.002369552035816e-06,1.267631978407735e-05,3.7292989873094484e-05,3.007456507475581e-05,5.3976214076101314e-06,5.004899321647827e-06,7.176797225838527e-06,7.016416475380538e-06,1.4668068615719676e-05,1.1358825759089086e-05,3.3415784855606034e-05,0.00013430182298179716,4.165546124568209e-05,3.851610017591156e-05,4.680304482462816e-05,5.971428254269995e-05,0.0001057862100424245,3.7401929148472846e-05,4.039801933686249e-05,4.0142527723219246e-05,3.9966187614481896e-05,4.5193752157501876e-05,6.133251736173406e-05,8.313734724652022e-05,7.69134858273901e-05,4.331172021920793e-05,5.2766656153835356e-05,6.418268458219245e-05,8.850274753058329e-05,7.995316991582513e-05,6.59279030514881e-05,0.00013777018466498703,7.432266284013167e-05,0.00013126250996720046,7.246220047818497e-05,6.309022865025327e-05,0.0004753506800625473,0.0011056861840188503,0.00061087153153494,0.0010260110720992088,0.0006185835809446871,0.0006034685065969825,0.0011094053043052554,0.0007313621463254094,0.000684967206325382,0.0006936590652912855,0.0005940013215877116,0.0639871284365654,0.010808292776346207,0.011835337616503239,0.004836277570575476,0.001296736765652895,0.006528638768941164,0.06649399548768997
52,The place of birth of Jelena Zrinska is,The place of birth of the spouse of Francis I Rákóczi is,Jelena Zrinska,the spouse of Francis I Rákóczi, Ozalj,6.214298764462001e-07,2.9538991839217488e-06,2.702022584344377e-06,2.3119324396247976e-05,3.9301561628235504e-05,4.5066313759889454e-05,3.986331284977496e-05,1.5188426004897337e-05,1.0169197594223078e-05,3.467439455562271e-06,3.455878356817266e-07,4.449646894499892e-06,8.589880167164665e-07,6.531605322379619e-06,4.3917898437939584e-06,2.602956556074787e-06,7.897875548223965e-06,1.749913462845143e-05,1.1900951903953683e-06,3.83748420063057e-06,5.71048303754651e-06,1.405986495228717e-06,1.1561334076759522e-06,1.1212661092940834e-06,2.720641077758046e-06,4.080368114500743e-07,5.191847662899818e-07,2.3417386785240524e-07,1.6885462628124515e-07,1.916657311085146e-06,1.5554653600702295e-06,4.063754659000551e-06,7.495848421967821e-06,7.163619670791377e-07,7.592424822178145e-07,1.2703882248388254e-06,9.44690228266154e-08,4.686164345457655e-08,7.295984261190824e-08,1.4343632415148022e-07,1.9347396573721198e-07,5.590449063674896e-07,9.026837801684451e-07,3.002639061833179e-07,1.224635411745112e-06,1.2628781860257732e-06,1.6471836943310336e-06,2.5393464966327883e-06,5.238552148512099e-06,4.804957370652119e-06,2.2953813640924636e-06,7.79055062594125e-06,3.954445219278568e-06,3.439190550125204e-06,3.21479637932498e-06,1.7913812371261884e-06,3.426259581829072e-06,5.746986971644219e-06,4.793524567503482e-06,6.117847533460008e-06,4.985822670278139e-06,3.0717610570718534e-06,1.1487827578093857e-06,7.874119773987331e-07,9.482051268605574e-07,1.126704319176497e-06,2.485191998857772e-06,2.604091378088924e-06,4.655436441680649e-06,6.971550192247378e-06,6.2847748267813586e-06,9.067700375453569e-06,6.173056135594379e-06,9.821250387176406e-06,7.19590752851218e-06,2.308431976416614e-05,6.066847618058091e-06,1.41488835652126e-05,1.7555074009578675e-05,6.049627700122073e-06,2.2712054487783462e-05,1.720249929348938e-05
53,The place of birth of W. P. Kellino is,The place of birth of the director of Pay Box Adventure is,W. P. Kellino,the director of Pay Box Adventure, London,4.796128996531479e-05,0.0005971954669803381,0.0007781668682582676,0.00013641049736179411,0.00050755386473611,0.0012866111937910318,0.0001463319204049185,0.00022888483363203704,0.0002268859389005229,0.00016923336079344153,0.0005153389065526426,0.0002182249299949035,0.000292418641038239,0.00010696180834202096,0.00013969118299428374,6.0082587879151106e-05,5.8660451031755656e-05,0.00010969293361995369,0.0002439988893456757,0.0001768153306329623,4.65201519546099e-05,0.00011966883175773546,0.0001031303036143072,0.00032398084294982255,0.0006260270019993186,0.0004443798679858446,6.693121395073831e-05,0.0007110963924787939,0.00030281642102636397,0.0001537776115583256,7.088381244102493e-05,2.114240123773925e-05,9.41068628890207e-06,9.287708053307142e-06,2.6703073672251776e-05,0.00016160433006007224,3.583607031032443e-05,0.00010580096568446606,6.007171396049671e-05,4.1462466469965875e-05,2.414396294625476e-05,1.8955886844196357e-05,1.6088164557004347e-05,3.882728833559668e-06,3.624612872954458e-05,4.320144398661796e-06,1.1567803994694259e-05,2.20433394133579e-05,1.7919091988005675e-05,1.393908587488113e-05,3.778306790991337e-06,3.61885304300813e-06,1.1851430826936848e-05,6.221383500815136e-06,1.7750993492882117e-06,7.482916771550663e-06,2.079872956528561e-06,5.521763796423329e-06,2.086245785903884e-06,3.7616364352288656e-06,1.7968055772143998e-06,3.283756541350158e-06,3.0325702482514316e-06,3.324984618302551e-06,3.25503015119466e-06,2.124629645550158e-06,3.812877139353077e-06,1.3818042816637899e-06,1.9389674434933113e-06,1.538683682156261e-05,2.079336809401866e-05,5.7890938478522e-06,1.3109798601362854e-05,6.067017238819972e-06,7.38209246264887e-06,4.2004553506558295e-06,2.4367989226448117e-06,2.6083750981342746e-06,2.201795723522082e-06,1.3610055248136632e-05,0.0030692610889673233,0.004842882510274649
54,The employer of Chip Gubera is,The employer of the director of Academy of Doom is,Chip Gubera,the director of Academy of Doom, University of Missouri,3.266896601417102e-05,4.899261512036901e-06,4.1686278564156964e-05,0.00014526835002470762,0.0001020628260448575,3.120925975963473e-05,1.6771753507782705e-05,1.2072261597495526e-05,1.5201790120045189e-05,9.626929386286065e-05,4.3503863707883283e-05,1.600188625161536e-05,4.1215113014914095e-05,4.69684027848416e-06,1.882847209344618e-05,4.0307346353074536e-05,2.4775239580776542e-05,3.0073935704422183e-05,6.877627311041579e-05,1.684833478066139e-05,0.000635704433079809,1.764310036378447e-05,5.774392320745392e-06,1.4086781447986141e-05,3.7121046716492856e-06,1.4241214557841886e-05,1.5185983102128375e-05,4.4870239435113035e-06,1.050692571880063e-05,2.5277513486798853e-06,1.6981773569568759e-06,9.291808964917436e-06,1.4443995496549178e-05,5.597485596808838e-06,7.362648830167018e-06,1.6287987136820448e-06,8.256335604528431e-06,5.736304956371896e-05,2.2381615053745918e-05,9.050569497048855e-05,7.96014501247555e-05,5.457954102894291e-05,5.9699712437577546e-05,3.0764938856009394e-05,8.503105163981672e-06,6.334398676699493e-06,1.9854232959914953e-05,2.8288546673138626e-05,0.00014021551760379225,4.184451245237142e-05,0.00017039271187968552,0.0002153979439754039,0.00017196725821122527,7.29558159946464e-05,6.773259519832209e-05,3.892119275406003e-05,1.3719851267524064e-05,4.385794454719871e-05,1.1477791304059792e-05,2.0753392163896933e-05,5.895157664781436e-05,0.00010017530439654365,2.3628717826795764e-05,2.9140592232579365e-05,4.119777076994069e-05,9.238092388841324e-06,3.3404063287889585e-05,1.1284145330137108e-05,6.178317107696785e-06,1.4323641153168865e-05,1.2610038538696244e-05,2.2862823243485764e-06,7.486187314498238e-06,1.4426577763515525e-05,6.347631278913468e-05,0.00011430319864302874,1.9273991711088456e-05,1.2059964319632854e-05,2.406261228315998e-05,1.855310438259039e-05,0.00033540386357344687,0.0005125220632180572
55,The place of birth of Lacy J. Dalton is,The place of birth of the performer of Slow Down is,Lacy J. Dalton,the performer of Slow Down, Bloomsburg,2.2615813577431254e-05,5.044557383371284e-06,6.309138598226127e-07,1.4812122799412464e-06,5.329567329681595e-07,1.920289633972061e-07,1.1454072534888837e-07,1.8240548627090902e-07,1.0234251135443628e-07,2.432718702038983e-07,8.071621095950832e-07,5.512999337042856e-07,4.1076319234889525e-07,1.144280190601421e-06,4.599164924457e-07,1.1746210475394037e-06,2.1291000393830473e-06,1.6356589185306802e-06,8.720711775822565e-06,2.7599251097853994e-06,3.24023039866006e-06,1.4812715107836993e-06,1.4973905990700587e-06,3.4181701380475715e-07,2.469479056799173e-07,1.7466179258462944e-07,6.478426257672254e-07,8.35663911402662e-07,1.659555834976345e-07,3.757375282020803e-07,2.880596184695605e-06,2.548687916714698e-06,1.2029662684653886e-05,9.816597412282135e-06,8.569830242777243e-06,8.521728318555688e-07,5.300448719935957e-06,2.9794382498948835e-06,8.799218448984902e-06,1.7875163393910043e-05,4.6535087676602416e-06,8.396011253353208e-06,3.35630716108426e-06,2.1638368252752116e-06,1.3543389059123001e-06,9.195885013468796e-07,9.258693012270669e-07,6.236351168809051e-07,1.2387646393108298e-06,4.0142363104678225e-06,2.4220910290750908e-06,2.2746673948859097e-06,2.7912144560104934e-06,2.3986960968613857e-06,1.1093209195678355e-06,4.079921325228497e-07,5.06369246977556e-07,2.432510370908858e-07,2.186936995940414e-07,3.480709551695327e-07,2.9736673923252965e-07,6.238061587282573e-07,8.690931849741901e-07,1.0456293466631905e-06,4.277444531908259e-06,4.295875896787038e-06,1.6165638498932822e-06,4.752229870064184e-06,3.7860536394873634e-06,1.4421697414945811e-05,5.552157745114528e-06,6.987404958636034e-06,2.13967159652384e-05,1.025784331432078e-05,1.6376277926610783e-05,0.00036248491960577667,0.0001244542800122872,0.0006042317254468799,0.038281623274087906,0.01968226209282875,4.056566467625089e-05,0.9982154369354248
56,The place of birth of Salvatore Piscicelli is,The place of birth of the director of Blues metropolitano is,Salvatore Piscicelli,the director of Blues metropolitano, Pomigliano d'Arco,5.197693553782301e-06,1.4481987591352663e-06,1.4777209798921831e-05,4.78320225738571e-06,1.1212134268134832e-05,7.490953066735528e-06,1.3119072718836833e-05,1.8983341760758776e-06,3.778466179937823e-07,6.174645932333078e-06,1.4184876135914237e-06,8.696807753949543e-07,4.490471781082306e-07,4.4994771997153293e-07,1.6034802285957994e-07,4.155552915108274e-07,2.897898525588971e-07,1.176499495159078e-06,7.486258937206003e-07,1.648017018851533e-06,1.557307223265525e-05,1.595155117684044e-05,2.1026602553320117e-05,3.829540582955815e-05,3.0328959837788716e-05,1.1453280421847012e-05,1.2324554518272635e-05,2.9173565962992143e-06,4.8769979912322015e-06,9.954393135558348e-06,6.562200383086747e-07,1.7287803188992257e-07,2.0440617731765087e-07,5.097889470562222e-07,2.8663859552580107e-07,4.281536405414954e-07,5.813494112771878e-07,1.3267475878819823e-05,2.3971656446519773e-06,6.720416081407166e-07,1.337670823886583e-06,1.5148076499826857e-06,3.6152729876448575e-07,1.6482660214478528e-07,1.5916029383333807e-07,2.24882569455076e-07,3.705770552642207e-07,3.787618254591507e-07,3.0575412779398903e-07,5.130760314386862e-07,1.5128711083889357e-06,5.60293585749605e-07,1.2128029993618838e-06,4.125059831494582e-07,1.576420459059591e-06,8.381439897675591e-07,3.1082731766218785e-06,2.6151592464884743e-06,4.8541792239120696e-06,7.86926375440089e-06,6.530546215799404e-06,7.312676643778104e-06,5.065490768174641e-06,4.7465528041357175e-06,4.564251867122948e-06,3.641872353910003e-06,5.494214292411925e-06,7.963223652041052e-06,6.6384850470058154e-06,1.508114564785501e-05,2.067800596705638e-05,1.0190044122282416e-05,1.3160320122551639e-05,6.100755399529589e-06,3.4833408335543936e-07,1.5824288084331783e-06,4.011494183941977e-06,1.2260634321137331e-05,3.341560295666568e-05,2.042981759586837e-05,5.036969014327042e-05,0.0003071585379075259
57,The place of death of Ludowika Margaretha of Zweibrücken-Bitsch is,The place of death of the mother of Johanna Sibylla of Hanau-Lichtenberg is,Ludowika Margaretha of Zweibrücken-Bitsch,the mother of Johanna Sibylla of Hanau-Lichtenberg, Bouxwiller,3.0002570383658167e-07,2.3217731381919293e-07,3.9403269624926907e-07,4.0184332306125725e-07,3.484599631065066e-07,2.410151012099959e-07,1.7062292556602188e-07,8.186086830619388e-08,3.825600742857205e-07,2.6194602469331585e-06,3.0055120987526607e-06,3.1340518944489304e-06,4.700666067947168e-06,2.3953629124662257e-07,2.4298390144394943e-06,2.128508867826895e-06,1.1254792298132088e-06,2.6267689463566057e-06,1.8376680372966803e-06,7.349659654209972e-07,1.2426721696101595e-07,2.24437030738045e-07,7.742392682530408e-08,2.0075209761216684e-07,1.3043030548942625e-06,9.287068110097607e-07,6.916687311786518e-07,3.0440446607826743e-07,2.146238671230094e-07,1.442912775928562e-07,4.668391738960054e-06,1.1580383443288156e-06,1.79652863607771e-06,4.1624684854468796e-07,2.32648048381634e-07,5.374272973313055e-07,3.6238415646039357e-07,1.631092061415984e-07,5.403114045066104e-08,1.1442742220424407e-07,1.6341417108378664e-07,1.1970003299666132e-07,1.1324253534894524e-07,5.8801603586289275e-08,1.1974817937243643e-07,1.2870593479874515e-07,1.9124402683701192e-07,6.133723218226805e-08,2.60054832779133e-07,3.0038455633984995e-07,2.242605461333369e-07,1.6480055364809232e-07,1.3869829729173944e-07,1.0062797883847452e-07,8.394123796051645e-08,1.7290783205226035e-07,1.1814849187885557e-07,1.5436826572567952e-07,3.8949647773733886e-07,4.0735648099143873e-07,3.089578513026936e-07,2.3398956727760378e-07,1.33130598101161e-07,1.4130819181445986e-07,2.53002696126714e-07,8.730359581932134e-07,4.190094102796138e-07,6.160303200886119e-07,2.2768782059756631e-07,5.12942960995133e-07,5.580157562690147e-07,5.295428877616359e-07,7.638756756023213e-07,2.0945455503351695e-07,5.708009211957688e-07,1.2135084261899465e-06,8.399485977861332e-07,8.103222626232309e-07,1.049681145559589e-06,2.4786763788142707e-06,3.239811849198304e-05,9.832150681177154e-05
58,The spouse of Edward Buzzell is,The spouse of the director of Ann Carver's Profession is,Edward Buzzell,the director of Ann Carver's Profession, Ona Munson,2.7562198283703765e-06,3.214671596651897e-05,2.8990440114284866e-05,9.653193046688102e-06,2.6474695005163085e-06,5.05602065459243e-06,1.314258383899869e-06,5.632675765809836e-07,6.920674877619604e-08,6.430324361872408e-08,4.7204960651470174e-07,2.24277755478397e-07,7.284505045390688e-06,1.813511516957078e-05,3.2133750210050493e-05,5.865573712071637e-06,1.2146690551162465e-06,1.976913608814357e-06,6.696479431411717e-06,9.881914593279362e-07,1.8649064941200777e-06,4.517169713835756e-07,1.2258945503162977e-07,3.5818078458760283e-07,3.0631224490207387e-07,5.552462880586972e-07,1.1612817019113209e-07,1.1005284505927193e-07,6.558479270779571e-08,2.491506734259019e-07,6.508801106974715e-07,1.7316418734480976e-06,1.0606144087432767e-06,4.251172413205495e-06,2.720697466429556e-06,3.158717390761012e-06,5.911413609283045e-06,2.1240257410681807e-05,2.7297863198327832e-05,3.7903710108366795e-06,1.4461098544416018e-05,1.4639941582572646e-05,4.984323823009618e-06,2.2591204924538033e-06,6.526423021568917e-06,1.5080240700626746e-05,1.7930799458554247e-06,2.994860096805496e-06,1.0407658237454598e-06,2.843275126451772e-07,8.200028673854831e-07,1.0945224175884505e-06,5.1461429393384606e-06,2.0348529687908012e-06,8.559592970414087e-06,9.051317420016858e-07,1.8027759551841882e-07,9.886321095109452e-07,1.3102941238685162e-06,3.5778516576101538e-06,5.383247980716988e-07,9.93327375908848e-07,7.483704393962398e-07,2.5635370093368692e-06,3.419741460675141e-06,1.7306715562881436e-06,1.94715676116175e-06,4.562758476822637e-06,1.1829220966319554e-05,7.4279528234910686e-06,4.05650553148007e-06,5.210643394093495e-06,4.3643874960253015e-05,1.4145299246592913e-05,1.9250117475166917e-05,3.872122761094943e-05,4.192631877231179e-06,5.623770448437426e-06,1.8983411791850813e-05,7.916351751191542e-05,3.3159838494611904e-05,0.0019791305530816317
59,The date of birth of Iyasu I is,The date of birth of the father of Bakaffa is,Iyasu I,the father of Bakaffa, 1654,0.014873198233544827,0.0015102566685527563,1.1168129276484251e-05,4.6484146309921925e-07,3.49895199178718e-05,8.22320984639191e-08,2.0768745798704913e-06,2.8367668392093037e-07,3.264002953073941e-05,7.93633171269903e-06,0.0014395540347322822,1.2274661457922775e-05,1.66646896104794e-05,0.0002116338291671127,1.4544909390679095e-05,1.0586514690658078e-05,0.002119259210303426,0.0028040921315550804,0.0026535168290138245,0.00029014103347435594,0.00019816590065602213,0.000176855202880688,0.000442815653514117,0.0024680043570697308,0.00015524473565164953,1.0403156920801848e-05,5.116189640830271e-05,0.001441576867364347,0.0005321794888004661,0.03664090484380722,0.001455344958230853,0.004301652777940035,0.017123356461524963,0.0015919504221528769,0.005714845843613148,9.634687739890069e-05,0.00020724243950098753,0.014314882457256317,0.0025634239427745342,0.005287447012960911,8.862923277774826e-05,0.00015670675202272832,0.0002446094586048275,8.748410618864e-05,1.804930616344791e-05,3.802591308499359e-08,1.75228706211783e-06,8.302415039906919e-07,3.438076134898438e-08,2.7455564488576556e-09,6.807753027970875e-09,1.5151191412599019e-09,1.8545763680322125e-07,2.3454235531517043e-07,1.1791518517156874e-07,7.349648001309106e-08,3.530769987492022e-08,3.502943002331449e-08,4.0174788296098995e-07,1.6287337700759963e-08,2.15349155041622e-05,9.368341125082225e-08,2.596938657006831e-06,2.921911459452531e-07,3.8766003740420274e-08,4.673466591498254e-08,2.8518701356006204e-07,9.077858464934252e-10,6.285809917017104e-08,6.262920404509487e-09,1.372675573207971e-08,7.687982694903894e-09,1.059973975259254e-08,1.7372730809483983e-08,4.955519550264853e-09,3.613357391074601e-09,3.985744623236087e-09,4.431926825532173e-08,1.1078954997856272e-07,6.52323387839715e-06,0.044697511941194534,0.01570437103509903
60,The place of burial of Johnny Horton is,The place of burial of the performer of Honky-Tonk Man is,Johnny Horton,the performer of Honky-Tonk Man, Louisiana,2.0916468201903626e-06,2.0574047994159628e-06,8.670508577779401e-07,1.142096408557336e-07,2.372228102842655e-08,4.2472902350709774e-07,5.1111534560277505e-08,5.247531831287233e-08,1.7475780111908534e-07,2.3949394289957127e-06,1.831898543969146e-06,2.117927579092793e-06,9.704138392407913e-06,1.924940079334192e-06,1.2568837064463878e-06,2.4897788080124883e-06,1.0086953807331156e-05,1.9428738596616313e-05,9.210260031977668e-06,7.625099897268228e-06,4.4856962631456554e-05,7.64308133511804e-05,3.745497815543786e-05,0.00010745266627054662,8.79557483131066e-05,3.5668992495629936e-05,3.6654990253737196e-05,1.684313428995665e-05,1.0498692972760182e-05,6.331608346954454e-06,3.0174180210451595e-05,5.5197710025822744e-05,5.166980918147601e-05,9.937813592841849e-05,0.0001527289132354781,0.00018630881095305085,9.540654718875885e-05,0.0005801357328891754,0.00033735783654265106,0.00018131022807210684,0.00011857350909849629,0.0008323175134137273,0.00036468077450990677,0.0005979347042739391,0.020456437021493912,0.06031230464577675,0.03825335577130318,0.11900539696216583,0.009152351878583431,0.0016132069285959005,0.00410678144544363,0.0024062038864940405,0.0013726315228268504,0.0013160854578018188,0.00044789037201553583,0.00040960568003356457,0.00040394969983026385,0.00018888141494244337,0.0002689087705221027,7.575488416478038e-05,4.770040686707944e-05,3.74866503989324e-05,5.133463128004223e-05,3.554845170583576e-05,1.467271340516163e-05,4.3812597141368315e-06,1.1019295925507322e-05,5.3420035328599624e-06,4.582886049320223e-06,6.825249329267535e-06,3.499642843962647e-06,4.4359640014590696e-06,3.8998323361738585e-06,1.5292284842871595e-06,4.966877895640209e-06,7.787260074110236e-06,9.299453267885838e-06,1.7157148249680176e-05,1.378166962240357e-05,1.2052342754031997e-05,0.00015042773156892508,0.0004283966263756156
61,Nagesh Kukunoor received the,The director of Hyderabad Blues 2 received the,Nagesh Kukunoor,the director of Hyderabad Blues 2, Filmfare Award,9.747058129505604e-07,1.0866776392504107e-05,2.4272628706967225e-06,8.739896770748601e-07,2.730928088112705e-07,1.0362663260821137e-07,1.528077007151296e-07,1.2682168915034708e-07,9.697795633201167e-08,4.433035627471327e-08,2.0756552032707987e-07,2.291880605298502e-07,9.743142470597377e-08,6.814825042056327e-07,4.3093481849609816e-07,3.4992248743037635e-07,1.5844041456603009e-07,4.936679829370405e-07,2.3898603558336617e-06,6.248504178074654e-06,1.9352241906744894e-06,1.0270086931996047e-06,5.51123378045304e-07,1.4818219824519474e-05,1.075773866432428e-06,3.942356215702603e-06,7.945064680825453e-06,3.4060435609717388e-06,1.4704392924613785e-05,2.1172229025978595e-05,1.1747984899557196e-05,2.8178821594337933e-05,2.6792535209096968e-05,1.4428975191549398e-05,1.0905132512561977e-05,2.7255737222731113e-05,0.0002444590500090271,8.449961751466617e-05,2.5665052817203104e-05,6.143912742118118e-06,1.4718639249622356e-05,4.937048743158812e-06,4.604663445206825e-06,3.6205492506269366e-06,1.492638148192782e-06,3.871834621804737e-07,1.5352811999491678e-07,3.5891872585125384e-07,1.1650489284420473e-07,9.609609463723245e-08,7.467687623829988e-08,6.10359407460237e-08,6.088675519322351e-08,1.4637284273533169e-08,9.70091473817547e-09,1.1208981298693743e-08,6.5216427813652444e-09,3.859713881837479e-09,4.031600830955995e-09,8.412246010891522e-09,2.4623787453492696e-08,1.909779356878971e-08,2.9132383616570223e-08,2.7911930544632924e-08,1.289403783744092e-08,4.0863124439738385e-08,6.193808133048151e-08,5.3111097741975755e-08,1.845195072291972e-07,1.3890048933262733e-07,5.778523970434435e-08,1.7815247588259808e-07,1.2360086998342013e-07,2.2039256464267964e-07,2.113193318109552e-07,2.4638566742396506e-07,5.907641309477185e-08,4.554262034162093e-07,3.8549393366338336e-07,3.679419648960902e-07,0.010266088880598545,0.005902671255171299
62,Steve Vai received the,The performer of The Attitude Song received the,Steve Vai,the performer of The Attitude Song, Grammy,6.522373041661922e-07,8.754201417104923e-07,9.174162869385327e-07,1.2237709370310768e-06,8.051964641708764e-07,5.7392467169847805e-06,3.743255092558684e-06,1.2271261766727548e-05,1.732121927489061e-05,2.4119588488247246e-05,6.530498467327561e-06,1.2693740245595109e-05,4.0563620132161304e-05,1.0842706615221687e-05,1.7263844711123966e-05,1.083345887309406e-05,1.6525025785085745e-05,8.456251634925138e-06,2.5841412934823893e-05,2.7926676921197213e-05,8.20217337604845e-06,5.409519872046076e-06,2.259822031192016e-05,4.1525137930875644e-05,6.147570820758119e-05,2.5619880034355447e-05,3.6380268284119666e-05,1.7727395970723592e-05,9.541251529299188e-06,4.60892397313728e-06,4.455257112567779e-06,5.743308406636061e-07,2.8578774617926683e-06,8.531864068572759e-07,1.9415970200498123e-06,4.343590717326151e-06,4.628018359653652e-06,3.132055553578539e-06,1.9638287085399497e-06,1.5935613646433922e-06,2.558272626629332e-06,3.223435669497121e-06,2.5578476652299287e-06,8.547762604393938e-07,1.096241476261639e-06,9.484443239671236e-07,5.243427381174115e-07,4.794328560819849e-07,4.869863445833289e-08,7.978064786584582e-08,2.058750538935783e-07,8.815173657694686e-08,9.700757885866551e-08,1.0106410286425671e-07,5.1250975019456746e-08,7.686657710337386e-08,4.279135268348e-08,1.2657989145736792e-07,7.115728806184052e-08,8.537373474837295e-08,5.3855551129800006e-08,8.647888449786478e-08,9.342457474303956e-08,1.802610398726756e-07,1.1513902364868045e-07,1.8579174820843036e-07,4.5570087081614474e-07,1.2238749036441732e-07,1.5016208010365517e-07,1.1257119325591702e-07,2.9866606610085e-07,6.120670263953798e-07,2.126228366705618e-07,3.4251678471264313e-07,1.3729159320519102e-07,1.5994176294498175e-07,7.135324153750844e-07,9.430441991753469e-07,2.339128286621417e-06,9.079673759515572e-07,0.013734649866819382,0.01109603326767683
63,The place of birth of Gösta Bernhard is,The place of birth of the director of Sju svarta be-hå is,Gösta Bernhard,the director of Sju svarta be-hå, Västervik,2.295335980306845e-05,1.3358493333726074e-06,2.217975998064503e-05,2.2536965843755752e-05,1.4152706171444152e-06,3.1835179470363073e-06,2.935274778792518e-06,4.937355129186471e-07,3.846380423055962e-06,8.676424840814434e-07,1.7112861883106234e-07,1.5814357823273895e-07,1.648068916892953e-07,4.938738584314706e-06,2.7414826035965234e-06,3.087499408138683e-06,3.254868715885095e-05,3.1070983368408633e-06,7.488382834708318e-06,6.891529551467102e-07,9.476185596213327e-07,2.232071892649401e-06,2.374035148022813e-06,9.560536454955582e-06,2.839496801243513e-06,1.3178611879993696e-05,1.01236037153285e-06,4.951783466822235e-06,5.34037098987028e-06,6.5742233346099965e-06,1.237834680978267e-06,3.518369112498476e-06,3.537317297741538e-06,8.405015137213923e-07,1.6059429981396534e-06,5.070443762633658e-07,1.0902581379923504e-06,8.199451258406043e-06,4.63877495349152e-06,1.1980112049059244e-06,2.077752697005053e-06,2.08860346901929e-05,9.828939255385194e-06,2.190887016695342e-06,7.206800205494801e-07,4.4102964125158906e-07,1.6095035562102566e-06,3.4045281154249096e-06,5.645772489515366e-07,3.997314479420311e-07,4.83978112697514e-07,4.5962994477122265e-07,6.006573016748007e-07,6.556948619618197e-07,1.838525491848486e-07,2.1025654461936938e-07,1.8705917170791508e-07,4.97790779263596e-07,1.5039819345474825e-07,3.9008838825793646e-07,2.0554189177346416e-06,1.0114789574799943e-06,1.0316631460227654e-06,1.425101231689041e-06,5.140424491401063e-06,1.0530522558838129e-05,6.800574738008436e-06,1.8420827473164536e-05,2.2639309463556856e-05,6.015356120769866e-05,1.993031401070766e-05,1.4663513866253197e-05,7.100740185705945e-05,1.3663108802575152e-05,6.0540087361005135e-06,5.3797724831383675e-05,1.178986508421076e-06,2.1289610231178813e-05,8.283191709779203e-05,1.3237860912340693e-05,0.003318350063636899,0.008592861704528332
64,The place of death of Richard Pottier is,The place of death of the director of The Beautiful Otero is,Richard Pottier,the director of The Beautiful Otero, Le Plessis-Bouchard,7.301896971512178e-07,2.3572647478431463e-07,4.7914481910993345e-06,4.5232127376948483e-07,3.020039684997755e-06,2.5405613541806815e-06,1.1393229897294077e-06,1.0954842082355754e-06,2.5928698050847743e-06,1.0667552032828098e-06,1.8944107068818994e-05,9.427339136891533e-06,1.3944912097940687e-05,8.149468158080708e-07,2.078540092043113e-06,1.1719336612259212e-07,1.3788670116809953e-07,8.69586926910415e-08,7.136436011023761e-07,2.3988158659449255e-07,9.156879343663604e-08,2.913896537393157e-07,2.962086682600784e-07,9.052358223016199e-07,3.8625287857030344e-07,3.4375440804979007e-07,1.1282370593335145e-07,1.5036463310025283e-06,1.8263723688960454e-07,3.9768232795722724e-07,3.172178537624859e-07,6.939268359928974e-07,1.278575467722476e-07,6.777678862590619e-08,4.0457106820213085e-07,3.9064489101292565e-06,5.535743525797443e-07,7.372086201939965e-06,2.348766975046601e-05,2.6618710762704723e-05,2.4967062927316874e-05,1.1535321391420439e-05,6.939559170859866e-06,7.490144184885139e-07,1.3204997912907857e-06,1.6624750287519419e-06,1.2930469210914453e-06,4.125800842302851e-06,7.026726507319836e-07,1.3885107819078257e-07,2.600336017621885e-07,1.2687833361724188e-07,6.144240956018621e-07,1.7688664399884146e-07,7.074666541484476e-07,7.536254997830838e-07,2.156005507458758e-07,4.798220629709249e-07,6.597713309020037e-07,3.3480012007203186e-07,7.5307082170184e-07,6.232638156689063e-07,1.9387391603231663e-07,1.4099342138251814e-07,1.386901402611329e-07,9.881178897330756e-08,1.9267271511580475e-07,1.776522822183324e-07,1.0594012422870946e-07,1.3802816738461843e-06,9.416635862180556e-07,1.031721694744192e-07,2.2237971109007049e-07,3.383748605756409e-07,5.455318614622229e-07,2.7010148073713935e-07,4.583563040228e-08,1.9822391550405882e-07,4.052423818734496e-08,5.352007406145276e-07,0.0005970148486085236,0.0021603871136903763
65,The place of birth of Herbert Maisch is,The place of birth of the director of Nights in Andalusia is,Herbert Maisch,the director of Nights in Andalusia, Nürtingen,0.00012390418851282448,1.2796122064173687e-05,1.551486275275238e-05,9.862781735137105e-05,1.7028740330715664e-05,6.196367394295521e-06,2.2828842247690773e-06,1.510700684548283e-07,5.1547945076890755e-06,2.3193349534267327e-06,1.3670124644704629e-05,1.3756869066128274e-06,1.7089722632590565e-06,2.5707235181471333e-05,0.0001167360896943137,7.128048309823498e-05,0.0001258312986465171,1.5934148905216716e-05,2.2356391127686948e-05,5.386193606682355e-07,4.551066922431346e-06,1.4065685718378518e-06,1.905749655861655e-07,7.420134124913602e-07,9.214843430527253e-07,3.971418891524081e-07,9.439777386432979e-07,1.143161625805078e-06,1.2840191629948094e-06,5.602726560027804e-06,7.267981800396228e-06,1.8308128346689045e-05,1.4494737115455791e-05,1.028335918817902e-05,6.744546681147767e-06,1.2723394320346415e-05,3.7422618333948776e-05,0.00011386161349946633,1.8458582417224534e-05,5.516789769899333e-06,7.804937013133895e-06,5.830275995322154e-07,5.201745238991862e-07,9.988707461161539e-08,4.970942768522946e-07,3.281681131284131e-07,2.659292306361749e-07,5.007578920412925e-07,1.38376975655774e-07,1.5532945951690635e-07,2.916923449447495e-07,2.1465611510507188e-08,6.274423185459455e-07,3.7166877575600665e-08,5.01308591083216e-07,3.9745759750076104e-07,5.592978880031296e-08,1.40568147344311e-07,2.8899697213091713e-07,9.083444183488609e-07,2.96747089123528e-06,5.988346742924477e-07,9.838990422395e-08,1.2547384642402903e-07,9.354491794510977e-07,2.2726831616637355e-07,3.428726245147118e-07,5.935128228884423e-07,7.064434015546794e-08,2.2443434772867477e-06,4.546379841485759e-07,5.793104946860694e-07,4.215483500047412e-07,1.686079826868081e-07,1.1251626119701541e-07,6.847493239092728e-08,8.060705170009896e-08,8.30886079938864e-08,1.4534630281559657e-06,2.7071637305198237e-06,0.0010137262288480997,0.0003682101669255644
66,The place of birth of Nicki Minaj is,The place of birth of the performer of Changed It is,Nicki Minaj,the performer of Changed It, Port of Spain,2.8771106030944793e-07,5.526601967176248e-07,9.581398444424849e-06,6.575890552085184e-07,2.5856741103780223e-07,1.8928154759123572e-06,3.936602013254742e-07,7.403717177112412e-07,8.461836841888726e-06,9.016672493089573e-07,1.1226022252230905e-05,4.41607562606805e-06,2.756169806161779e-06,2.086050881189294e-05,5.5820408306317404e-05,3.385710442671552e-05,3.275146445957944e-05,1.8872022337745875e-05,2.670367575774435e-05,4.307600102038123e-05,7.546445704065263e-05,0.00011065513535868376,1.7404743630322628e-05,1.557926952955313e-05,6.939533341210335e-05,9.194549784297124e-05,7.06371502019465e-05,0.00017352524446323514,8.655100100440904e-05,0.00010537959315115586,2.0724137357319705e-05,0.00016807364590931684,7.501910295104608e-05,1.9985744074801914e-05,0.00011864279076689854,2.9188506232458167e-05,7.053896115394309e-05,1.691639408818446e-05,4.132994217798114e-05,3.969385215896182e-05,2.907483394665178e-05,4.431423803907819e-06,3.925625151168788e-06,3.957602075388422e-06,1.7174254480778472e-06,1.0243344377158792e-06,1.390827378600079e-06,1.7731184698277502e-06,1.215832753587165e-06,2.522399199733627e-06,2.470923209330067e-05,8.036613508011214e-06,4.769145562022459e-06,4.135318249609554e-06,1.954819708771538e-06,3.3753490242816042e-06,1.2425336535670795e-05,1.1795287718996406e-05,8.752147550694644e-06,8.105573215289041e-06,1.0365388334321324e-05,9.200352906191256e-06,1.5699537470936775e-05,7.073751476127654e-05,7.207592716440558e-05,5.757399048889056e-05,0.00011393245949875563,0.00016996315389405936,0.00028250235482119024,8.77045386005193e-05,1.1529803487064783e-05,4.848605385632254e-05,2.0327692254795693e-05,7.947979611344635e-06,0.0001274544483749196,0.0004041584033984691,0.00012782157864421606,0.0014814527239650488,0.0024822410196065903,0.0018736342899501324,0.00018080350128002465,0.010083596222102642
67,The date of death of Sir John Grey is,"The date of death of the father of Edmund Grey, 1st Earl of Kent is",Sir John Grey,"the father of Edmund Grey, 1st Earl of Kent", 1439,0.0003125174262095243,0.00010127586574526504,0.023959243670105934,0.0028689843602478504,0.0035566429141908884,0.003081782255321741,0.00012124360364396125,0.0005827667773701251,0.0004513371386565268,1.8673000568014686e-07,5.948799298494123e-05,0.005716899409890175,8.70152325660456e-06,6.753360139555298e-06,2.3554906647405005e-07,4.114622697670711e-06,2.972509037135751e-06,0.0010445712832733989,3.395813109818846e-05,4.074406751897186e-05,2.193869477196131e-07,0.00012779145617969334,0.0038913714233785868,0.023999575525522232,0.005247779656201601,0.0015930375084280968,0.0004796191060449928,0.0004950903239659965,1.8473641603122815e-06,0.012777297757565975,0.0008161031291820109,3.0026592867216095e-05,0.0016901028575375676,0.000567505368962884,0.020425129681825638,0.0006906791240908206,0.0001590219617355615,0.00020111215417273343,0.011116641573607922,0.040766432881355286,0.0004215293738525361,0.006654853001236916,0.13603836297988892,0.0016028624959290028,0.010055026970803738,0.0002870226453524083,0.00043129074038006365,0.004554486367851496,0.0029345431830734015,0.0012355264043435454,0.0019122088560834527,0.002240024274215102,0.0014473117189481854,0.00345746916718781,0.00018048088531941175,0.0007151794852688909,6.343941640807316e-05,0.01013597659766674,0.00016262575809378177,0.008447898551821709,0.0073303114622831345,0.00020367157412692904,0.006070426665246487,0.0048393551260232925,0.005062398035079241,0.0004838926251977682,0.00909371953457594,0.000598842860199511,1.6833420886541717e-05,0.0022959252819418907,2.9233064196887426e-05,2.6480129236006178e-05,0.0006204256205819547,0.013603202067315578,0.013137107715010643,0.06627333164215088,0.06896553188562393,0.10748624056577682,0.02660199999809265,0.0033040407579392195,0.008859858848154545,0.012893819250166416
68,The inception of Vassar College was in,The inception of the publisher of The Miscellany News was in,Vassar College,the publisher of The Miscellany News, 1861,0.02285425364971161,0.10981518775224686,0.10247296094894409,0.09977666288614273,0.9612098336219788,0.02480628900229931,0.04442267119884491,0.00014342415670398623,0.7932702898979187,0.4460078179836273,0.09565792977809906,0.5590242743492126,0.005867719650268555,0.20982615649700165,0.03187387436628342,0.07701380550861359,0.004082185681909323,0.09168428927659988,0.00016092589066829532,0.0010155884083360434,0.09684605896472931,0.3496025502681732,0.00594418914988637,0.012101632542908192,0.014940453693270683,0.032220739871263504,0.0028306925669312477,6.335884245345369e-05,0.006710655055940151,2.2616004571318626e-05,0.0002377204509684816,0.0027664988301694393,0.0010586935095489025,6.884927279315889e-05,0.0024875884409993887,1.796874130377546e-05,1.049176626111148e-05,2.55384966294514e-05,9.12632401650626e-07,1.0105094588652719e-05,4.094188170711277e-06,1.271223140975053e-06,2.8900829420308582e-05,1.1690082828863524e-05,2.833000326063484e-05,5.465959240780194e-09,1.5424849379996886e-06,2.093874854836031e-06,5.848525930218784e-08,2.2752573158868472e-07,3.072360357236903e-07,3.850058605259221e-10,1.630049650813703e-09,4.272231635127355e-08,3.4588967245952063e-09,3.807532422683835e-08,3.3561882162302936e-09,1.6814691861100073e-08,6.329872626054112e-09,8.295478082231966e-09,8.79039063761411e-09,8.201128665064061e-09,3.2539524852381874e-08,9.021108304807512e-09,3.962438155369341e-10,8.489235425734876e-10,1.6294601778987783e-10,1.0475959683065028e-10,1.3167772427991054e-10,2.743757887557763e-09,1.025741491744725e-09,1.1981486636170047e-10,3.6790692714561146e-09,7.40908001617413e-09,2.6491816740303875e-08,5.6332861930741274e-08,1.6185668982870993e-07,1.6518379997165766e-09,9.539758138998877e-08,1.6428087334929842e-08,0.6940249800682068,0.615096926689148
69,The place of death of Albert Capellani is,The place of death of the director of Out of the Fog is,Albert Capellani,the director of Out of the Fog, Paris,4.499361239140853e-06,9.054817201104015e-05,1.8929360521724448e-05,8.313678563354188e-07,8.405670996580739e-06,6.154107722977642e-06,1.1095993386334158e-06,1.4993392142059747e-05,1.7810287317843176e-05,1.954722165464773e-06,4.346582500147633e-05,6.644940003752708e-05,1.4110651136434171e-05,1.5239096683217213e-05,1.0188486157858279e-05,4.359018930699676e-06,1.9768724541791016e-06,5.517197223525727e-06,3.2588259273325093e-06,3.333043650854961e-06,6.276247290770698e-07,2.459529696352547e-06,1.738201899570413e-05,1.9451440493867267e-06,8.935802497944678e-07,1.8247790194436675e-06,1.8118836351277423e-06,7.455518243659753e-06,5.6105611292878166e-05,5.70920055906754e-05,3.834502786048688e-05,0.0002425780112389475,0.00016908087127376348,0.0004813116102013737,0.0014752923743799329,0.00022633526532445103,7.785598427290097e-05,0.000521269510500133,0.00014840505900792778,0.00012913807586301118,0.0001698977139312774,2.888025665015448e-05,0.00012192032590974122,2.5871393518173136e-05,3.8205795135581866e-05,3.159850530209951e-05,3.9309328712988645e-05,0.00022412776888813823,5.783427332062274e-05,6.411870708689094e-05,0.0001021580392261967,5.8509482187218964e-05,0.00034720258554443717,0.00018712917517405003,9.931893146131188e-05,0.0022890621330589056,0.0027597893495112658,0.0035230591893196106,0.0031385424081236124,0.004308062605559826,0.006321790162473917,0.0016494346782565117,0.0015868241898715496,0.001574517460539937,0.0013421418843790889,0.025789901614189148,0.012041463516652584,0.0006056199781596661,0.0004034799349028617,0.0009642220102250576,0.0012417600955814123,0.00025332384393550456,0.0003030837106052786,0.0003360945556778461,0.0003489505616016686,0.0043279617093503475,0.0002632985997479409,0.0007146393763832748,0.002430498832836747,0.0037198872305452824,0.00014827321865595877,0.07970350235700607
70,The place of birth of Finbar Furey is,The place of birth of the father of Áine Furey is,Finbar Furey,the father of Áine Furey, Dublin,3.332783990117605e-06,8.009712360035337e-07,2.295438434885e-07,4.6308954892992915e-07,6.650607815572585e-07,7.619352345500374e-06,6.129514986241702e-06,3.672269713206333e-06,8.12784378467768e-07,3.4761922051984584e-06,4.6607028707512654e-06,4.638083737518173e-06,1.578673504809558e-06,1.3982205473439535e-06,7.639324394403957e-06,1.2749204870488029e-05,2.8381649826769717e-05,9.655947906139772e-06,5.399460405897116e-06,1.019642240862595e-06,5.504529781319434e-06,1.4667199138784781e-05,5.5227192206075415e-06,5.2026502999069635e-06,1.3853695008947398e-06,1.2640986142287147e-06,2.8157100473436003e-07,4.6925210881454404e-06,4.51287678515655e-06,1.0404663044027984e-05,3.357764217071235e-05,3.6442170312511735e-06,1.2246835467522033e-05,1.9173917280568276e-06,4.5211932047095615e-06,6.960517566767521e-07,8.751703717280179e-07,0.0006057854043319821,7.339089643210173e-05,1.7699700038065203e-05,8.856069143803325e-06,3.6726064536196645e-06,2.102499365719268e-06,3.1682079679740127e-06,2.0420031887624646e-06,9.805253284866922e-06,5.252390565146925e-06,5.205368779570563e-06,2.503775067452807e-05,1.366392825730145e-05,1.2830875675717834e-05,8.922990673454478e-06,1.9191671526641585e-05,6.771878815925447e-06,5.397791937866714e-06,1.2146817880420713e-06,1.8990600665347301e-06,1.391553951179958e-06,1.4283475593401818e-06,3.2183045277633937e-06,2.99167390949151e-06,3.439973852437106e-06,1.513923393758887e-06,1.888240035441413e-06,5.113639076625986e-07,2.003319423238281e-06,6.240479706320912e-07,2.4993707938847365e-06,3.081548584304983e-06,2.2735976017429493e-06,7.789149094605818e-06,9.00184295460349e-06,5.573887847276637e-06,6.81225765220006e-06,7.469905540347099e-06,9.886601219477598e-06,4.439983604243025e-05,3.725431452039629e-05,6.921625754330307e-05,4.612269549397752e-05,0.0022156082559376955,0.13417360186576843
71,The date of birth of Gerald Drummond is,The date of birth of the father of Gerald George Drummond is,Gerald Drummond,the father of Gerald George Drummond," September 8, 1976",0.00016135645273607224,0.0007195644429884851,0.00041051185689866543,0.00012807872553821653,0.0006130530964583158,0.0002522912109270692,7.459140033461154e-05,7.189835741883144e-05,6.386853783624247e-05,5.4500382248079404e-05,7.287964399438351e-05,0.0002462648553773761,1.6683596186339855e-05,4.283591260900721e-05,6.942173058632761e-05,0.00012050044460920617,6.838683475507423e-06,2.14693295674806e-06,1.5503499071201077e-06,1.4934227010598988e-06,1.7621874803808169e-06,9.988314104703022e-07,1.4858710528642405e-06,2.3997665266506374e-05,1.908514605020173e-05,1.3260737432574388e-05,5.3178315283730626e-05,3.19277351081837e-05,4.684568557422608e-05,0.00025057929451577365,5.3989326261216775e-05,0.0001741511805448681,0.00012291286839172244,1.7658128854236566e-05,1.366898686683271e-05,2.260496103190235e-06,8.94000186235644e-06,3.477333848422859e-06,7.586706487927586e-06,9.81817447609501e-06,2.663648501766147e-06,8.891138350008987e-06,1.2408722795953508e-05,3.0801962566329166e-05,6.442820449592546e-05,1.6164531189133413e-05,9.565189429849852e-06,1.6209562090807594e-05,4.629485556506552e-05,8.499827345076483e-06,5.69541134609608e-06,1.2941181012138259e-05,9.08473703020718e-06,8.443683327641338e-06,2.767051910268492e-06,1.087354689843778e-06,1.5622147202520864e-06,3.592147322706296e-06,1.7976834669752861e-06,2.273153768328484e-06,3.5408916119195055e-06,2.5927345177478855e-06,2.1272389858495444e-06,7.328794254135573e-06,1.148837782238843e-05,1.0968311471515335e-05,1.7187794583151117e-05,5.090137619845336e-06,9.440574103791732e-06,4.232637991208321e-07,1.985221615541377e-06,6.03445687374915e-06,5.0675948841671925e-06,1.4224037840904202e-05,1.4952288438507821e-05,1.2905691619380377e-05,3.480564191704616e-05,0.00010922874935204163,0.00012115232675569132,0.000715334084816277,0.0006457236013375223,0.004676514305174351
72,The country of citizenship of Liam Lynch is,The country of citizenship of the director of Sarah Silverman: Jesus Is Magic is,Liam Lynch,the director of Sarah Silverman: Jesus Is Magic, United States,1.4424856090045068e-05,3.627375235737418e-06,2.3315465114137623e-06,4.632946456695208e-06,5.1851948228431866e-06,2.4588871383457445e-07,3.046335734779859e-07,3.151197631723335e-07,1.1799605914575295e-07,6.101998195617853e-08,6.915271342222695e-07,1.8689408420868858e-07,1.000048882815463e-06,4.550133780867327e-07,2.4160351586033357e-06,2.576340989435266e-07,1.5926526941711927e-07,1.3007317534174945e-07,2.6018929588644824e-07,2.3701903728579055e-07,4.211292434774805e-07,6.686566848657094e-06,8.548801815777551e-06,2.0879779185634106e-05,1.894916749733966e-05,9.698758731246926e-06,4.39594577983371e-06,2.409990656815353e-06,8.874089871824253e-06,5.29585895492346e-06,5.531949227588484e-06,1.4619558896811213e-05,9.417081855644938e-06,3.197456680936739e-05,8.001171954674646e-05,0.00027278036577627063,0.0007156796054914594,0.0002067682216875255,0.0001999286178033799,0.00021039627608843148,0.0011421676026657224,0.00012454183888621628,1.622262046918621e-10,1.4716447616081041e-08,9.698150194026312e-08,1.6326433183166955e-07,8.954923913506718e-08,1.4999268671544996e-07,2.4323639991052914e-07,5.801350511092096e-08,1.4002186965456076e-08,2.8455449552211576e-08,2.0650054111115423e-08,4.025409783281475e-09,1.9577894860844935e-09,2.1658445870098575e-10,2.526755471521369e-10,6.330566071355292e-10,4.6448150881062134e-10,5.190667774074287e-12,4.138644288387283e-11,6.474827184826948e-12,1.8516091437881244e-11,5.4215867906215465e-11,2.245301444769865e-10,7.124031919936158e-11,2.7282034964493107e-10,3.306583062911983e-10,3.589137320680891e-11,2.258737467897287e-11,7.534101814643535e-11,2.623086643727124e-11,3.8586336903456697e-10,3.662050940267392e-10,2.831741507947072e-10,2.2783828990124988e-10,5.761904287027164e-10,9.294288672023754e-10,1.921321990394631e-10,1.5420454912984383e-09,0.2557501196861267,0.017845479771494865
73,The place of birth of Çesk Zadeja is,The place of birth of the composer of Tana is,Çesk Zadeja,the composer of Tana, Shkodër,0.0001396364241372794,2.2071661078371108e-05,3.501577157294378e-05,7.198085313575575e-06,7.832371125005011e-07,5.535339937523531e-07,8.395127082394538e-08,4.075439505868417e-07,4.616937985701952e-06,1.7821586197896977e-06,1.5215691746561788e-06,1.4662062994830194e-06,6.796841489631333e-08,2.2573897240363294e-07,1.144648535955639e-06,3.7683744267269503e-06,1.409802848684194e-06,1.1492376188471098e-06,5.6075837164826225e-06,5.231680461292854e-06,1.4722230616825982e-06,1.3221430890553165e-05,4.8213000809482764e-06,1.3061612662568223e-05,1.3505240531230811e-05,2.039290620814427e-06,6.68681104798452e-06,7.645356163266115e-06,1.8504730405766168e-06,2.237561375295627e-06,1.9822941794700455e-06,1.392022340951371e-06,2.08677720365813e-05,6.966140972508583e-06,6.222423053259263e-06,3.16743967232469e-06,3.2111881864693714e-06,3.498144906188827e-06,3.6721401556860656e-05,7.73975898482604e-06,1.2313893421378452e-05,6.184737685543951e-06,3.6469114093051758e-06,4.337826794653665e-06,2.433377858324093e-06,6.69769679007004e-06,4.434939910424873e-06,9.585241969034541e-06,4.6742688937229104e-06,1.4389750049303984e-06,2.8530539566418156e-06,1.3720894003199646e-06,2.741381877058302e-06,3.4910152635347913e-07,4.7256611424018047e-07,4.4036357849108754e-07,6.231188649508113e-07,1.701617975413683e-07,1.2267717011127388e-06,3.3789656299632043e-06,6.975434416744974e-07,2.383486616963637e-06,3.1861536626820453e-06,3.4653236070880666e-05,1.2455018804757856e-05,4.336280471761711e-05,2.0479281374718994e-05,2.0427578419912606e-05,9.714470252220053e-06,4.591421384247951e-05,4.291164441383444e-05,1.703271846054122e-05,6.260996451601386e-05,5.85573116040905e-06,7.930061110528186e-05,0.2227952927350998,0.009958907961845398,0.010921476408839226,0.05693180486559868,0.00526506407186389,0.0016707078320905566,0.5530678629875183
74,The place of birth of Dulce of Aragon is,The place of birth of the mother of Theresa of Portugal is,Dulce of Aragon,the mother of Theresa of Portugal, Barcelona,8.856002864376933e-07,2.2514096542636253e-07,2.0944655716448324e-06,2.8002411909255898e-06,3.2714881399442675e-06,1.4422124650081969e-06,2.8419544833013788e-06,6.168613708723569e-07,4.0796157918521203e-07,1.7088929098463268e-06,4.572536909108749e-06,2.1326848127500853e-06,3.94806818349025e-07,2.180171577492729e-06,2.263000169477891e-06,2.0385989500937285e-06,3.7727984363300493e-06,5.173920726520009e-06,6.986501375649823e-06,4.286438525014091e-06,2.2977699245529948e-06,4.097899818589212e-06,1.0704917258408386e-05,1.8799360987031832e-05,2.4913801098591648e-05,1.1100028132204898e-05,4.367597739474149e-06,7.611752153025009e-06,1.568580773891881e-05,1.9634115233202465e-05,3.4546137612778693e-05,3.513365300022997e-05,5.549469278776087e-05,9.562054765410721e-05,0.00013845140347257257,9.33618430281058e-05,5.789413262391463e-05,0.0003273201291449368,0.00027443363796919584,0.00030034620431251824,0.00020371675782371312,0.0006429836503230035,0.006073069293051958,0.00318878679536283,0.004853736609220505,0.005581458564847708,0.001899294089525938,0.0016948326956480742,0.0015399674884974957,0.0021610078401863575,0.003205325221642852,0.003469193819910288,0.0032443301752209663,0.0022442296613007784,0.0015593584394082427,0.0051867361180484295,0.008973716758191586,0.005540659185498953,0.006566670723259449,0.004143753554672003,0.0023906086571514606,0.0020371766295284033,0.0021740226075053215,0.0018676239997148514,0.0031184942927211523,0.003548236330971122,0.0015527298673987389,0.0012219964992254972,0.0010579648660495877,0.0014057222288101912,0.0011888868175446987,0.0012362023117020726,0.0014496993971988559,0.0007960736402310431,0.002855142345651984,0.0005534852971322834,0.0012442220468074083,0.007170942146331072,0.013770095072686672,0.08058279752731323,0.00014105811715126038,0.007420875132083893
75,The country of citizenship of Master P is,The country of citizenship of the director of No Tomorrow is,Master P,the director of No Tomorrow, American,2.129759650415508e-06,6.934407792869024e-06,2.6423143935971893e-05,2.1241407011984847e-05,4.840387646254385e-06,1.977483179871342e-06,3.4359486562607344e-06,1.3226928786025383e-05,2.881491809603176e-06,1.7438951545045711e-06,6.580053650395712e-06,2.1877503968426026e-06,3.808367409874336e-06,3.374836524017155e-06,1.4223825246517663e-06,9.285269015890663e-07,1.1689329767250456e-05,3.706770803546533e-05,3.2659951102687046e-05,9.174648585030809e-05,5.593093010247685e-05,9.725955897010863e-05,0.000167763268109411,0.00023920573585201055,0.0002629959490150213,0.00014799814380239695,2.6878873541136272e-05,7.811292016413063e-05,0.0012677038321271539,0.0011822106316685677,0.0018362902337685227,0.0009486036724410951,0.0010477473260834813,0.003351670689880848,0.0006808529724366963,0.0014141671126708388,0.0059076896868646145,0.015735594555735588,0.007796784397214651,0.014202133752405643,0.009048459120094776,0.012634450569748878,0.005092879757285118,0.0024757487699389458,0.0022559354547411203,0.002208796562626958,0.0006525209173560143,0.0009793199133127928,0.0004726955376099795,4.449350308277644e-05,0.00031993951415643096,0.0005800002254545689,0.0005476746009662747,0.00020642942399717867,0.00024088755890261382,0.000594882934819907,0.0005949596525169909,0.0006968126399442554,0.00029426513356156647,0.0002939033438451588,0.00047450276906602085,0.00017071084585040808,0.0002567838819231838,0.00020865592523477972,0.0002952017530333251,0.0005206940695643425,0.0013558308128267527,0.0007655583322048187,0.00010333725367672741,0.00034028393565677106,0.0002003350091399625,0.00017227187345270067,0.00021394203940872103,0.0021137234289199114,0.002135650720447302,0.006839357782155275,0.00493108294904232,0.010586598888039589,0.009063777513802052,0.0015564088243991137,0.011531917378306389,0.07208684831857681
76,The place of death of James Bauer is,The place of death of the director of The Black Star is,James Bauer,the director of The Black Star, Argentina,8.209563929995056e-06,1.6088995380414417e-06,1.0129442671313882e-06,1.4515310340357246e-06,2.2802034891356016e-06,2.4640971787448507e-06,9.313628765994508e-07,3.4602118148541194e-07,1.2862034282079549e-07,2.639906824697391e-06,5.50559980183607e-06,2.2940994313103147e-06,1.1301170843580621e-06,1.973339067262714e-06,2.3742950361338444e-06,3.2763193758000853e-06,1.3592618870461592e-06,1.4340192819872755e-06,1.2987409263587324e-06,4.074728167324793e-06,1.3971821317682043e-06,1.381663309985015e-06,2.4116593522194307e-06,7.707234544795938e-06,2.317992584721651e-05,3.938159716199152e-05,2.1869274860364385e-05,1.0182214282394852e-05,6.269607638387242e-06,4.273289050615858e-06,1.6368685464840382e-06,4.0184818317356985e-06,8.245448952948209e-06,9.908592801366467e-06,1.133568184741307e-05,7.680882845306769e-06,2.396932131887297e-06,4.993531547370367e-06,2.689923803700367e-06,6.502139058284229e-06,1.1532655662449542e-05,2.5041250410140492e-05,2.3312930352403782e-05,8.716714546608273e-06,7.024556452961406e-06,4.142028501519235e-06,4.556726707960479e-06,1.0174919225391932e-05,9.603197213436943e-06,2.8957429094589315e-06,6.061517069611e-06,1.4097372513788287e-06,2.1991068024362903e-06,2.5674185053503606e-06,1.7097599993576296e-06,2.4693902105354937e-06,1.0494203479538555e-06,2.229162191724754e-06,3.7274578517099144e-06,5.1708561841223855e-06,3.948804987885524e-06,2.1971964088152163e-06,3.4539373245934257e-06,3.575063601601869e-06,4.367493602330796e-06,5.711553058063146e-06,6.330108135443879e-06,5.360863724490628e-06,1.0070065400213934e-05,1.939480716828257e-05,8.0585105024511e-06,1.0499639756744727e-05,1.1533821634657215e-05,1.1844541404570919e-05,1.4852616914140526e-05,1.3260125342640094e-05,1.87131627171766e-05,2.303605833731126e-05,2.004845919145737e-05,3.4721822885330766e-05,6.309564196271822e-05,1.3062479411019012e-05
77,The place of birth of Björk is,The place of birth of the performer of Oceania is,Björk,the performer of Oceania, Reykjavík,1.0737292086560046e-06,4.653649554597905e-08,3.0783800752942625e-07,9.452884910388093e-07,3.6947675141618674e-08,7.031724891248814e-08,1.845128849708999e-07,5.240573273113114e-07,1.0670612937246915e-05,2.1078997178847203e-06,1.7146082882391056e-06,1.6393208852605312e-06,7.531123173976084e-07,4.962523689755471e-07,4.2117369503102964e-07,7.286587333510397e-08,2.3586913755480055e-07,1.962092142093752e-07,1.9332181011577632e-07,4.833341904486588e-07,4.692337370215682e-06,4.932226602250012e-06,3.235302574466914e-05,0.00026164474547840655,0.0004442427889443934,5.8316578360972926e-05,1.945105759659782e-05,9.535870049148798e-06,2.647733936100849e-06,3.868832664011279e-06,6.361988198477775e-05,6.782994751119986e-05,0.00028526392998173833,0.0009327575680799782,0.0005944141303189099,0.0009039643337018788,0.000324228429235518,0.009538098238408566,0.010218431241810322,0.026496384292840958,0.015560726635158062,0.012764413841068745,0.04484288766980171,0.0594671405851841,0.03329268470406532,0.25844740867614746,0.1379241794347763,0.12234475463628769,0.11961204558610916,0.20966216921806335,0.07356297224760056,0.09071018546819687,0.03695790469646454,0.11204095929861069,0.12688937783241272,0.28252118825912476,0.4521239399909973,0.7002702951431274,0.5646424889564514,0.4502065181732178,0.550368070602417,0.7118315696716309,0.5786985158920288,0.7155631184577942,0.5029826164245605,0.6928994059562683,0.7016450762748718,0.6762099862098694,0.5887477993965149,0.4468894898891449,0.605617880821228,0.616871178150177,0.6533193588256836,0.7116207480430603,0.31388771533966064,0.8317829370498657,0.8443084359169006,0.3397473394870758,0.3090161383152008,0.2126898318529129,0.00015055217954795808,0.7304073572158813
78,The date of death of Susan of Albania is,The date of death of the mother of Prince Leka of Albania is,Susan of Albania,the mother of Prince Leka of Albania, 17 July 2004,0.0004424528160598129,0.0009442880982533097,0.021822171285748482,0.001692288788035512,0.024227486923336983,0.0007074657478369772,0.0038093519397079945,6.70532972435467e-05,0.0002581294975243509,2.7736197807826102e-05,1.240308574779192e-05,0.0004337079299148172,0.00011678601003950462,6.748310988768935e-05,0.0005586195038631558,0.0002362430968787521,1.259389773622388e-05,9.574949217494577e-06,1.0147454304387793e-05,2.5413243065486313e-07,0.0002985637111123651,2.321718420716934e-05,0.00013157403736840934,2.973638584080618e-05,0.001862672041170299,0.0013379290467128158,1.0771969755296595e-05,0.00020268482330720872,1.2206327482999768e-05,3.2239298889180645e-05,0.00012871448416262865,3.1082978239282966e-05,2.4510645744157955e-05,6.094409172874293e-07,0.0002556098042987287,0.0006756829097867012,7.964553515193984e-05,0.00027653566212393343,0.006415616255253553,4.834036371903494e-05,4.6663099055876955e-06,0.00010387812653789297,5.90463459957391e-05,2.1282166926539503e-06,7.564097904833034e-05,3.0116166271909606e-07,7.076147880979988e-07,3.4472310517230653e-07,1.6053965737228282e-05,4.900562089460436e-07,5.502554358827183e-07,1.2216097502459888e-06,2.084038442262681e-06,2.2500787508761277e-06,5.139107202012383e-07,8.462739060632885e-06,2.257097548863385e-06,0.00023621527361683547,1.0697312973206863e-05,3.078976442338899e-05,0.00039583223406225443,6.145075894892216e-05,0.001545263105072081,0.00024534150725230575,0.0002831344900187105,1.1247077054576948e-05,0.0002743093064054847,4.497480858844938e-06,0.00032391934655606747,0.0004275549144949764,4.497913323575631e-05,4.0325808186025824e-06,0.00029504179838113487,3.098325032624416e-05,3.5944030969403684e-05,9.34484887693543e-06,7.064790224831086e-06,2.2658883608528413e-05,5.569461063714698e-05,0.004040907137095928,0.011204048991203308,0.029535215348005295
79,The place of death of Augustus II the Strong is,The place of death of the spouse of Christiane Eberhardine of Brandenburg-Bayreuth is,Augustus II the Strong,the spouse of Christiane Eberhardine of Brandenburg-Bayreuth, Warsaw,1.0480540879598266e-07,6.02037016506074e-06,3.18317033816129e-05,9.852567018242553e-06,2.490429687895812e-05,1.943316965480335e-05,2.4505075998604298e-05,1.0944758287223522e-05,3.4886409139289754e-06,2.4502767246303847e-06,3.2546040529268794e-06,5.24035340276896e-06,6.790420593461022e-05,9.330427565146238e-05,9.506109199719504e-05,3.197366095264442e-05,1.661677197262179e-05,2.6705070013122167e-06,9.555359383739415e-07,1.626266680432309e-06,7.809369890310336e-06,5.087627869215794e-06,2.6418430934427306e-05,1.0993879186571576e-05,8.119436643028166e-06,3.8953544390096795e-06,2.819238261508872e-06,2.0404704628163017e-06,3.117628921245341e-06,1.1271243238297757e-05,9.805307854549028e-06,1.8868198594645946e-06,1.7187745697810897e-06,2.222432385678985e-06,1.7665598761595902e-06,8.19110994143557e-07,6.788988571315713e-07,2.1976254629407777e-06,3.953741270379396e-06,2.0891516214760486e-06,6.67947551846737e-06,5.35366234544199e-06,1.8957312931888737e-05,1.9305931346025318e-05,3.46193446603138e-05,2.5975550670409575e-05,1.4765121704840567e-05,2.3806711396900937e-05,7.340164302149788e-05,0.00012113558477722108,3.8234731619013473e-05,4.2718795157270506e-05,8.989896741695702e-05,0.00013479660265147686,0.00010475917224539444,5.219680315349251e-05,0.0002007719740504399,0.00017522479174658656,0.0001658925466472283,0.00018111118697561324,0.00021952265524305403,0.0001959538203664124,0.0002893490018323064,0.0001794424606487155,0.0003299257659818977,0.000512767699547112,0.00030997590511105955,0.0003593072760850191,0.00042576369014568627,0.0003788869362324476,0.00031513292924501,0.00034734245855361223,0.0002330554270884022,0.0002322791697224602,0.0003937202855013311,0.0007471345597878098,0.0029664351604878902,0.003919761162251234,0.001987928058952093,0.0027670671697705984,0.00010643054702086374,0.047799404710531235
80,The spouse of Anup Sengupta is,The spouse of the director of Bangla Bachao is,Anup Sengupta,the director of Bangla Bachao, Piya Sengupta,1.189716130056695e-07,8.443267347502115e-07,3.464538394837291e-06,1.9939077901653945e-05,2.526363005017629e-06,1.0552300864219433e-06,1.5428548749696347e-07,6.424410230465583e-07,6.924342415004503e-06,2.2966319193074014e-06,1.5791745511251065e-07,2.3621063860446156e-07,2.745286735716945e-07,4.163105415955215e-07,6.96681524914311e-07,4.579744370403205e-07,1.226984807090048e-07,1.2225320915604243e-06,1.0757598829513881e-06,1.663622924752417e-06,8.451125950159621e-07,1.9327666223034612e-07,3.193002271473233e-07,1.174017711491615e-06,8.38303321870626e-07,6.471466349466937e-07,2.0268058165129332e-07,1.6999517811200349e-06,1.8967227788380114e-06,3.228610694350209e-07,8.000828302101581e-07,1.3575968296208885e-06,7.099888534867205e-07,4.5575788476526213e-07,3.894654128089314e-06,4.971610906068236e-06,1.675789008004358e-06,1.516341399110388e-06,7.96830534000037e-07,1.4039737834536936e-06,5.476207434185199e-07,9.94799506770505e-07,5.973144538984343e-07,6.978560662673772e-08,2.0675109624335164e-07,2.8810660523959086e-07,2.3606345678217622e-07,2.3274118632343743e-07,2.8815230734835495e-07,1.8350803543398797e-07,4.059915283960436e-07,4.0050909433375637e-07,8.939344411373895e-07,8.544398610865755e-07,2.1396369902504375e-06,9.175880109069112e-07,4.954362111675437e-07,1.002267254079925e-06,1.4726521158081596e-06,6.021733497618698e-06,4.701185844169231e-06,1.9012605889656697e-06,2.578311523393495e-06,4.526346856437158e-06,4.1058060560317244e-06,3.0699050057592103e-06,3.33116804540623e-06,3.5291832318762317e-06,9.49040986597538e-06,2.198593210778199e-05,2.0054243577760644e-05,2.706696068344172e-05,1.696951403573621e-05,9.254471660824493e-05,8.802437514532357e-05,0.00027549127116799355,0.0008215690613724291,0.0007068255799822509,0.0006994979921728373,0.0013119151117280126,7.513263426517369e-06,0.0006768736056983471
81,"The place of death of James Hamilton, 4th Duke of Hamilton is","The place of death of the father of Sir James Abercrombie, 1st Baronet is","James Hamilton, 4th Duke of Hamilton","the father of Sir James Abercrombie, 1st Baronet", Hyde Park,1.0267942052166745e-08,3.113798996423611e-08,3.038473650462947e-08,6.878743796789877e-09,6.380806638617287e-08,8.334846057778122e-08,1.3815797395011487e-08,3.6280994208937045e-08,1.1032314262138243e-07,1.9636226511465793e-07,2.7631350008050504e-07,1.988498524951865e-06,3.975808795075864e-06,2.4428691176581196e-06,6.47000615572324e-06,2.013919220189564e-05,2.7167980078957044e-05,2.835926352418028e-06,1.3301391845743638e-05,5.063947355665732e-06,1.7188364154208102e-06,1.8539481970947236e-05,1.3804480659018736e-05,2.937066483355011e-06,4.418052867549704e-06,7.795143574185204e-06,5.741105155721016e-07,1.94085913562958e-07,1.6860857954270614e-07,1.5264059527453355e-07,2.085988910494052e-07,1.4132204739780718e-07,1.3137832866050303e-06,3.9881183511170093e-07,3.316026777611114e-07,7.412558034047834e-08,1.977519019646934e-07,3.0314060950331623e-07,5.816640964440012e-07,4.0477812035533134e-07,6.509727654702147e-07,4.950055654262542e-07,1.1623765203694347e-06,4.6291285116240033e-07,2.249835091561181e-07,1.957657502771326e-07,5.84607391829195e-07,1.045930503096315e-06,6.367081368807703e-07,4.6201992631722533e-07,6.206894340721192e-07,6.7235629330753e-07,1.056970745594299e-06,6.116899839980761e-07,4.4617553385251085e-07,5.288210331855225e-07,9.999707799579483e-07,8.457658964289294e-07,8.8075086068784e-07,5.400779059527849e-07,1.3444722526401165e-06,7.860553523642011e-07,2.934798715159559e-07,4.371582917883643e-07,3.053512784845225e-07,2.48950129844161e-07,3.479513281945401e-07,8.499338832734793e-07,1.3142634998075664e-06,6.003041335134185e-07,8.163194706867216e-07,6.434874535443669e-07,1.4186906582835945e-06,1.1366730632289546e-06,4.661183993448503e-06,2.3049105948302895e-05,1.3836204743711278e-05,3.0874754884280264e-05,1.3971821317682043e-05,0.00010001221380662173,1.045681869982218e-06,0.00012022194277960807
82,The place of death of Amelia Pincherle is,The place of death of the mother of Sabatino Enrico 'Nello' Rosselli is,Amelia Pincherle,the mother of Sabatino Enrico 'Nello' Rosselli, Florence,1.0317342457710765e-05,3.047416385015822e-06,1.8316903833692777e-06,1.3703240711038234e-06,7.480910539925389e-07,6.75483249779063e-07,1.1722372619260568e-06,2.3325962956732837e-06,1.2509260159276891e-05,2.1938058125670068e-07,1.3605736967292614e-05,1.8837250536307693e-05,1.0780248885566834e-05,7.980198461154941e-06,5.8584810176398605e-06,2.4495820980519056e-06,8.552454460186709e-07,1.1631475445028627e-06,2.291593091285904e-06,5.409357868302322e-07,1.2744729360747442e-07,1.441522670120321e-07,1.3676785783900414e-06,2.1091646829063393e-07,6.785676021081599e-08,4.369448092234052e-08,6.40060449086377e-08,1.206956596888631e-07,8.501477850586525e-07,3.0819808216620004e-06,2.8041066002515436e-07,7.584112040603941e-07,5.919666250520095e-07,5.465765866574657e-07,5.889735916753125e-07,7.924120382085675e-07,2.8234885007805133e-07,2.8797208528885676e-07,1.1052399173649974e-07,6.848048172969357e-08,1.050271833946681e-07,1.1777701303117283e-07,1.755508378664672e-07,2.4699767209312995e-07,2.7633154786599334e-07,1.5515034590407595e-07,5.495516006703838e-07,4.2128786503781157e-07,3.292598478310538e-07,1.9832049247270334e-07,1.0842532560673135e-07,1.330928114384733e-07,2.1731619881393271e-07,6.493509374649875e-08,8.13882081729389e-08,5.127767721546661e-08,9.98175408994939e-08,4.206872858958377e-07,2.1318868448361172e-07,3.6871583120046125e-07,3.051789292385365e-07,2.8212414235895267e-06,2.0189447695884155e-06,1.7857676084531704e-06,5.153394340595696e-06,8.26672294351738e-06,1.1604757673921995e-05,2.132174267899245e-05,2.581318585725967e-05,1.0928322808467783e-05,1.089867055270588e-05,1.4660512533737347e-05,8.80316201801179e-06,2.7475061870063655e-05,1.7418396964785643e-05,4.128520959056914e-05,5.694837818737142e-05,4.4817181333201006e-05,0.00010147788998438045,0.00012525405327323824,0.004282880574464798,0.005396418273448944
83,The country of citizenship of Artuq is,The country of citizenship of the father of Ilghazi is,Artuq,the father of Ilghazi, Seljuq empire,4.7422918214579113e-07,2.8967103844479425e-06,1.1373490451660473e-06,1.8311931171410833e-07,3.327144213471911e-07,2.1818014772634342e-07,4.2054216464748606e-07,9.010852508595235e-09,1.7250023631731892e-08,1.7793610140870442e-08,9.637945908025358e-08,1.5838878653084976e-07,6.38183337287046e-08,2.4021963440645777e-07,2.2473575711501326e-07,3.451156089795404e-06,6.696196805933141e-07,1.0373991244705394e-05,1.2020101394227822e-06,5.243649638941861e-07,3.551771499132883e-07,2.361695351282833e-06,1.861093323896057e-06,2.511258969661867e-07,5.286935333970177e-07,8.374436077929204e-08,8.797168504770525e-08,1.082982976186031e-06,5.008285484109365e-07,1.3220191021900973e-06,8.074400739133125e-07,5.043360943091102e-06,1.1630341759882867e-05,1.1644022379186936e-05,1.278790568903787e-05,2.309203046024777e-05,2.5735225790413097e-06,7.479686246369965e-06,7.328806532314047e-06,2.7707476419891464e-06,2.08608980756253e-06,2.522654085623799e-06,6.5782087403931655e-06,6.02105228608707e-06,1.6005134284569067e-06,8.24676317279227e-06,3.997380645159865e-06,5.374773536459543e-06,7.637066119059455e-06,4.201127012493089e-06,4.7261337385862134e-06,4.066137535119196e-06,1.7233818425665959e-06,2.454130481055472e-06,3.329890887471265e-07,6.522992634927505e-07,3.4446696872691973e-07,1.8122287315236463e-07,2.5196689534823236e-07,2.8795031425943307e-07,1.8865964079850528e-07,3.733319999810192e-07,1.288775166585765e-07,2.714996014674398e-07,2.866690067548916e-07,4.482496933633229e-07,5.454792244563578e-07,4.7153062610050256e-07,1.027131474984344e-06,3.627818330187438e-07,9.573736861057114e-07,9.001352623272396e-07,7.756663080726867e-07,9.964999208023073e-07,1.0475423550815322e-06,5.43548310361075e-07,3.5138629073117045e-07,3.644325943241711e-07,1.572681753714278e-07,3.03744087659652e-07,0.00016102327208500355,1.6072915968834423e-05
84,The country of citizenship of Ricardo Mella is,The country of citizenship of the father of Urania Mella Serrano is,Ricardo Mella,the father of Urania Mella Serrano, Spain,5.038023300585337e-05,1.0341175766370725e-05,3.6207734410709236e-06,1.0508985724300146e-05,8.98187226994196e-06,4.611934855347499e-06,5.443510417535435e-06,3.3608089324843604e-06,4.588443516695406e-06,3.224523197786766e-06,5.837360276927939e-06,3.4897311707027256e-06,2.872681079679751e-06,2.2244896626943955e-06,7.31681836896314e-07,6.181682010719669e-07,3.0689403729411424e-07,2.530641154407931e-07,3.5732901437768305e-07,7.962594139598878e-08,1.4197929942838527e-07,3.2171737984754145e-07,1.1238770269983434e-07,1.3270638987705752e-07,1.6768110810971848e-07,1.62783692303492e-07,2.406150088063441e-07,2.2352787709678523e-07,9.962940339391935e-08,3.081533606064113e-08,1.0767143976408988e-06,8.10082099178544e-07,5.169146675143566e-07,2.0906034592371725e-07,3.7002780572947813e-07,1.5013479242043104e-06,1.157038468591054e-06,0.000387131905881688,0.00012264146062079817,0.00018594309221953154,0.00013531872536987066,0.00032035139156505466,0.000474157597636804,0.0006758144591003656,0.0023319697938859463,0.0005763177759945393,0.0001509249268565327,0.0003049956576433033,0.00021082775492686778,0.00020151154603809118,0.00010568652942311019,0.00045095995301380754,0.0006748009473085403,0.0007085404940880835,0.0007925913669168949,0.0017459020018577576,0.01151234656572342,0.014792204834520817,0.015229256823658943,0.013508736155927181,0.009134761989116669,0.00808305386453867,0.016256799921393394,0.013776539824903011,0.006316652987152338,0.011137640103697777,0.020885877311229706,0.004728642292320728,0.008671614341437817,0.002696185139939189,0.0005025541177019477,0.0010809138184413314,0.001272344496101141,0.00797604862600565,0.004812486469745636,0.02852437272667885,0.008954607881605625,0.0017085206927731633,0.011795731261372566,0.004659544676542282,0.33268219232559204,0.7594076991081238
85,The place of birth of George Whaley is,The place of birth of the director of Clowning Around is,George Whaley,the director of Clowning Around," Castlemaine, Victoria, Australia",1.8273433397553163e-06,5.253184554021573e-07,5.780668288934976e-06,1.638093453948386e-05,5.5948507906578016e-06,2.379168336119619e-06,1.9671542759169824e-06,6.008481818753353e-07,2.1509654857254645e-07,1.7811899510888907e-07,5.48340665318392e-07,1.6459823655168293e-06,3.881679276673822e-06,1.2876915889137308e-06,5.522121568901639e-07,1.809137160080354e-07,6.240853736017016e-07,3.2863013643691374e-08,1.7554963704924376e-08,3.8798990686927937e-08,5.102394506906194e-09,1.4472743892213202e-08,1.518862546845412e-07,1.730201404370746e-07,3.357058275810232e-08,4.5683655969241954e-08,1.488945056138391e-08,1.871113042284378e-08,3.869581988169557e-09,5.120277979386856e-09,3.2327687193856036e-08,1.1235427876954418e-07,1.3123083419941395e-07,2.014601676592065e-07,1.8671020995952858e-07,4.6623264893241867e-07,3.588417314404069e-07,6.678320687569794e-07,9.087472108149086e-07,3.220362714273506e-07,3.6983450968364195e-07,4.0625744190947444e-07,7.873538834246574e-07,1.0723367722675903e-06,8.540002340851061e-07,2.76569579682473e-07,3.858842489989911e-07,3.941983663935389e-07,3.0612758905590454e-07,3.7381161632765725e-07,1.0625613811043877e-07,5.384934809171682e-08,9.52768814954652e-08,4.329173108885698e-08,7.632137055679777e-08,8.897100656213297e-08,1.8737386753286955e-08,1.2125640935778392e-08,8.827091058094538e-09,1.664421667157967e-08,2.6081757198426203e-08,2.0082008944655172e-08,1.849826603006477e-08,1.2325696019388488e-08,1.7024005316557123e-08,1.3060901693506821e-08,2.33279120465113e-08,3.1672744427169164e-08,1.205764377232299e-08,1.7780724448357432e-08,8.41044300869953e-09,1.460194631874856e-08,1.421756135044916e-08,5.053615748096263e-09,1.0776817660484994e-08,2.5093538358333944e-09,7.147331615442454e-09,2.0233763109445135e-08,9.988252003267917e-09,9.371421327841745e-08,0.00018288528372067958,7.346677648456534e-06
86,The place of burial of Kato Svanidze is,The place of burial of the mother of Yakov Iosifovich Dzhugashvili is,Kato Svanidze,the mother of Yakov Iosifovich Dzhugashvili, Tiflis,0.0002499834226910025,3.6623143387259915e-05,4.8448022425873205e-05,0.00021510568330995739,2.702460187720135e-05,1.1045645806007087e-05,1.430941892976989e-06,5.264366222945682e-07,4.465653546503745e-06,6.814647122155293e-07,7.672002197978145e-07,6.187957751535578e-06,1.672504822636256e-06,1.4681407265015878e-05,7.224184173537651e-06,5.477701961353887e-06,4.07536281272769e-05,1.633467218198348e-05,0.0001289524370804429,9.517159196548164e-05,5.746729584643617e-05,2.3682814571657218e-05,0.00011330658890074119,5.6325047808059026e-06,1.739853814797243e-06,8.308210453833453e-06,2.2853468180983327e-05,2.0015257177874446e-05,0.00015685358084738255,4.36065201938618e-05,9.227672853739932e-05,9.624239282857161e-06,2.27529858420894e-06,6.751392334081174e-07,1.3846304682374466e-05,1.2525322745204903e-05,8.833697393129114e-06,4.3123200157424435e-05,3.112086415058002e-05,7.332843324547866e-06,8.055246871663257e-05,4.6633591409772635e-05,5.6928867707028985e-05,3.7470817915163934e-05,0.0006278033251874149,5.901582699152641e-05,8.262712799478322e-05,5.782303196610883e-05,0.00012428482295945287,4.716850526165217e-06,7.423705392284319e-05,4.2426974687259644e-05,0.00013302621664479375,7.158146036090329e-05,0.00034800474531948566,1.845674341893755e-05,6.598888285225257e-05,3.7519515899475664e-05,7.6052642725699116e-06,2.4818573365337215e-06,2.9300523237907328e-05,8.090704068308696e-05,1.2698784303211141e-05,3.9489972550654784e-05,8.98440121090971e-05,0.0001027555699693039,0.0003143732319585979,0.0004900314379483461,0.00014100779662840068,0.000635196571238339,1.2930442608194426e-05,0.00017024936096277088,6.93230758770369e-05,8.87833593878895e-05,3.521100734360516e-05,6.191394277266227e-06,0.0010082387598231435,0.003442333312705159,0.005197689402848482,0.00015027781773824245,0.0004131327732466161,0.0006387742469087243
87,The place of birth of Marcus Garvey is,The place of birth of the spouse of Amy Ashwood Garvey is,Marcus Garvey,the spouse of Amy Ashwood Garvey, Saint Ann's Bay,2.2964759693877568e-07,1.6603777908130724e-07,2.0673175527008425e-07,1.0242636562907137e-05,3.7912609514023643e-06,9.920705451804679e-06,1.2455152500479016e-06,4.087608431291301e-06,1.0591288628347684e-05,4.121877736906754e-06,3.1429640330316033e-06,5.965473974356428e-06,3.011923581652809e-06,1.0528590337344212e-06,1.946941665664781e-06,8.27040639705956e-06,7.033847396087367e-06,4.86131511934218e-06,1.6218977179960348e-05,5.044810313847847e-05,1.2269668332010042e-05,1.17658771614515e-06,2.1225123418844305e-05,7.633680979779456e-06,2.288374616910005e-06,1.1412068488425575e-05,1.7769139958545566e-05,1.9266884919488803e-05,7.909152191132307e-05,0.00012888546916656196,4.4108048314228654e-05,4.705399987869896e-05,6.340423715300858e-05,6.854254024801776e-05,0.0002232161641586572,7.734581595286727e-05,0.00023001078807283193,0.0008666411158628762,0.00014999901759438217,1.8755610653897747e-05,1.0774206202768255e-05,1.835932744143065e-05,2.358448546146974e-05,4.697569238487631e-05,1.9182072719559073e-05,4.974874173058197e-06,2.609451030366472e-06,5.348889771994436e-06,8.465666724077892e-06,6.6537891143525485e-06,1.4932997146388516e-05,6.625495188927744e-06,3.833737991953967e-06,1.6053412537075928e-06,8.339780492860882e-07,6.00956923335616e-07,1.968627429960179e-06,1.1958708228121395e-06,6.799119773859275e-07,7.854004024920869e-07,4.7361299948533997e-07,4.1168769371324743e-07,1.403937091026819e-07,9.081718843617637e-08,1.1966062629653607e-07,1.2922681946747616e-07,4.0139525481208693e-07,1.0800082606010619e-07,2.272471419928479e-07,3.21059246743971e-07,6.407613568626402e-07,3.301251126686111e-06,1.6814008176879724e-06,4.285993782104924e-06,5.950714694336057e-06,6.18328049313277e-05,7.13057306711562e-05,7.280285353772342e-05,0.00035844993544742465,0.00025743208243511617,0.0020123515278100967,0.10728878527879715
88,"The place of birth of Sizzo, Prince of Schwarzburg is",The place of birth of the spouse of Princess Alexandra Therese Marie of Anhalt is,"Sizzo, Prince of Schwarzburg",the spouse of Princess Alexandra Therese Marie of Anhalt, Rudolstadt,1.1925963008252438e-06,9.469634278502781e-06,0.00014630697842221707,2.6437497581355274e-05,8.106122550088912e-06,1.3029763067606837e-05,5.901308213651646e-06,3.756242585950531e-05,1.723621790006291e-05,2.5847852157312445e-05,6.805146404076368e-05,0.00012524578778538853,1.840055665525142e-05,1.746945781633258e-05,6.3111383497016504e-06,1.2705035260296427e-05,1.0548003047006205e-05,1.2385319678287487e-05,8.05768468126189e-06,9.412992767465767e-06,2.594764055174892e-06,1.2747067330565187e-06,2.86957197204174e-06,1.8714855514190276e-06,2.029531515290728e-06,5.21334959557862e-06,4.594282017933438e-06,1.1395597539376467e-05,2.2109179553808644e-05,2.7870230042026378e-05,9.240989697900659e-07,1.0611473726385157e-06,1.040977281263622e-06,1.6013534320791223e-07,7.9208308534362e-07,2.1248413304419955e-06,2.966572310469928e-06,1.2275398148631211e-05,3.0611072361352853e-06,3.689023969855043e-06,3.941214799851878e-06,6.377104909915943e-06,2.4901855795178562e-05,6.349204340949655e-05,0.00012886026524938643,5.0145747081842273e-05,4.821586117031984e-05,0.00013122921518515795,0.00010538621427258477,7.027824904071167e-05,0.00010734068200690672,0.00028302264399826527,0.0002682830090634525,0.0001520757214166224,0.00016077827604021877,0.00031870510429143906,0.0003533971612341702,0.0004890672280453146,0.0004927440895698965,0.000860604690387845,0.00031908621895127,0.0002948803885374218,0.00024104422482196242,0.0003959270834457129,0.00026629187050275505,0.0007943366072140634,0.00039602344622835517,0.00018851886852644384,0.0001835237053455785,0.00020486749417614192,0.00018389508477412164,0.0009445935720577836,0.0011456446954980493,0.0008324318332597613,0.0009433880331926048,0.013912429101765156,0.003206052118912339,0.006836913526058197,0.015249152667820454,0.0023274761624634266,2.6571131456876174e-05,0.0010305753676220775
89,The place of burial of Coretta Scott King is,The place of burial of the mother of Dexter Scott King is,Coretta Scott King,the mother of Dexter Scott King, Georgia,4.899733312413446e-07,1.3483556813298492e-06,5.9323069763195235e-06,6.836922693764791e-06,1.1371579603292048e-05,1.5078121577971615e-06,3.950435143451614e-07,7.883630814831122e-07,1.209570996252296e-06,2.6257512786287407e-07,2.0934538724759477e-07,3.0031778806005605e-06,2.0175680219836067e-06,7.208826900750864e-06,2.6291501853847876e-05,6.9597435867763124e-06,9.875746400211938e-06,4.122647806070745e-05,2.793020030367188e-05,0.00027852895436808467,0.00038618376129306853,5.541291102417745e-05,6.952317926334217e-05,6.676837801933289e-05,1.5758714653202333e-05,0.0004165805294178426,0.00019627503934316337,3.7313129723770544e-05,0.00012049380165990442,0.0002709062537178397,0.006796407513320446,0.0017455113120377064,0.0026467915158718824,0.008800270967185497,0.004170509986579418,0.0008628094219602644,0.00037841196171939373,4.216032903059386e-05,1.1490951692394447e-05,1.628800600883551e-05,5.5654036259511486e-06,1.2036024372719112e-06,6.194146351390373e-08,4.0828885516930313e-07,1.6350132625575498e-07,3.00254967555702e-08,7.07645568809312e-08,3.6165893391171267e-08,1.580098683007236e-07,5.492585586353016e-08,3.7278091724601836e-08,1.3852298863525903e-08,8.0067783514437e-09,2.6167317201952756e-08,3.820834137968632e-08,9.882326423849008e-08,4.7095591071411036e-07,5.243546183919534e-07,8.804489084468514e-07,2.273209020131617e-06,6.927453455318755e-07,2.410478600722854e-06,4.2579836190270726e-06,2.264853492306429e-06,2.3851318928791443e-06,2.2889048523211386e-06,2.466304295012378e-06,1.4784980066906428e-06,1.0594745845082798e-06,1.1987299330940004e-06,3.3800952223828062e-06,3.2410898711532354e-06,2.8302006285230163e-06,2.4970765934995143e-06,4.904331490251934e-06,0.00015707315469626337,2.3292672267416492e-05,3.387369724805467e-05,4.808182711713016e-05,2.29300439968938e-05,0.0016467231325805187,0.0013708022888749838
90,The country of citizenship of Pinedjem I is,The country of citizenship of the father of Psusennes I is,Pinedjem I,the father of Psusennes I, Ancient Egypt,2.2311400243779644e-05,8.174993126885965e-05,5.2458784921327606e-05,1.212394181493437e-05,8.446491119684651e-05,0.0009172640275210142,0.00039089450729079545,4.2410112655488774e-05,4.7553280637657735e-06,1.156714824901428e-05,5.211442839936353e-06,8.529975275450852e-06,3.6920257116435096e-05,7.513747550547123e-05,1.4612822269555181e-05,1.5550702983091469e-06,6.031214070389979e-06,9.729108114697738e-07,2.659558617779112e-07,1.3100010392008699e-06,5.881141760255559e-07,5.4038004293488484e-08,1.1376205293345265e-06,1.5939560853439616e-06,4.243595412845025e-06,8.542044270143379e-06,9.426925316802226e-06,5.430465080280555e-06,7.714733328612056e-06,7.549292604380753e-06,4.405834624776617e-05,9.333567504654638e-06,1.1130394341307692e-05,6.579174623766448e-06,6.019377542543225e-05,8.865221388987266e-06,1.4327360077004414e-05,6.48091227049008e-05,7.507063855882734e-05,1.896217327157501e-05,0.00010487446706974879,0.00017277506412938237,0.00010329953511245549,0.00010194572678301483,0.0008183534955605865,0.0014176799450069666,0.0028067713137716055,0.0034926137886941433,0.0037266758736222982,0.007286983076483011,0.0077596972696483135,0.0035159855615347624,0.004954885225743055,0.002250240184366703,0.0011040554381906986,0.0006811987259425223,0.0005604488542303443,0.0006591126439161599,0.00029135216027498245,0.0002897340164054185,0.0010781378950923681,0.0018994453130289912,0.0013438861351460218,0.0028359275311231613,0.0020532228518277407,0.0018251320580020547,0.0384366512298584,0.02898545190691948,0.04722713679075241,0.06555970758199692,0.02904602512717247,0.02758539654314518,0.040408939123153687,0.03705592453479767,0.03952277824282646,0.06992846727371216,0.08531957119703293,0.06313446164131165,0.07359562814235687,0.24837927520275116,0.0002371536975260824,0.1434268057346344
91,"The place of death of Humphrey Stafford, 1st Duke of Buckingham is",The place of death of the father of Humphrey Stafford is,"Humphrey Stafford, 1st Duke of Buckingham",the father of Humphrey Stafford, Northampton,3.4479598980396986e-05,8.159552635333966e-06,1.635174521652516e-05,5.1003986300202087e-05,1.3035160009167157e-05,3.3438047353229194e-07,1.9449784360858757e-07,1.7780541838874342e-07,2.063168409449645e-07,1.6449189388367813e-06,7.175532914516225e-07,1.064597108779708e-05,5.795428478450049e-06,1.1552889191079885e-05,0.00010012974962592125,2.9492504836525768e-05,0.0007493288721889257,0.0001429321273462847,7.341594937315676e-06,8.414454896410462e-06,1.5571396943414584e-05,1.3402353715719073e-06,1.0019905403169105e-06,6.783062417525798e-05,3.719989399542101e-05,2.8141712391516194e-05,3.811531496467069e-05,1.667814103711862e-05,9.764367860043421e-06,1.0459009899932425e-05,3.6421138247533236e-06,5.939712082181359e-06,1.9352997696842067e-05,1.2499826880230103e-06,1.5630746929673478e-05,2.5540562091919128e-06,3.5436519283393864e-06,1.794733907445334e-05,2.9489681310224114e-06,6.684933850920061e-06,3.0053674890950788e-06,3.483938542103715e-07,8.081037208285125e-07,1.9223123217670945e-06,6.751125738446717e-07,1.6834279392696772e-07,2.641046705775807e-07,5.214537850406487e-07,1.259049469126694e-07,3.892346356337839e-08,8.075920021610727e-08,5.2047976595304135e-08,5.50091385775886e-08,1.2651750758152502e-08,2.307346136376509e-08,1.1613823680534097e-08,1.6634318811270532e-08,1.2258423609523561e-08,1.0626906465915908e-08,5.5565156031889273e-08,5.4970893614836314e-08,1.998865961638785e-08,1.4655368030247473e-09,8.365343084903998e-09,1.0570633257600548e-08,3.335931353376509e-08,4.527562325051804e-08,4.1170178377569755e-08,6.592669876681612e-08,8.939474582803086e-08,1.6751309317442065e-07,2.7390069590182975e-07,1.657829216128448e-07,4.892218541385773e-08,1.0076092138433523e-07,2.4649924057484895e-07,1.3734991171077127e-06,7.025341233202198e-07,3.5114317142870277e-07,7.925341378722806e-06,7.790907693561167e-05,0.00028069238760508597
92,The country of citizenship of Luis Bayón Herrera is,The country of citizenship of the director of Cuidado con las imitaciones is,Luis Bayón Herrera,the director of Cuidado con las imitaciones, Spanish,2.0397428670548834e-06,2.527913920857827e-06,1.249476440534636e-06,7.181587534432765e-06,1.4118636499915738e-06,1.777750412657042e-06,1.7115640957854339e-06,8.659244485897943e-06,6.950038823561044e-06,2.2340914256346878e-06,3.5402708817855455e-06,8.097515546978684e-07,1.2934074220538605e-06,6.073890403968107e-07,1.6276187579933321e-06,4.799242674380366e-07,1.412077153872815e-06,1.2656362002871901e-07,2.96198209071008e-07,1.1554536740732146e-06,7.806035569046799e-07,1.950658770510927e-06,8.811563247945742e-07,1.7322340681857895e-06,1.5271548363671172e-06,2.1662397102772957e-06,6.810269042034633e-07,4.4436799839786545e-07,5.238472340352018e-07,5.743927431467455e-07,5.42638917977456e-06,4.2915962694678456e-06,5.47420995644643e-06,1.1303334758849815e-05,1.1755593732232228e-05,2.3127859094529413e-05,7.542925231973641e-06,0.00021260030916891992,7.373053813353181e-05,7.580465899081901e-05,0.00016011008119676262,7.819860911695287e-05,0.0004613571800291538,0.00047869174159131944,0.00030264645465649664,0.0006465369951911271,0.0005559808341786265,0.0002188687794841826,0.00010313299571862444,0.00010710937931435183,8.90615483513102e-05,0.00018838902178686112,0.00012513736146502197,0.0002627839567139745,0.0004253715160302818,0.0007562375976704061,0.002004450187087059,0.002985518192872405,0.003048939863219857,0.0004041859065182507,0.00018971299869008362,0.00025488686515018344,0.00031573776504956186,0.0003659734793473035,0.0003576359886210412,0.0004544989496935159,0.0010248871985822916,0.0003820039564743638,0.00028712008497677743,0.00024486525217071176,2.771282561297994e-05,2.7482876248541288e-05,1.4076948900765274e-05,0.00011423691466916353,5.152547237230465e-05,0.0002504965232219547,3.013152672792785e-05,2.8241796826478094e-05,9.252629388356581e-05,4.0022292523644865e-05,0.00243777921423316,0.0019686436280608177
93,The place of death of Martino Zaccaria is,The place of death of the father of Bartolomeo (or Bartolommeo) Zaccaria is,Martino Zaccaria,the father of Bartolomeo (or Bartolommeo) Zaccaria, Smyrna,2.889599102218199e-07,2.086521533328778e-07,1.131441536017519e-07,3.864151381094416e-07,2.4443266966045485e-07,4.003061633284233e-07,2.2473275294032646e-06,3.529444938976667e-06,6.030398253642488e-06,1.1190841178176925e-06,1.535414071440755e-06,3.4279084957233863e-06,9.110467544815037e-06,3.820552592515014e-06,1.924357320604031e-06,1.6626793808427465e-07,1.5077584976097569e-06,7.131117740755144e-07,1.7091443282879482e-07,1.2749711686410592e-07,1.4627234179442894e-07,3.8136283819767414e-07,5.33332240593154e-07,1.4811007531534415e-06,4.476849255752313e-07,1.3689001434613601e-06,1.3382161341723986e-05,2.0264042177586816e-06,1.9088274711975828e-06,3.159607786074048e-06,5.347633305063937e-07,2.1522156146147609e-07,8.950118512984773e-07,1.76017493913605e-07,1.0938469330312728e-07,1.8332899642814482e-08,1.618202816189296e-08,1.7907122895621796e-08,1.3099334061905665e-08,1.3577489355043326e-08,1.2174513841500811e-08,1.3578092428190303e-08,5.8671908220730984e-08,4.572993717033569e-08,7.464578999361038e-08,7.98949955083117e-08,5.753253518037127e-08,6.739274738265522e-08,1.768844413163606e-07,1.723797105057656e-08,1.3190681436014984e-08,4.8274696240468984e-08,4.086305693817849e-08,2.1966162222497587e-08,4.774560125042626e-08,9.120512345361931e-08,1.02008058888714e-07,1.602763717301059e-07,1.1359644247477263e-07,3.9671155604992236e-07,4.538296138889564e-07,4.016905279513594e-07,4.270609679224435e-07,2.0303608039284882e-07,5.94460800584784e-07,5.849419153491908e-07,5.385790586842631e-07,1.740315980214291e-07,1.8994557038354287e-08,3.131815731194365e-07,3.5151586530446366e-07,2.9098524123583047e-07,5.200002419769589e-07,3.3230281815122e-07,4.12511980130148e-07,5.106328444526298e-07,1.2419228596627363e-06,3.523822670103982e-06,1.896602589113172e-05,5.598293137154542e-05,3.7508854688894644e-07,2.039089622485335e-06
94,The country of citizenship of Frederick I of Denmark is,"The country of citizenship of the father of Dorothea of Denmark, Duchess of Mecklenburg is",Frederick I of Denmark,"the father of Dorothea of Denmark, Duchess of Mecklenburg", Norway,7.705411917413585e-07,4.97353425998881e-07,3.930248055894481e-07,2.1442912156999228e-07,1.7824459064286202e-06,1.4941892914066557e-06,1.3911460428062128e-06,8.452534530078992e-07,9.469873418765928e-08,2.3303330465296312e-07,8.465316909678222e-07,1.2763484846800566e-07,8.48288408406006e-08,2.3014191441461662e-08,4.501622896668778e-08,1.3564297773882572e-07,2.776833412099222e-07,1.4156119050312554e-06,5.674347107742506e-07,6.767278364350204e-07,1.07949415451003e-06,2.0237003184320201e-07,4.011780845303292e-07,4.945196110384131e-07,5.56374743609922e-07,6.530172527163813e-07,4.850330128647329e-07,4.428737554462714e-07,1.3188184766477207e-07,4.2626388108146784e-07,3.808326596299594e-07,3.5325442127032147e-07,2.3428698625593825e-07,1.0736069100403256e-07,3.81485193656772e-07,1.1934649819522747e-06,7.643684512004256e-07,4.999536713512498e-07,2.604278392936976e-07,1.7363232984735077e-07,1.48161078072917e-07,1.9348964030996285e-07,3.8453799788840115e-07,5.710675168302259e-07,6.776659802198992e-07,3.068398655159399e-07,4.798118311555299e-07,4.646787488127302e-07,3.121535883110482e-07,5.731282612941868e-07,4.0860325611902226e-07,4.0483431007487525e-07,3.2622966728013125e-07,4.724317932414124e-07,6.578271154467075e-07,8.512782187608536e-06,3.67379425370018e-06,1.9518031422194326e-06,2.904123903135769e-06,2.713374669838231e-06,2.174533847210114e-06,1.9906321995222243e-06,2.957870947284391e-06,1.2927956731800805e-06,1.953358150785789e-06,1.8420336118651903e-06,2.8112206109653926e-06,2.8249553452042164e-06,1.5599300695612328e-06,2.0767346597949654e-07,4.0861567640604335e-07,6.414298354684433e-07,1.5232153600663878e-06,3.4987743902092916e-07,3.460518769315968e-07,1.4635255638495437e-06,6.648082035098923e-06,8.70337044034386e-06,1.6448128008050844e-05,3.1553594453725964e-05,0.012989901006221771,0.004350526258349419
95,The date of birth of  Echigues is,The date of birth of the father of Gomes Echigues is,Echigues,the father of Gomes Echigues, 985,0.007886907085776329,0.0015313650947064161,0.0037423204630613327,0.002101135440170765,0.00113246391993016,0.0017210801597684622,0.002186844125390053,0.0005111940554343164,0.12561602890491486,0.010314020328223705,0.002668520901352167,3.9347843994619325e-05,2.3308105028263526e-06,9.528178452455904e-06,0.0007151299505494535,0.002240827539935708,0.001831666100770235,0.11928140372037888,0.023058651015162468,0.027100779116153717,0.024546703323721886,0.001498969504609704,0.001246733358129859,7.374915003310889e-05,0.0004956971388310194,0.032212331891059875,0.011981505900621414,0.5919706225395203,0.14524579048156738,0.9041897058486938,0.005924921482801437,0.04144012928009033,0.054887112230062485,0.2630082666873932,0.3914414644241333,0.31834089756011963,0.12080606818199158,0.04712464660406113,0.011761742644011974,0.5511434078216553,0.6271383166313171,0.4167811870574951,0.8979085087776184,0.9778196215629578,0.4801275432109833,0.4576742947101593,0.24797411262989044,0.0539357028901577,0.010655018500983715,0.0006322397966869175,0.06234384700655937,0.09200189262628555,0.6978889107704163,0.8110713362693787,0.41699185967445374,0.9237121939659119,0.7733271718025208,0.9507648944854736,0.22572579979896545,0.03609738498926163,0.8849945664405823,0.2871886193752289,0.8333179950714111,0.5566174387931824,0.3866395056247711,0.6835433840751648,0.6231550574302673,0.4977961480617523,0.5506038665771484,0.4445158541202545,0.7908443808555603,0.2540598213672638,0.9952560067176819,0.9965531826019287,0.8856980204582214,0.6785868406295776,0.7849900722503662,0.6800562143325806,0.08019731938838959,0.0003669315774459392,0.04792439565062523,0.10434214770793915
96,The inception of American Radio Relay League was in,The inception of the publisher of National Contest Journal was in,American Radio Relay League,the publisher of National Contest Journal, 1914,0.004544394090771675,0.0064381943084299564,0.002624861430376768,0.002342360559850931,0.36900776624679565,0.0020299197640269995,0.011659960262477398,0.00019496989261824638,0.28759127855300903,0.7301090955734253,0.5515533685684204,0.5967429876327515,0.008731583133339882,0.033269573003053665,0.11068981140851974,0.3078047037124634,0.0314994640648365,0.3042285442352295,5.738662002841011e-05,0.0028802035376429558,0.008129948750138283,0.21446168422698975,0.002469235099852085,0.0035254349932074547,0.0001892160071292892,0.0002707472303882241,0.0009974533459171653,0.0030348587315529585,0.000749176659155637,0.0021488203201442957,0.00026129974867217243,0.0024387475568801165,0.00025445359642617404,0.0003030556545127183,0.00014334371371660382,1.6228957974817604e-05,7.820445716788527e-06,0.00031437419238500297,4.896212340099737e-05,0.009932080283761024,0.015249023213982582,0.010511954315006733,4.8727190005593e-05,2.6425325359014096e-06,3.03693241221481e-06,6.313532026069879e-07,1.345294293741972e-07,5.408960532804485e-07,4.974374974153761e-07,2.3859445263951784e-07,4.137396274472849e-07,2.183360603424944e-09,1.6125065371852543e-07,3.907457823970617e-08,1.2040326957674097e-08,6.152864528985447e-08,1.7504239169241487e-09,2.4104545026659707e-09,6.111325490110175e-08,5.765456556616755e-09,6.732982227308781e-12,3.260849368302843e-10,3.376744023286804e-11,5.062802954647339e-10,8.554918995429261e-10,1.4552030414005657e-10,1.7745466554530687e-11,3.8192715656748533e-10,4.923575436244221e-10,2.978371438366878e-10,3.891896804830708e-10,4.010416443378517e-10,2.0168506864592928e-09,1.3949231103538295e-08,5.640869549239369e-09,1.784140408744861e-07,1.1969946145384824e-09,5.871525559086876e-07,2.402199015705264e-06,1.109299591917079e-05,0.6020827889442444,0.5647441148757935
97,The place of birth of Reinhold Schünzel is,The place of birth of the director of The Great Awakening is,Reinhold Schünzel,the director of The Great Awakening, Hamburg,1.1088020812621835e-07,2.1215333845248097e-07,1.1549868759175297e-06,1.2120067367504817e-06,2.828565129675553e-06,1.1479800150482333e-06,5.53889321963652e-07,2.4277863985844306e-07,2.4305020929205057e-07,5.22648200274034e-08,9.42765012723612e-08,6.133636532013043e-08,3.893845601510293e-08,1.7881465907976235e-07,7.827246406577615e-08,1.560591613269935e-06,5.474124009197112e-06,1.0276972943756846e-06,3.880941676470684e-06,2.666831051101326e-06,4.5307530172067345e-07,3.431286756949703e-07,6.028978418726183e-07,2.839705359747313e-07,1.670980935841726e-07,4.158138011689516e-08,1.5368352990208223e-07,4.08734450729753e-07,1.031174519994238e-06,1.18559330530843e-06,4.046996309625683e-06,2.6146724394493503e-06,4.434457423485583e-06,1.7182362626044778e-06,1.4202388456396875e-06,2.6210091164102778e-06,9.173364787784521e-07,1.7777048242351157e-06,9.95605319076276e-07,2.747333667230123e-07,9.568076819732596e-08,7.264387136274308e-08,7.858920980652329e-08,7.818255909342042e-08,1.0017509310955575e-07,1.1545738232143776e-07,1.0811427841872501e-07,3.4379283420094e-07,3.204134486622934e-07,3.1053230031830026e-07,3.664783321255527e-07,3.544205924299604e-07,4.849462129641324e-07,1.5106368778106116e-07,2.7818285275316157e-07,2.983310309900844e-07,5.45376622085314e-07,3.4913350077658833e-07,2.2900282203863753e-07,7.286473646672675e-07,7.01300336913846e-07,9.296238658862421e-07,9.469542305851064e-07,6.519015869344003e-07,1.329804604210949e-06,1.0267218613080331e-06,6.80250707318919e-07,1.0903039537879522e-06,1.4641084362665424e-06,1.4886503549860208e-06,1.4683365407108795e-05,7.804123015375808e-06,1.1111444109701551e-05,7.160133009165293e-06,1.0281719369231723e-05,9.977534318750259e-06,2.0837071588175604e-06,3.2636071409797296e-06,2.3124008293962106e-05,7.926384569145739e-05,0.00034202111419290304,0.10717079788446426
98,The place of birth of Hamilton MacFadden is,The place of birth of the director of Hold That Girl is,Hamilton MacFadden,the director of Hold That Girl, Boston,8.010468945940374e-07,2.083296567434445e-05,7.395893771899864e-05,7.74147774791345e-05,2.435807436995674e-05,1.6947184121818282e-05,1.3609499546873849e-05,1.2363227142486721e-05,9.05100841919193e-06,3.887804723490262e-06,2.0167608454357833e-06,3.312724629722652e-06,3.215793185518123e-06,3.4738868635031395e-06,2.6221086955047213e-06,8.644305466987134e-07,1.8215982890978921e-06,2.8877153113171516e-07,2.9316936434042873e-07,3.572003208773822e-07,1.305211725366462e-07,1.86417736358635e-07,9.917819170368602e-07,3.4296629110031063e-06,4.515517503023148e-06,4.198845999781042e-06,9.675700312072877e-07,1.2981727195437998e-06,2.249623321404215e-06,4.0585791794001125e-06,3.77797482542519e-06,3.0321650683617918e-06,9.211795259034261e-06,1.3047319953329861e-05,1.9560100554372184e-05,6.71658999635838e-05,1.6569218132644892e-05,3.554525756044313e-05,6.274021870922297e-05,1.3638577911478933e-05,1.0494384696357884e-05,9.680995390226599e-06,1.630441147426609e-05,1.2174386029073503e-05,1.1736794476746581e-05,1.0880984518735204e-05,4.076428012922406e-06,1.7557216779096052e-05,1.738512764859479e-05,1.0227697202935815e-05,1.3609971574624069e-05,5.317689556250116e-06,1.6215906725847162e-05,1.3497654435923323e-05,1.3014448086323682e-05,2.4280514026031597e-06,2.7980458980891854e-06,7.988663810465368e-07,1.2188920663902536e-06,1.4764516436116537e-06,1.5131606687646126e-06,3.4370443700026954e-06,3.9372335436382855e-07,4.2927152321681206e-07,2.3686588690452481e-07,2.944111088254431e-07,4.5659353986593487e-07,4.0951374558062525e-07,2.719052929478494e-07,2.3310090568884334e-07,1.857851543718425e-07,2.738444777605764e-07,3.5937978282163385e-07,2.1144285256013973e-07,2.31901225333786e-07,5.408127208283986e-07,5.141292831467581e-07,2.317960650088935e-07,5.194191317059449e-07,7.745292691652139e-07,0.0003059215669054538,0.005256148520857096
99,The place of birth of Agnes Carlsson is,The place of birth of the performer of Stranded is,Agnes Carlsson,the performer of Stranded, Vänersborg,2.118676457030233e-05,1.128755775425816e-05,0.00012293801410123706,3.0659874028060585e-05,8.511249689036049e-06,6.233325984794647e-05,2.2973492377786897e-05,4.549654022412142e-06,1.5189793884928804e-05,3.1070112527231686e-06,3.369496653249371e-06,1.0996475339197787e-06,5.945969974163745e-07,4.00238513975637e-06,2.592656755950884e-06,1.6523806607438019e-06,1.1276200893917121e-05,7.572618869744474e-07,2.3819582111173077e-06,6.133810757091851e-07,3.015064748979057e-06,8.67835410645057e-07,2.4622579530841904e-07,5.580379252023704e-07,1.9148970409332833e-07,1.4262130321185396e-07,8.354271585631068e-08,1.112707877837238e-06,2.240056176106009e-07,5.699821940652328e-06,2.6746675985123147e-08,1.2985966577616637e-06,3.5748514619626803e-06,1.9179486798748258e-07,3.820702545453969e-07,3.2089766932585917e-07,3.648549409263069e-06,1.7753171050571837e-05,8.628728210169356e-06,2.738496277743252e-06,6.774588428015704e-07,7.583871138194809e-06,4.854277449339861e-06,1.140019350032162e-07,4.916082119166276e-08,7.158849371080578e-07,2.0810807654925156e-07,3.397655845560621e-08,3.0840379139362994e-08,8.647456439803136e-08,1.991886193764003e-07,7.271615345416649e-07,9.670501412983867e-07,5.639122946377029e-07,4.698211171216826e-07,1.200859998107262e-07,7.390584642053e-07,1.8287494185642572e-06,1.1074496342189377e-06,7.659303264517803e-06,2.2072372303227894e-06,5.371908628148958e-06,1.765844103829295e-06,8.314765977956995e-07,1.8644357169250725e-06,7.813367119524628e-06,1.3375190519582247e-06,3.822146936727222e-06,1.2559869446704397e-06,2.4090522856567986e-05,2.8255859433556907e-05,0.0007782158791087568,0.28221461176872253,0.00888268556445837,0.03502202406525612,0.03902937471866608,0.004234905354678631,0.44122710824012756,0.20241180062294006,0.002354114316403866,0.0007396109867841005,0.8861384987831116
